[     443ms] [LOG] [Fast Refresh] rebuilding @ http://localhost:3000/_next/static/chunks/node_modules_next_dist_1ybzpk2._.js:2477
[     977ms] [LOG] [Fast Refresh] done in 635ms @ http://localhost:3000/_next/static/chunks/node_modules_next_dist_1ybzpk2._.js:2477
[    1288ms] [INFO] %cDownload the React DevTools for a better development experience: https://react.dev/link/react-devtools font-weight:bold @ http://localhost:3000/_next/static/chunks/node_modules_next_dist_1ybzpk2._.js:2477
[    1642ms] [LOG] [HMR] connected @ http://localhost:3000/_next/static/chunks/node_modules_next_dist_1ybzpk2._.js:2477
[    1918ms] [LOG] [Fast Refresh] rebuilding @ http://localhost:3000/_next/static/chunks/node_modules_next_dist_1ybzpk2._.js:2477
[    4825ms] [LOG] [Fast Refresh] done in 3055ms @ http://localhost:3000/_next/static/chunks/node_modules_next_dist_1ybzpk2._.js:2477
[   13812ms] [LOG] [Fast Refresh] rebuilding @ http://localhost:3000/_next/static/chunks/node_modules_next_dist_1ybzpk2._.js:2477
[   15227ms] [LOG] [Fast Refresh] done in 1519ms @ http://localhost:3000/_next/static/chunks/node_modules_next_dist_1ybzpk2._.js:2477
[   24891ms] [LOG] [Fast Refresh] rebuilding @ http://localhost:3000/_next/static/chunks/node_modules_next_dist_1ybzpk2._.js:2477
[   25727ms] [LOG] [Fast Refresh] done in 942ms @ http://localhost:3000/_next/static/chunks/node_modules_next_dist_1ybzpk2._.js:2477
[  542550ms] [LOG] [Fast Refresh] rebuilding @ http://localhost:3000/_next/static/chunks/node_modules_next_dist_1ybzpk2._.js:2477
[  542581ms] [LOG] [Fast Refresh] done in 133ms @ http://localhost:3000/_next/static/chunks/node_modules_next_dist_1ybzpk2._.js:2477
[  619343ms] [LOG] [Fast Refresh] rebuilding @ http://localhost:3000/_next/static/chunks/node_modules_next_dist_1ybzpk2._.js:2477
[  619469ms] [LOG] [Fast Refresh] done in 228ms @ http://localhost:3000/_next/static/chunks/node_modules_next_dist_1ybzpk2._.js:2477
[  619625ms] [LOG] [Fast Refresh] rebuilding @ http://localhost:3000/_next/static/chunks/node_modules_next_dist_1ybzpk2._.js:2477
[  619626ms] [LOG] [Fast Refresh] done in 102ms @ http://localhost:3000/_next/static/chunks/node_modules_next_dist_1ybzpk2._.js:2477
[  632238ms] [LOG] [Fast Refresh] rebuilding @ http://localhost:3000/_next/static/chunks/node_modules_next_dist_1ybzpk2._.js:2477
[  632270ms] [LOG] [Fast Refresh] done in 148ms @ http://localhost:3000/_next/static/chunks/node_modules_next_dist_1ybzpk2._.js:2477
[  638496ms] [LOG] [Fast Refresh] rebuilding @ http://localhost:3000/_next/static/chunks/node_modules_next_dist_1ybzpk2._.js:2477
[  638901ms] [LOG] [Fast Refresh] done in 510ms @ http://localhost:3000/_next/static/chunks/node_modules_next_dist_1ybzpk2._.js:2477
[  648210ms] [LOG] [Fast Refresh] rebuilding @ http://localhost:3000/_next/static/chunks/node_modules_next_dist_1ybzpk2._.js:2477
[  650551ms] [LOG] [Fast Refresh] done in 2444ms @ http://localhost:3000/_next/static/chunks/node_modules_next_dist_1ybzpk2._.js:2477
[  650671ms] [LOG] [Fast Refresh] rebuilding @ http://localhost:3000/_next/static/chunks/node_modules_next_dist_1ybzpk2._.js:2477
[  650756ms] [LOG] [Fast Refresh] done in 197ms @ http://localhost:3000/_next/static/chunks/node_modules_next_dist_1ybzpk2._.js:2477
[  650870ms] [LOG] [Fast Refresh] rebuilding @ http://localhost:3000/_next/static/chunks/node_modules_next_dist_1ybzpk2._.js:2477
[  650960ms] [LOG] [Fast Refresh] done in 194ms @ http://localhost:3000/_next/static/chunks/node_modules_next_dist_1ybzpk2._.js:2477
[  651109ms] [LOG] [Fast Refresh] rebuilding @ http://localhost:3000/_next/static/chunks/node_modules_next_dist_1ybzpk2._.js:2477
[  651126ms] [LOG] [Fast Refresh] done in 118ms @ http://localhost:3000/_next/static/chunks/node_modules_next_dist_1ybzpk2._.js:2477
[  651257ms] [LOG] [Fast Refresh] rebuilding @ http://localhost:3000/_next/static/chunks/node_modules_next_dist_1ybzpk2._.js:2477
[  651281ms] [LOG] [Fast Refresh] done in 131ms @ http://localhost:3000/_next/static/chunks/node_modules_next_dist_1ybzpk2._.js:2477
[  651409ms] [LOG] [Fast Refresh] rebuilding @ http://localhost:3000/_next/static/chunks/node_modules_next_dist_1ybzpk2._.js:2477
[  651532ms] [LOG] [Fast Refresh] done in 234ms @ http://localhost:3000/_next/static/chunks/node_modules_next_dist_1ybzpk2._.js:2477
[  657459ms] [LOG] [Fast Refresh] rebuilding @ http://localhost:3000/_next/static/chunks/node_modules_next_dist_1ybzpk2._.js:2477
[  662358ms] [LOG] [Fast Refresh] done in 5012ms @ http://localhost:3000/_next/static/chunks/node_modules_next_dist_1ybzpk2._.js:2477
[  662464ms] [LOG] [Fast Refresh] rebuilding @ http://localhost:3000/_next/static/chunks/node_modules_next_dist_1ybzpk2._.js:2477
[  662595ms] [LOG] [Fast Refresh] done in 232ms @ http://localhost:3000/_next/static/chunks/node_modules_next_dist_1ybzpk2._.js:2477
[  662729ms] [LOG] [Fast Refresh] rebuilding @ http://localhost:3000/_next/static/chunks/node_modules_next_dist_1ybzpk2._.js:2477
[  662734ms] [LOG] [Fast Refresh] done in 118ms @ http://localhost:3000/_next/static/chunks/node_modules_next_dist_1ybzpk2._.js:2477
[  663249ms] [LOG] [Fast Refresh] rebuilding @ http://localhost:3000/_next/static/chunks/node_modules_next_dist_1ybzpk2._.js:2477
[  663362ms] [LOG] [Fast Refresh] done in 214ms @ http://localhost:3000/_next/static/chunks/node_modules_next_dist_1ybzpk2._.js:2477
[  670609ms] [LOG] [Fast Refresh] rebuilding @ http://localhost:3000/_next/static/chunks/node_modules_next_dist_1ybzpk2._.js:2477
[  673223ms] [LOG] [Fast Refresh] done in 2725ms @ http://localhost:3000/_next/static/chunks/node_modules_next_dist_1ybzpk2._.js:2477
[  673343ms] [LOG] [Fast Refresh] rebuilding @ http://localhost:3000/_next/static/chunks/node_modules_next_dist_1ybzpk2._.js:2477
[  673428ms] [LOG] [Fast Refresh] done in 196ms @ http://localhost:3000/_next/static/chunks/node_modules_next_dist_1ybzpk2._.js:2477
[  673914ms] [LOG] [Fast Refresh] rebuilding @ http://localhost:3000/_next/static/chunks/node_modules_next_dist_1ybzpk2._.js:2477
[  673958ms] [LOG] [Fast Refresh] done in 146ms @ http://localhost:3000/_next/static/chunks/node_modules_next_dist_1ybzpk2._.js:2477
[  680937ms] [LOG] [Fast Refresh] rebuilding @ http://localhost:3000/_next/static/chunks/node_modules_next_dist_1ybzpk2._.js:2477
[  681075ms] [LOG] [Fast Refresh] done in 240ms @ http://localhost:3000/_next/static/chunks/node_modules_next_dist_1ybzpk2._.js:2477
[  681232ms] [LOG] [Fast Refresh] rebuilding @ http://localhost:3000/_next/static/chunks/node_modules_next_dist_1ybzpk2._.js:2477
[  681238ms] [LOG] [Fast Refresh] done in 109ms @ http://localhost:3000/_next/static/chunks/node_modules_next_dist_1ybzpk2._.js:2477
[  681519ms] [LOG] [Fast Refresh] rebuilding @ http://localhost:3000/_next/static/chunks/node_modules_next_dist_1ybzpk2._.js:2477
[  682654ms] [LOG] [Fast Refresh] done in 894ms @ http://localhost:3000/_next/static/chunks/node_modules_next_dist_1ybzpk2._.js:2477
[  683397ms] [LOG] [Fast Refresh] rebuilding @ http://localhost:3000/_next/static/chunks/node_modules_next_dist_1ybzpk2._.js:2477
[  683687ms] [LOG] [Fast Refresh] done in 381ms @ http://localhost:3000/_next/static/chunks/node_modules_next_dist_1ybzpk2._.js:2477
[  683815ms] [LOG] [Fast Refresh] rebuilding @ http://localhost:3000/_next/static/chunks/node_modules_next_dist_1ybzpk2._.js:2477
[  683980ms] [LOG] [Fast Refresh] done in 274ms @ http://localhost:3000/_next/static/chunks/node_modules_next_dist_1ybzpk2._.js:2477
[  684110ms] [LOG] [Fast Refresh] rebuilding @ http://localhost:3000/_next/static/chunks/node_modules_next_dist_1ybzpk2._.js:2477
[  684165ms] [LOG] [Fast Refresh] done in 166ms @ http://localhost:3000/_next/static/chunks/node_modules_next_dist_1ybzpk2._.js:2477
[  690749ms] [LOG] [Fast Refresh] rebuilding @ http://localhost:3000/_next/static/chunks/node_modules_next_dist_1ybzpk2._.js:2477
[  690836ms] [LOG] [Fast Refresh] done in 194ms @ http://localhost:3000/_next/static/chunks/node_modules_next_dist_1ybzpk2._.js:2477
[  693121ms] [LOG] [Fast Refresh] rebuilding @ http://localhost:3000/_next/static/chunks/node_modules_next_dist_1ybzpk2._.js:2477
[  693844ms] [LOG] [Fast Refresh] done in 594ms @ http://localhost:3000/_next/static/chunks/node_modules_next_dist_1ybzpk2._.js:2477
[  694045ms] [LOG] [Fast Refresh] rebuilding @ http://localhost:3000/_next/static/chunks/node_modules_next_dist_1ybzpk2._.js:2477
[  694054ms] [LOG] [Fast Refresh] done in 111ms @ http://localhost:3000/_next/static/chunks/node_modules_next_dist_1ybzpk2._.js:2477
[  705095ms] [LOG] [Fast Refresh] rebuilding @ http://localhost:3000/_next/static/chunks/node_modules_next_dist_1ybzpk2._.js:2477
[  720878ms] [LOG] [Fast Refresh] done in 15899ms @ http://localhost:3000/_next/static/chunks/node_modules_next_dist_1ybzpk2._.js:2477
[  720985ms] [LOG] [Fast Refresh] rebuilding @ http://localhost:3000/_next/static/chunks/node_modules_next_dist_1ybzpk2._.js:2477
[  721150ms] [LOG] [Fast Refresh] done in 271ms @ http://localhost:3000/_next/static/chunks/node_modules_next_dist_1ybzpk2._.js:2477
[  721263ms] [LOG] [Fast Refresh] rebuilding @ http://localhost:3000/_next/static/chunks/node_modules_next_dist_1ybzpk2._.js:2477
[  721452ms] [LOG] [Fast Refresh] done in 301ms @ http://localhost:3000/_next/static/chunks/node_modules_next_dist_1ybzpk2._.js:2477
[  721570ms] [LOG] [Fast Refresh] rebuilding @ http://localhost:3000/_next/static/chunks/node_modules_next_dist_1ybzpk2._.js:2477
[  721767ms] [LOG] [Fast Refresh] done in 303ms @ http://localhost:3000/_next/static/chunks/node_modules_next_dist_1ybzpk2._.js:2477
[  722692ms] [INFO] %cDownload the React DevTools for a better development experience: https://react.dev/link/react-devtools font-weight:bold @ http://localhost:3000/_next/static/chunks/node_modules_next_dist_1ybzpk2._.js:2477
[  723056ms] [LOG] [HMR] connected @ http://localhost:3000/_next/static/chunks/node_modules_next_dist_1ybzpk2._.js:2477
[  731232ms] [LOG] [Fast Refresh] rebuilding @ http://localhost:3000/_next/static/chunks/node_modules_next_dist_1ybzpk2._.js:2477
[  731264ms] [LOG] [Fast Refresh] done in 155ms @ http://localhost:3000/_next/static/chunks/node_modules_next_dist_1ybzpk2._.js:2477
[  733153ms] [LOG] [Fast Refresh] rebuilding @ http://localhost:3000/_next/static/chunks/node_modules_next_dist_1ybzpk2._.js:2477
[  734338ms] [LOG] [Fast Refresh] done in 1046ms @ http://localhost:3000/_next/static/chunks/node_modules_next_dist_1ybzpk2._.js:2477
[  734453ms] [LOG] [Fast Refresh] rebuilding @ http://localhost:3000/_next/static/chunks/node_modules_next_dist_1ybzpk2._.js:2477
[  734603ms] [LOG] [Fast Refresh] done in 257ms @ http://localhost:3000/_next/static/chunks/node_modules_next_dist_1ybzpk2._.js:2477
[  734732ms] [LOG] [Fast Refresh] rebuilding @ http://localhost:3000/_next/static/chunks/node_modules_next_dist_1ybzpk2._.js:2477
[  734791ms] [LOG] [Fast Refresh] done in 169ms @ http://localhost:3000/_next/static/chunks/node_modules_next_dist_1ybzpk2._.js:2477
[  734964ms] [LOG] [Fast Refresh] rebuilding @ http://localhost:3000/_next/static/chunks/node_modules_next_dist_1ybzpk2._.js:2477
[  735054ms] [LOG] [Fast Refresh] done in 205ms @ http://localhost:3000/_next/static/chunks/node_modules_next_dist_1ybzpk2._.js:2477
[  742117ms] [LOG] [Fast Refresh] rebuilding @ http://localhost:3000/_next/static/chunks/node_modules_next_dist_1ybzpk2._.js:2477
[  742131ms] [LOG] [Fast Refresh] done in 121ms @ http://localhost:3000/_next/static/chunks/node_modules_next_dist_1ybzpk2._.js:2477
[  742237ms] [LOG] [Fast Refresh] rebuilding @ http://localhost:3000/_next/static/chunks/node_modules_next_dist_1ybzpk2._.js:2477
[  742285ms] [LOG] [Fast Refresh] done in 152ms @ http://localhost:3000/_next/static/chunks/node_modules_next_dist_1ybzpk2._.js:2477
[  742393ms] [LOG] [Fast Refresh] rebuilding @ http://localhost:3000/_next/static/chunks/node_modules_next_dist_1ybzpk2._.js:2477
[  742517ms] [LOG] [Fast Refresh] done in 224ms @ http://localhost:3000/_next/static/chunks/node_modules_next_dist_1ybzpk2._.js:2477
[  742671ms] [LOG] [Fast Refresh] rebuilding @ http://localhost:3000/_next/static/chunks/node_modules_next_dist_1ybzpk2._.js:2477
[  742681ms] [LOG] [Fast Refresh] done in 120ms @ http://localhost:3000/_next/static/chunks/node_modules_next_dist_1ybzpk2._.js:2477
[  742842ms] [LOG] [Fast Refresh] rebuilding @ http://localhost:3000/_next/static/chunks/node_modules_next_dist_1ybzpk2._.js:2477
[  742944ms] [LOG] [Fast Refresh] done in 215ms @ http://localhost:3000/_next/static/chunks/node_modules_next_dist_1ybzpk2._.js:2477
[  743228ms] [LOG] [Fast Refresh] rebuilding @ http://localhost:3000/_next/static/chunks/node_modules_next_dist_1ybzpk2._.js:2477
[  743233ms] [LOG] [Fast Refresh] done in 109ms @ http://localhost:3000/_next/static/chunks/node_modules_next_dist_1ybzpk2._.js:2477
[  743335ms] [LOG] [Fast Refresh] rebuilding @ http://localhost:3000/_next/static/chunks/node_modules_next_dist_1ybzpk2._.js:2477
[  743366ms] [LOG] [Fast Refresh] done in 132ms @ http://localhost:3000/_next/static/chunks/node_modules_next_dist_1ybzpk2._.js:2477
[  743489ms] [LOG] [Fast Refresh] rebuilding @ http://localhost:3000/_next/static/chunks/node_modules_next_dist_1ybzpk2._.js:2477
[  743619ms] [LOG] [Fast Refresh] done in 242ms @ http://localhost:3000/_next/static/chunks/node_modules_next_dist_1ybzpk2._.js:2477
[  743955ms] [LOG] [Fast Refresh] rebuilding @ http://localhost:3000/_next/static/chunks/node_modules_next_dist_1ybzpk2._.js:2477
[  744023ms] [LOG] [Fast Refresh] done in 182ms @ http://localhost:3000/_next/static/chunks/node_modules_next_dist_1ybzpk2._.js:2477
[  744294ms] [LOG] [Fast Refresh] rebuilding @ http://localhost:3000/_next/static/chunks/node_modules_next_dist_1ybzpk2._.js:2477
[  745059ms] [LOG] [Fast Refresh] done in 877ms @ http://localhost:3000/_next/static/chunks/node_modules_next_dist_1ybzpk2._.js:2477
[  745421ms] [LOG] [Fast Refresh] rebuilding @ http://localhost:3000/_next/static/chunks/node_modules_next_dist_1ybzpk2._.js:2477
[  745499ms] [LOG] [Fast Refresh] done in 182ms @ http://localhost:3000/_next/static/chunks/node_modules_next_dist_1ybzpk2._.js:2477
[  745630ms] [LOG] [Fast Refresh] rebuilding @ http://localhost:3000/_next/static/chunks/node_modules_next_dist_1ybzpk2._.js:2477
[  745696ms] [LOG] [Fast Refresh] done in 182ms @ http://localhost:3000/_next/static/chunks/node_modules_next_dist_1ybzpk2._.js:2477
[  745850ms] [LOG] [Fast Refresh] rebuilding @ http://localhost:3000/_next/static/chunks/node_modules_next_dist_1ybzpk2._.js:2477
[  745882ms] [LOG] [Fast Refresh] done in 135ms @ http://localhost:3000/_next/static/chunks/node_modules_next_dist_1ybzpk2._.js:2477
[  747024ms] [LOG] [Fast Refresh] rebuilding @ http://localhost:3000/_next/static/chunks/node_modules_next_dist_1ybzpk2._.js:2477
[  747046ms] [LOG] [Fast Refresh] done in 135ms @ http://localhost:3000/_next/static/chunks/node_modules_next_dist_1ybzpk2._.js:2477
[  747178ms] [LOG] [Fast Refresh] rebuilding @ http://localhost:3000/_next/static/chunks/node_modules_next_dist_1ybzpk2._.js:2477
[  747762ms] [LOG] [Fast Refresh] done in 690ms @ http://localhost:3000/_next/static/chunks/node_modules_next_dist_1ybzpk2._.js:2477
[  747875ms] [LOG] [Fast Refresh] rebuilding @ http://localhost:3000/_next/static/chunks/node_modules_next_dist_1ybzpk2._.js:2477
[  748685ms] [LOG] [Fast Refresh] done in 624ms @ http://localhost:3000/_next/static/chunks/node_modules_next_dist_1ybzpk2._.js:2477
[  749101ms] [LOG] [Fast Refresh] rebuilding @ http://localhost:3000/_next/static/chunks/node_modules_next_dist_1ybzpk2._.js:2477
[  749120ms] [LOG] [Fast Refresh] done in 185ms @ http://localhost:3000/_next/static/chunks/node_modules_next_dist_1ybzpk2._.js:2477
[  749504ms] [LOG] [Fast Refresh] rebuilding @ http://localhost:3000/_next/static/chunks/node_modules_next_dist_1ybzpk2._.js:2477
[  749561ms] [LOG] [Fast Refresh] done in 171ms @ http://localhost:3000/_next/static/chunks/node_modules_next_dist_1ybzpk2._.js:2477
[  749674ms] [LOG] [Fast Refresh] rebuilding @ http://localhost:3000/_next/static/chunks/node_modules_next_dist_1ybzpk2._.js:2477
[  749919ms] [LOG] [Fast Refresh] done in 353ms @ http://localhost:3000/_next/static/chunks/node_modules_next_dist_1ybzpk2._.js:2477
[  750094ms] [LOG] [Fast Refresh] rebuilding @ http://localhost:3000/_next/static/chunks/node_modules_next_dist_1ybzpk2._.js:2477
[  750164ms] [LOG] [Fast Refresh] done in 176ms @ http://localhost:3000/_next/static/chunks/node_modules_next_dist_1ybzpk2._.js:2477
[  750286ms] [LOG] [Fast Refresh] rebuilding @ http://localhost:3000/_next/static/chunks/node_modules_next_dist_1ybzpk2._.js:2477
[  750290ms] [LOG] [Fast Refresh] done in 125ms @ http://localhost:3000/_next/static/chunks/node_modules_next_dist_1ybzpk2._.js:2477
[  750436ms] [LOG] [Fast Refresh] rebuilding @ http://localhost:3000/_next/static/chunks/node_modules_next_dist_1ybzpk2._.js:2477
[  750690ms] [LOG] [Fast Refresh] done in 369ms @ http://localhost:3000/_next/static/chunks/node_modules_next_dist_1ybzpk2._.js:2477
[  751239ms] [LOG] [Fast Refresh] rebuilding @ http://localhost:3000/_next/static/chunks/node_modules_next_dist_1ybzpk2._.js:2477
[  751247ms] [LOG] [Fast Refresh] done in 112ms @ http://localhost:3000/_next/static/chunks/node_modules_next_dist_1ybzpk2._.js:2477
[  751391ms] [LOG] [Fast Refresh] rebuilding @ http://localhost:3000/_next/static/chunks/node_modules_next_dist_1ybzpk2._.js:2477
[  751427ms] [LOG] [Fast Refresh] done in 144ms @ http://localhost:3000/_next/static/chunks/node_modules_next_dist_1ybzpk2._.js:2477
[  751684ms] [LOG] [Fast Refresh] rebuilding @ http://localhost:3000/_next/static/chunks/node_modules_next_dist_1ybzpk2._.js:2477
[  751698ms] [LOG] [Fast Refresh] done in 118ms @ http://localhost:3000/_next/static/chunks/node_modules_next_dist_1ybzpk2._.js:2477
[  752195ms] [LOG] [Fast Refresh] rebuilding @ http://localhost:3000/_next/static/chunks/node_modules_next_dist_1ybzpk2._.js:2477
[  752268ms] [LOG] [Fast Refresh] done in 181ms @ http://localhost:3000/_next/static/chunks/node_modules_next_dist_1ybzpk2._.js:2477
[  752379ms] [LOG] [Fast Refresh] rebuilding @ http://localhost:3000/_next/static/chunks/node_modules_next_dist_1ybzpk2._.js:2477
[  752387ms] [LOG] [Fast Refresh] done in 118ms @ http://localhost:3000/_next/static/chunks/node_modules_next_dist_1ybzpk2._.js:2477
[  752687ms] [LOG] [Fast Refresh] rebuilding @ http://localhost:3000/_next/static/chunks/node_modules_next_dist_1ybzpk2._.js:2477
[  752705ms] [LOG] [Fast Refresh] done in 129ms @ http://localhost:3000/_next/static/chunks/node_modules_next_dist_1ybzpk2._.js:2477
[  752838ms] [LOG] [Fast Refresh] rebuilding @ http://localhost:3000/_next/static/chunks/node_modules_next_dist_1ybzpk2._.js:2477
[  752872ms] [LOG] [Fast Refresh] done in 142ms @ http://localhost:3000/_next/static/chunks/node_modules_next_dist_1ybzpk2._.js:2477
[  753039ms] [LOG] [Fast Refresh] rebuilding @ http://localhost:3000/_next/static/chunks/node_modules_next_dist_1ybzpk2._.js:2477
[  753100ms] [LOG] [Fast Refresh] done in 166ms @ http://localhost:3000/_next/static/chunks/node_modules_next_dist_1ybzpk2._.js:2477
[  753333ms] [LOG] [Fast Refresh] rebuilding @ http://localhost:3000/_next/static/chunks/node_modules_next_dist_1ybzpk2._.js:2477
[  753351ms] [LOG] [Fast Refresh] done in 130ms @ http://localhost:3000/_next/static/chunks/node_modules_next_dist_1ybzpk2._.js:2477
[  753504ms] [LOG] [Fast Refresh] rebuilding @ http://localhost:3000/_next/static/chunks/node_modules_next_dist_1ybzpk2._.js:2477
[  753591ms] [LOG] [Fast Refresh] done in 198ms @ http://localhost:3000/_next/static/chunks/node_modules_next_dist_1ybzpk2._.js:2477
[  753721ms] [LOG] [Fast Refresh] rebuilding @ http://localhost:3000/_next/static/chunks/node_modules_next_dist_1ybzpk2._.js:2477
[  753822ms] [LOG] [Fast Refresh] done in 204ms @ http://localhost:3000/_next/static/chunks/node_modules_next_dist_1ybzpk2._.js:2477
[  754152ms] [LOG] [Fast Refresh] rebuilding @ http://localhost:3000/_next/static/chunks/node_modules_next_dist_1ybzpk2._.js:2477
[  754200ms] [LOG] [Fast Refresh] done in 160ms @ http://localhost:3000/_next/static/chunks/node_modules_next_dist_1ybzpk2._.js:2477
[  754305ms] [LOG] [Fast Refresh] rebuilding @ http://localhost:3000/_next/static/chunks/node_modules_next_dist_1ybzpk2._.js:2477
[  754379ms] [LOG] [Fast Refresh] done in 177ms @ http://localhost:3000/_next/static/chunks/node_modules_next_dist_1ybzpk2._.js:2477
[  754920ms] [LOG] [Fast Refresh] rebuilding @ http://localhost:3000/_next/static/chunks/node_modules_next_dist_1ybzpk2._.js:2477
[  754971ms] [LOG] [Fast Refresh] done in 154ms @ http://localhost:3000/_next/static/chunks/node_modules_next_dist_1ybzpk2._.js:2477
[  755274ms] [LOG] [Fast Refresh] rebuilding @ http://localhost:3000/_next/static/chunks/node_modules_next_dist_1ybzpk2._.js:2477
[  755299ms] [LOG] [Fast Refresh] done in 132ms @ http://localhost:3000/_next/static/chunks/node_modules_next_dist_1ybzpk2._.js:2477
[  755428ms] [LOG] [Fast Refresh] rebuilding @ http://localhost:3000/_next/static/chunks/node_modules_next_dist_1ybzpk2._.js:2477
[  755480ms] [LOG] [Fast Refresh] done in 164ms @ http://localhost:3000/_next/static/chunks/node_modules_next_dist_1ybzpk2._.js:2477
[  755909ms] [LOG] [Fast Refresh] rebuilding @ http://localhost:3000/_next/static/chunks/node_modules_next_dist_1ybzpk2._.js:2477
[  757152ms] [LOG] [Fast Refresh] done in 1349ms @ http://localhost:3000/_next/static/chunks/node_modules_next_dist_1ybzpk2._.js:2477
[  757270ms] [LOG] [Fast Refresh] rebuilding @ http://localhost:3000/_next/static/chunks/node_modules_next_dist_1ybzpk2._.js:2477
[  757284ms] [LOG] [Fast Refresh] done in 124ms @ http://localhost:3000/_next/static/chunks/node_modules_next_dist_1ybzpk2._.js:2477
[  757405ms] [LOG] [Fast Refresh] rebuilding @ http://localhost:3000/_next/static/chunks/node_modules_next_dist_1ybzpk2._.js:2477
[  758580ms] [LOG] [Fast Refresh] done in 1294ms @ http://localhost:3000/_next/static/chunks/node_modules_next_dist_1ybzpk2._.js:2477
[  758961ms] [LOG] [Fast Refresh] rebuilding @ http://localhost:3000/_next/static/chunks/node_modules_next_dist_1ybzpk2._.js:2477
[  759045ms] [LOG] [Fast Refresh] done in 194ms @ http://localhost:3000/_next/static/chunks/node_modules_next_dist_1ybzpk2._.js:2477
[  759226ms] [LOG] [Fast Refresh] rebuilding @ http://localhost:3000/_next/static/chunks/node_modules_next_dist_1ybzpk2._.js:2477
[  759392ms] [LOG] [Fast Refresh] done in 279ms @ http://localhost:3000/_next/static/chunks/node_modules_next_dist_1ybzpk2._.js:2477
[  759581ms] [LOG] [Fast Refresh] rebuilding @ http://localhost:3000/_next/static/chunks/node_modules_next_dist_1ybzpk2._.js:2477
[  759612ms] [LOG] [Fast Refresh] done in 206ms @ http://localhost:3000/_next/static/chunks/node_modules_next_dist_1ybzpk2._.js:2477
[  759764ms] [LOG] [Fast Refresh] rebuilding @ http://localhost:3000/_next/static/chunks/node_modules_next_dist_1ybzpk2._.js:2477
[  759861ms] [LOG] [Fast Refresh] done in 206ms @ http://localhost:3000/_next/static/chunks/node_modules_next_dist_1ybzpk2._.js:2477
[  760225ms] [LOG] [Fast Refresh] rebuilding @ http://localhost:3000/_next/static/chunks/node_modules_next_dist_1ybzpk2._.js:2477
[  760382ms] [LOG] [Fast Refresh] done in 270ms @ http://localhost:3000/_next/static/chunks/node_modules_next_dist_1ybzpk2._.js:2477
[  760536ms] [LOG] [Fast Refresh] rebuilding @ http://localhost:3000/_next/static/chunks/node_modules_next_dist_1ybzpk2._.js:2477
[  760621ms] [LOG] [Fast Refresh] done in 187ms @ http://localhost:3000/_next/static/chunks/node_modules_next_dist_1ybzpk2._.js:2477
[  760861ms] [LOG] [Fast Refresh] rebuilding @ http://localhost:3000/_next/static/chunks/node_modules_next_dist_1ybzpk2._.js:2477
[  761142ms] [LOG] [Fast Refresh] done in 392ms @ http://localhost:3000/_next/static/chunks/node_modules_next_dist_1ybzpk2._.js:2477
[  761249ms] [LOG] [Fast Refresh] rebuilding @ http://localhost:3000/_next/static/chunks/node_modules_next_dist_1ybzpk2._.js:2477
[  761304ms] [LOG] [Fast Refresh] done in 157ms @ http://localhost:3000/_next/static/chunks/node_modules_next_dist_1ybzpk2._.js:2477
[  761421ms] [LOG] [Fast Refresh] rebuilding @ http://localhost:3000/_next/static/chunks/node_modules_next_dist_1ybzpk2._.js:2477
[  761500ms] [LOG] [Fast Refresh] done in 190ms @ http://localhost:3000/_next/static/chunks/node_modules_next_dist_1ybzpk2._.js:2477
[  761619ms] [LOG] [Fast Refresh] rebuilding @ http://localhost:3000/_next/static/chunks/node_modules_next_dist_1ybzpk2._.js:2477
[  761648ms] [LOG] [Fast Refresh] done in 144ms @ http://localhost:3000/_next/static/chunks/node_modules_next_dist_1ybzpk2._.js:2477
[  761762ms] [LOG] [Fast Refresh] rebuilding @ http://localhost:3000/_next/static/chunks/node_modules_next_dist_1ybzpk2._.js:2477
[  761853ms] [LOG] [Fast Refresh] done in 201ms @ http://localhost:3000/_next/static/chunks/node_modules_next_dist_1ybzpk2._.js:2477
[  762165ms] [LOG] [Fast Refresh] rebuilding @ http://localhost:3000/_next/static/chunks/node_modules_next_dist_1ybzpk2._.js:2477
[  762181ms] [LOG] [Fast Refresh] done in 135ms @ http://localhost:3000/_next/static/chunks/node_modules_next_dist_1ybzpk2._.js:2477
[  762295ms] [LOG] [Fast Refresh] rebuilding @ http://localhost:3000/_next/static/chunks/node_modules_next_dist_1ybzpk2._.js:2477
[  763624ms] [LOG] [Fast Refresh] done in 550ms @ http://localhost:3000/_next/static/chunks/node_modules_next_dist_1ybzpk2._.js:2477
[  763834ms] [LOG] [Fast Refresh] rebuilding @ http://localhost:3000/_next/static/chunks/node_modules_next_dist_1ybzpk2._.js:2477
[  763957ms] [LOG] [Fast Refresh] done in 225ms @ http://localhost:3000/_next/static/chunks/node_modules_next_dist_1ybzpk2._.js:2477
[  764112ms] [LOG] [Fast Refresh] rebuilding @ http://localhost:3000/_next/static/chunks/node_modules_next_dist_1ybzpk2._.js:2477
[  764521ms] [LOG] [Fast Refresh] done in 522ms @ http://localhost:3000/_next/static/chunks/node_modules_next_dist_1ybzpk2._.js:2477
[  764700ms] [LOG] [Fast Refresh] rebuilding @ http://localhost:3000/_next/static/chunks/node_modules_next_dist_1ybzpk2._.js:2477
[  764817ms] [LOG] [Fast Refresh] done in 239ms @ http://localhost:3000/_next/static/chunks/node_modules_next_dist_1ybzpk2._.js:2477
[  764967ms] [LOG] [Fast Refresh] rebuilding @ http://localhost:3000/_next/static/chunks/node_modules_next_dist_1ybzpk2._.js:2477
[  764989ms] [LOG] [Fast Refresh] done in 135ms @ http://localhost:3000/_next/static/chunks/node_modules_next_dist_1ybzpk2._.js:2477
[  765337ms] [LOG] [Fast Refresh] rebuilding @ http://localhost:3000/_next/static/chunks/node_modules_next_dist_1ybzpk2._.js:2477
[  765343ms] [LOG] [Fast Refresh] done in 114ms @ http://localhost:3000/_next/static/chunks/node_modules_next_dist_1ybzpk2._.js:2477
[  765460ms] [LOG] [Fast Refresh] rebuilding @ http://localhost:3000/_next/static/chunks/node_modules_next_dist_1ybzpk2._.js:2477
[  765516ms] [LOG] [Fast Refresh] done in 160ms @ http://localhost:3000/_next/static/chunks/node_modules_next_dist_1ybzpk2._.js:2477
[  765755ms] [LOG] [Fast Refresh] rebuilding @ http://localhost:3000/_next/static/chunks/node_modules_next_dist_1ybzpk2._.js:2477
[  765766ms] [LOG] [Fast Refresh] done in 117ms @ http://localhost:3000/_next/static/chunks/node_modules_next_dist_1ybzpk2._.js:2477
[  765910ms] [LOG] [Fast Refresh] rebuilding @ http://localhost:3000/_next/static/chunks/node_modules_next_dist_1ybzpk2._.js:2477
[  765976ms] [LOG] [Fast Refresh] done in 171ms @ http://localhost:3000/_next/static/chunks/node_modules_next_dist_1ybzpk2._.js:2477
[  766141ms] [LOG] [Fast Refresh] rebuilding @ http://localhost:3000/_next/static/chunks/node_modules_next_dist_1ybzpk2._.js:2477
[  766164ms] [LOG] [Fast Refresh] done in 136ms @ http://localhost:3000/_next/static/chunks/node_modules_next_dist_1ybzpk2._.js:2477
[  766309ms] [LOG] [Fast Refresh] rebuilding @ http://localhost:3000/_next/static/chunks/node_modules_next_dist_1ybzpk2._.js:2477
[  766345ms] [LOG] [Fast Refresh] done in 144ms @ http://localhost:3000/_next/static/chunks/node_modules_next_dist_1ybzpk2._.js:2477
[  766574ms] [LOG] [Fast Refresh] rebuilding @ http://localhost:3000/_next/static/chunks/node_modules_next_dist_1ybzpk2._.js:2477
[  766592ms] [LOG] [Fast Refresh] done in 123ms @ http://localhost:3000/_next/static/chunks/node_modules_next_dist_1ybzpk2._.js:2477
[  766727ms] [LOG] [Fast Refresh] rebuilding @ http://localhost:3000/_next/static/chunks/node_modules_next_dist_1ybzpk2._.js:2477
[  766830ms] [LOG] [Fast Refresh] done in 208ms @ http://localhost:3000/_next/static/chunks/node_modules_next_dist_1ybzpk2._.js:2477
[  767145ms] [LOG] [Fast Refresh] rebuilding @ http://localhost:3000/_next/static/chunks/node_modules_next_dist_1ybzpk2._.js:2477
[  767158ms] [LOG] [Fast Refresh] done in 127ms @ http://localhost:3000/_next/static/chunks/node_modules_next_dist_1ybzpk2._.js:2477
[  767499ms] [LOG] [Fast Refresh] rebuilding @ http://localhost:3000/_next/static/chunks/node_modules_next_dist_1ybzpk2._.js:2477
[  767528ms] [LOG] [Fast Refresh] done in 141ms @ http://localhost:3000/_next/static/chunks/node_modules_next_dist_1ybzpk2._.js:2477
[  767652ms] [LOG] [Fast Refresh] rebuilding @ http://localhost:3000/_next/static/chunks/node_modules_next_dist_1ybzpk2._.js:2477
[  767848ms] [LOG] [Fast Refresh] done in 305ms @ http://localhost:3000/_next/static/chunks/node_modules_next_dist_1ybzpk2._.js:2477
[  768120ms] [LOG] [Fast Refresh] rebuilding @ http://localhost:3000/_next/static/chunks/node_modules_next_dist_1ybzpk2._.js:2477
[  768182ms] [LOG] [Fast Refresh] done in 182ms @ http://localhost:3000/_next/static/chunks/node_modules_next_dist_1ybzpk2._.js:2477
[  768360ms] [LOG] [Fast Refresh] rebuilding @ http://localhost:3000/_next/static/chunks/node_modules_next_dist_1ybzpk2._.js:2477
[  768523ms] [LOG] [Fast Refresh] done in 268ms @ http://localhost:3000/_next/static/chunks/node_modules_next_dist_1ybzpk2._.js:2477
[  768840ms] [LOG] [Fast Refresh] rebuilding @ http://localhost:3000/_next/static/chunks/node_modules_next_dist_1ybzpk2._.js:2477
[  768962ms] [LOG] [Fast Refresh] done in 229ms @ http://localhost:3000/_next/static/chunks/node_modules_next_dist_1ybzpk2._.js:2477
[  769318ms] [LOG] [Fast Refresh] rebuilding @ http://localhost:3000/_next/static/chunks/node_modules_next_dist_1ybzpk2._.js:2477
[  769360ms] [LOG] [Fast Refresh] done in 146ms @ http://localhost:3000/_next/static/chunks/node_modules_next_dist_1ybzpk2._.js:2477
[  769519ms] [LOG] [Fast Refresh] rebuilding @ http://localhost:3000/_next/static/chunks/node_modules_next_dist_1ybzpk2._.js:2477
[  769559ms] [LOG] [Fast Refresh] done in 145ms @ http://localhost:3000/_next/static/chunks/node_modules_next_dist_1ybzpk2._.js:2477
[  769673ms] [LOG] [Fast Refresh] rebuilding @ http://localhost:3000/_next/static/chunks/node_modules_next_dist_1ybzpk2._.js:2477
[  769749ms] [LOG] [Fast Refresh] done in 189ms @ http://localhost:3000/_next/static/chunks/node_modules_next_dist_1ybzpk2._.js:2477
[  769943ms] [LOG] [Fast Refresh] rebuilding @ http://localhost:3000/_next/static/chunks/node_modules_next_dist_1ybzpk2._.js:2477
[  770102ms] [LOG] [Fast Refresh] done in 279ms @ http://localhost:3000/_next/static/chunks/node_modules_next_dist_1ybzpk2._.js:2477
[  770255ms] [LOG] [Fast Refresh] rebuilding @ http://localhost:3000/_next/static/chunks/node_modules_next_dist_1ybzpk2._.js:2477
[  770333ms] [LOG] [Fast Refresh] done in 183ms @ http://localhost:3000/_next/static/chunks/node_modules_next_dist_1ybzpk2._.js:2477
[  770507ms] [LOG] [Fast Refresh] rebuilding @ http://localhost:3000/_next/static/chunks/node_modules_next_dist_1ybzpk2._.js:2477
[  770558ms] [LOG] [Fast Refresh] done in 163ms @ http://localhost:3000/_next/static/chunks/node_modules_next_dist_1ybzpk2._.js:2477
[  770660ms] [LOG] [Fast Refresh] rebuilding @ http://localhost:3000/_next/static/chunks/node_modules_next_dist_1ybzpk2._.js:2477
[  770794ms] [LOG] [Fast Refresh] done in 235ms @ http://localhost:3000/_next/static/chunks/node_modules_next_dist_1ybzpk2._.js:2477
[  770937ms] [LOG] [Fast Refresh] rebuilding @ http://localhost:3000/_next/static/chunks/node_modules_next_dist_1ybzpk2._.js:2477
[  771009ms] [LOG] [Fast Refresh] done in 174ms @ http://localhost:3000/_next/static/chunks/node_modules_next_dist_1ybzpk2._.js:2477
[  771151ms] [LOG] [Fast Refresh] rebuilding @ http://localhost:3000/_next/static/chunks/node_modules_next_dist_1ybzpk2._.js:2477
[  771194ms] [LOG] [Fast Refresh] done in 157ms @ http://localhost:3000/_next/static/chunks/node_modules_next_dist_1ybzpk2._.js:2477
[  771954ms] [LOG] [Fast Refresh] rebuilding @ http://localhost:3000/_next/static/chunks/node_modules_next_dist_1ybzpk2._.js:2477
[  771992ms] [LOG] [Fast Refresh] done in 143ms @ http://localhost:3000/_next/static/chunks/node_modules_next_dist_1ybzpk2._.js:2477
[  772309ms] [LOG] [Fast Refresh] rebuilding @ http://localhost:3000/_next/static/chunks/node_modules_next_dist_1ybzpk2._.js:2477
[  772348ms] [LOG] [Fast Refresh] done in 151ms @ http://localhost:3000/_next/static/chunks/node_modules_next_dist_1ybzpk2._.js:2477
[  772464ms] [LOG] [Fast Refresh] rebuilding @ http://localhost:3000/_next/static/chunks/node_modules_next_dist_1ybzpk2._.js:2477
[  772475ms] [LOG] [Fast Refresh] done in 125ms @ http://localhost:3000/_next/static/chunks/node_modules_next_dist_1ybzpk2._.js:2477
[  772619ms] [LOG] [Fast Refresh] rebuilding @ http://localhost:3000/_next/static/chunks/node_modules_next_dist_1ybzpk2._.js:2477
[  772716ms] [LOG] [Fast Refresh] done in 209ms @ http://localhost:3000/_next/static/chunks/node_modules_next_dist_1ybzpk2._.js:2477
[  772980ms] [LOG] [Fast Refresh] rebuilding @ http://localhost:3000/_next/static/chunks/node_modules_next_dist_1ybzpk2._.js:2477
[  773649ms] [LOG] [Fast Refresh] done in 817ms @ http://localhost:3000/_next/static/chunks/node_modules_next_dist_1ybzpk2._.js:2477
[  773769ms] [LOG] [Fast Refresh] rebuilding @ http://localhost:3000/_next/static/chunks/node_modules_next_dist_1ybzpk2._.js:2477
[  773864ms] [LOG] [Fast Refresh] done in 199ms @ http://localhost:3000/_next/static/chunks/node_modules_next_dist_1ybzpk2._.js:2477
[  775146ms] [LOG] [Fast Refresh] rebuilding @ http://localhost:3000/_next/static/chunks/node_modules_next_dist_1ybzpk2._.js:2477
[  775222ms] [LOG] [Fast Refresh] done in 178ms @ http://localhost:3000/_next/static/chunks/node_modules_next_dist_1ybzpk2._.js:2477
[  775693ms] [LOG] [Fast Refresh] rebuilding @ http://localhost:3000/_next/static/chunks/node_modules_next_dist_1ybzpk2._.js:2477
[  775733ms] [LOG] [Fast Refresh] done in 327ms @ http://localhost:3000/_next/static/chunks/node_modules_next_dist_1ybzpk2._.js:2477
[  775842ms] [LOG] [Fast Refresh] rebuilding @ http://localhost:3000/_next/static/chunks/node_modules_next_dist_1ybzpk2._.js:2477
[  775961ms] [LOG] [Fast Refresh] done in 225ms @ http://localhost:3000/_next/static/chunks/node_modules_next_dist_1ybzpk2._.js:2477
[  776101ms] [LOG] [Fast Refresh] rebuilding @ http://localhost:3000/_next/static/chunks/node_modules_next_dist_1ybzpk2._.js:2477
[  776282ms] [LOG] [Fast Refresh] done in 291ms @ http://localhost:3000/_next/static/chunks/node_modules_next_dist_1ybzpk2._.js:2477
[  776446ms] [LOG] [Fast Refresh] rebuilding @ http://localhost:3000/_next/static/chunks/node_modules_next_dist_1ybzpk2._.js:2477
[  776461ms] [LOG] [Fast Refresh] done in 123ms @ http://localhost:3000/_next/static/chunks/node_modules_next_dist_1ybzpk2._.js:2477
[  776655ms] [LOG] [Fast Refresh] rebuilding @ http://localhost:3000/_next/static/chunks/node_modules_next_dist_1ybzpk2._.js:2477
[  776829ms] [LOG] [Fast Refresh] done in 281ms @ http://localhost:3000/_next/static/chunks/node_modules_next_dist_1ybzpk2._.js:2477
[  776986ms] [LOG] [Fast Refresh] rebuilding @ http://localhost:3000/_next/static/chunks/node_modules_next_dist_1ybzpk2._.js:2477
[  777070ms] [LOG] [Fast Refresh] done in 198ms @ http://localhost:3000/_next/static/chunks/node_modules_next_dist_1ybzpk2._.js:2477
[  777212ms] [LOG] [Fast Refresh] rebuilding @ http://localhost:3000/_next/static/chunks/node_modules_next_dist_1ybzpk2._.js:2477
[  777301ms] [LOG] [Fast Refresh] done in 192ms @ http://localhost:3000/_next/static/chunks/node_modules_next_dist_1ybzpk2._.js:2477
[  777646ms] [LOG] [Fast Refresh] rebuilding @ http://localhost:3000/_next/static/chunks/node_modules_next_dist_1ybzpk2._.js:2477
[  777655ms] [LOG] [Fast Refresh] done in 109ms @ http://localhost:3000/_next/static/chunks/node_modules_next_dist_1ybzpk2._.js:2477
[  777771ms] [LOG] [Fast Refresh] rebuilding @ http://localhost:3000/_next/static/chunks/node_modules_next_dist_1ybzpk2._.js:2477
[  777829ms] [LOG] [Fast Refresh] done in 161ms @ http://localhost:3000/_next/static/chunks/node_modules_next_dist_1ybzpk2._.js:2477
[  778035ms] [LOG] [Fast Refresh] rebuilding @ http://localhost:3000/_next/static/chunks/node_modules_next_dist_1ybzpk2._.js:2477
[  778062ms] [LOG] [Fast Refresh] done in 130ms @ http://localhost:3000/_next/static/chunks/node_modules_next_dist_1ybzpk2._.js:2477
[  778177ms] [LOG] [Fast Refresh] rebuilding @ http://localhost:3000/_next/static/chunks/node_modules_next_dist_1ybzpk2._.js:2477
[  778253ms] [LOG] [Fast Refresh] done in 185ms @ http://localhost:3000/_next/static/chunks/node_modules_next_dist_1ybzpk2._.js:2477
[  778407ms] [LOG] [Fast Refresh] rebuilding @ http://localhost:3000/_next/static/chunks/node_modules_next_dist_1ybzpk2._.js:2477
[  778425ms] [LOG] [Fast Refresh] done in 132ms @ http://localhost:3000/_next/static/chunks/node_modules_next_dist_1ybzpk2._.js:2477
[  778532ms] [LOG] [Fast Refresh] rebuilding @ http://localhost:3000/_next/static/chunks/node_modules_next_dist_1ybzpk2._.js:2477
[  778551ms] [LOG] [Fast Refresh] done in 120ms @ http://localhost:3000/_next/static/chunks/node_modules_next_dist_1ybzpk2._.js:2477
[  778932ms] [LOG] [Fast Refresh] rebuilding @ http://localhost:3000/_next/static/chunks/node_modules_next_dist_1ybzpk2._.js:2477
[  778958ms] [LOG] [Fast Refresh] done in 126ms @ http://localhost:3000/_next/static/chunks/node_modules_next_dist_1ybzpk2._.js:2477
[  779305ms] [LOG] [Fast Refresh] rebuilding @ http://localhost:3000/_next/static/chunks/node_modules_next_dist_1ybzpk2._.js:2477
[  779322ms] [LOG] [Fast Refresh] done in 130ms @ http://localhost:3000/_next/static/chunks/node_modules_next_dist_1ybzpk2._.js:2477
[  779426ms] [LOG] [Fast Refresh] rebuilding @ http://localhost:3000/_next/static/chunks/node_modules_next_dist_1ybzpk2._.js:2477
[  779466ms] [LOG] [Fast Refresh] done in 142ms @ http://localhost:3000/_next/static/chunks/node_modules_next_dist_1ybzpk2._.js:2477
[  779739ms] [LOG] [Fast Refresh] rebuilding @ http://localhost:3000/_next/static/chunks/node_modules_next_dist_1ybzpk2._.js:2477
[  779744ms] [LOG] [Fast Refresh] done in 117ms @ http://localhost:3000/_next/static/chunks/node_modules_next_dist_1ybzpk2._.js:2477
[  780095ms] [LOG] [Fast Refresh] rebuilding @ http://localhost:3000/_next/static/chunks/node_modules_next_dist_1ybzpk2._.js:2477
[  780125ms] [LOG] [Fast Refresh] done in 140ms @ http://localhost:3000/_next/static/chunks/node_modules_next_dist_1ybzpk2._.js:2477
[  780236ms] [LOG] [Fast Refresh] rebuilding @ http://localhost:3000/_next/static/chunks/node_modules_next_dist_1ybzpk2._.js:2477
[  780289ms] [LOG] [Fast Refresh] done in 162ms @ http://localhost:3000/_next/static/chunks/node_modules_next_dist_1ybzpk2._.js:2477
[  780405ms] [LOG] [Fast Refresh] rebuilding @ http://localhost:3000/_next/static/chunks/node_modules_next_dist_1ybzpk2._.js:2477
[  781625ms] [LOG] [Fast Refresh] done in 1210ms @ http://localhost:3000/_next/static/chunks/node_modules_next_dist_1ybzpk2._.js:2477
[  781971ms] [LOG] [Fast Refresh] rebuilding @ http://localhost:3000/_next/static/chunks/node_modules_next_dist_1ybzpk2._.js:2477
[  781992ms] [LOG] [Fast Refresh] done in 132ms @ http://localhost:3000/_next/static/chunks/node_modules_next_dist_1ybzpk2._.js:2477
[  782109ms] [LOG] [Fast Refresh] rebuilding @ http://localhost:3000/_next/static/chunks/node_modules_next_dist_1ybzpk2._.js:2477
[  782263ms] [LOG] [Fast Refresh] done in 258ms @ http://localhost:3000/_next/static/chunks/node_modules_next_dist_1ybzpk2._.js:2477
[  782715ms] [LOG] [Fast Refresh] rebuilding @ http://localhost:3000/_next/static/chunks/node_modules_next_dist_1ybzpk2._.js:2477
[  782753ms] [LOG] [Fast Refresh] done in 145ms @ http://localhost:3000/_next/static/chunks/node_modules_next_dist_1ybzpk2._.js:2477
[  783133ms] [LOG] [Fast Refresh] rebuilding @ http://localhost:3000/_next/static/chunks/node_modules_next_dist_1ybzpk2._.js:2477
[  783190ms] [LOG] [Fast Refresh] done in 178ms @ http://localhost:3000/_next/static/chunks/node_modules_next_dist_1ybzpk2._.js:2477
[  783702ms] [LOG] [Fast Refresh] rebuilding @ http://localhost:3000/_next/static/chunks/node_modules_next_dist_1ybzpk2._.js:2477
[  783747ms] [LOG] [Fast Refresh] done in 155ms @ http://localhost:3000/_next/static/chunks/node_modules_next_dist_1ybzpk2._.js:2477
[  783867ms] [LOG] [Fast Refresh] rebuilding @ http://localhost:3000/_next/static/chunks/node_modules_next_dist_1ybzpk2._.js:2477
[  784446ms] [LOG] [Fast Refresh] done in 695ms @ http://localhost:3000/_next/static/chunks/node_modules_next_dist_1ybzpk2._.js:2477
[  784601ms] [LOG] [Fast Refresh] rebuilding @ http://localhost:3000/_next/static/chunks/node_modules_next_dist_1ybzpk2._.js:2477
[  784702ms] [LOG] [Fast Refresh] done in 203ms @ http://localhost:3000/_next/static/chunks/node_modules_next_dist_1ybzpk2._.js:2477
[  784848ms] [LOG] [Fast Refresh] rebuilding @ http://localhost:3000/_next/static/chunks/node_modules_next_dist_1ybzpk2._.js:2477
[  784872ms] [LOG] [Fast Refresh] done in 131ms @ http://localhost:3000/_next/static/chunks/node_modules_next_dist_1ybzpk2._.js:2477
[  784986ms] [LOG] [Fast Refresh] rebuilding @ http://localhost:3000/_next/static/chunks/node_modules_next_dist_1ybzpk2._.js:2477
[  785129ms] [LOG] [Fast Refresh] done in 248ms @ http://localhost:3000/_next/static/chunks/node_modules_next_dist_1ybzpk2._.js:2477
[  785461ms] [LOG] [Fast Refresh] rebuilding @ http://localhost:3000/_next/static/chunks/node_modules_next_dist_1ybzpk2._.js:2477
[  785483ms] [LOG] [Fast Refresh] done in 122ms @ http://localhost:3000/_next/static/chunks/node_modules_next_dist_1ybzpk2._.js:2477
[  785596ms] [LOG] [Fast Refresh] rebuilding @ http://localhost:3000/_next/static/chunks/node_modules_next_dist_1ybzpk2._.js:2477
[  785817ms] [LOG] [Fast Refresh] done in 332ms @ http://localhost:3000/_next/static/chunks/node_modules_next_dist_1ybzpk2._.js:2477
[  785989ms] [LOG] [Fast Refresh] rebuilding @ http://localhost:3000/_next/static/chunks/node_modules_next_dist_1ybzpk2._.js:2477
[  786042ms] [LOG] [Fast Refresh] done in 154ms @ http://localhost:3000/_next/static/chunks/node_modules_next_dist_1ybzpk2._.js:2477
[  786191ms] [LOG] [Fast Refresh] rebuilding @ http://localhost:3000/_next/static/chunks/node_modules_next_dist_1ybzpk2._.js:2477
[  786285ms] [LOG] [Fast Refresh] done in 195ms @ http://localhost:3000/_next/static/chunks/node_modules_next_dist_1ybzpk2._.js:2477
[  786457ms] [LOG] [Fast Refresh] rebuilding @ http://localhost:3000/_next/static/chunks/node_modules_next_dist_1ybzpk2._.js:2477
[  786602ms] [LOG] [Fast Refresh] done in 257ms @ http://localhost:3000/_next/static/chunks/node_modules_next_dist_1ybzpk2._.js:2477
[  786762ms] [LOG] [Fast Refresh] rebuilding @ http://localhost:3000/_next/static/chunks/node_modules_next_dist_1ybzpk2._.js:2477
[  786781ms] [LOG] [Fast Refresh] done in 129ms @ http://localhost:3000/_next/static/chunks/node_modules_next_dist_1ybzpk2._.js:2477
[  787121ms] [LOG] [Fast Refresh] rebuilding @ http://localhost:3000/_next/static/chunks/node_modules_next_dist_1ybzpk2._.js:2477
[  787226ms] [LOG] [Fast Refresh] done in 215ms @ http://localhost:3000/_next/static/chunks/node_modules_next_dist_1ybzpk2._.js:2477
[  787664ms] [LOG] [Fast Refresh] rebuilding @ http://localhost:3000/_next/static/chunks/node_modules_next_dist_1ybzpk2._.js:2477
[  787699ms] [LOG] [Fast Refresh] done in 148ms @ http://localhost:3000/_next/static/chunks/node_modules_next_dist_1ybzpk2._.js:2477
[  787820ms] [LOG] [Fast Refresh] rebuilding @ http://localhost:3000/_next/static/chunks/node_modules_next_dist_1ybzpk2._.js:2477
[  788045ms] [LOG] [Fast Refresh] done in 335ms @ http://localhost:3000/_next/static/chunks/node_modules_next_dist_1ybzpk2._.js:2477
[  788271ms] [LOG] [Fast Refresh] rebuilding @ http://localhost:3000/_next/static/chunks/node_modules_next_dist_1ybzpk2._.js:2477
[  788343ms] [LOG] [Fast Refresh] done in 182ms @ http://localhost:3000/_next/static/chunks/node_modules_next_dist_1ybzpk2._.js:2477
[  788762ms] [LOG] [Fast Refresh] rebuilding @ http://localhost:3000/_next/static/chunks/node_modules_next_dist_1ybzpk2._.js:2477
[  788815ms] [LOG] [Fast Refresh] done in 156ms @ http://localhost:3000/_next/static/chunks/node_modules_next_dist_1ybzpk2._.js:2477
[  789209ms] [LOG] [Fast Refresh] rebuilding @ http://localhost:3000/_next/static/chunks/node_modules_next_dist_1ybzpk2._.js:2477
[  789305ms] [LOG] [Fast Refresh] done in 201ms @ http://localhost:3000/_next/static/chunks/node_modules_next_dist_1ybzpk2._.js:2477
[  789826ms] [LOG] [Fast Refresh] rebuilding @ http://localhost:3000/_next/static/chunks/node_modules_next_dist_1ybzpk2._.js:2477
[  789865ms] [LOG] [Fast Refresh] done in 170ms @ http://localhost:3000/_next/static/chunks/node_modules_next_dist_1ybzpk2._.js:2477
[  789983ms] [LOG] [Fast Refresh] rebuilding @ http://localhost:3000/_next/static/chunks/node_modules_next_dist_1ybzpk2._.js:2477
[  790192ms] [LOG] [Fast Refresh] done in 315ms @ http://localhost:3000/_next/static/chunks/node_modules_next_dist_1ybzpk2._.js:2477
[  790345ms] [LOG] [Fast Refresh] rebuilding @ http://localhost:3000/_next/static/chunks/node_modules_next_dist_1ybzpk2._.js:2477
[  790613ms] [LOG] [Fast Refresh] done in 382ms @ http://localhost:3000/_next/static/chunks/node_modules_next_dist_1ybzpk2._.js:2477
[  790807ms] [LOG] [Fast Refresh] rebuilding @ http://localhost:3000/_next/static/chunks/node_modules_next_dist_1ybzpk2._.js:2477
[  790990ms] [LOG] [Fast Refresh] done in 291ms @ http://localhost:3000/_next/static/chunks/node_modules_next_dist_1ybzpk2._.js:2477
[  791164ms] [LOG] [Fast Refresh] rebuilding @ http://localhost:3000/_next/static/chunks/node_modules_next_dist_1ybzpk2._.js:2477
[  791352ms] [LOG] [Fast Refresh] done in 297ms @ http://localhost:3000/_next/static/chunks/node_modules_next_dist_1ybzpk2._.js:2477
[  791803ms] [LOG] [Fast Refresh] rebuilding @ http://localhost:3000/_next/static/chunks/node_modules_next_dist_1ybzpk2._.js:2477
[  791874ms] [LOG] [Fast Refresh] done in 180ms @ http://localhost:3000/_next/static/chunks/node_modules_next_dist_1ybzpk2._.js:2477
[  792283ms] [LOG] [Fast Refresh] rebuilding @ http://localhost:3000/_next/static/chunks/node_modules_next_dist_1ybzpk2._.js:2477
[  792300ms] [LOG] [Fast Refresh] done in 134ms @ http://localhost:3000/_next/static/chunks/node_modules_next_dist_1ybzpk2._.js:2477
[  793017ms] [LOG] [Fast Refresh] rebuilding @ http://localhost:3000/_next/static/chunks/node_modules_next_dist_1ybzpk2._.js:2477
[  793073ms] [LOG] [Fast Refresh] done in 159ms @ http://localhost:3000/_next/static/chunks/node_modules_next_dist_1ybzpk2._.js:2477
[  793251ms] [LOG] [Fast Refresh] rebuilding @ http://localhost:3000/_next/static/chunks/node_modules_next_dist_1ybzpk2._.js:2477
[  793291ms] [LOG] [Fast Refresh] done in 154ms @ http://localhost:3000/_next/static/chunks/node_modules_next_dist_1ybzpk2._.js:2477
[  793407ms] [LOG] [Fast Refresh] rebuilding @ http://localhost:3000/_next/static/chunks/node_modules_next_dist_1ybzpk2._.js:2477
[  793551ms] [LOG] [Fast Refresh] done in 259ms @ http://localhost:3000/_next/static/chunks/node_modules_next_dist_1ybzpk2._.js:2477
[  793851ms] [LOG] [Fast Refresh] rebuilding @ http://localhost:3000/_next/static/chunks/node_modules_next_dist_1ybzpk2._.js:2477
[  793874ms] [LOG] [Fast Refresh] done in 125ms @ http://localhost:3000/_next/static/chunks/node_modules_next_dist_1ybzpk2._.js:2477
[  794007ms] [LOG] [Fast Refresh] rebuilding @ http://localhost:3000/_next/static/chunks/node_modules_next_dist_1ybzpk2._.js:2477
[  794025ms] [LOG] [Fast Refresh] done in 123ms @ http://localhost:3000/_next/static/chunks/node_modules_next_dist_1ybzpk2._.js:2477
[  794395ms] [LOG] [Fast Refresh] rebuilding @ http://localhost:3000/_next/static/chunks/node_modules_next_dist_1ybzpk2._.js:2477
[  794409ms] [LOG] [Fast Refresh] done in 117ms @ http://localhost:3000/_next/static/chunks/node_modules_next_dist_1ybzpk2._.js:2477
[  794581ms] [LOG] [Fast Refresh] rebuilding @ http://localhost:3000/_next/static/chunks/node_modules_next_dist_1ybzpk2._.js:2477
[  794622ms] [LOG] [Fast Refresh] done in 155ms @ http://localhost:3000/_next/static/chunks/node_modules_next_dist_1ybzpk2._.js:2477
[  794746ms] [LOG] [Fast Refresh] rebuilding @ http://localhost:3000/_next/static/chunks/node_modules_next_dist_1ybzpk2._.js:2477
[  794847ms] [LOG] [Fast Refresh] done in 211ms @ http://localhost:3000/_next/static/chunks/node_modules_next_dist_1ybzpk2._.js:2477
[  795105ms] [LOG] [Fast Refresh] rebuilding @ http://localhost:3000/_next/static/chunks/node_modules_next_dist_1ybzpk2._.js:2477
[  796797ms] [LOG] [Fast Refresh] done in 1453ms @ http://localhost:3000/_next/static/chunks/node_modules_next_dist_1ybzpk2._.js:2477
[  796912ms] [LOG] [Fast Refresh] rebuilding @ http://localhost:3000/_next/static/chunks/node_modules_next_dist_1ybzpk2._.js:2477
[  797026ms] [LOG] [Fast Refresh] done in 217ms @ http://localhost:3000/_next/static/chunks/node_modules_next_dist_1ybzpk2._.js:2477
[  797347ms] [LOG] [Fast Refresh] rebuilding @ http://localhost:3000/_next/static/chunks/node_modules_next_dist_1ybzpk2._.js:2477
[  797409ms] [LOG] [Fast Refresh] done in 163ms @ http://localhost:3000/_next/static/chunks/node_modules_next_dist_1ybzpk2._.js:2477
[  797573ms] [LOG] [Fast Refresh] rebuilding @ http://localhost:3000/_next/static/chunks/node_modules_next_dist_1ybzpk2._.js:2477
[  797683ms] [LOG] [Fast Refresh] done in 223ms @ http://localhost:3000/_next/static/chunks/node_modules_next_dist_1ybzpk2._.js:2477
[  797850ms] [LOG] [Fast Refresh] rebuilding @ http://localhost:3000/_next/static/chunks/node_modules_next_dist_1ybzpk2._.js:2477
[  797863ms] [LOG] [Fast Refresh] done in 156ms @ http://localhost:3000/_next/static/chunks/node_modules_next_dist_1ybzpk2._.js:2477
[  798029ms] [LOG] [Fast Refresh] rebuilding @ http://localhost:3000/_next/static/chunks/node_modules_next_dist_1ybzpk2._.js:2477
[  798153ms] [LOG] [Fast Refresh] done in 230ms @ http://localhost:3000/_next/static/chunks/node_modules_next_dist_1ybzpk2._.js:2477
[  798310ms] [LOG] [Fast Refresh] rebuilding @ http://localhost:3000/_next/static/chunks/node_modules_next_dist_1ybzpk2._.js:2477
[  798353ms] [LOG] [Fast Refresh] done in 146ms @ http://localhost:3000/_next/static/chunks/node_modules_next_dist_1ybzpk2._.js:2477
[  798466ms] [LOG] [Fast Refresh] rebuilding @ http://localhost:3000/_next/static/chunks/node_modules_next_dist_1ybzpk2._.js:2477
[  798597ms] [LOG] [Fast Refresh] done in 235ms @ http://localhost:3000/_next/static/chunks/node_modules_next_dist_1ybzpk2._.js:2477
[  800205ms] [LOG] [Fast Refresh] rebuilding @ http://localhost:3000/_next/static/chunks/node_modules_next_dist_1ybzpk2._.js:2477
[  800279ms] [LOG] [Fast Refresh] done in 184ms @ http://localhost:3000/_next/static/chunks/node_modules_next_dist_1ybzpk2._.js:2477
[  800470ms] [LOG] [Fast Refresh] rebuilding @ http://localhost:3000/_next/static/chunks/node_modules_next_dist_1ybzpk2._.js:2477
[  800546ms] [LOG] [Fast Refresh] done in 189ms @ http://localhost:3000/_next/static/chunks/node_modules_next_dist_1ybzpk2._.js:2477
[  800656ms] [LOG] [Fast Refresh] rebuilding @ http://localhost:3000/_next/static/chunks/node_modules_next_dist_1ybzpk2._.js:2477
[  800692ms] [LOG] [Fast Refresh] done in 144ms @ http://localhost:3000/_next/static/chunks/node_modules_next_dist_1ybzpk2._.js:2477
[  800936ms] [LOG] [Fast Refresh] rebuilding @ http://localhost:3000/_next/static/chunks/node_modules_next_dist_1ybzpk2._.js:2477
[  800952ms] [LOG] [Fast Refresh] done in 118ms @ http://localhost:3000/_next/static/chunks/node_modules_next_dist_1ybzpk2._.js:2477
[  801076ms] [LOG] [Fast Refresh] rebuilding @ http://localhost:3000/_next/static/chunks/node_modules_next_dist_1ybzpk2._.js:2477
[  801158ms] [LOG] [Fast Refresh] done in 188ms @ http://localhost:3000/_next/static/chunks/node_modules_next_dist_1ybzpk2._.js:2477
[  801387ms] [LOG] [Fast Refresh] rebuilding @ http://localhost:3000/_next/static/chunks/node_modules_next_dist_1ybzpk2._.js:2477
[  801410ms] [LOG] [Fast Refresh] done in 136ms @ http://localhost:3000/_next/static/chunks/node_modules_next_dist_1ybzpk2._.js:2477
[  801518ms] [LOG] [Fast Refresh] rebuilding @ http://localhost:3000/_next/static/chunks/node_modules_next_dist_1ybzpk2._.js:2477
[  801618ms] [LOG] [Fast Refresh] done in 202ms @ http://localhost:3000/_next/static/chunks/node_modules_next_dist_1ybzpk2._.js:2477
[  801837ms] [LOG] [Fast Refresh] rebuilding @ http://localhost:3000/_next/static/chunks/node_modules_next_dist_1ybzpk2._.js:2477
[  801859ms] [LOG] [Fast Refresh] done in 132ms @ http://localhost:3000/_next/static/chunks/node_modules_next_dist_1ybzpk2._.js:2477
[  801990ms] [LOG] [Fast Refresh] rebuilding @ http://localhost:3000/_next/static/chunks/node_modules_next_dist_1ybzpk2._.js:2477
[  802148ms] [LOG] [Fast Refresh] done in 271ms @ http://localhost:3000/_next/static/chunks/node_modules_next_dist_1ybzpk2._.js:2477
[  802497ms] [LOG] [Fast Refresh] rebuilding @ http://localhost:3000/_next/static/chunks/node_modules_next_dist_1ybzpk2._.js:2477
[  802564ms] [LOG] [Fast Refresh] done in 175ms @ http://localhost:3000/_next/static/chunks/node_modules_next_dist_1ybzpk2._.js:2477
[  802730ms] [LOG] [Fast Refresh] rebuilding @ http://localhost:3000/_next/static/chunks/node_modules_next_dist_1ybzpk2._.js:2477
[  802734ms] [LOG] [Fast Refresh] done in 109ms @ http://localhost:3000/_next/static/chunks/node_modules_next_dist_1ybzpk2._.js:2477
[  803611ms] [LOG] [Fast Refresh] rebuilding @ http://localhost:3000/_next/static/chunks/node_modules_next_dist_1ybzpk2._.js:2477
[  804342ms] [LOG] [Fast Refresh] done in 287ms @ http://localhost:3000/_next/static/chunks/node_modules_next_dist_1ybzpk2._.js:2477
[  805407ms] [LOG] [Fast Refresh] rebuilding @ http://localhost:3000/_next/static/chunks/node_modules_next_dist_1ybzpk2._.js:2477
[  805491ms] [LOG] [Fast Refresh] done in 192ms @ http://localhost:3000/_next/static/chunks/node_modules_next_dist_1ybzpk2._.js:2477
[  805605ms] [LOG] [Fast Refresh] rebuilding @ http://localhost:3000/_next/static/chunks/node_modules_next_dist_1ybzpk2._.js:2477
[  805970ms] [LOG] [Fast Refresh] done in 475ms @ http://localhost:3000/_next/static/chunks/node_modules_next_dist_1ybzpk2._.js:2477
[  806372ms] [LOG] [Fast Refresh] rebuilding @ http://localhost:3000/_next/static/chunks/node_modules_next_dist_1ybzpk2._.js:2477
[  806478ms] [LOG] [Fast Refresh] done in 222ms @ http://localhost:3000/_next/static/chunks/node_modules_next_dist_1ybzpk2._.js:2477
[  806596ms] [LOG] [Fast Refresh] rebuilding @ http://localhost:3000/_next/static/chunks/node_modules_next_dist_1ybzpk2._.js:2477
[  806638ms] [LOG] [Fast Refresh] done in 149ms @ http://localhost:3000/_next/static/chunks/node_modules_next_dist_1ybzpk2._.js:2477
[  806787ms] [LOG] [Fast Refresh] rebuilding @ http://localhost:3000/_next/static/chunks/node_modules_next_dist_1ybzpk2._.js:2477
[  807111ms] [LOG] [Fast Refresh] done in 433ms @ http://localhost:3000/_next/static/chunks/node_modules_next_dist_1ybzpk2._.js:2477
[  807357ms] [LOG] [Fast Refresh] rebuilding @ http://localhost:3000/_next/static/chunks/node_modules_next_dist_1ybzpk2._.js:2477
[  807460ms] [LOG] [Fast Refresh] done in 217ms @ http://localhost:3000/_next/static/chunks/node_modules_next_dist_1ybzpk2._.js:2477
[  807620ms] [LOG] [Fast Refresh] rebuilding @ http://localhost:3000/_next/static/chunks/node_modules_next_dist_1ybzpk2._.js:2477
[  807727ms] [LOG] [Fast Refresh] done in 217ms @ http://localhost:3000/_next/static/chunks/node_modules_next_dist_1ybzpk2._.js:2477
[  807914ms] [LOG] [Fast Refresh] rebuilding @ http://localhost:3000/_next/static/chunks/node_modules_next_dist_1ybzpk2._.js:2477
[  807980ms] [LOG] [Fast Refresh] done in 181ms @ http://localhost:3000/_next/static/chunks/node_modules_next_dist_1ybzpk2._.js:2477
[  808454ms] [LOG] [Fast Refresh] rebuilding @ http://localhost:3000/_next/static/chunks/node_modules_next_dist_1ybzpk2._.js:2477
[  808543ms] [LOG] [Fast Refresh] done in 204ms @ http://localhost:3000/_next/static/chunks/node_modules_next_dist_1ybzpk2._.js:2477
[  808782ms] [LOG] [Fast Refresh] rebuilding @ http://localhost:3000/_next/static/chunks/node_modules_next_dist_1ybzpk2._.js:2477
[  808842ms] [LOG] [Fast Refresh] done in 169ms @ http://localhost:3000/_next/static/chunks/node_modules_next_dist_1ybzpk2._.js:2477
[  809001ms] [LOG] [Fast Refresh] rebuilding @ http://localhost:3000/_next/static/chunks/node_modules_next_dist_1ybzpk2._.js:2477
[  809070ms] [LOG] [Fast Refresh] done in 173ms @ http://localhost:3000/_next/static/chunks/node_modules_next_dist_1ybzpk2._.js:2477
[  809327ms] [LOG] [Fast Refresh] rebuilding @ http://localhost:3000/_next/static/chunks/node_modules_next_dist_1ybzpk2._.js:2477
[  809416ms] [LOG] [Fast Refresh] done in 194ms @ http://localhost:3000/_next/static/chunks/node_modules_next_dist_1ybzpk2._.js:2477
[  809526ms] [LOG] [Fast Refresh] rebuilding @ http://localhost:3000/_next/static/chunks/node_modules_next_dist_1ybzpk2._.js:2477
[  809536ms] [LOG] [Fast Refresh] done in 119ms @ http://localhost:3000/_next/static/chunks/node_modules_next_dist_1ybzpk2._.js:2477
[  809741ms] [LOG] [Fast Refresh] rebuilding @ http://localhost:3000/_next/static/chunks/node_modules_next_dist_1ybzpk2._.js:2477
[  809749ms] [LOG] [Fast Refresh] done in 122ms @ http://localhost:3000/_next/static/chunks/node_modules_next_dist_1ybzpk2._.js:2477
[  809910ms] [LOG] [Fast Refresh] rebuilding @ http://localhost:3000/_next/static/chunks/node_modules_next_dist_1ybzpk2._.js:2477
[  809988ms] [LOG] [Fast Refresh] done in 183ms @ http://localhost:3000/_next/static/chunks/node_modules_next_dist_1ybzpk2._.js:2477
[  810141ms] [LOG] [Fast Refresh] rebuilding @ http://localhost:3000/_next/static/chunks/node_modules_next_dist_1ybzpk2._.js:2477
[  810303ms] [LOG] [Fast Refresh] done in 267ms @ http://localhost:3000/_next/static/chunks/node_modules_next_dist_1ybzpk2._.js:2477
[  810418ms] [LOG] [Fast Refresh] rebuilding @ http://localhost:3000/_next/static/chunks/node_modules_next_dist_1ybzpk2._.js:2477
[  810438ms] [LOG] [Fast Refresh] done in 132ms @ http://localhost:3000/_next/static/chunks/node_modules_next_dist_1ybzpk2._.js:2477
[  810578ms] [LOG] [Fast Refresh] rebuilding @ http://localhost:3000/_next/static/chunks/node_modules_next_dist_1ybzpk2._.js:2477
[  810682ms] [LOG] [Fast Refresh] done in 210ms @ http://localhost:3000/_next/static/chunks/node_modules_next_dist_1ybzpk2._.js:2477
[  810795ms] [LOG] [Fast Refresh] rebuilding @ http://localhost:3000/_next/static/chunks/node_modules_next_dist_1ybzpk2._.js:2477
[  810868ms] [LOG] [Fast Refresh] done in 181ms @ http://localhost:3000/_next/static/chunks/node_modules_next_dist_1ybzpk2._.js:2477
[  811120ms] [LOG] [Fast Refresh] rebuilding @ http://localhost:3000/_next/static/chunks/node_modules_next_dist_1ybzpk2._.js:2477
[  811192ms] [LOG] [Fast Refresh] done in 187ms @ http://localhost:3000/_next/static/chunks/node_modules_next_dist_1ybzpk2._.js:2477
[  811306ms] [LOG] [Fast Refresh] rebuilding @ http://localhost:3000/_next/static/chunks/node_modules_next_dist_1ybzpk2._.js:2477
[  811393ms] [LOG] [Fast Refresh] done in 200ms @ http://localhost:3000/_next/static/chunks/node_modules_next_dist_1ybzpk2._.js:2477
[  811506ms] [LOG] [Fast Refresh] rebuilding @ http://localhost:3000/_next/static/chunks/node_modules_next_dist_1ybzpk2._.js:2477
[  811543ms] [LOG] [Fast Refresh] done in 147ms @ http://localhost:3000/_next/static/chunks/node_modules_next_dist_1ybzpk2._.js:2477
[  811677ms] [LOG] [Fast Refresh] rebuilding @ http://localhost:3000/_next/static/chunks/node_modules_next_dist_1ybzpk2._.js:2477
[  811709ms] [LOG] [Fast Refresh] done in 135ms @ http://localhost:3000/_next/static/chunks/node_modules_next_dist_1ybzpk2._.js:2477
[  811818ms] [LOG] [Fast Refresh] rebuilding @ http://localhost:3000/_next/static/chunks/node_modules_next_dist_1ybzpk2._.js:2477
[  811963ms] [LOG] [Fast Refresh] done in 251ms @ http://localhost:3000/_next/static/chunks/node_modules_next_dist_1ybzpk2._.js:2477
[  812080ms] [LOG] [Fast Refresh] rebuilding @ http://localhost:3000/_next/static/chunks/node_modules_next_dist_1ybzpk2._.js:2477
[  812353ms] [LOG] [Fast Refresh] done in 373ms @ http://localhost:3000/_next/static/chunks/node_modules_next_dist_1ybzpk2._.js:2477
[  812502ms] [LOG] [Fast Refresh] rebuilding @ http://localhost:3000/_next/static/chunks/node_modules_next_dist_1ybzpk2._.js:2477
[  812592ms] [LOG] [Fast Refresh] done in 205ms @ http://localhost:3000/_next/static/chunks/node_modules_next_dist_1ybzpk2._.js:2477
[  812735ms] [LOG] [Fast Refresh] rebuilding @ http://localhost:3000/_next/static/chunks/node_modules_next_dist_1ybzpk2._.js:2477
[  812749ms] [LOG] [Fast Refresh] done in 132ms @ http://localhost:3000/_next/static/chunks/node_modules_next_dist_1ybzpk2._.js:2477
[  812863ms] [LOG] [Fast Refresh] rebuilding @ http://localhost:3000/_next/static/chunks/node_modules_next_dist_1ybzpk2._.js:2477
[  813109ms] [LOG] [Fast Refresh] done in 353ms @ http://localhost:3000/_next/static/chunks/node_modules_next_dist_1ybzpk2._.js:2477
[  813641ms] [LOG] [Fast Refresh] rebuilding @ http://localhost:3000/_next/static/chunks/node_modules_next_dist_1ybzpk2._.js:2477
[  813778ms] [LOG] [Fast Refresh] done in 260ms @ http://localhost:3000/_next/static/chunks/node_modules_next_dist_1ybzpk2._.js:2477
[  813963ms] [LOG] [Fast Refresh] rebuilding @ http://localhost:3000/_next/static/chunks/node_modules_next_dist_1ybzpk2._.js:2477
[  814403ms] [LOG] [Fast Refresh] done in 550ms @ http://localhost:3000/_next/static/chunks/node_modules_next_dist_1ybzpk2._.js:2477
[  814593ms] [LOG] [Fast Refresh] rebuilding @ http://localhost:3000/_next/static/chunks/node_modules_next_dist_1ybzpk2._.js:2477
[  814724ms] [LOG] [Fast Refresh] done in 236ms @ http://localhost:3000/_next/static/chunks/node_modules_next_dist_1ybzpk2._.js:2477
[  814896ms] [LOG] [Fast Refresh] rebuilding @ http://localhost:3000/_next/static/chunks/node_modules_next_dist_1ybzpk2._.js:2477
[  815474ms] [LOG] [Fast Refresh] done in 689ms @ http://localhost:3000/_next/static/chunks/node_modules_next_dist_1ybzpk2._.js:2477
[  815777ms] [LOG] [Fast Refresh] rebuilding @ http://localhost:3000/_next/static/chunks/node_modules_next_dist_1ybzpk2._.js:2477
[  816096ms] [LOG] [Fast Refresh] done in 423ms @ http://localhost:3000/_next/static/chunks/node_modules_next_dist_1ybzpk2._.js:2477
[  816431ms] [LOG] [Fast Refresh] rebuilding @ http://localhost:3000/_next/static/chunks/node_modules_next_dist_1ybzpk2._.js:2477
[  816477ms] [LOG] [Fast Refresh] done in 152ms @ http://localhost:3000/_next/static/chunks/node_modules_next_dist_1ybzpk2._.js:2477
[  816589ms] [LOG] [Fast Refresh] rebuilding @ http://localhost:3000/_next/static/chunks/node_modules_next_dist_1ybzpk2._.js:2477
[  816786ms] [LOG] [Fast Refresh] done in 300ms @ http://localhost:3000/_next/static/chunks/node_modules_next_dist_1ybzpk2._.js:2477
[  817108ms] [LOG] [Fast Refresh] rebuilding @ http://localhost:3000/_next/static/chunks/node_modules_next_dist_1ybzpk2._.js:2477
[  817326ms] [LOG] [Fast Refresh] done in 321ms @ http://localhost:3000/_next/static/chunks/node_modules_next_dist_1ybzpk2._.js:2477
[  817534ms] [LOG] [Fast Refresh] rebuilding @ http://localhost:3000/_next/static/chunks/node_modules_next_dist_1ybzpk2._.js:2477
[  817663ms] [LOG] [Fast Refresh] done in 243ms @ http://localhost:3000/_next/static/chunks/node_modules_next_dist_1ybzpk2._.js:2477
[  817767ms] [LOG] [Fast Refresh] rebuilding @ http://localhost:3000/_next/static/chunks/node_modules_next_dist_1ybzpk2._.js:2477
[  817887ms] [LOG] [Fast Refresh] done in 223ms @ http://localhost:3000/_next/static/chunks/node_modules_next_dist_1ybzpk2._.js:2477
[  818109ms] [LOG] [Fast Refresh] rebuilding @ http://localhost:3000/_next/static/chunks/node_modules_next_dist_1ybzpk2._.js:2477
[  818386ms] [LOG] [Fast Refresh] done in 378ms @ http://localhost:3000/_next/static/chunks/node_modules_next_dist_1ybzpk2._.js:2477
[  818557ms] [LOG] [Fast Refresh] rebuilding @ http://localhost:3000/_next/static/chunks/node_modules_next_dist_1ybzpk2._.js:2477
[  818776ms] [LOG] [Fast Refresh] done in 326ms @ http://localhost:3000/_next/static/chunks/node_modules_next_dist_1ybzpk2._.js:2477
[  819137ms] [LOG] [Fast Refresh] rebuilding @ http://localhost:3000/_next/static/chunks/node_modules_next_dist_1ybzpk2._.js:2477
[  819700ms] [LOG] [Fast Refresh] done in 675ms @ http://localhost:3000/_next/static/chunks/node_modules_next_dist_1ybzpk2._.js:2477
[  819819ms] [LOG] [Fast Refresh] rebuilding @ http://localhost:3000/_next/static/chunks/node_modules_next_dist_1ybzpk2._.js:2477
[  819831ms] [LOG] [Fast Refresh] done in 117ms @ http://localhost:3000/_next/static/chunks/node_modules_next_dist_1ybzpk2._.js:2477
[  820004ms] [LOG] [Fast Refresh] rebuilding @ http://localhost:3000/_next/static/chunks/node_modules_next_dist_1ybzpk2._.js:2477
[  820364ms] [LOG] [Fast Refresh] done in 467ms @ http://localhost:3000/_next/static/chunks/node_modules_next_dist_1ybzpk2._.js:2477
[  820573ms] [LOG] [Fast Refresh] rebuilding @ http://localhost:3000/_next/static/chunks/node_modules_next_dist_1ybzpk2._.js:2477
[  820648ms] [LOG] [Fast Refresh] done in 196ms @ http://localhost:3000/_next/static/chunks/node_modules_next_dist_1ybzpk2._.js:2477
[  820781ms] [LOG] [Fast Refresh] rebuilding @ http://localhost:3000/_next/static/chunks/node_modules_next_dist_1ybzpk2._.js:2477
[  820861ms] [LOG] [Fast Refresh] done in 183ms @ http://localhost:3000/_next/static/chunks/node_modules_next_dist_1ybzpk2._.js:2477
[  821030ms] [LOG] [Fast Refresh] rebuilding @ http://localhost:3000/_next/static/chunks/node_modules_next_dist_1ybzpk2._.js:2477
[  821134ms] [LOG] [Fast Refresh] done in 204ms @ http://localhost:3000/_next/static/chunks/node_modules_next_dist_1ybzpk2._.js:2477
[  821253ms] [LOG] [Fast Refresh] rebuilding @ http://localhost:3000/_next/static/chunks/node_modules_next_dist_1ybzpk2._.js:2477
[  821347ms] [LOG] [Fast Refresh] done in 209ms @ http://localhost:3000/_next/static/chunks/node_modules_next_dist_1ybzpk2._.js:2477
[  821483ms] [LOG] [Fast Refresh] rebuilding @ http://localhost:3000/_next/static/chunks/node_modules_next_dist_1ybzpk2._.js:2477
[  821539ms] [LOG] [Fast Refresh] done in 189ms @ http://localhost:3000/_next/static/chunks/node_modules_next_dist_1ybzpk2._.js:2477
[  822142ms] [LOG] [Fast Refresh] rebuilding @ http://localhost:3000/_next/static/chunks/node_modules_next_dist_1ybzpk2._.js:2477
[  822158ms] [LOG] [Fast Refresh] done in 227ms @ http://localhost:3000/_next/static/chunks/node_modules_next_dist_1ybzpk2._.js:2477
[  822421ms] [LOG] [Fast Refresh] rebuilding @ http://localhost:3000/_next/static/chunks/node_modules_next_dist_1ybzpk2._.js:2477
[  822514ms] [LOG] [Fast Refresh] done in 212ms @ http://localhost:3000/_next/static/chunks/node_modules_next_dist_1ybzpk2._.js:2477
[  822670ms] [LOG] [Fast Refresh] rebuilding @ http://localhost:3000/_next/static/chunks/node_modules_next_dist_1ybzpk2._.js:2477
[  822738ms] [LOG] [Fast Refresh] done in 182ms @ http://localhost:3000/_next/static/chunks/node_modules_next_dist_1ybzpk2._.js:2477
[  822848ms] [LOG] [Fast Refresh] rebuilding @ http://localhost:3000/_next/static/chunks/node_modules_next_dist_1ybzpk2._.js:2477
[  822973ms] [LOG] [Fast Refresh] done in 231ms @ http://localhost:3000/_next/static/chunks/node_modules_next_dist_1ybzpk2._.js:2477
[  823146ms] [LOG] [Fast Refresh] rebuilding @ http://localhost:3000/_next/static/chunks/node_modules_next_dist_1ybzpk2._.js:2477
[  823231ms] [LOG] [Fast Refresh] done in 191ms @ http://localhost:3000/_next/static/chunks/node_modules_next_dist_1ybzpk2._.js:2477
[  823344ms] [LOG] [Fast Refresh] rebuilding @ http://localhost:3000/_next/static/chunks/node_modules_next_dist_1ybzpk2._.js:2477
[  823525ms] [LOG] [Fast Refresh] done in 283ms @ http://localhost:3000/_next/static/chunks/node_modules_next_dist_1ybzpk2._.js:2477
[  824067ms] [LOG] [Fast Refresh] rebuilding @ http://localhost:3000/_next/static/chunks/node_modules_next_dist_1ybzpk2._.js:2477
[  824294ms] [LOG] [Fast Refresh] done in 340ms @ http://localhost:3000/_next/static/chunks/node_modules_next_dist_1ybzpk2._.js:2477
[  824625ms] [LOG] [Fast Refresh] rebuilding @ http://localhost:3000/_next/static/chunks/node_modules_next_dist_1ybzpk2._.js:2477
[  824629ms] [LOG] [Fast Refresh] done in 115ms @ http://localhost:3000/_next/static/chunks/node_modules_next_dist_1ybzpk2._.js:2477
[  824755ms] [LOG] [Fast Refresh] rebuilding @ http://localhost:3000/_next/static/chunks/node_modules_next_dist_1ybzpk2._.js:2477
[  824822ms] [LOG] [Fast Refresh] done in 182ms @ http://localhost:3000/_next/static/chunks/node_modules_next_dist_1ybzpk2._.js:2477
[  824935ms] [LOG] [Fast Refresh] rebuilding @ http://localhost:3000/_next/static/chunks/node_modules_next_dist_1ybzpk2._.js:2477
[  824971ms] [LOG] [Fast Refresh] done in 147ms @ http://localhost:3000/_next/static/chunks/node_modules_next_dist_1ybzpk2._.js:2477
[  825108ms] [LOG] [Fast Refresh] rebuilding @ http://localhost:3000/_next/static/chunks/node_modules_next_dist_1ybzpk2._.js:2477
[  825543ms] [LOG] [Fast Refresh] done in 537ms @ http://localhost:3000/_next/static/chunks/node_modules_next_dist_1ybzpk2._.js:2477
[  825777ms] [LOG] [Fast Refresh] rebuilding @ http://localhost:3000/_next/static/chunks/node_modules_next_dist_1ybzpk2._.js:2477
[  825842ms] [LOG] [Fast Refresh] done in 167ms @ http://localhost:3000/_next/static/chunks/node_modules_next_dist_1ybzpk2._.js:2477
[  825992ms] [LOG] [Fast Refresh] rebuilding @ http://localhost:3000/_next/static/chunks/node_modules_next_dist_1ybzpk2._.js:2477
[  826188ms] [LOG] [Fast Refresh] done in 300ms @ http://localhost:3000/_next/static/chunks/node_modules_next_dist_1ybzpk2._.js:2477
[  826502ms] [LOG] [Fast Refresh] rebuilding @ http://localhost:3000/_next/static/chunks/node_modules_next_dist_1ybzpk2._.js:2477
[  826578ms] [LOG] [Fast Refresh] done in 188ms @ http://localhost:3000/_next/static/chunks/node_modules_next_dist_1ybzpk2._.js:2477
[  826754ms] [LOG] [Fast Refresh] rebuilding @ http://localhost:3000/_next/static/chunks/node_modules_next_dist_1ybzpk2._.js:2477
[  826931ms] [LOG] [Fast Refresh] done in 278ms @ http://localhost:3000/_next/static/chunks/node_modules_next_dist_1ybzpk2._.js:2477
[  827127ms] [LOG] [Fast Refresh] rebuilding @ http://localhost:3000/_next/static/chunks/node_modules_next_dist_1ybzpk2._.js:2477
[  827163ms] [LOG] [Fast Refresh] done in 151ms @ http://localhost:3000/_next/static/chunks/node_modules_next_dist_1ybzpk2._.js:2477
[  827287ms] [LOG] [Fast Refresh] rebuilding @ http://localhost:3000/_next/static/chunks/node_modules_next_dist_1ybzpk2._.js:2477
[  827445ms] [LOG] [Fast Refresh] done in 263ms @ http://localhost:3000/_next/static/chunks/node_modules_next_dist_1ybzpk2._.js:2477
[  827911ms] [LOG] [Fast Refresh] rebuilding @ http://localhost:3000/_next/static/chunks/node_modules_next_dist_1ybzpk2._.js:2477
[  827989ms] [LOG] [Fast Refresh] done in 179ms @ http://localhost:3000/_next/static/chunks/node_modules_next_dist_1ybzpk2._.js:2477
[  828099ms] [LOG] [Fast Refresh] rebuilding @ http://localhost:3000/_next/static/chunks/node_modules_next_dist_1ybzpk2._.js:2477
[  828153ms] [LOG] [Fast Refresh] done in 161ms @ http://localhost:3000/_next/static/chunks/node_modules_next_dist_1ybzpk2._.js:2477
[  828461ms] [LOG] [Fast Refresh] rebuilding @ http://localhost:3000/_next/static/chunks/node_modules_next_dist_1ybzpk2._.js:2477
[  828529ms] [LOG] [Fast Refresh] done in 185ms @ http://localhost:3000/_next/static/chunks/node_modules_next_dist_1ybzpk2._.js:2477
[  828708ms] [LOG] [Fast Refresh] rebuilding @ http://localhost:3000/_next/static/chunks/node_modules_next_dist_1ybzpk2._.js:2477
[  828767ms] [LOG] [Fast Refresh] done in 160ms @ http://localhost:3000/_next/static/chunks/node_modules_next_dist_1ybzpk2._.js:2477
[  828872ms] [LOG] [Fast Refresh] rebuilding @ http://localhost:3000/_next/static/chunks/node_modules_next_dist_1ybzpk2._.js:2477
[  828945ms] [LOG] [Fast Refresh] done in 175ms @ http://localhost:3000/_next/static/chunks/node_modules_next_dist_1ybzpk2._.js:2477
[  829119ms] [LOG] [Fast Refresh] rebuilding @ http://localhost:3000/_next/static/chunks/node_modules_next_dist_1ybzpk2._.js:2477
[  829243ms] [LOG] [Fast Refresh] done in 232ms @ http://localhost:3000/_next/static/chunks/node_modules_next_dist_1ybzpk2._.js:2477
[  829349ms] [LOG] [Fast Refresh] rebuilding @ http://localhost:3000/_next/static/chunks/node_modules_next_dist_1ybzpk2._.js:2477
[  829499ms] [LOG] [Fast Refresh] done in 249ms @ http://localhost:3000/_next/static/chunks/node_modules_next_dist_1ybzpk2._.js:2477
[  829659ms] [LOG] [Fast Refresh] rebuilding @ http://localhost:3000/_next/static/chunks/node_modules_next_dist_1ybzpk2._.js:2477
[  829811ms] [LOG] [Fast Refresh] done in 258ms @ http://localhost:3000/_next/static/chunks/node_modules_next_dist_1ybzpk2._.js:2477
[  830028ms] [LOG] [Fast Refresh] rebuilding @ http://localhost:3000/_next/static/chunks/node_modules_next_dist_1ybzpk2._.js:2477
[  830057ms] [LOG] [Fast Refresh] done in 144ms @ http://localhost:3000/_next/static/chunks/node_modules_next_dist_1ybzpk2._.js:2477
[  830199ms] [LOG] [Fast Refresh] rebuilding @ http://localhost:3000/_next/static/chunks/node_modules_next_dist_1ybzpk2._.js:2477
[  830419ms] [LOG] [Fast Refresh] done in 322ms @ http://localhost:3000/_next/static/chunks/node_modules_next_dist_1ybzpk2._.js:2477
[  830664ms] [LOG] [Fast Refresh] rebuilding @ http://localhost:3000/_next/static/chunks/node_modules_next_dist_1ybzpk2._.js:2477
[  830673ms] [LOG] [Fast Refresh] done in 114ms @ http://localhost:3000/_next/static/chunks/node_modules_next_dist_1ybzpk2._.js:2477
[  830834ms] [LOG] [Fast Refresh] rebuilding @ http://localhost:3000/_next/static/chunks/node_modules_next_dist_1ybzpk2._.js:2477
[  830963ms] [LOG] [Fast Refresh] done in 236ms @ http://localhost:3000/_next/static/chunks/node_modules_next_dist_1ybzpk2._.js:2477
[  831234ms] [LOG] [Fast Refresh] rebuilding @ http://localhost:3000/_next/static/chunks/node_modules_next_dist_1ybzpk2._.js:2477
[  831271ms] [LOG] [Fast Refresh] done in 141ms @ http://localhost:3000/_next/static/chunks/node_modules_next_dist_1ybzpk2._.js:2477
[  831399ms] [LOG] [Fast Refresh] rebuilding @ http://localhost:3000/_next/static/chunks/node_modules_next_dist_1ybzpk2._.js:2477
[  831648ms] [LOG] [Fast Refresh] done in 358ms @ http://localhost:3000/_next/static/chunks/node_modules_next_dist_1ybzpk2._.js:2477
[  831977ms] [LOG] [Fast Refresh] rebuilding @ http://localhost:3000/_next/static/chunks/node_modules_next_dist_1ybzpk2._.js:2477
[  831984ms] [LOG] [Fast Refresh] done in 112ms @ http://localhost:3000/_next/static/chunks/node_modules_next_dist_1ybzpk2._.js:2477
[  832094ms] [LOG] [Fast Refresh] rebuilding @ http://localhost:3000/_next/static/chunks/node_modules_next_dist_1ybzpk2._.js:2477
[  832171ms] [LOG] [Fast Refresh] done in 180ms @ http://localhost:3000/_next/static/chunks/node_modules_next_dist_1ybzpk2._.js:2477
[  832277ms] [LOG] [Fast Refresh] rebuilding @ http://localhost:3000/_next/static/chunks/node_modules_next_dist_1ybzpk2._.js:2477
[  832504ms] [LOG] [Fast Refresh] done in 332ms @ http://localhost:3000/_next/static/chunks/node_modules_next_dist_1ybzpk2._.js:2477
[  832663ms] [LOG] [Fast Refresh] rebuilding @ http://localhost:3000/_next/static/chunks/node_modules_next_dist_1ybzpk2._.js:2477
[  832827ms] [LOG] [Fast Refresh] done in 267ms @ http://localhost:3000/_next/static/chunks/node_modules_next_dist_1ybzpk2._.js:2477
[  833007ms] [LOG] [Fast Refresh] rebuilding @ http://localhost:3000/_next/static/chunks/node_modules_next_dist_1ybzpk2._.js:2477
[  833042ms] [LOG] [Fast Refresh] done in 148ms @ http://localhost:3000/_next/static/chunks/node_modules_next_dist_1ybzpk2._.js:2477
[  833351ms] [LOG] [Fast Refresh] rebuilding @ http://localhost:3000/_next/static/chunks/node_modules_next_dist_1ybzpk2._.js:2477
[  833522ms] [LOG] [Fast Refresh] done in 271ms @ http://localhost:3000/_next/static/chunks/node_modules_next_dist_1ybzpk2._.js:2477
[  833705ms] [LOG] [Fast Refresh] rebuilding @ http://localhost:3000/_next/static/chunks/node_modules_next_dist_1ybzpk2._.js:2477
[  833831ms] [LOG] [Fast Refresh] done in 242ms @ http://localhost:3000/_next/static/chunks/node_modules_next_dist_1ybzpk2._.js:2477
[  833962ms] [LOG] [Fast Refresh] rebuilding @ http://localhost:3000/_next/static/chunks/node_modules_next_dist_1ybzpk2._.js:2477
[  833993ms] [LOG] [Fast Refresh] done in 147ms @ http://localhost:3000/_next/static/chunks/node_modules_next_dist_1ybzpk2._.js:2477
[  834225ms] [LOG] [Fast Refresh] rebuilding @ http://localhost:3000/_next/static/chunks/node_modules_next_dist_1ybzpk2._.js:2477
[  834274ms] [LOG] [Fast Refresh] done in 164ms @ http://localhost:3000/_next/static/chunks/node_modules_next_dist_1ybzpk2._.js:2477
[  834383ms] [LOG] [Fast Refresh] rebuilding @ http://localhost:3000/_next/static/chunks/node_modules_next_dist_1ybzpk2._.js:2477
[  834838ms] [LOG] [Fast Refresh] done in 562ms @ http://localhost:3000/_next/static/chunks/node_modules_next_dist_1ybzpk2._.js:2477
[  835151ms] [LOG] [Fast Refresh] rebuilding @ http://localhost:3000/_next/static/chunks/node_modules_next_dist_1ybzpk2._.js:2477
[  835291ms] [LOG] [Fast Refresh] done in 252ms @ http://localhost:3000/_next/static/chunks/node_modules_next_dist_1ybzpk2._.js:2477
[  835399ms] [LOG] [Fast Refresh] rebuilding @ http://localhost:3000/_next/static/chunks/node_modules_next_dist_1ybzpk2._.js:2477
[  835469ms] [LOG] [Fast Refresh] done in 176ms @ http://localhost:3000/_next/static/chunks/node_modules_next_dist_1ybzpk2._.js:2477
[  835739ms] [LOG] [Fast Refresh] rebuilding @ http://localhost:3000/_next/static/chunks/node_modules_next_dist_1ybzpk2._.js:2477
[  835778ms] [LOG] [Fast Refresh] done in 154ms @ http://localhost:3000/_next/static/chunks/node_modules_next_dist_1ybzpk2._.js:2477
[  836029ms] [LOG] [Fast Refresh] rebuilding @ http://localhost:3000/_next/static/chunks/node_modules_next_dist_1ybzpk2._.js:2477
[  836172ms] [LOG] [Fast Refresh] done in 247ms @ http://localhost:3000/_next/static/chunks/node_modules_next_dist_1ybzpk2._.js:2477
[  836700ms] [LOG] [Fast Refresh] rebuilding @ http://localhost:3000/_next/static/chunks/node_modules_next_dist_1ybzpk2._.js:2477
[  836788ms] [LOG] [Fast Refresh] done in 203ms @ http://localhost:3000/_next/static/chunks/node_modules_next_dist_1ybzpk2._.js:2477
[  836900ms] [LOG] [Fast Refresh] rebuilding @ http://localhost:3000/_next/static/chunks/node_modules_next_dist_1ybzpk2._.js:2477
[  836921ms] [LOG] [Fast Refresh] done in 131ms @ http://localhost:3000/_next/static/chunks/node_modules_next_dist_1ybzpk2._.js:2477
[  837069ms] [LOG] [Fast Refresh] rebuilding @ http://localhost:3000/_next/static/chunks/node_modules_next_dist_1ybzpk2._.js:2477
[  837187ms] [LOG] [Fast Refresh] done in 219ms @ http://localhost:3000/_next/static/chunks/node_modules_next_dist_1ybzpk2._.js:2477
[  837317ms] [LOG] [Fast Refresh] rebuilding @ http://localhost:3000/_next/static/chunks/node_modules_next_dist_1ybzpk2._.js:2477
[  837326ms] [LOG] [Fast Refresh] done in 121ms @ http://localhost:3000/_next/static/chunks/node_modules_next_dist_1ybzpk2._.js:2477
[  837486ms] [LOG] [Fast Refresh] rebuilding @ http://localhost:3000/_next/static/chunks/node_modules_next_dist_1ybzpk2._.js:2477
[  837634ms] [LOG] [Fast Refresh] done in 259ms @ http://localhost:3000/_next/static/chunks/node_modules_next_dist_1ybzpk2._.js:2477
[  837981ms] [LOG] [Fast Refresh] rebuilding @ http://localhost:3000/_next/static/chunks/node_modules_next_dist_1ybzpk2._.js:2477
[  838095ms] [LOG] [Fast Refresh] done in 219ms @ http://localhost:3000/_next/static/chunks/node_modules_next_dist_1ybzpk2._.js:2477
[  838352ms] [LOG] [Fast Refresh] rebuilding @ http://localhost:3000/_next/static/chunks/node_modules_next_dist_1ybzpk2._.js:2477
[  838382ms] [LOG] [Fast Refresh] done in 139ms @ http://localhost:3000/_next/static/chunks/node_modules_next_dist_1ybzpk2._.js:2477
[  838503ms] [LOG] [Fast Refresh] rebuilding @ http://localhost:3000/_next/static/chunks/node_modules_next_dist_1ybzpk2._.js:2477
[  838778ms] [LOG] [Fast Refresh] done in 383ms @ http://localhost:3000/_next/static/chunks/node_modules_next_dist_1ybzpk2._.js:2477
[  838949ms] [LOG] [Fast Refresh] rebuilding @ http://localhost:3000/_next/static/chunks/node_modules_next_dist_1ybzpk2._.js:2477
[  839154ms] [LOG] [Fast Refresh] done in 312ms @ http://localhost:3000/_next/static/chunks/node_modules_next_dist_1ybzpk2._.js:2477
[  839401ms] [LOG] [Fast Refresh] rebuilding @ http://localhost:3000/_next/static/chunks/node_modules_next_dist_1ybzpk2._.js:2477
[  839423ms] [LOG] [Fast Refresh] done in 122ms @ http://localhost:3000/_next/static/chunks/node_modules_next_dist_1ybzpk2._.js:2477
[  839542ms] [LOG] [Fast Refresh] rebuilding @ http://localhost:3000/_next/static/chunks/node_modules_next_dist_1ybzpk2._.js:2477
[  839573ms] [LOG] [Fast Refresh] done in 140ms @ http://localhost:3000/_next/static/chunks/node_modules_next_dist_1ybzpk2._.js:2477
[  839681ms] [LOG] [Fast Refresh] rebuilding @ http://localhost:3000/_next/static/chunks/node_modules_next_dist_1ybzpk2._.js:2477
[  839787ms] [LOG] [Fast Refresh] done in 212ms @ http://localhost:3000/_next/static/chunks/node_modules_next_dist_1ybzpk2._.js:2477
[  839913ms] [LOG] [Fast Refresh] rebuilding @ http://localhost:3000/_next/static/chunks/node_modules_next_dist_1ybzpk2._.js:2477
[  839922ms] [LOG] [Fast Refresh] done in 121ms @ http://localhost:3000/_next/static/chunks/node_modules_next_dist_1ybzpk2._.js:2477
[  840194ms] [LOG] [Fast Refresh] rebuilding @ http://localhost:3000/_next/static/chunks/node_modules_next_dist_1ybzpk2._.js:2477
[  840283ms] [LOG] [Fast Refresh] done in 192ms @ http://localhost:3000/_next/static/chunks/node_modules_next_dist_1ybzpk2._.js:2477
[  840458ms] [LOG] [Fast Refresh] rebuilding @ http://localhost:3000/_next/static/chunks/node_modules_next_dist_1ybzpk2._.js:2477
[  840633ms] [LOG] [Fast Refresh] done in 283ms @ http://localhost:3000/_next/static/chunks/node_modules_next_dist_1ybzpk2._.js:2477
[  840924ms] [LOG] [Fast Refresh] rebuilding @ http://localhost:3000/_next/static/chunks/node_modules_next_dist_1ybzpk2._.js:2477
[  841036ms] [LOG] [Fast Refresh] done in 219ms @ http://localhost:3000/_next/static/chunks/node_modules_next_dist_1ybzpk2._.js:2477
[  841385ms] [LOG] [Fast Refresh] rebuilding @ http://localhost:3000/_next/static/chunks/node_modules_next_dist_1ybzpk2._.js:2477
[  841408ms] [LOG] [Fast Refresh] done in 133ms @ http://localhost:3000/_next/static/chunks/node_modules_next_dist_1ybzpk2._.js:2477
[  841541ms] [LOG] [Fast Refresh] rebuilding @ http://localhost:3000/_next/static/chunks/node_modules_next_dist_1ybzpk2._.js:2477
[  841615ms] [LOG] [Fast Refresh] done in 179ms @ http://localhost:3000/_next/static/chunks/node_modules_next_dist_1ybzpk2._.js:2477
[  841786ms] [LOG] [Fast Refresh] rebuilding @ http://localhost:3000/_next/static/chunks/node_modules_next_dist_1ybzpk2._.js:2477
[  841838ms] [LOG] [Fast Refresh] done in 168ms @ http://localhost:3000/_next/static/chunks/node_modules_next_dist_1ybzpk2._.js:2477
[  842406ms] [LOG] [Fast Refresh] rebuilding @ http://localhost:3000/_next/static/chunks/node_modules_next_dist_1ybzpk2._.js:2477
[  842448ms] [LOG] [Fast Refresh] done in 152ms @ http://localhost:3000/_next/static/chunks/node_modules_next_dist_1ybzpk2._.js:2477
[  842591ms] [LOG] [Fast Refresh] rebuilding @ http://localhost:3000/_next/static/chunks/node_modules_next_dist_1ybzpk2._.js:2477
[  843047ms] [LOG] [Fast Refresh] done in 570ms @ http://localhost:3000/_next/static/chunks/node_modules_next_dist_1ybzpk2._.js:2477
[  843258ms] [LOG] [Fast Refresh] rebuilding @ http://localhost:3000/_next/static/chunks/node_modules_next_dist_1ybzpk2._.js:2477
[  843406ms] [LOG] [Fast Refresh] done in 261ms @ http://localhost:3000/_next/static/chunks/node_modules_next_dist_1ybzpk2._.js:2477
[  843566ms] [LOG] [Fast Refresh] rebuilding @ http://localhost:3000/_next/static/chunks/node_modules_next_dist_1ybzpk2._.js:2477
[  843820ms] [LOG] [Fast Refresh] done in 359ms @ http://localhost:3000/_next/static/chunks/node_modules_next_dist_1ybzpk2._.js:2477
[  844136ms] [LOG] [Fast Refresh] rebuilding @ http://localhost:3000/_next/static/chunks/node_modules_next_dist_1ybzpk2._.js:2477
[  844150ms] [LOG] [Fast Refresh] done in 125ms @ http://localhost:3000/_next/static/chunks/node_modules_next_dist_1ybzpk2._.js:2477
[  844292ms] [LOG] [Fast Refresh] rebuilding @ http://localhost:3000/_next/static/chunks/node_modules_next_dist_1ybzpk2._.js:2477
[  844407ms] [LOG] [Fast Refresh] done in 221ms @ http://localhost:3000/_next/static/chunks/node_modules_next_dist_1ybzpk2._.js:2477
[  844724ms] [LOG] [Fast Refresh] rebuilding @ http://localhost:3000/_next/static/chunks/node_modules_next_dist_1ybzpk2._.js:2477
[  844752ms] [LOG] [Fast Refresh] done in 140ms @ http://localhost:3000/_next/static/chunks/node_modules_next_dist_1ybzpk2._.js:2477
[  844877ms] [LOG] [Fast Refresh] rebuilding @ http://localhost:3000/_next/static/chunks/node_modules_next_dist_1ybzpk2._.js:2477
[  845026ms] [LOG] [Fast Refresh] done in 251ms @ http://localhost:3000/_next/static/chunks/node_modules_next_dist_1ybzpk2._.js:2477
[  845403ms] [LOG] [Fast Refresh] rebuilding @ http://localhost:3000/_next/static/chunks/node_modules_next_dist_1ybzpk2._.js:2477
[  845516ms] [LOG] [Fast Refresh] done in 227ms @ http://localhost:3000/_next/static/chunks/node_modules_next_dist_1ybzpk2._.js:2477
[  845634ms] [LOG] [Fast Refresh] rebuilding @ http://localhost:3000/_next/static/chunks/node_modules_next_dist_1ybzpk2._.js:2477
[  845651ms] [LOG] [Fast Refresh] done in 128ms @ http://localhost:3000/_next/static/chunks/node_modules_next_dist_1ybzpk2._.js:2477
[  845896ms] [LOG] [Fast Refresh] rebuilding @ http://localhost:3000/_next/static/chunks/node_modules_next_dist_1ybzpk2._.js:2477
[  845991ms] [LOG] [Fast Refresh] done in 204ms @ http://localhost:3000/_next/static/chunks/node_modules_next_dist_1ybzpk2._.js:2477
[  846236ms] [LOG] [Fast Refresh] rebuilding @ http://localhost:3000/_next/static/chunks/node_modules_next_dist_1ybzpk2._.js:2477
[  846317ms] [LOG] [Fast Refresh] done in 192ms @ http://localhost:3000/_next/static/chunks/node_modules_next_dist_1ybzpk2._.js:2477
[  846421ms] [LOG] [Fast Refresh] rebuilding @ http://localhost:3000/_next/static/chunks/node_modules_next_dist_1ybzpk2._.js:2477
[  846451ms] [LOG] [Fast Refresh] done in 131ms @ http://localhost:3000/_next/static/chunks/node_modules_next_dist_1ybzpk2._.js:2477
[  846667ms] [LOG] [Fast Refresh] rebuilding @ http://localhost:3000/_next/static/chunks/node_modules_next_dist_1ybzpk2._.js:2477
[  846674ms] [LOG] [Fast Refresh] done in 110ms @ http://localhost:3000/_next/static/chunks/node_modules_next_dist_1ybzpk2._.js:2477
[  846792ms] [LOG] [Fast Refresh] rebuilding @ http://localhost:3000/_next/static/chunks/node_modules_next_dist_1ybzpk2._.js:2477
[  846823ms] [LOG] [Fast Refresh] done in 139ms @ http://localhost:3000/_next/static/chunks/node_modules_next_dist_1ybzpk2._.js:2477
[  846930ms] [LOG] [Fast Refresh] rebuilding @ http://localhost:3000/_next/static/chunks/node_modules_next_dist_1ybzpk2._.js:2477
[  846977ms] [LOG] [Fast Refresh] done in 150ms @ http://localhost:3000/_next/static/chunks/node_modules_next_dist_1ybzpk2._.js:2477
[  847135ms] [LOG] [Fast Refresh] rebuilding @ http://localhost:3000/_next/static/chunks/node_modules_next_dist_1ybzpk2._.js:2477
[  847172ms] [LOG] [Fast Refresh] done in 145ms @ http://localhost:3000/_next/static/chunks/node_modules_next_dist_1ybzpk2._.js:2477
[  847722ms] [LOG] [Fast Refresh] rebuilding @ http://localhost:3000/_next/static/chunks/node_modules_next_dist_1ybzpk2._.js:2477
[  847732ms] [LOG] [Fast Refresh] done in 125ms @ http://localhost:3000/_next/static/chunks/node_modules_next_dist_1ybzpk2._.js:2477
[  847866ms] [LOG] [Fast Refresh] rebuilding @ http://localhost:3000/_next/static/chunks/node_modules_next_dist_1ybzpk2._.js:2477
[  847874ms] [LOG] [Fast Refresh] done in 119ms @ http://localhost:3000/_next/static/chunks/node_modules_next_dist_1ybzpk2._.js:2477
[  848232ms] [LOG] [Fast Refresh] rebuilding @ http://localhost:3000/_next/static/chunks/node_modules_next_dist_1ybzpk2._.js:2477
[  848233ms] [LOG] [Fast Refresh] done in 109ms @ http://localhost:3000/_next/static/chunks/node_modules_next_dist_1ybzpk2._.js:2477
[  848341ms] [LOG] [Fast Refresh] rebuilding @ http://localhost:3000/_next/static/chunks/node_modules_next_dist_1ybzpk2._.js:2477
[  848349ms] [LOG] [Fast Refresh] done in 109ms @ http://localhost:3000/_next/static/chunks/node_modules_next_dist_1ybzpk2._.js:2477
[  848465ms] [LOG] [Fast Refresh] rebuilding @ http://localhost:3000/_next/static/chunks/node_modules_next_dist_1ybzpk2._.js:2477
[  848486ms] [LOG] [Fast Refresh] done in 129ms @ http://localhost:3000/_next/static/chunks/node_modules_next_dist_1ybzpk2._.js:2477
[  848603ms] [LOG] [Fast Refresh] rebuilding @ http://localhost:3000/_next/static/chunks/node_modules_next_dist_1ybzpk2._.js:2477
[  848810ms] [LOG] [Fast Refresh] done in 320ms @ http://localhost:3000/_next/static/chunks/node_modules_next_dist_1ybzpk2._.js:2477
[  848967ms] [LOG] [Fast Refresh] rebuilding @ http://localhost:3000/_next/static/chunks/node_modules_next_dist_1ybzpk2._.js:2477
[  849656ms] [LOG] [Fast Refresh] done in 798ms @ http://localhost:3000/_next/static/chunks/node_modules_next_dist_1ybzpk2._.js:2477
[  849800ms] [LOG] [Fast Refresh] rebuilding @ http://localhost:3000/_next/static/chunks/node_modules_next_dist_1ybzpk2._.js:2477
[  849917ms] [LOG] [Fast Refresh] done in 226ms @ http://localhost:3000/_next/static/chunks/node_modules_next_dist_1ybzpk2._.js:2477
[  850401ms] [LOG] [Fast Refresh] rebuilding @ http://localhost:3000/_next/static/chunks/node_modules_next_dist_1ybzpk2._.js:2477
[  850407ms] [LOG] [Fast Refresh] done in 221ms @ http://localhost:3000/_next/static/chunks/node_modules_next_dist_1ybzpk2._.js:2477
[  850861ms] [LOG] [Fast Refresh] rebuilding @ http://localhost:3000/_next/static/chunks/node_modules_next_dist_1ybzpk2._.js:2477
[  850903ms] [LOG] [Fast Refresh] done in 142ms @ http://localhost:3000/_next/static/chunks/node_modules_next_dist_1ybzpk2._.js:2477
[  851019ms] [LOG] [Fast Refresh] rebuilding @ http://localhost:3000/_next/static/chunks/node_modules_next_dist_1ybzpk2._.js:2477
[  851117ms] [LOG] [Fast Refresh] done in 211ms @ http://localhost:3000/_next/static/chunks/node_modules_next_dist_1ybzpk2._.js:2477
[  851547ms] [LOG] [Fast Refresh] rebuilding @ http://localhost:3000/_next/static/chunks/node_modules_next_dist_1ybzpk2._.js:2477
[  851551ms] [LOG] [Fast Refresh] done in 115ms @ http://localhost:3000/_next/static/chunks/node_modules_next_dist_1ybzpk2._.js:2477
[  852778ms] [LOG] [Fast Refresh] rebuilding @ http://localhost:3000/_next/static/chunks/node_modules_next_dist_1ybzpk2._.js:2477
[  852859ms] [LOG] [Fast Refresh] done in 186ms @ http://localhost:3000/_next/static/chunks/node_modules_next_dist_1ybzpk2._.js:2477
[  853171ms] [LOG] [Fast Refresh] rebuilding @ http://localhost:3000/_next/static/chunks/node_modules_next_dist_1ybzpk2._.js:2477
[  853216ms] [LOG] [Fast Refresh] done in 155ms @ http://localhost:3000/_next/static/chunks/node_modules_next_dist_1ybzpk2._.js:2477
[  853385ms] [LOG] [Fast Refresh] rebuilding @ http://localhost:3000/_next/static/chunks/node_modules_next_dist_1ybzpk2._.js:2477
[  853593ms] [LOG] [Fast Refresh] done in 320ms @ http://localhost:3000/_next/static/chunks/node_modules_next_dist_1ybzpk2._.js:2477
[  853740ms] [LOG] [Fast Refresh] rebuilding @ http://localhost:3000/_next/static/chunks/node_modules_next_dist_1ybzpk2._.js:2477
[  853753ms] [LOG] [Fast Refresh] done in 120ms @ http://localhost:3000/_next/static/chunks/node_modules_next_dist_1ybzpk2._.js:2477
[  853898ms] [LOG] [Fast Refresh] rebuilding @ http://localhost:3000/_next/static/chunks/node_modules_next_dist_1ybzpk2._.js:2477
[  854020ms] [LOG] [Fast Refresh] done in 233ms @ http://localhost:3000/_next/static/chunks/node_modules_next_dist_1ybzpk2._.js:2477
[  854453ms] [LOG] [Fast Refresh] rebuilding @ http://localhost:3000/_next/static/chunks/node_modules_next_dist_1ybzpk2._.js:2477
[  854568ms] [LOG] [Fast Refresh] done in 219ms @ http://localhost:3000/_next/static/chunks/node_modules_next_dist_1ybzpk2._.js:2477
[  854735ms] [LOG] [Fast Refresh] rebuilding @ http://localhost:3000/_next/static/chunks/node_modules_next_dist_1ybzpk2._.js:2477
[  854809ms] [LOG] [Fast Refresh] done in 187ms @ http://localhost:3000/_next/static/chunks/node_modules_next_dist_1ybzpk2._.js:2477
[  854921ms] [LOG] [Fast Refresh] rebuilding @ http://localhost:3000/_next/static/chunks/node_modules_next_dist_1ybzpk2._.js:2477
[  855075ms] [LOG] [Fast Refresh] done in 265ms @ http://localhost:3000/_next/static/chunks/node_modules_next_dist_1ybzpk2._.js:2477
[  855218ms] [LOG] [Fast Refresh] rebuilding @ http://localhost:3000/_next/static/chunks/node_modules_next_dist_1ybzpk2._.js:2477
[  855432ms] [LOG] [Fast Refresh] done in 314ms @ http://localhost:3000/_next/static/chunks/node_modules_next_dist_1ybzpk2._.js:2477
[  855712ms] [LOG] [Fast Refresh] rebuilding @ http://localhost:3000/_next/static/chunks/node_modules_next_dist_1ybzpk2._.js:2477
[  855743ms] [LOG] [Fast Refresh] done in 132ms @ http://localhost:3000/_next/static/chunks/node_modules_next_dist_1ybzpk2._.js:2477
[  855862ms] [LOG] [Fast Refresh] rebuilding @ http://localhost:3000/_next/static/chunks/node_modules_next_dist_1ybzpk2._.js:2477
[  856071ms] [LOG] [Fast Refresh] done in 316ms @ http://localhost:3000/_next/static/chunks/node_modules_next_dist_1ybzpk2._.js:2477
[  856237ms] [LOG] [Fast Refresh] rebuilding @ http://localhost:3000/_next/static/chunks/node_modules_next_dist_1ybzpk2._.js:2477
[  856283ms] [LOG] [Fast Refresh] done in 159ms @ http://localhost:3000/_next/static/chunks/node_modules_next_dist_1ybzpk2._.js:2477
[  856394ms] [LOG] [Fast Refresh] rebuilding @ http://localhost:3000/_next/static/chunks/node_modules_next_dist_1ybzpk2._.js:2477
[  856567ms] [LOG] [Fast Refresh] done in 277ms @ http://localhost:3000/_next/static/chunks/node_modules_next_dist_1ybzpk2._.js:2477
[  856919ms] [LOG] [Fast Refresh] rebuilding @ http://localhost:3000/_next/static/chunks/node_modules_next_dist_1ybzpk2._.js:2477
[  856935ms] [LOG] [Fast Refresh] done in 120ms @ http://localhost:3000/_next/static/chunks/node_modules_next_dist_1ybzpk2._.js:2477
[  857045ms] [LOG] [Fast Refresh] rebuilding @ http://localhost:3000/_next/static/chunks/node_modules_next_dist_1ybzpk2._.js:2477
[  857167ms] [LOG] [Fast Refresh] done in 231ms @ http://localhost:3000/_next/static/chunks/node_modules_next_dist_1ybzpk2._.js:2477
[  857322ms] [LOG] [Fast Refresh] rebuilding @ http://localhost:3000/_next/static/chunks/node_modules_next_dist_1ybzpk2._.js:2477
[  857432ms] [LOG] [Fast Refresh] done in 215ms @ http://localhost:3000/_next/static/chunks/node_modules_next_dist_1ybzpk2._.js:2477
[  857582ms] [LOG] [Fast Refresh] rebuilding @ http://localhost:3000/_next/static/chunks/node_modules_next_dist_1ybzpk2._.js:2477
[  857698ms] [LOG] [Fast Refresh] done in 216ms @ http://localhost:3000/_next/static/chunks/node_modules_next_dist_1ybzpk2._.js:2477
[  857936ms] [LOG] [Fast Refresh] rebuilding @ http://localhost:3000/_next/static/chunks/node_modules_next_dist_1ybzpk2._.js:2477
[  859935ms] [LOG] [Fast Refresh] done in 2133ms @ http://localhost:3000/_next/static/chunks/node_modules_next_dist_1ybzpk2._.js:2477
[  860073ms] [LOG] [Fast Refresh] rebuilding @ http://localhost:3000/_next/static/chunks/node_modules_next_dist_1ybzpk2._.js:2477
[  860167ms] [LOG] [Fast Refresh] done in 201ms @ http://localhost:3000/_next/static/chunks/node_modules_next_dist_1ybzpk2._.js:2477
[  860272ms] [LOG] [Fast Refresh] rebuilding @ http://localhost:3000/_next/static/chunks/node_modules_next_dist_1ybzpk2._.js:2477
[  860280ms] [LOG] [Fast Refresh] done in 111ms @ http://localhost:3000/_next/static/chunks/node_modules_next_dist_1ybzpk2._.js:2477
[  860519ms] [LOG] [Fast Refresh] rebuilding @ http://localhost:3000/_next/static/chunks/node_modules_next_dist_1ybzpk2._.js:2477
[  860582ms] [LOG] [Fast Refresh] done in 169ms @ http://localhost:3000/_next/static/chunks/node_modules_next_dist_1ybzpk2._.js:2477
[  860690ms] [LOG] [Fast Refresh] rebuilding @ http://localhost:3000/_next/static/chunks/node_modules_next_dist_1ybzpk2._.js:2477
[  860691ms] [LOG] [Fast Refresh] done in 107ms @ http://localhost:3000/_next/static/chunks/node_modules_next_dist_1ybzpk2._.js:2477
[  861024ms] [LOG] [Fast Refresh] rebuilding @ http://localhost:3000/_next/static/chunks/node_modules_next_dist_1ybzpk2._.js:2477
[  861152ms] [LOG] [Fast Refresh] done in 232ms @ http://localhost:3000/_next/static/chunks/node_modules_next_dist_1ybzpk2._.js:2477
[  861280ms] [LOG] [Fast Refresh] rebuilding @ http://localhost:3000/_next/static/chunks/node_modules_next_dist_1ybzpk2._.js:2477
[  861372ms] [LOG] [Fast Refresh] done in 204ms @ http://localhost:3000/_next/static/chunks/node_modules_next_dist_1ybzpk2._.js:2477
[  861604ms] [LOG] [Fast Refresh] rebuilding @ http://localhost:3000/_next/static/chunks/node_modules_next_dist_1ybzpk2._.js:2477
[  861664ms] [LOG] [Fast Refresh] done in 172ms @ http://localhost:3000/_next/static/chunks/node_modules_next_dist_1ybzpk2._.js:2477
[  861774ms] [LOG] [Fast Refresh] rebuilding @ http://localhost:3000/_next/static/chunks/node_modules_next_dist_1ybzpk2._.js:2477
[  861789ms] [LOG] [Fast Refresh] done in 124ms @ http://localhost:3000/_next/static/chunks/node_modules_next_dist_1ybzpk2._.js:2477
[  861898ms] [LOG] [Fast Refresh] rebuilding @ http://localhost:3000/_next/static/chunks/node_modules_next_dist_1ybzpk2._.js:2477
[  861924ms] [LOG] [Fast Refresh] done in 132ms @ http://localhost:3000/_next/static/chunks/node_modules_next_dist_1ybzpk2._.js:2477
[  862036ms] [LOG] [Fast Refresh] rebuilding @ http://localhost:3000/_next/static/chunks/node_modules_next_dist_1ybzpk2._.js:2477
[  862041ms] [LOG] [Fast Refresh] done in 113ms @ http://localhost:3000/_next/static/chunks/node_modules_next_dist_1ybzpk2._.js:2477
[  862144ms] [LOG] [Fast Refresh] rebuilding @ http://localhost:3000/_next/static/chunks/node_modules_next_dist_1ybzpk2._.js:2477
[  862232ms] [LOG] [Fast Refresh] done in 189ms @ http://localhost:3000/_next/static/chunks/node_modules_next_dist_1ybzpk2._.js:2477
[  862375ms] [LOG] [Fast Refresh] rebuilding @ http://localhost:3000/_next/static/chunks/node_modules_next_dist_1ybzpk2._.js:2477
[  862547ms] [LOG] [Fast Refresh] done in 274ms @ http://localhost:3000/_next/static/chunks/node_modules_next_dist_1ybzpk2._.js:2477
[  862668ms] [LOG] [Fast Refresh] rebuilding @ http://localhost:3000/_next/static/chunks/node_modules_next_dist_1ybzpk2._.js:2477
[  862724ms] [LOG] [Fast Refresh] done in 168ms @ http://localhost:3000/_next/static/chunks/node_modules_next_dist_1ybzpk2._.js:2477
[  862831ms] [LOG] [Fast Refresh] rebuilding @ http://localhost:3000/_next/static/chunks/node_modules_next_dist_1ybzpk2._.js:2477
[  863043ms] [LOG] [Fast Refresh] done in 317ms @ http://localhost:3000/_next/static/chunks/node_modules_next_dist_1ybzpk2._.js:2477
[  863197ms] [LOG] [Fast Refresh] rebuilding @ http://localhost:3000/_next/static/chunks/node_modules_next_dist_1ybzpk2._.js:2477
[  863222ms] [LOG] [Fast Refresh] done in 131ms @ http://localhost:3000/_next/static/chunks/node_modules_next_dist_1ybzpk2._.js:2477
[  863348ms] [LOG] [Fast Refresh] rebuilding @ http://localhost:3000/_next/static/chunks/node_modules_next_dist_1ybzpk2._.js:2477
[  863464ms] [LOG] [Fast Refresh] done in 232ms @ http://localhost:3000/_next/static/chunks/node_modules_next_dist_1ybzpk2._.js:2477
[  863663ms] [LOG] [Fast Refresh] rebuilding @ http://localhost:3000/_next/static/chunks/node_modules_next_dist_1ybzpk2._.js:2477
[  863698ms] [LOG] [Fast Refresh] done in 142ms @ http://localhost:3000/_next/static/chunks/node_modules_next_dist_1ybzpk2._.js:2477
[  864257ms] [LOG] [Fast Refresh] rebuilding @ http://localhost:3000/_next/static/chunks/node_modules_next_dist_1ybzpk2._.js:2477
[  864363ms] [LOG] [Fast Refresh] done in 208ms @ http://localhost:3000/_next/static/chunks/node_modules_next_dist_1ybzpk2._.js:2477
[  864504ms] [LOG] [Fast Refresh] rebuilding @ http://localhost:3000/_next/static/chunks/node_modules_next_dist_1ybzpk2._.js:2477
[  864581ms] [LOG] [Fast Refresh] done in 193ms @ http://localhost:3000/_next/static/chunks/node_modules_next_dist_1ybzpk2._.js:2477
[  865000ms] [LOG] [Fast Refresh] rebuilding @ http://localhost:3000/_next/static/chunks/node_modules_next_dist_1ybzpk2._.js:2477
[  865099ms] [LOG] [Fast Refresh] done in 208ms @ http://localhost:3000/_next/static/chunks/node_modules_next_dist_1ybzpk2._.js:2477
[  865217ms] [LOG] [Fast Refresh] rebuilding @ http://localhost:3000/_next/static/chunks/node_modules_next_dist_1ybzpk2._.js:2477
[  865222ms] [LOG] [Fast Refresh] done in 119ms @ http://localhost:3000/_next/static/chunks/node_modules_next_dist_1ybzpk2._.js:2477
[  865644ms] [LOG] [Fast Refresh] rebuilding @ http://localhost:3000/_next/static/chunks/node_modules_next_dist_1ybzpk2._.js:2477
[  865757ms] [LOG] [Fast Refresh] done in 218ms @ http://localhost:3000/_next/static/chunks/node_modules_next_dist_1ybzpk2._.js:2477
[  865863ms] [LOG] [Fast Refresh] rebuilding @ http://localhost:3000/_next/static/chunks/node_modules_next_dist_1ybzpk2._.js:2477
[  865872ms] [LOG] [Fast Refresh] done in 114ms @ http://localhost:3000/_next/static/chunks/node_modules_next_dist_1ybzpk2._.js:2477
[  866115ms] [LOG] [Fast Refresh] rebuilding @ http://localhost:3000/_next/static/chunks/node_modules_next_dist_1ybzpk2._.js:2477
[  866127ms] [LOG] [Fast Refresh] done in 126ms @ http://localhost:3000/_next/static/chunks/node_modules_next_dist_1ybzpk2._.js:2477
[  866283ms] [LOG] [Fast Refresh] rebuilding @ http://localhost:3000/_next/static/chunks/node_modules_next_dist_1ybzpk2._.js:2477
[  866370ms] [LOG] [Fast Refresh] done in 200ms @ http://localhost:3000/_next/static/chunks/node_modules_next_dist_1ybzpk2._.js:2477
[  866902ms] [LOG] [Fast Refresh] rebuilding @ http://localhost:3000/_next/static/chunks/node_modules_next_dist_1ybzpk2._.js:2477
[  866957ms] [LOG] [Fast Refresh] done in 168ms @ http://localhost:3000/_next/static/chunks/node_modules_next_dist_1ybzpk2._.js:2477
[  867180ms] [LOG] [Fast Refresh] rebuilding @ http://localhost:3000/_next/static/chunks/node_modules_next_dist_1ybzpk2._.js:2477
[  867277ms] [LOG] [Fast Refresh] done in 212ms @ http://localhost:3000/_next/static/chunks/node_modules_next_dist_1ybzpk2._.js:2477
[  867426ms] [LOG] [Fast Refresh] rebuilding @ http://localhost:3000/_next/static/chunks/node_modules_next_dist_1ybzpk2._.js:2477
[  867689ms] [LOG] [Fast Refresh] done in 374ms @ http://localhost:3000/_next/static/chunks/node_modules_next_dist_1ybzpk2._.js:2477
[  867845ms] [LOG] [Fast Refresh] rebuilding @ http://localhost:3000/_next/static/chunks/node_modules_next_dist_1ybzpk2._.js:2477
[  867870ms] [LOG] [Fast Refresh] done in 130ms @ http://localhost:3000/_next/static/chunks/node_modules_next_dist_1ybzpk2._.js:2477
[  867998ms] [LOG] [Fast Refresh] rebuilding @ http://localhost:3000/_next/static/chunks/node_modules_next_dist_1ybzpk2._.js:2477
[  868051ms] [LOG] [Fast Refresh] done in 164ms @ http://localhost:3000/_next/static/chunks/node_modules_next_dist_1ybzpk2._.js:2477
[  868259ms] [LOG] [Fast Refresh] rebuilding @ http://localhost:3000/_next/static/chunks/node_modules_next_dist_1ybzpk2._.js:2477
[  868367ms] [LOG] [Fast Refresh] done in 211ms @ http://localhost:3000/_next/static/chunks/node_modules_next_dist_1ybzpk2._.js:2477
[  868474ms] [LOG] [Fast Refresh] rebuilding @ http://localhost:3000/_next/static/chunks/node_modules_next_dist_1ybzpk2._.js:2477
[  868477ms] [LOG] [Fast Refresh] done in 108ms @ http://localhost:3000/_next/static/chunks/node_modules_next_dist_1ybzpk2._.js:2477
[  868766ms] [LOG] [Fast Refresh] rebuilding @ http://localhost:3000/_next/static/chunks/node_modules_next_dist_1ybzpk2._.js:2477
[  868848ms] [LOG] [Fast Refresh] done in 183ms @ http://localhost:3000/_next/static/chunks/node_modules_next_dist_1ybzpk2._.js:2477
[  868949ms] [LOG] [Fast Refresh] rebuilding @ http://localhost:3000/_next/static/chunks/node_modules_next_dist_1ybzpk2._.js:2477
[  868962ms] [LOG] [Fast Refresh] done in 114ms @ http://localhost:3000/_next/static/chunks/node_modules_next_dist_1ybzpk2._.js:2477
[  869304ms] [LOG] [Fast Refresh] rebuilding @ http://localhost:3000/_next/static/chunks/node_modules_next_dist_1ybzpk2._.js:2477
[  869329ms] [LOG] [Fast Refresh] done in 130ms @ http://localhost:3000/_next/static/chunks/node_modules_next_dist_1ybzpk2._.js:2477
[  869442ms] [LOG] [Fast Refresh] rebuilding @ http://localhost:3000/_next/static/chunks/node_modules_next_dist_1ybzpk2._.js:2477
[  869447ms] [LOG] [Fast Refresh] done in 108ms @ http://localhost:3000/_next/static/chunks/node_modules_next_dist_1ybzpk2._.js:2477
[  869552ms] [LOG] [Fast Refresh] rebuilding @ http://localhost:3000/_next/static/chunks/node_modules_next_dist_1ybzpk2._.js:2477
[  869626ms] [LOG] [Fast Refresh] done in 178ms @ http://localhost:3000/_next/static/chunks/node_modules_next_dist_1ybzpk2._.js:2477
[  869836ms] [LOG] [Fast Refresh] rebuilding @ http://localhost:3000/_next/static/chunks/node_modules_next_dist_1ybzpk2._.js:2477
[  869879ms] [LOG] [Fast Refresh] done in 146ms @ http://localhost:3000/_next/static/chunks/node_modules_next_dist_1ybzpk2._.js:2477
[  869993ms] [LOG] [Fast Refresh] rebuilding @ http://localhost:3000/_next/static/chunks/node_modules_next_dist_1ybzpk2._.js:2477
[  870288ms] [LOG] [Fast Refresh] done in 400ms @ http://localhost:3000/_next/static/chunks/node_modules_next_dist_1ybzpk2._.js:2477
[  870838ms] [LOG] [Fast Refresh] rebuilding @ http://localhost:3000/_next/static/chunks/node_modules_next_dist_1ybzpk2._.js:2477
[  871030ms] [LOG] [Fast Refresh] done in 304ms @ http://localhost:3000/_next/static/chunks/node_modules_next_dist_1ybzpk2._.js:2477
[  871141ms] [LOG] [Fast Refresh] rebuilding @ http://localhost:3000/_next/static/chunks/node_modules_next_dist_1ybzpk2._.js:2477
[  871247ms] [LOG] [Fast Refresh] done in 208ms @ http://localhost:3000/_next/static/chunks/node_modules_next_dist_1ybzpk2._.js:2477
[  871427ms] [LOG] [Fast Refresh] rebuilding @ http://localhost:3000/_next/static/chunks/node_modules_next_dist_1ybzpk2._.js:2477
[  871440ms] [LOG] [Fast Refresh] done in 123ms @ http://localhost:3000/_next/static/chunks/node_modules_next_dist_1ybzpk2._.js:2477
[  871552ms] [LOG] [Fast Refresh] rebuilding @ http://localhost:3000/_next/static/chunks/node_modules_next_dist_1ybzpk2._.js:2477
[  871658ms] [LOG] [Fast Refresh] done in 214ms @ http://localhost:3000/_next/static/chunks/node_modules_next_dist_1ybzpk2._.js:2477
[  871771ms] [LOG] [Fast Refresh] rebuilding @ http://localhost:3000/_next/static/chunks/node_modules_next_dist_1ybzpk2._.js:2477
[  871773ms] [LOG] [Fast Refresh] done in 112ms @ http://localhost:3000/_next/static/chunks/node_modules_next_dist_1ybzpk2._.js:2477
[  871925ms] [LOG] [Fast Refresh] rebuilding @ http://localhost:3000/_next/static/chunks/node_modules_next_dist_1ybzpk2._.js:2477
[  872022ms] [LOG] [Fast Refresh] done in 203ms @ http://localhost:3000/_next/static/chunks/node_modules_next_dist_1ybzpk2._.js:2477
[  872128ms] [LOG] [Fast Refresh] rebuilding @ http://localhost:3000/_next/static/chunks/node_modules_next_dist_1ybzpk2._.js:2477
[  872158ms] [LOG] [Fast Refresh] done in 134ms @ http://localhost:3000/_next/static/chunks/node_modules_next_dist_1ybzpk2._.js:2477
[  872542ms] [LOG] [Fast Refresh] rebuilding @ http://localhost:3000/_next/static/chunks/node_modules_next_dist_1ybzpk2._.js:2477
[  872590ms] [LOG] [Fast Refresh] done in 151ms @ http://localhost:3000/_next/static/chunks/node_modules_next_dist_1ybzpk2._.js:2477
[  872756ms] [LOG] [Fast Refresh] rebuilding @ http://localhost:3000/_next/static/chunks/node_modules_next_dist_1ybzpk2._.js:2477
[  872781ms] [LOG] [Fast Refresh] done in 126ms @ http://localhost:3000/_next/static/chunks/node_modules_next_dist_1ybzpk2._.js:2477
[  872988ms] [LOG] [Fast Refresh] rebuilding @ http://localhost:3000/_next/static/chunks/node_modules_next_dist_1ybzpk2._.js:2477
[  873010ms] [LOG] [Fast Refresh] done in 130ms @ http://localhost:3000/_next/static/chunks/node_modules_next_dist_1ybzpk2._.js:2477
[  873412ms] [LOG] [Fast Refresh] rebuilding @ http://localhost:3000/_next/static/chunks/node_modules_next_dist_1ybzpk2._.js:2477
[  873568ms] [LOG] [Fast Refresh] done in 260ms @ http://localhost:3000/_next/static/chunks/node_modules_next_dist_1ybzpk2._.js:2477
[  874290ms] [LOG] [Fast Refresh] rebuilding @ http://localhost:3000/_next/static/chunks/node_modules_next_dist_1ybzpk2._.js:2477
[  874303ms] [LOG] [Fast Refresh] done in 128ms @ http://localhost:3000/_next/static/chunks/node_modules_next_dist_1ybzpk2._.js:2477
[  874703ms] [LOG] [Fast Refresh] rebuilding @ http://localhost:3000/_next/static/chunks/node_modules_next_dist_1ybzpk2._.js:2477
[  874807ms] [LOG] [Fast Refresh] done in 205ms @ http://localhost:3000/_next/static/chunks/node_modules_next_dist_1ybzpk2._.js:2477
[  874950ms] [LOG] [Fast Refresh] rebuilding @ http://localhost:3000/_next/static/chunks/node_modules_next_dist_1ybzpk2._.js:2477
[  875003ms] [LOG] [Fast Refresh] done in 167ms @ http://localhost:3000/_next/static/chunks/node_modules_next_dist_1ybzpk2._.js:2477
[  875378ms] [LOG] [Fast Refresh] rebuilding @ http://localhost:3000/_next/static/chunks/node_modules_next_dist_1ybzpk2._.js:2477
[  875391ms] [LOG] [Fast Refresh] done in 115ms @ http://localhost:3000/_next/static/chunks/node_modules_next_dist_1ybzpk2._.js:2477
[  875734ms] [LOG] [Fast Refresh] rebuilding @ http://localhost:3000/_next/static/chunks/node_modules_next_dist_1ybzpk2._.js:2477
[  875756ms] [LOG] [Fast Refresh] done in 137ms @ http://localhost:3000/_next/static/chunks/node_modules_next_dist_1ybzpk2._.js:2477
[  876274ms] [LOG] [Fast Refresh] rebuilding @ http://localhost:3000/_next/static/chunks/node_modules_next_dist_1ybzpk2._.js:2477
[  876323ms] [LOG] [Fast Refresh] done in 149ms @ http://localhost:3000/_next/static/chunks/node_modules_next_dist_1ybzpk2._.js:2477
[  876427ms] [LOG] [Fast Refresh] rebuilding @ http://localhost:3000/_next/static/chunks/node_modules_next_dist_1ybzpk2._.js:2477
[  876484ms] [LOG] [Fast Refresh] done in 160ms @ http://localhost:3000/_next/static/chunks/node_modules_next_dist_1ybzpk2._.js:2477
[  876831ms] [LOG] [Fast Refresh] rebuilding @ http://localhost:3000/_next/static/chunks/node_modules_next_dist_1ybzpk2._.js:2477
[  876868ms] [LOG] [Fast Refresh] done in 138ms @ http://localhost:3000/_next/static/chunks/node_modules_next_dist_1ybzpk2._.js:2477
[  877046ms] [LOG] [Fast Refresh] rebuilding @ http://localhost:3000/_next/static/chunks/node_modules_next_dist_1ybzpk2._.js:2477
[  877063ms] [LOG] [Fast Refresh] done in 117ms @ http://localhost:3000/_next/static/chunks/node_modules_next_dist_1ybzpk2._.js:2477
[  877216ms] [LOG] [Fast Refresh] rebuilding @ http://localhost:3000/_next/static/chunks/node_modules_next_dist_1ybzpk2._.js:2477
[  877255ms] [LOG] [Fast Refresh] done in 150ms @ http://localhost:3000/_next/static/chunks/node_modules_next_dist_1ybzpk2._.js:2477
[  877357ms] [LOG] [Fast Refresh] rebuilding @ http://localhost:3000/_next/static/chunks/node_modules_next_dist_1ybzpk2._.js:2477
[  877425ms] [LOG] [Fast Refresh] done in 169ms @ http://localhost:3000/_next/static/chunks/node_modules_next_dist_1ybzpk2._.js:2477
[  877563ms] [LOG] [Fast Refresh] rebuilding @ http://localhost:3000/_next/static/chunks/node_modules_next_dist_1ybzpk2._.js:2477
[  877724ms] [LOG] [Fast Refresh] done in 263ms @ http://localhost:3000/_next/static/chunks/node_modules_next_dist_1ybzpk2._.js:2477
[  878215ms] [LOG] [Fast Refresh] rebuilding @ http://localhost:3000/_next/static/chunks/node_modules_next_dist_1ybzpk2._.js:2477
[  878254ms] [LOG] [Fast Refresh] done in 148ms @ http://localhost:3000/_next/static/chunks/node_modules_next_dist_1ybzpk2._.js:2477
[  878647ms] [LOG] [Fast Refresh] rebuilding @ http://localhost:3000/_next/static/chunks/node_modules_next_dist_1ybzpk2._.js:2477
[  878717ms] [LOG] [Fast Refresh] done in 180ms @ http://localhost:3000/_next/static/chunks/node_modules_next_dist_1ybzpk2._.js:2477
[  879085ms] [LOG] [Fast Refresh] rebuilding @ http://localhost:3000/_next/static/chunks/node_modules_next_dist_1ybzpk2._.js:2477
[  879113ms] [LOG] [Fast Refresh] done in 174ms @ http://localhost:3000/_next/static/chunks/node_modules_next_dist_1ybzpk2._.js:2477
[  879345ms] [LOG] [Fast Refresh] rebuilding @ http://localhost:3000/_next/static/chunks/node_modules_next_dist_1ybzpk2._.js:2477
[  879399ms] [LOG] [Fast Refresh] done in 170ms @ http://localhost:3000/_next/static/chunks/node_modules_next_dist_1ybzpk2._.js:2477
[  879592ms] [LOG] [Fast Refresh] rebuilding @ http://localhost:3000/_next/static/chunks/node_modules_next_dist_1ybzpk2._.js:2477
[  879658ms] [LOG] [Fast Refresh] done in 168ms @ http://localhost:3000/_next/static/chunks/node_modules_next_dist_1ybzpk2._.js:2477
[  879804ms] [LOG] [Fast Refresh] rebuilding @ http://localhost:3000/_next/static/chunks/node_modules_next_dist_1ybzpk2._.js:2477
[  879837ms] [LOG] [Fast Refresh] done in 139ms @ http://localhost:3000/_next/static/chunks/node_modules_next_dist_1ybzpk2._.js:2477
[  879996ms] [LOG] [Fast Refresh] rebuilding @ http://localhost:3000/_next/static/chunks/node_modules_next_dist_1ybzpk2._.js:2477
[  880085ms] [LOG] [Fast Refresh] done in 192ms @ http://localhost:3000/_next/static/chunks/node_modules_next_dist_1ybzpk2._.js:2477
[  880507ms] [LOG] [Fast Refresh] rebuilding @ http://localhost:3000/_next/static/chunks/node_modules_next_dist_1ybzpk2._.js:2477
[  880719ms] [LOG] [Fast Refresh] done in 322ms @ http://localhost:3000/_next/static/chunks/node_modules_next_dist_1ybzpk2._.js:2477
[  881318ms] [LOG] [Fast Refresh] rebuilding @ http://localhost:3000/_next/static/chunks/node_modules_next_dist_1ybzpk2._.js:2477
[  881371ms] [LOG] [Fast Refresh] done in 154ms @ http://localhost:3000/_next/static/chunks/node_modules_next_dist_1ybzpk2._.js:2477
[  881479ms] [LOG] [Fast Refresh] rebuilding @ http://localhost:3000/_next/static/chunks/node_modules_next_dist_1ybzpk2._.js:2477
[  881489ms] [LOG] [Fast Refresh] done in 117ms @ http://localhost:3000/_next/static/chunks/node_modules_next_dist_1ybzpk2._.js:2477
[  881604ms] [LOG] [Fast Refresh] rebuilding @ http://localhost:3000/_next/static/chunks/node_modules_next_dist_1ybzpk2._.js:2477
[  881655ms] [LOG] [Fast Refresh] done in 165ms @ http://localhost:3000/_next/static/chunks/node_modules_next_dist_1ybzpk2._.js:2477
[  881771ms] [LOG] [Fast Refresh] rebuilding @ http://localhost:3000/_next/static/chunks/node_modules_next_dist_1ybzpk2._.js:2477
[  881846ms] [LOG] [Fast Refresh] done in 184ms @ http://localhost:3000/_next/static/chunks/node_modules_next_dist_1ybzpk2._.js:2477
[  882000ms] [LOG] [Fast Refresh] rebuilding @ http://localhost:3000/_next/static/chunks/node_modules_next_dist_1ybzpk2._.js:2477
[  882100ms] [LOG] [Fast Refresh] done in 211ms @ http://localhost:3000/_next/static/chunks/node_modules_next_dist_1ybzpk2._.js:2477
[  882240ms] [LOG] [Fast Refresh] rebuilding @ http://localhost:3000/_next/static/chunks/node_modules_next_dist_1ybzpk2._.js:2477
[  882335ms] [LOG] [Fast Refresh] done in 197ms @ http://localhost:3000/_next/static/chunks/node_modules_next_dist_1ybzpk2._.js:2477
[  882618ms] [LOG] [Fast Refresh] rebuilding @ http://localhost:3000/_next/static/chunks/node_modules_next_dist_1ybzpk2._.js:2477
[  882652ms] [LOG] [Fast Refresh] done in 140ms @ http://localhost:3000/_next/static/chunks/node_modules_next_dist_1ybzpk2._.js:2477
[  883049ms] [LOG] [Fast Refresh] rebuilding @ http://localhost:3000/_next/static/chunks/node_modules_next_dist_1ybzpk2._.js:2477
[  883072ms] [LOG] [Fast Refresh] done in 131ms @ http://localhost:3000/_next/static/chunks/node_modules_next_dist_1ybzpk2._.js:2477
[  883203ms] [LOG] [Fast Refresh] rebuilding @ http://localhost:3000/_next/static/chunks/node_modules_next_dist_1ybzpk2._.js:2477
[  883368ms] [LOG] [Fast Refresh] done in 271ms @ http://localhost:3000/_next/static/chunks/node_modules_next_dist_1ybzpk2._.js:2477
[  883756ms] [LOG] [Fast Refresh] rebuilding @ http://localhost:3000/_next/static/chunks/node_modules_next_dist_1ybzpk2._.js:2477
[  883811ms] [LOG] [Fast Refresh] done in 160ms @ http://localhost:3000/_next/static/chunks/node_modules_next_dist_1ybzpk2._.js:2477
[  883913ms] [LOG] [Fast Refresh] rebuilding @ http://localhost:3000/_next/static/chunks/node_modules_next_dist_1ybzpk2._.js:2477
[  883924ms] [LOG] [Fast Refresh] done in 111ms @ http://localhost:3000/_next/static/chunks/node_modules_next_dist_1ybzpk2._.js:2477
[  884187ms] [LOG] [Fast Refresh] rebuilding @ http://localhost:3000/_next/static/chunks/node_modules_next_dist_1ybzpk2._.js:2477
[  884224ms] [LOG] [Fast Refresh] done in 139ms @ http://localhost:3000/_next/static/chunks/node_modules_next_dist_1ybzpk2._.js:2477
[  884425ms] [LOG] [Fast Refresh] rebuilding @ http://localhost:3000/_next/static/chunks/node_modules_next_dist_1ybzpk2._.js:2477
[  885073ms] [LOG] [Fast Refresh] done in 751ms @ http://localhost:3000/_next/static/chunks/node_modules_next_dist_1ybzpk2._.js:2477
[  885178ms] [LOG] [Fast Refresh] rebuilding @ http://localhost:3000/_next/static/chunks/node_modules_next_dist_1ybzpk2._.js:2477
[  885191ms] [LOG] [Fast Refresh] done in 115ms @ http://localhost:3000/_next/static/chunks/node_modules_next_dist_1ybzpk2._.js:2477
[  885301ms] [LOG] [Fast Refresh] rebuilding @ http://localhost:3000/_next/static/chunks/node_modules_next_dist_1ybzpk2._.js:2477
[  885331ms] [LOG] [Fast Refresh] done in 130ms @ http://localhost:3000/_next/static/chunks/node_modules_next_dist_1ybzpk2._.js:2477
[  885451ms] [LOG] [Fast Refresh] rebuilding @ http://localhost:3000/_next/static/chunks/node_modules_next_dist_1ybzpk2._.js:2477
[  885611ms] [LOG] [Fast Refresh] done in 261ms @ http://localhost:3000/_next/static/chunks/node_modules_next_dist_1ybzpk2._.js:2477
[  885983ms] [LOG] [Fast Refresh] rebuilding @ http://localhost:3000/_next/static/chunks/node_modules_next_dist_1ybzpk2._.js:2477
[  886061ms] [LOG] [Fast Refresh] done in 188ms @ http://localhost:3000/_next/static/chunks/node_modules_next_dist_1ybzpk2._.js:2477
[  887353ms] [LOG] [Fast Refresh] rebuilding @ http://localhost:3000/_next/static/chunks/node_modules_next_dist_1ybzpk2._.js:2477
[  887415ms] [LOG] [Fast Refresh] done in 170ms @ http://localhost:3000/_next/static/chunks/node_modules_next_dist_1ybzpk2._.js:2477
[  887571ms] [LOG] [Fast Refresh] rebuilding @ http://localhost:3000/_next/static/chunks/node_modules_next_dist_1ybzpk2._.js:2477
[  887699ms] [LOG] [Fast Refresh] done in 240ms @ http://localhost:3000/_next/static/chunks/node_modules_next_dist_1ybzpk2._.js:2477
[  888300ms] [LOG] [Fast Refresh] rebuilding @ http://localhost:3000/_next/static/chunks/node_modules_next_dist_1ybzpk2._.js:2477
[  888479ms] [LOG] [Fast Refresh] done in 280ms @ http://localhost:3000/_next/static/chunks/node_modules_next_dist_1ybzpk2._.js:2477
[  888595ms] [LOG] [Fast Refresh] rebuilding @ http://localhost:3000/_next/static/chunks/node_modules_next_dist_1ybzpk2._.js:2477
[  888696ms] [LOG] [Fast Refresh] done in 211ms @ http://localhost:3000/_next/static/chunks/node_modules_next_dist_1ybzpk2._.js:2477
[  888921ms] [LOG] [Fast Refresh] rebuilding @ http://localhost:3000/_next/static/chunks/node_modules_next_dist_1ybzpk2._.js:2477
[  888963ms] [LOG] [Fast Refresh] done in 149ms @ http://localhost:3000/_next/static/chunks/node_modules_next_dist_1ybzpk2._.js:2477
[  889073ms] [LOG] [Fast Refresh] rebuilding @ http://localhost:3000/_next/static/chunks/node_modules_next_dist_1ybzpk2._.js:2477
[  889268ms] [LOG] [Fast Refresh] done in 297ms @ http://localhost:3000/_next/static/chunks/node_modules_next_dist_1ybzpk2._.js:2477
[  889599ms] [LOG] [Fast Refresh] rebuilding @ http://localhost:3000/_next/static/chunks/node_modules_next_dist_1ybzpk2._.js:2477
[  889694ms] [LOG] [Fast Refresh] done in 204ms @ http://localhost:3000/_next/static/chunks/node_modules_next_dist_1ybzpk2._.js:2477
[  889920ms] [LOG] [Fast Refresh] rebuilding @ http://localhost:3000/_next/static/chunks/node_modules_next_dist_1ybzpk2._.js:2477
[  889965ms] [LOG] [Fast Refresh] done in 212ms @ http://localhost:3000/_next/static/chunks/node_modules_next_dist_1ybzpk2._.js:2477
[  890127ms] [LOG] [Fast Refresh] rebuilding @ http://localhost:3000/_next/static/chunks/node_modules_next_dist_1ybzpk2._.js:2477
[  890147ms] [LOG] [Fast Refresh] done in 126ms @ http://localhost:3000/_next/static/chunks/node_modules_next_dist_1ybzpk2._.js:2477
[  890252ms] [LOG] [Fast Refresh] rebuilding @ http://localhost:3000/_next/static/chunks/node_modules_next_dist_1ybzpk2._.js:2477
[  890318ms] [LOG] [Fast Refresh] done in 169ms @ http://localhost:3000/_next/static/chunks/node_modules_next_dist_1ybzpk2._.js:2477
[  890422ms] [LOG] [Fast Refresh] rebuilding @ http://localhost:3000/_next/static/chunks/node_modules_next_dist_1ybzpk2._.js:2477
[  890430ms] [LOG] [Fast Refresh] done in 109ms @ http://localhost:3000/_next/static/chunks/node_modules_next_dist_1ybzpk2._.js:2477
[  890559ms] [LOG] [Fast Refresh] rebuilding @ http://localhost:3000/_next/static/chunks/node_modules_next_dist_1ybzpk2._.js:2477
[  890586ms] [LOG] [Fast Refresh] done in 139ms @ http://localhost:3000/_next/static/chunks/node_modules_next_dist_1ybzpk2._.js:2477
[  890994ms] [LOG] [Fast Refresh] rebuilding @ http://localhost:3000/_next/static/chunks/node_modules_next_dist_1ybzpk2._.js:2477
[  891020ms] [LOG] [Fast Refresh] done in 138ms @ http://localhost:3000/_next/static/chunks/node_modules_next_dist_1ybzpk2._.js:2477
[  891150ms] [LOG] [Fast Refresh] rebuilding @ http://localhost:3000/_next/static/chunks/node_modules_next_dist_1ybzpk2._.js:2477
[  891249ms] [LOG] [Fast Refresh] done in 215ms @ http://localhost:3000/_next/static/chunks/node_modules_next_dist_1ybzpk2._.js:2477
[  891326ms] [LOG] [Fast Refresh] rebuilding @ http://localhost:3000/_next/static/chunks/node_modules_next_dist_1ybzpk2._.js:2477
[  893250ms] [LOG] [Fast Refresh] done in 1416ms @ http://localhost:3000/_next/static/chunks/node_modules_next_dist_1ybzpk2._.js:2477
[  893463ms] [LOG] [Fast Refresh] rebuilding @ http://localhost:3000/_next/static/chunks/node_modules_next_dist_1ybzpk2._.js:2477
[  893464ms] [LOG] [Fast Refresh] done in 102ms @ http://localhost:3000/_next/static/chunks/node_modules_next_dist_1ybzpk2._.js:2477
[  893601ms] [LOG] [Fast Refresh] rebuilding @ http://localhost:3000/_next/static/chunks/node_modules_next_dist_1ybzpk2._.js:2477
[  893770ms] [LOG] [Fast Refresh] done in 280ms @ http://localhost:3000/_next/static/chunks/node_modules_next_dist_1ybzpk2._.js:2477
[  893929ms] [LOG] [Fast Refresh] rebuilding @ http://localhost:3000/_next/static/chunks/node_modules_next_dist_1ybzpk2._.js:2477
[  894061ms] [LOG] [Fast Refresh] done in 240ms @ http://localhost:3000/_next/static/chunks/node_modules_next_dist_1ybzpk2._.js:2477
[  894300ms] [LOG] [Fast Refresh] rebuilding @ http://localhost:3000/_next/static/chunks/node_modules_next_dist_1ybzpk2._.js:2477
[  894420ms] [LOG] [Fast Refresh] done in 221ms @ http://localhost:3000/_next/static/chunks/node_modules_next_dist_1ybzpk2._.js:2477
[  894535ms] [LOG] [Fast Refresh] rebuilding @ http://localhost:3000/_next/static/chunks/node_modules_next_dist_1ybzpk2._.js:2477
[  894546ms] [LOG] [Fast Refresh] done in 125ms @ http://localhost:3000/_next/static/chunks/node_modules_next_dist_1ybzpk2._.js:2477
[  894677ms] [LOG] [Fast Refresh] rebuilding @ http://localhost:3000/_next/static/chunks/node_modules_next_dist_1ybzpk2._.js:2477
[  894854ms] [LOG] [Fast Refresh] done in 281ms @ http://localhost:3000/_next/static/chunks/node_modules_next_dist_1ybzpk2._.js:2477
[  895001ms] [LOG] [Fast Refresh] rebuilding @ http://localhost:3000/_next/static/chunks/node_modules_next_dist_1ybzpk2._.js:2477
[  895077ms] [LOG] [Fast Refresh] done in 188ms @ http://localhost:3000/_next/static/chunks/node_modules_next_dist_1ybzpk2._.js:2477
[  895189ms] [LOG] [Fast Refresh] rebuilding @ http://localhost:3000/_next/static/chunks/node_modules_next_dist_1ybzpk2._.js:2477
[  895261ms] [LOG] [Fast Refresh] done in 183ms @ http://localhost:3000/_next/static/chunks/node_modules_next_dist_1ybzpk2._.js:2477
[  895667ms] [LOG] [Fast Refresh] rebuilding @ http://localhost:3000/_next/static/chunks/node_modules_next_dist_1ybzpk2._.js:2477
[  895868ms] [LOG] [Fast Refresh] done in 314ms @ http://localhost:3000/_next/static/chunks/node_modules_next_dist_1ybzpk2._.js:2477
[  896134ms] [LOG] [Fast Refresh] rebuilding @ http://localhost:3000/_next/static/chunks/node_modules_next_dist_1ybzpk2._.js:2477
[  896182ms] [LOG] [Fast Refresh] done in 152ms @ http://localhost:3000/_next/static/chunks/node_modules_next_dist_1ybzpk2._.js:2477
[  896363ms] [LOG] [Fast Refresh] rebuilding @ http://localhost:3000/_next/static/chunks/node_modules_next_dist_1ybzpk2._.js:2477
[  896374ms] [LOG] [Fast Refresh] done in 124ms @ http://localhost:3000/_next/static/chunks/node_modules_next_dist_1ybzpk2._.js:2477
[  896486ms] [LOG] [Fast Refresh] rebuilding @ http://localhost:3000/_next/static/chunks/node_modules_next_dist_1ybzpk2._.js:2477
[  896490ms] [LOG] [Fast Refresh] done in 115ms @ http://localhost:3000/_next/static/chunks/node_modules_next_dist_1ybzpk2._.js:2477
[  896625ms] [LOG] [Fast Refresh] rebuilding @ http://localhost:3000/_next/static/chunks/node_modules_next_dist_1ybzpk2._.js:2477
[  896773ms] [LOG] [Fast Refresh] done in 259ms @ http://localhost:3000/_next/static/chunks/node_modules_next_dist_1ybzpk2._.js:2477
[  897537ms] [LOG] [Fast Refresh] rebuilding @ http://localhost:3000/_next/static/chunks/node_modules_next_dist_1ybzpk2._.js:2477
[  897583ms] [LOG] [Fast Refresh] done in 159ms @ http://localhost:3000/_next/static/chunks/node_modules_next_dist_1ybzpk2._.js:2477
[  897738ms] [LOG] [Fast Refresh] rebuilding @ http://localhost:3000/_next/static/chunks/node_modules_next_dist_1ybzpk2._.js:2477
[  897881ms] [LOG] [Fast Refresh] done in 244ms @ http://localhost:3000/_next/static/chunks/node_modules_next_dist_1ybzpk2._.js:2477
[  898141ms] [LOG] [Fast Refresh] rebuilding @ http://localhost:3000/_next/static/chunks/node_modules_next_dist_1ybzpk2._.js:2477
[  898235ms] [LOG] [Fast Refresh] done in 194ms @ http://localhost:3000/_next/static/chunks/node_modules_next_dist_1ybzpk2._.js:2477
[  898451ms] [LOG] [Fast Refresh] rebuilding @ http://localhost:3000/_next/static/chunks/node_modules_next_dist_1ybzpk2._.js:2477
[  898459ms] [LOG] [Fast Refresh] done in 108ms @ http://localhost:3000/_next/static/chunks/node_modules_next_dist_1ybzpk2._.js:2477
[  898659ms] [LOG] [Fast Refresh] rebuilding @ http://localhost:3000/_next/static/chunks/node_modules_next_dist_1ybzpk2._.js:2477
[  898679ms] [LOG] [Fast Refresh] done in 120ms @ http://localhost:3000/_next/static/chunks/node_modules_next_dist_1ybzpk2._.js:2477
[  898854ms] [LOG] [Fast Refresh] rebuilding @ http://localhost:3000/_next/static/chunks/node_modules_next_dist_1ybzpk2._.js:2477
[  898948ms] [LOG] [Fast Refresh] done in 208ms @ http://localhost:3000/_next/static/chunks/node_modules_next_dist_1ybzpk2._.js:2477
[  899165ms] [LOG] [Fast Refresh] rebuilding @ http://localhost:3000/_next/static/chunks/node_modules_next_dist_1ybzpk2._.js:2477
[  899235ms] [LOG] [Fast Refresh] done in 173ms @ http://localhost:3000/_next/static/chunks/node_modules_next_dist_1ybzpk2._.js:2477
[  899415ms] [LOG] [Fast Refresh] rebuilding @ http://localhost:3000/_next/static/chunks/node_modules_next_dist_1ybzpk2._.js:2477
[  899474ms] [LOG] [Fast Refresh] done in 165ms @ http://localhost:3000/_next/static/chunks/node_modules_next_dist_1ybzpk2._.js:2477
[  899575ms] [LOG] [Fast Refresh] rebuilding @ http://localhost:3000/_next/static/chunks/node_modules_next_dist_1ybzpk2._.js:2477
[  899578ms] [LOG] [Fast Refresh] done in 103ms @ http://localhost:3000/_next/static/chunks/node_modules_next_dist_1ybzpk2._.js:2477
[  899735ms] [LOG] [Fast Refresh] rebuilding @ http://localhost:3000/_next/static/chunks/node_modules_next_dist_1ybzpk2._.js:2477
[  899829ms] [LOG] [Fast Refresh] done in 195ms @ http://localhost:3000/_next/static/chunks/node_modules_next_dist_1ybzpk2._.js:2477
[  899941ms] [LOG] [Fast Refresh] rebuilding @ http://localhost:3000/_next/static/chunks/node_modules_next_dist_1ybzpk2._.js:2477
[  899959ms] [LOG] [Fast Refresh] done in 124ms @ http://localhost:3000/_next/static/chunks/node_modules_next_dist_1ybzpk2._.js:2477
[  900063ms] [LOG] [Fast Refresh] rebuilding @ http://localhost:3000/_next/static/chunks/node_modules_next_dist_1ybzpk2._.js:2477
[  900195ms] [LOG] [Fast Refresh] done in 235ms @ http://localhost:3000/_next/static/chunks/node_modules_next_dist_1ybzpk2._.js:2477
[  900578ms] [LOG] [Fast Refresh] rebuilding @ http://localhost:3000/_next/static/chunks/node_modules_next_dist_1ybzpk2._.js:2477
[  900652ms] [LOG] [Fast Refresh] done in 179ms @ http://localhost:3000/_next/static/chunks/node_modules_next_dist_1ybzpk2._.js:2477
[  900948ms] [LOG] [Fast Refresh] rebuilding @ http://localhost:3000/_next/static/chunks/node_modules_next_dist_1ybzpk2._.js:2477
[  900957ms] [LOG] [Fast Refresh] done in 121ms @ http://localhost:3000/_next/static/chunks/node_modules_next_dist_1ybzpk2._.js:2477
[  901067ms] [LOG] [Fast Refresh] rebuilding @ http://localhost:3000/_next/static/chunks/node_modules_next_dist_1ybzpk2._.js:2477
[  901101ms] [LOG] [Fast Refresh] done in 143ms @ http://localhost:3000/_next/static/chunks/node_modules_next_dist_1ybzpk2._.js:2477
[  901211ms] [LOG] [Fast Refresh] rebuilding @ http://localhost:3000/_next/static/chunks/node_modules_next_dist_1ybzpk2._.js:2477
[  901379ms] [LOG] [Fast Refresh] done in 276ms @ http://localhost:3000/_next/static/chunks/node_modules_next_dist_1ybzpk2._.js:2477
