[     843ms] [LOG] [Fast Refresh] done in 1512ms @ webpack-internal:///(app-pages-browser)/./node_modules/next/dist/next-devtools/shared/forward-logs-shared.js:44
[     844ms] [LOG] [Fast Refresh] rebuilding @ webpack-internal:///(app-pages-browser)/./node_modules/next/dist/next-devtools/shared/forward-logs-shared.js:44
[    2345ms] [LOG] [Fast Refresh] rebuilding @ webpack-internal:///(app-pages-browser)/./node_modules/next/dist/next-devtools/shared/forward-logs-shared.js:44
[    2346ms] [LOG] [Fast Refresh] done in 1ms @ webpack-internal:///(app-pages-browser)/./node_modules/next/dist/next-devtools/shared/forward-logs-shared.js:44
[   26033ms] [INFO] %cDownload the React DevTools for a better development experience: https://react.dev/link/react-devtools font-weight:bold @ webpack-internal:///(app-pages-browser)/./node_modules/next/dist/next-devtools/shared/forward-logs-shared.js:44
[   26470ms] [LOG] [HMR] connected @ webpack-internal:///(app-pages-browser)/./node_modules/next/dist/next-devtools/shared/forward-logs-shared.js:44
[   71410ms] [LOG] [Fast Refresh] rebuilding @ webpack-internal:///(app-pages-browser)/./node_modules/next/dist/next-devtools/shared/forward-logs-shared.js:44
[   73705ms] [LOG] [Fast Refresh] rebuilding @ webpack-internal:///(app-pages-browser)/./node_modules/next/dist/next-devtools/shared/forward-logs-shared.js:44
[   74034ms] [LOG] [Fast Refresh] done in 328ms @ webpack-internal:///(app-pages-browser)/./node_modules/next/dist/next-devtools/shared/forward-logs-shared.js:44
[   78288ms] [LOG] [Fast Refresh] done in 4583ms @ webpack-internal:///(app-pages-browser)/./node_modules/next/dist/next-devtools/shared/forward-logs-shared.js:44
[   78305ms] [LOG] [Fast Refresh] rebuilding @ webpack-internal:///(app-pages-browser)/./node_modules/next/dist/next-devtools/shared/forward-logs-shared.js:44
[   79497ms] [LOG] [Fast Refresh] rebuilding @ webpack-internal:///(app-pages-browser)/./node_modules/next/dist/next-devtools/shared/forward-logs-shared.js:44
[   79500ms] [LOG] [Fast Refresh] done in 2ms @ webpack-internal:///(app-pages-browser)/./node_modules/next/dist/next-devtools/shared/forward-logs-shared.js:44
[   79849ms] [LOG] [Fast Refresh] done in 351ms @ webpack-internal:///(app-pages-browser)/./node_modules/next/dist/next-devtools/shared/forward-logs-shared.js:44
[  178308ms] [LOG] [Fast Refresh] rebuilding @ webpack-internal:///(app-pages-browser)/./node_modules/next/dist/next-devtools/shared/forward-logs-shared.js:44
[  181363ms] [LOG] [Fast Refresh] rebuilding @ webpack-internal:///(app-pages-browser)/./node_modules/next/dist/next-devtools/shared/forward-logs-shared.js:44
[  181718ms] [LOG] [Fast Refresh] done in 355ms @ webpack-internal:///(app-pages-browser)/./node_modules/next/dist/next-devtools/shared/forward-logs-shared.js:44
[  182237ms] [LOG] [Fast Refresh] rebuilding @ webpack-internal:///(app-pages-browser)/./node_modules/next/dist/next-devtools/shared/forward-logs-shared.js:44
[  182244ms] [LOG] [Fast Refresh] done in 6ms @ webpack-internal:///(app-pages-browser)/./node_modules/next/dist/next-devtools/shared/forward-logs-shared.js:44
[  183185ms] [LOG] [Fast Refresh] done in 947ms @ webpack-internal:///(app-pages-browser)/./node_modules/next/dist/next-devtools/shared/forward-logs-shared.js:44
[  183190ms] [LOG] [Fast Refresh] rebuilding @ webpack-internal:///(app-pages-browser)/./node_modules/next/dist/next-devtools/shared/forward-logs-shared.js:44
[  183807ms] [LOG] [Fast Refresh] rebuilding @ webpack-internal:///(app-pages-browser)/./node_modules/next/dist/next-devtools/shared/forward-logs-shared.js:44
[  183809ms] [LOG] [Fast Refresh] done in 1ms @ webpack-internal:///(app-pages-browser)/./node_modules/next/dist/next-devtools/shared/forward-logs-shared.js:44
[  184054ms] [LOG] [Fast Refresh] done in 246ms @ webpack-internal:///(app-pages-browser)/./node_modules/next/dist/next-devtools/shared/forward-logs-shared.js:44
[  192791ms] [LOG] [Fast Refresh] rebuilding @ webpack-internal:///(app-pages-browser)/./node_modules/next/dist/next-devtools/shared/forward-logs-shared.js:44
[  195662ms] [LOG] [Fast Refresh] done in 2872ms @ webpack-internal:///(app-pages-browser)/./node_modules/next/dist/next-devtools/shared/forward-logs-shared.js:44
[  195665ms] [LOG] [Fast Refresh] rebuilding @ webpack-internal:///(app-pages-browser)/./node_modules/next/dist/next-devtools/shared/forward-logs-shared.js:44
[  196463ms] [LOG] [Fast Refresh] rebuilding @ webpack-internal:///(app-pages-browser)/./node_modules/next/dist/next-devtools/shared/forward-logs-shared.js:44
[  196467ms] [LOG] [Fast Refresh] done in 4ms @ webpack-internal:///(app-pages-browser)/./node_modules/next/dist/next-devtools/shared/forward-logs-shared.js:44
[  197151ms] [LOG] [Fast Refresh] done in 687ms @ webpack-internal:///(app-pages-browser)/./node_modules/next/dist/next-devtools/shared/forward-logs-shared.js:44
[  197152ms] [LOG] [Fast Refresh] rebuilding @ webpack-internal:///(app-pages-browser)/./node_modules/next/dist/next-devtools/shared/forward-logs-shared.js:44
[  198131ms] [LOG] [Fast Refresh] rebuilding @ webpack-internal:///(app-pages-browser)/./node_modules/next/dist/next-devtools/shared/forward-logs-shared.js:44
[  198134ms] [LOG] [Fast Refresh] done in 3ms @ webpack-internal:///(app-pages-browser)/./node_modules/next/dist/next-devtools/shared/forward-logs-shared.js:44
[  198473ms] [LOG] [Fast Refresh] done in 343ms @ webpack-internal:///(app-pages-browser)/./node_modules/next/dist/next-devtools/shared/forward-logs-shared.js:44
[  262872ms] [INFO] %cDownload the React DevTools for a better development experience: https://react.dev/link/react-devtools font-weight:bold @ webpack-internal:///(app-pages-browser)/./node_modules/next/dist/next-devtools/shared/forward-logs-shared.js:44
[  263332ms] [LOG] [HMR] connected @ webpack-internal:///(app-pages-browser)/./node_modules/next/dist/next-devtools/shared/forward-logs-shared.js:44
[  390571ms] [LOG] [Fast Refresh] rebuilding @ webpack-internal:///(app-pages-browser)/./node_modules/next/dist/next-devtools/shared/forward-logs-shared.js:44
[  391853ms] [LOG] [Fast Refresh] rebuilding @ webpack-internal:///(app-pages-browser)/./node_modules/next/dist/next-devtools/shared/forward-logs-shared.js:44
[  392186ms] [LOG] [Fast Refresh] done in 333ms @ webpack-internal:///(app-pages-browser)/./node_modules/next/dist/next-devtools/shared/forward-logs-shared.js:44
[  396577ms] [LOG] [Fast Refresh] done in 4724ms @ webpack-internal:///(app-pages-browser)/./node_modules/next/dist/next-devtools/shared/forward-logs-shared.js:44
[  396584ms] [LOG] [Fast Refresh] rebuilding @ webpack-internal:///(app-pages-browser)/./node_modules/next/dist/next-devtools/shared/forward-logs-shared.js:44
[  397189ms] [LOG] [Fast Refresh] rebuilding @ webpack-internal:///(app-pages-browser)/./node_modules/next/dist/next-devtools/shared/forward-logs-shared.js:44
[  397401ms] [LOG] [Fast Refresh] done in 212ms @ webpack-internal:///(app-pages-browser)/./node_modules/next/dist/next-devtools/shared/forward-logs-shared.js:44
[  398053ms] [LOG] [Fast Refresh] rebuilding @ webpack-internal:///(app-pages-browser)/./node_modules/next/dist/next-devtools/shared/forward-logs-shared.js:44
[  398262ms] [LOG] [Fast Refresh] done in 208ms @ webpack-internal:///(app-pages-browser)/./node_modules/next/dist/next-devtools/shared/forward-logs-shared.js:44
[  398901ms] [LOG] [Fast Refresh] rebuilding @ webpack-internal:///(app-pages-browser)/./node_modules/next/dist/next-devtools/shared/forward-logs-shared.js:44
[  399154ms] [LOG] [Fast Refresh] done in 252ms @ webpack-internal:///(app-pages-browser)/./node_modules/next/dist/next-devtools/shared/forward-logs-shared.js:44
[  399757ms] [LOG] [Fast Refresh] rebuilding @ webpack-internal:///(app-pages-browser)/./node_modules/next/dist/next-devtools/shared/forward-logs-shared.js:44
[  400040ms] [LOG] [Fast Refresh] done in 283ms @ webpack-internal:///(app-pages-browser)/./node_modules/next/dist/next-devtools/shared/forward-logs-shared.js:44
[  400542ms] [LOG] [Fast Refresh] rebuilding @ webpack-internal:///(app-pages-browser)/./node_modules/next/dist/next-devtools/shared/forward-logs-shared.js:44
[  400714ms] [LOG] [Fast Refresh] done in 173ms @ webpack-internal:///(app-pages-browser)/./node_modules/next/dist/next-devtools/shared/forward-logs-shared.js:44
[  401454ms] [LOG] [Fast Refresh] rebuilding @ webpack-internal:///(app-pages-browser)/./node_modules/next/dist/next-devtools/shared/forward-logs-shared.js:44
[  401939ms] [LOG] [Fast Refresh] done in 485ms @ webpack-internal:///(app-pages-browser)/./node_modules/next/dist/next-devtools/shared/forward-logs-shared.js:44
[  402969ms] [LOG] [Fast Refresh] rebuilding @ webpack-internal:///(app-pages-browser)/./node_modules/next/dist/next-devtools/shared/forward-logs-shared.js:44
[  403295ms] [LOG] [Fast Refresh] done in 326ms @ webpack-internal:///(app-pages-browser)/./node_modules/next/dist/next-devtools/shared/forward-logs-shared.js:44
[  404292ms] [LOG] [Fast Refresh] rebuilding @ webpack-internal:///(app-pages-browser)/./node_modules/next/dist/next-devtools/shared/forward-logs-shared.js:44
[  404666ms] [LOG] [Fast Refresh] done in 375ms @ webpack-internal:///(app-pages-browser)/./node_modules/next/dist/next-devtools/shared/forward-logs-shared.js:44
[  406563ms] [LOG] [Fast Refresh] rebuilding @ webpack-internal:///(app-pages-browser)/./node_modules/next/dist/next-devtools/shared/forward-logs-shared.js:44
[  407661ms] [LOG] [Fast Refresh] done in 1099ms @ webpack-internal:///(app-pages-browser)/./node_modules/next/dist/next-devtools/shared/forward-logs-shared.js:44
[  408635ms] [LOG] [Fast Refresh] rebuilding @ webpack-internal:///(app-pages-browser)/./node_modules/next/dist/next-devtools/shared/forward-logs-shared.js:44
[  409905ms] [LOG] [Fast Refresh] done in 1270ms @ webpack-internal:///(app-pages-browser)/./node_modules/next/dist/next-devtools/shared/forward-logs-shared.js:44
[  410657ms] [LOG] [Fast Refresh] rebuilding @ webpack-internal:///(app-pages-browser)/./node_modules/next/dist/next-devtools/shared/forward-logs-shared.js:44
[  411231ms] [LOG] [Fast Refresh] done in 575ms @ webpack-internal:///(app-pages-browser)/./node_modules/next/dist/next-devtools/shared/forward-logs-shared.js:44
[  412200ms] [LOG] [Fast Refresh] rebuilding @ webpack-internal:///(app-pages-browser)/./node_modules/next/dist/next-devtools/shared/forward-logs-shared.js:44
[  413440ms] [LOG] [Fast Refresh] done in 1240ms @ webpack-internal:///(app-pages-browser)/./node_modules/next/dist/next-devtools/shared/forward-logs-shared.js:44
[  414506ms] [LOG] [Fast Refresh] rebuilding @ webpack-internal:///(app-pages-browser)/./node_modules/next/dist/next-devtools/shared/forward-logs-shared.js:44
[  414853ms] [LOG] [Fast Refresh] done in 348ms @ webpack-internal:///(app-pages-browser)/./node_modules/next/dist/next-devtools/shared/forward-logs-shared.js:44
[  415980ms] [LOG] [Fast Refresh] rebuilding @ webpack-internal:///(app-pages-browser)/./node_modules/next/dist/next-devtools/shared/forward-logs-shared.js:44
[  416366ms] [LOG] [Fast Refresh] done in 386ms @ webpack-internal:///(app-pages-browser)/./node_modules/next/dist/next-devtools/shared/forward-logs-shared.js:44
[  417362ms] [LOG] [Fast Refresh] rebuilding @ webpack-internal:///(app-pages-browser)/./node_modules/next/dist/next-devtools/shared/forward-logs-shared.js:44
[  417667ms] [LOG] [Fast Refresh] done in 305ms @ webpack-internal:///(app-pages-browser)/./node_modules/next/dist/next-devtools/shared/forward-logs-shared.js:44
[  418664ms] [LOG] [Fast Refresh] rebuilding @ webpack-internal:///(app-pages-browser)/./node_modules/next/dist/next-devtools/shared/forward-logs-shared.js:44
[  418935ms] [LOG] [Fast Refresh] done in 271ms @ webpack-internal:///(app-pages-browser)/./node_modules/next/dist/next-devtools/shared/forward-logs-shared.js:44
[  420409ms] [LOG] [Fast Refresh] rebuilding @ webpack-internal:///(app-pages-browser)/./node_modules/next/dist/next-devtools/shared/forward-logs-shared.js:44
[  421192ms] [LOG] [Fast Refresh] done in 784ms @ webpack-internal:///(app-pages-browser)/./node_modules/next/dist/next-devtools/shared/forward-logs-shared.js:44
[  421870ms] [LOG] [Fast Refresh] rebuilding @ webpack-internal:///(app-pages-browser)/./node_modules/next/dist/next-devtools/shared/forward-logs-shared.js:44
[  422248ms] [LOG] [Fast Refresh] done in 377ms @ webpack-internal:///(app-pages-browser)/./node_modules/next/dist/next-devtools/shared/forward-logs-shared.js:44
[  423196ms] [LOG] [Fast Refresh] rebuilding @ webpack-internal:///(app-pages-browser)/./node_modules/next/dist/next-devtools/shared/forward-logs-shared.js:44
[  423512ms] [LOG] [Fast Refresh] done in 316ms @ webpack-internal:///(app-pages-browser)/./node_modules/next/dist/next-devtools/shared/forward-logs-shared.js:44
[  424483ms] [LOG] [Fast Refresh] rebuilding @ webpack-internal:///(app-pages-browser)/./node_modules/next/dist/next-devtools/shared/forward-logs-shared.js:44
[  424848ms] [LOG] [Fast Refresh] done in 366ms @ webpack-internal:///(app-pages-browser)/./node_modules/next/dist/next-devtools/shared/forward-logs-shared.js:44
[  425743ms] [LOG] [Fast Refresh] rebuilding @ webpack-internal:///(app-pages-browser)/./node_modules/next/dist/next-devtools/shared/forward-logs-shared.js:44
[  426043ms] [LOG] [Fast Refresh] done in 301ms @ webpack-internal:///(app-pages-browser)/./node_modules/next/dist/next-devtools/shared/forward-logs-shared.js:44
[  427043ms] [LOG] [Fast Refresh] rebuilding @ webpack-internal:///(app-pages-browser)/./node_modules/next/dist/next-devtools/shared/forward-logs-shared.js:44
[  427363ms] [LOG] [Fast Refresh] done in 320ms @ webpack-internal:///(app-pages-browser)/./node_modules/next/dist/next-devtools/shared/forward-logs-shared.js:44
[  428381ms] [LOG] [Fast Refresh] rebuilding @ webpack-internal:///(app-pages-browser)/./node_modules/next/dist/next-devtools/shared/forward-logs-shared.js:44
[  428815ms] [LOG] [Fast Refresh] done in 434ms @ webpack-internal:///(app-pages-browser)/./node_modules/next/dist/next-devtools/shared/forward-logs-shared.js:44
[  429683ms] [LOG] [Fast Refresh] rebuilding @ webpack-internal:///(app-pages-browser)/./node_modules/next/dist/next-devtools/shared/forward-logs-shared.js:44
[  430187ms] [LOG] [Fast Refresh] done in 505ms @ webpack-internal:///(app-pages-browser)/./node_modules/next/dist/next-devtools/shared/forward-logs-shared.js:44
[  432080ms] [LOG] [Fast Refresh] rebuilding @ webpack-internal:///(app-pages-browser)/./node_modules/next/dist/next-devtools/shared/forward-logs-shared.js:44
[  432551ms] [LOG] [Fast Refresh] done in 471ms @ webpack-internal:///(app-pages-browser)/./node_modules/next/dist/next-devtools/shared/forward-logs-shared.js:44
[  433750ms] [LOG] [Fast Refresh] rebuilding @ webpack-internal:///(app-pages-browser)/./node_modules/next/dist/next-devtools/shared/forward-logs-shared.js:44
[  434113ms] [LOG] [Fast Refresh] done in 364ms @ webpack-internal:///(app-pages-browser)/./node_modules/next/dist/next-devtools/shared/forward-logs-shared.js:44
[  435360ms] [LOG] [Fast Refresh] rebuilding @ webpack-internal:///(app-pages-browser)/./node_modules/next/dist/next-devtools/shared/forward-logs-shared.js:44
[  436151ms] [LOG] [Fast Refresh] done in 790ms @ webpack-internal:///(app-pages-browser)/./node_modules/next/dist/next-devtools/shared/forward-logs-shared.js:44
[  437059ms] [LOG] [Fast Refresh] rebuilding @ webpack-internal:///(app-pages-browser)/./node_modules/next/dist/next-devtools/shared/forward-logs-shared.js:44
[  437399ms] [LOG] [Fast Refresh] done in 341ms @ webpack-internal:///(app-pages-browser)/./node_modules/next/dist/next-devtools/shared/forward-logs-shared.js:44
[  438508ms] [LOG] [Fast Refresh] rebuilding @ webpack-internal:///(app-pages-browser)/./node_modules/next/dist/next-devtools/shared/forward-logs-shared.js:44
[  438896ms] [LOG] [Fast Refresh] done in 389ms @ webpack-internal:///(app-pages-browser)/./node_modules/next/dist/next-devtools/shared/forward-logs-shared.js:44
[  439930ms] [LOG] [Fast Refresh] rebuilding @ webpack-internal:///(app-pages-browser)/./node_modules/next/dist/next-devtools/shared/forward-logs-shared.js:44
[  440600ms] [LOG] [Fast Refresh] done in 670ms @ webpack-internal:///(app-pages-browser)/./node_modules/next/dist/next-devtools/shared/forward-logs-shared.js:44
[  441554ms] [LOG] [Fast Refresh] rebuilding @ webpack-internal:///(app-pages-browser)/./node_modules/next/dist/next-devtools/shared/forward-logs-shared.js:44
[  441940ms] [LOG] [Fast Refresh] done in 386ms @ webpack-internal:///(app-pages-browser)/./node_modules/next/dist/next-devtools/shared/forward-logs-shared.js:44
[  442953ms] [LOG] [Fast Refresh] rebuilding @ webpack-internal:///(app-pages-browser)/./node_modules/next/dist/next-devtools/shared/forward-logs-shared.js:44
[  443279ms] [LOG] [Fast Refresh] done in 326ms @ webpack-internal:///(app-pages-browser)/./node_modules/next/dist/next-devtools/shared/forward-logs-shared.js:44
[  444234ms] [LOG] [Fast Refresh] rebuilding @ webpack-internal:///(app-pages-browser)/./node_modules/next/dist/next-devtools/shared/forward-logs-shared.js:44
[  444655ms] [LOG] [Fast Refresh] done in 422ms @ webpack-internal:///(app-pages-browser)/./node_modules/next/dist/next-devtools/shared/forward-logs-shared.js:44
[  445486ms] [LOG] [Fast Refresh] rebuilding @ webpack-internal:///(app-pages-browser)/./node_modules/next/dist/next-devtools/shared/forward-logs-shared.js:44
[  445810ms] [LOG] [Fast Refresh] done in 325ms @ webpack-internal:///(app-pages-browser)/./node_modules/next/dist/next-devtools/shared/forward-logs-shared.js:44
[  446793ms] [LOG] [Fast Refresh] rebuilding @ webpack-internal:///(app-pages-browser)/./node_modules/next/dist/next-devtools/shared/forward-logs-shared.js:44
[  447206ms] [LOG] [Fast Refresh] done in 412ms @ webpack-internal:///(app-pages-browser)/./node_modules/next/dist/next-devtools/shared/forward-logs-shared.js:44
[  448167ms] [LOG] [Fast Refresh] rebuilding @ webpack-internal:///(app-pages-browser)/./node_modules/next/dist/next-devtools/shared/forward-logs-shared.js:44
[  448470ms] [LOG] [Fast Refresh] done in 302ms @ webpack-internal:///(app-pages-browser)/./node_modules/next/dist/next-devtools/shared/forward-logs-shared.js:44
[  449424ms] [LOG] [Fast Refresh] rebuilding @ webpack-internal:///(app-pages-browser)/./node_modules/next/dist/next-devtools/shared/forward-logs-shared.js:44
[  449815ms] [LOG] [Fast Refresh] done in 392ms @ webpack-internal:///(app-pages-browser)/./node_modules/next/dist/next-devtools/shared/forward-logs-shared.js:44
[  452893ms] [LOG] [Fast Refresh] rebuilding @ webpack-internal:///(app-pages-browser)/./node_modules/next/dist/next-devtools/shared/forward-logs-shared.js:44
[  453253ms] [LOG] [Fast Refresh] done in 360ms @ webpack-internal:///(app-pages-browser)/./node_modules/next/dist/next-devtools/shared/forward-logs-shared.js:44
[  457180ms] [LOG] [Fast Refresh] rebuilding @ webpack-internal:///(app-pages-browser)/./node_modules/next/dist/next-devtools/shared/forward-logs-shared.js:44
[  457644ms] [LOG] [Fast Refresh] done in 465ms @ webpack-internal:///(app-pages-browser)/./node_modules/next/dist/next-devtools/shared/forward-logs-shared.js:44
[  458757ms] [LOG] [Fast Refresh] rebuilding @ webpack-internal:///(app-pages-browser)/./node_modules/next/dist/next-devtools/shared/forward-logs-shared.js:44
[  459071ms] [LOG] [Fast Refresh] done in 314ms @ webpack-internal:///(app-pages-browser)/./node_modules/next/dist/next-devtools/shared/forward-logs-shared.js:44
[  460148ms] [LOG] [Fast Refresh] rebuilding @ webpack-internal:///(app-pages-browser)/./node_modules/next/dist/next-devtools/shared/forward-logs-shared.js:44
[  460454ms] [LOG] [Fast Refresh] done in 305ms @ webpack-internal:///(app-pages-browser)/./node_modules/next/dist/next-devtools/shared/forward-logs-shared.js:44
[  461490ms] [LOG] [Fast Refresh] rebuilding @ webpack-internal:///(app-pages-browser)/./node_modules/next/dist/next-devtools/shared/forward-logs-shared.js:44
[  461821ms] [LOG] [Fast Refresh] done in 327ms @ webpack-internal:///(app-pages-browser)/./node_modules/next/dist/next-devtools/shared/forward-logs-shared.js:44
[  462830ms] [LOG] [Fast Refresh] rebuilding @ webpack-internal:///(app-pages-browser)/./node_modules/next/dist/next-devtools/shared/forward-logs-shared.js:44
[  463198ms] [LOG] [Fast Refresh] done in 368ms @ webpack-internal:///(app-pages-browser)/./node_modules/next/dist/next-devtools/shared/forward-logs-shared.js:44
[  464221ms] [LOG] [Fast Refresh] rebuilding @ webpack-internal:///(app-pages-browser)/./node_modules/next/dist/next-devtools/shared/forward-logs-shared.js:44
[  464521ms] [LOG] [Fast Refresh] done in 299ms @ webpack-internal:///(app-pages-browser)/./node_modules/next/dist/next-devtools/shared/forward-logs-shared.js:44
[  466029ms] [LOG] [Fast Refresh] rebuilding @ webpack-internal:///(app-pages-browser)/./node_modules/next/dist/next-devtools/shared/forward-logs-shared.js:44
[  466803ms] [LOG] [Fast Refresh] done in 773ms @ webpack-internal:///(app-pages-browser)/./node_modules/next/dist/next-devtools/shared/forward-logs-shared.js:44
[  467419ms] [LOG] [Fast Refresh] rebuilding @ webpack-internal:///(app-pages-browser)/./node_modules/next/dist/next-devtools/shared/forward-logs-shared.js:44
[  468242ms] [LOG] [Fast Refresh] done in 824ms @ webpack-internal:///(app-pages-browser)/./node_modules/next/dist/next-devtools/shared/forward-logs-shared.js:44
[  468670ms] [LOG] [Fast Refresh] rebuilding @ webpack-internal:///(app-pages-browser)/./node_modules/next/dist/next-devtools/shared/forward-logs-shared.js:44
[  469147ms] [LOG] [Fast Refresh] done in 477ms @ webpack-internal:///(app-pages-browser)/./node_modules/next/dist/next-devtools/shared/forward-logs-shared.js:44
[  470046ms] [LOG] [Fast Refresh] rebuilding @ webpack-internal:///(app-pages-browser)/./node_modules/next/dist/next-devtools/shared/forward-logs-shared.js:44
[  470453ms] [LOG] [Fast Refresh] done in 407ms @ webpack-internal:///(app-pages-browser)/./node_modules/next/dist/next-devtools/shared/forward-logs-shared.js:44
[  471360ms] [LOG] [Fast Refresh] rebuilding @ webpack-internal:///(app-pages-browser)/./node_modules/next/dist/next-devtools/shared/forward-logs-shared.js:44
[  471792ms] [LOG] [Fast Refresh] done in 433ms @ webpack-internal:///(app-pages-browser)/./node_modules/next/dist/next-devtools/shared/forward-logs-shared.js:44
[  472782ms] [LOG] [Fast Refresh] rebuilding @ webpack-internal:///(app-pages-browser)/./node_modules/next/dist/next-devtools/shared/forward-logs-shared.js:44
[  473123ms] [LOG] [Fast Refresh] done in 341ms @ webpack-internal:///(app-pages-browser)/./node_modules/next/dist/next-devtools/shared/forward-logs-shared.js:44
[  474043ms] [LOG] [Fast Refresh] rebuilding @ webpack-internal:///(app-pages-browser)/./node_modules/next/dist/next-devtools/shared/forward-logs-shared.js:44
[  474359ms] [LOG] [Fast Refresh] done in 315ms @ webpack-internal:///(app-pages-browser)/./node_modules/next/dist/next-devtools/shared/forward-logs-shared.js:44
[  476176ms] [LOG] [Fast Refresh] rebuilding @ webpack-internal:///(app-pages-browser)/./node_modules/next/dist/next-devtools/shared/forward-logs-shared.js:44
[  476574ms] [LOG] [Fast Refresh] done in 397ms @ webpack-internal:///(app-pages-browser)/./node_modules/next/dist/next-devtools/shared/forward-logs-shared.js:44
[  477589ms] [LOG] [Fast Refresh] rebuilding @ webpack-internal:///(app-pages-browser)/./node_modules/next/dist/next-devtools/shared/forward-logs-shared.js:44
[  478036ms] [LOG] [Fast Refresh] done in 447ms @ webpack-internal:///(app-pages-browser)/./node_modules/next/dist/next-devtools/shared/forward-logs-shared.js:44
[  478890ms] [LOG] [Fast Refresh] rebuilding @ webpack-internal:///(app-pages-browser)/./node_modules/next/dist/next-devtools/shared/forward-logs-shared.js:44
[  479241ms] [LOG] [Fast Refresh] done in 352ms @ webpack-internal:///(app-pages-browser)/./node_modules/next/dist/next-devtools/shared/forward-logs-shared.js:44
[  480598ms] [LOG] [Fast Refresh] rebuilding @ webpack-internal:///(app-pages-browser)/./node_modules/next/dist/next-devtools/shared/forward-logs-shared.js:44
[  481708ms] [LOG] [Fast Refresh] done in 1110ms @ webpack-internal:///(app-pages-browser)/./node_modules/next/dist/next-devtools/shared/forward-logs-shared.js:44
[  482201ms] [LOG] [Fast Refresh] rebuilding @ webpack-internal:///(app-pages-browser)/./node_modules/next/dist/next-devtools/shared/forward-logs-shared.js:44
[  482761ms] [LOG] [Fast Refresh] done in 559ms @ webpack-internal:///(app-pages-browser)/./node_modules/next/dist/next-devtools/shared/forward-logs-shared.js:44
[  483743ms] [LOG] [Fast Refresh] rebuilding @ webpack-internal:///(app-pages-browser)/./node_modules/next/dist/next-devtools/shared/forward-logs-shared.js:44
[  484366ms] [LOG] [Fast Refresh] done in 622ms @ webpack-internal:///(app-pages-browser)/./node_modules/next/dist/next-devtools/shared/forward-logs-shared.js:44
[  484998ms] [LOG] [Fast Refresh] rebuilding @ webpack-internal:///(app-pages-browser)/./node_modules/next/dist/next-devtools/shared/forward-logs-shared.js:44
[  485368ms] [LOG] [Fast Refresh] done in 369ms @ webpack-internal:///(app-pages-browser)/./node_modules/next/dist/next-devtools/shared/forward-logs-shared.js:44
[  486450ms] [LOG] [Fast Refresh] rebuilding @ webpack-internal:///(app-pages-browser)/./node_modules/next/dist/next-devtools/shared/forward-logs-shared.js:44
[  486756ms] [LOG] [Fast Refresh] done in 305ms @ webpack-internal:///(app-pages-browser)/./node_modules/next/dist/next-devtools/shared/forward-logs-shared.js:44
[  487591ms] [LOG] [Fast Refresh] rebuilding @ webpack-internal:///(app-pages-browser)/./node_modules/next/dist/next-devtools/shared/forward-logs-shared.js:44
[  487907ms] [LOG] [Fast Refresh] done in 316ms @ webpack-internal:///(app-pages-browser)/./node_modules/next/dist/next-devtools/shared/forward-logs-shared.js:44
[  488783ms] [LOG] [Fast Refresh] rebuilding @ webpack-internal:///(app-pages-browser)/./node_modules/next/dist/next-devtools/shared/forward-logs-shared.js:44
[  489128ms] [LOG] [Fast Refresh] done in 346ms @ webpack-internal:///(app-pages-browser)/./node_modules/next/dist/next-devtools/shared/forward-logs-shared.js:44
[  490326ms] [LOG] [Fast Refresh] rebuilding @ webpack-internal:///(app-pages-browser)/./node_modules/next/dist/next-devtools/shared/forward-logs-shared.js:44
[  490624ms] [LOG] [Fast Refresh] done in 298ms @ webpack-internal:///(app-pages-browser)/./node_modules/next/dist/next-devtools/shared/forward-logs-shared.js:44
[  491754ms] [LOG] [Fast Refresh] rebuilding @ webpack-internal:///(app-pages-browser)/./node_modules/next/dist/next-devtools/shared/forward-logs-shared.js:44
[  492098ms] [LOG] [Fast Refresh] done in 345ms @ webpack-internal:///(app-pages-browser)/./node_modules/next/dist/next-devtools/shared/forward-logs-shared.js:44
[  493159ms] [LOG] [Fast Refresh] rebuilding @ webpack-internal:///(app-pages-browser)/./node_modules/next/dist/next-devtools/shared/forward-logs-shared.js:44
[  493475ms] [LOG] [Fast Refresh] done in 316ms @ webpack-internal:///(app-pages-browser)/./node_modules/next/dist/next-devtools/shared/forward-logs-shared.js:44
[  495062ms] [LOG] [Fast Refresh] rebuilding @ webpack-internal:///(app-pages-browser)/./node_modules/next/dist/next-devtools/shared/forward-logs-shared.js:44
[  495977ms] [LOG] [Fast Refresh] done in 914ms @ webpack-internal:///(app-pages-browser)/./node_modules/next/dist/next-devtools/shared/forward-logs-shared.js:44
[  497087ms] [LOG] [Fast Refresh] rebuilding @ webpack-internal:///(app-pages-browser)/./node_modules/next/dist/next-devtools/shared/forward-logs-shared.js:44
[  497386ms] [LOG] [Fast Refresh] done in 300ms @ webpack-internal:///(app-pages-browser)/./node_modules/next/dist/next-devtools/shared/forward-logs-shared.js:44
[  498406ms] [LOG] [Fast Refresh] rebuilding @ webpack-internal:///(app-pages-browser)/./node_modules/next/dist/next-devtools/shared/forward-logs-shared.js:44
[  498779ms] [LOG] [Fast Refresh] done in 373ms @ webpack-internal:///(app-pages-browser)/./node_modules/next/dist/next-devtools/shared/forward-logs-shared.js:44
[  499651ms] [LOG] [Fast Refresh] rebuilding @ webpack-internal:///(app-pages-browser)/./node_modules/next/dist/next-devtools/shared/forward-logs-shared.js:44
[  499919ms] [LOG] [Fast Refresh] done in 268ms @ webpack-internal:///(app-pages-browser)/./node_modules/next/dist/next-devtools/shared/forward-logs-shared.js:44
[  500866ms] [LOG] [Fast Refresh] rebuilding @ webpack-internal:///(app-pages-browser)/./node_modules/next/dist/next-devtools/shared/forward-logs-shared.js:44
[  501166ms] [LOG] [Fast Refresh] done in 299ms @ webpack-internal:///(app-pages-browser)/./node_modules/next/dist/next-devtools/shared/forward-logs-shared.js:44
[  502212ms] [LOG] [Fast Refresh] rebuilding @ webpack-internal:///(app-pages-browser)/./node_modules/next/dist/next-devtools/shared/forward-logs-shared.js:44
[  502560ms] [LOG] [Fast Refresh] done in 347ms @ webpack-internal:///(app-pages-browser)/./node_modules/next/dist/next-devtools/shared/forward-logs-shared.js:44
[  503574ms] [LOG] [Fast Refresh] rebuilding @ webpack-internal:///(app-pages-browser)/./node_modules/next/dist/next-devtools/shared/forward-logs-shared.js:44
[  503887ms] [LOG] [Fast Refresh] done in 312ms @ webpack-internal:///(app-pages-browser)/./node_modules/next/dist/next-devtools/shared/forward-logs-shared.js:44
[  504887ms] [LOG] [Fast Refresh] rebuilding @ webpack-internal:///(app-pages-browser)/./node_modules/next/dist/next-devtools/shared/forward-logs-shared.js:44
[  505190ms] [LOG] [Fast Refresh] done in 303ms @ webpack-internal:///(app-pages-browser)/./node_modules/next/dist/next-devtools/shared/forward-logs-shared.js:44
[  506143ms] [LOG] [Fast Refresh] rebuilding @ webpack-internal:///(app-pages-browser)/./node_modules/next/dist/next-devtools/shared/forward-logs-shared.js:44
[  506470ms] [LOG] [Fast Refresh] done in 327ms @ webpack-internal:///(app-pages-browser)/./node_modules/next/dist/next-devtools/shared/forward-logs-shared.js:44
[  507430ms] [LOG] [Fast Refresh] rebuilding @ webpack-internal:///(app-pages-browser)/./node_modules/next/dist/next-devtools/shared/forward-logs-shared.js:44
[  507924ms] [LOG] [Fast Refresh] done in 495ms @ webpack-internal:///(app-pages-browser)/./node_modules/next/dist/next-devtools/shared/forward-logs-shared.js:44
[  508888ms] [LOG] [Fast Refresh] rebuilding @ webpack-internal:///(app-pages-browser)/./node_modules/next/dist/next-devtools/shared/forward-logs-shared.js:44
[  509480ms] [LOG] [Fast Refresh] done in 592ms @ webpack-internal:///(app-pages-browser)/./node_modules/next/dist/next-devtools/shared/forward-logs-shared.js:44
[  511231ms] [LOG] [Fast Refresh] rebuilding @ webpack-internal:///(app-pages-browser)/./node_modules/next/dist/next-devtools/shared/forward-logs-shared.js:44
[  512389ms] [LOG] [Fast Refresh] done in 1157ms @ webpack-internal:///(app-pages-browser)/./node_modules/next/dist/next-devtools/shared/forward-logs-shared.js:44
[  512910ms] [LOG] [Fast Refresh] rebuilding @ webpack-internal:///(app-pages-browser)/./node_modules/next/dist/next-devtools/shared/forward-logs-shared.js:44
[  513681ms] [LOG] [Fast Refresh] done in 771ms @ webpack-internal:///(app-pages-browser)/./node_modules/next/dist/next-devtools/shared/forward-logs-shared.js:44
[  515316ms] [LOG] [Fast Refresh] rebuilding @ webpack-internal:///(app-pages-browser)/./node_modules/next/dist/next-devtools/shared/forward-logs-shared.js:44
[  515666ms] [LOG] [Fast Refresh] done in 349ms @ webpack-internal:///(app-pages-browser)/./node_modules/next/dist/next-devtools/shared/forward-logs-shared.js:44
[  516985ms] [LOG] [Fast Refresh] rebuilding @ webpack-internal:///(app-pages-browser)/./node_modules/next/dist/next-devtools/shared/forward-logs-shared.js:44
[  517864ms] [LOG] [Fast Refresh] done in 879ms @ webpack-internal:///(app-pages-browser)/./node_modules/next/dist/next-devtools/shared/forward-logs-shared.js:44
[  518481ms] [LOG] [Fast Refresh] rebuilding @ webpack-internal:///(app-pages-browser)/./node_modules/next/dist/next-devtools/shared/forward-logs-shared.js:44
[  518896ms] [LOG] [Fast Refresh] done in 414ms @ webpack-internal:///(app-pages-browser)/./node_modules/next/dist/next-devtools/shared/forward-logs-shared.js:44
[  520133ms] [LOG] [Fast Refresh] rebuilding @ webpack-internal:///(app-pages-browser)/./node_modules/next/dist/next-devtools/shared/forward-logs-shared.js:44
[  520632ms] [LOG] [Fast Refresh] done in 500ms @ webpack-internal:///(app-pages-browser)/./node_modules/next/dist/next-devtools/shared/forward-logs-shared.js:44
[  521665ms] [LOG] [Fast Refresh] rebuilding @ webpack-internal:///(app-pages-browser)/./node_modules/next/dist/next-devtools/shared/forward-logs-shared.js:44
[  521988ms] [LOG] [Fast Refresh] done in 332ms @ webpack-internal:///(app-pages-browser)/./node_modules/next/dist/next-devtools/shared/forward-logs-shared.js:44
[  523198ms] [LOG] [Fast Refresh] rebuilding @ webpack-internal:///(app-pages-browser)/./node_modules/next/dist/next-devtools/shared/forward-logs-shared.js:44
[  523591ms] [LOG] [Fast Refresh] done in 394ms @ webpack-internal:///(app-pages-browser)/./node_modules/next/dist/next-devtools/shared/forward-logs-shared.js:44
[  524702ms] [LOG] [Fast Refresh] rebuilding @ webpack-internal:///(app-pages-browser)/./node_modules/next/dist/next-devtools/shared/forward-logs-shared.js:44
[  525083ms] [LOG] [Fast Refresh] done in 382ms @ webpack-internal:///(app-pages-browser)/./node_modules/next/dist/next-devtools/shared/forward-logs-shared.js:44
[  526829ms] [LOG] [Fast Refresh] rebuilding @ webpack-internal:///(app-pages-browser)/./node_modules/next/dist/next-devtools/shared/forward-logs-shared.js:44
[  527260ms] [LOG] [Fast Refresh] done in 431ms @ webpack-internal:///(app-pages-browser)/./node_modules/next/dist/next-devtools/shared/forward-logs-shared.js:44
[  528403ms] [LOG] [Fast Refresh] rebuilding @ webpack-internal:///(app-pages-browser)/./node_modules/next/dist/next-devtools/shared/forward-logs-shared.js:44
[  528770ms] [LOG] [Fast Refresh] done in 367ms @ webpack-internal:///(app-pages-browser)/./node_modules/next/dist/next-devtools/shared/forward-logs-shared.js:44
[  529839ms] [LOG] [Fast Refresh] rebuilding @ webpack-internal:///(app-pages-browser)/./node_modules/next/dist/next-devtools/shared/forward-logs-shared.js:44
[  530185ms] [LOG] [Fast Refresh] done in 346ms @ webpack-internal:///(app-pages-browser)/./node_modules/next/dist/next-devtools/shared/forward-logs-shared.js:44
[  531262ms] [LOG] [Fast Refresh] rebuilding @ webpack-internal:///(app-pages-browser)/./node_modules/next/dist/next-devtools/shared/forward-logs-shared.js:44
[  531512ms] [LOG] [Fast Refresh] done in 251ms @ webpack-internal:///(app-pages-browser)/./node_modules/next/dist/next-devtools/shared/forward-logs-shared.js:44
[  532535ms] [LOG] [Fast Refresh] rebuilding @ webpack-internal:///(app-pages-browser)/./node_modules/next/dist/next-devtools/shared/forward-logs-shared.js:44
[  532902ms] [LOG] [Fast Refresh] done in 367ms @ webpack-internal:///(app-pages-browser)/./node_modules/next/dist/next-devtools/shared/forward-logs-shared.js:44
[  533950ms] [LOG] [Fast Refresh] rebuilding @ webpack-internal:///(app-pages-browser)/./node_modules/next/dist/next-devtools/shared/forward-logs-shared.js:44
[  534304ms] [LOG] [Fast Refresh] done in 354ms @ webpack-internal:///(app-pages-browser)/./node_modules/next/dist/next-devtools/shared/forward-logs-shared.js:44
[  536304ms] [LOG] [Fast Refresh] rebuilding @ webpack-internal:///(app-pages-browser)/./node_modules/next/dist/next-devtools/shared/forward-logs-shared.js:44
[  536618ms] [LOG] [Fast Refresh] done in 314ms @ webpack-internal:///(app-pages-browser)/./node_modules/next/dist/next-devtools/shared/forward-logs-shared.js:44
[  537849ms] [LOG] [Fast Refresh] rebuilding @ webpack-internal:///(app-pages-browser)/./node_modules/next/dist/next-devtools/shared/forward-logs-shared.js:44
[  538623ms] [LOG] [Fast Refresh] done in 774ms @ webpack-internal:///(app-pages-browser)/./node_modules/next/dist/next-devtools/shared/forward-logs-shared.js:44
[  539348ms] [LOG] [Fast Refresh] rebuilding @ webpack-internal:///(app-pages-browser)/./node_modules/next/dist/next-devtools/shared/forward-logs-shared.js:44
[  539732ms] [LOG] [Fast Refresh] done in 384ms @ webpack-internal:///(app-pages-browser)/./node_modules/next/dist/next-devtools/shared/forward-logs-shared.js:44
[  541543ms] [LOG] [Fast Refresh] rebuilding @ webpack-internal:///(app-pages-browser)/./node_modules/next/dist/next-devtools/shared/forward-logs-shared.js:44
[  542394ms] [LOG] [Fast Refresh] done in 851ms @ webpack-internal:///(app-pages-browser)/./node_modules/next/dist/next-devtools/shared/forward-logs-shared.js:44
[  542919ms] [LOG] [Fast Refresh] rebuilding @ webpack-internal:///(app-pages-browser)/./node_modules/next/dist/next-devtools/shared/forward-logs-shared.js:44
[  543655ms] [LOG] [Fast Refresh] done in 734ms @ webpack-internal:///(app-pages-browser)/./node_modules/next/dist/next-devtools/shared/forward-logs-shared.js:44
[  545152ms] [LOG] [Fast Refresh] rebuilding @ webpack-internal:///(app-pages-browser)/./node_modules/next/dist/next-devtools/shared/forward-logs-shared.js:44
[  545795ms] [LOG] [Fast Refresh] done in 643ms @ webpack-internal:///(app-pages-browser)/./node_modules/next/dist/next-devtools/shared/forward-logs-shared.js:44
[  546717ms] [LOG] [Fast Refresh] rebuilding @ webpack-internal:///(app-pages-browser)/./node_modules/next/dist/next-devtools/shared/forward-logs-shared.js:44
[  547070ms] [LOG] [Fast Refresh] done in 354ms @ webpack-internal:///(app-pages-browser)/./node_modules/next/dist/next-devtools/shared/forward-logs-shared.js:44
[  548140ms] [LOG] [Fast Refresh] rebuilding @ webpack-internal:///(app-pages-browser)/./node_modules/next/dist/next-devtools/shared/forward-logs-shared.js:44
[  548786ms] [LOG] [Fast Refresh] done in 647ms @ webpack-internal:///(app-pages-browser)/./node_modules/next/dist/next-devtools/shared/forward-logs-shared.js:44
[  549577ms] [LOG] [Fast Refresh] rebuilding @ webpack-internal:///(app-pages-browser)/./node_modules/next/dist/next-devtools/shared/forward-logs-shared.js:44
[  549923ms] [LOG] [Fast Refresh] done in 347ms @ webpack-internal:///(app-pages-browser)/./node_modules/next/dist/next-devtools/shared/forward-logs-shared.js:44
[  551011ms] [LOG] [Fast Refresh] rebuilding @ webpack-internal:///(app-pages-browser)/./node_modules/next/dist/next-devtools/shared/forward-logs-shared.js:44
[  551395ms] [LOG] [Fast Refresh] done in 383ms @ webpack-internal:///(app-pages-browser)/./node_modules/next/dist/next-devtools/shared/forward-logs-shared.js:44
[  552499ms] [LOG] [Fast Refresh] rebuilding @ webpack-internal:///(app-pages-browser)/./node_modules/next/dist/next-devtools/shared/forward-logs-shared.js:44
[  552873ms] [LOG] [Fast Refresh] done in 373ms @ webpack-internal:///(app-pages-browser)/./node_modules/next/dist/next-devtools/shared/forward-logs-shared.js:44
[  553804ms] [LOG] [Fast Refresh] rebuilding @ webpack-internal:///(app-pages-browser)/./node_modules/next/dist/next-devtools/shared/forward-logs-shared.js:44
[  554146ms] [LOG] [Fast Refresh] done in 343ms @ webpack-internal:///(app-pages-browser)/./node_modules/next/dist/next-devtools/shared/forward-logs-shared.js:44
[  555663ms] [LOG] [Fast Refresh] rebuilding @ webpack-internal:///(app-pages-browser)/./node_modules/next/dist/next-devtools/shared/forward-logs-shared.js:44
[  556397ms] [LOG] [Fast Refresh] done in 734ms @ webpack-internal:///(app-pages-browser)/./node_modules/next/dist/next-devtools/shared/forward-logs-shared.js:44
[  557471ms] [LOG] [Fast Refresh] rebuilding @ webpack-internal:///(app-pages-browser)/./node_modules/next/dist/next-devtools/shared/forward-logs-shared.js:44
[  557750ms] [LOG] [Fast Refresh] done in 280ms @ webpack-internal:///(app-pages-browser)/./node_modules/next/dist/next-devtools/shared/forward-logs-shared.js:44
[  558803ms] [LOG] [Fast Refresh] rebuilding @ webpack-internal:///(app-pages-browser)/./node_modules/next/dist/next-devtools/shared/forward-logs-shared.js:44
[  559109ms] [LOG] [Fast Refresh] done in 306ms @ webpack-internal:///(app-pages-browser)/./node_modules/next/dist/next-devtools/shared/forward-logs-shared.js:44
[  560110ms] [LOG] [Fast Refresh] rebuilding @ webpack-internal:///(app-pages-browser)/./node_modules/next/dist/next-devtools/shared/forward-logs-shared.js:44
[  560714ms] [LOG] [Fast Refresh] done in 604ms @ webpack-internal:///(app-pages-browser)/./node_modules/next/dist/next-devtools/shared/forward-logs-shared.js:44
[  561351ms] [LOG] [Fast Refresh] rebuilding @ webpack-internal:///(app-pages-browser)/./node_modules/next/dist/next-devtools/shared/forward-logs-shared.js:44
[  561747ms] [LOG] [Fast Refresh] done in 396ms @ webpack-internal:///(app-pages-browser)/./node_modules/next/dist/next-devtools/shared/forward-logs-shared.js:44
[  562681ms] [LOG] [Fast Refresh] rebuilding @ webpack-internal:///(app-pages-browser)/./node_modules/next/dist/next-devtools/shared/forward-logs-shared.js:44
[  563018ms] [LOG] [Fast Refresh] done in 337ms @ webpack-internal:///(app-pages-browser)/./node_modules/next/dist/next-devtools/shared/forward-logs-shared.js:44
[  564008ms] [LOG] [Fast Refresh] rebuilding @ webpack-internal:///(app-pages-browser)/./node_modules/next/dist/next-devtools/shared/forward-logs-shared.js:44
[  564468ms] [LOG] [Fast Refresh] done in 460ms @ webpack-internal:///(app-pages-browser)/./node_modules/next/dist/next-devtools/shared/forward-logs-shared.js:44
[  565314ms] [LOG] [Fast Refresh] rebuilding @ webpack-internal:///(app-pages-browser)/./node_modules/next/dist/next-devtools/shared/forward-logs-shared.js:44
[  565694ms] [LOG] [Fast Refresh] done in 380ms @ webpack-internal:///(app-pages-browser)/./node_modules/next/dist/next-devtools/shared/forward-logs-shared.js:44
[  566662ms] [LOG] [Fast Refresh] rebuilding @ webpack-internal:///(app-pages-browser)/./node_modules/next/dist/next-devtools/shared/forward-logs-shared.js:44
[  567132ms] [LOG] [Fast Refresh] done in 470ms @ webpack-internal:///(app-pages-browser)/./node_modules/next/dist/next-devtools/shared/forward-logs-shared.js:44
[  568025ms] [LOG] [Fast Refresh] rebuilding @ webpack-internal:///(app-pages-browser)/./node_modules/next/dist/next-devtools/shared/forward-logs-shared.js:44
[  568360ms] [LOG] [Fast Refresh] done in 335ms @ webpack-internal:///(app-pages-browser)/./node_modules/next/dist/next-devtools/shared/forward-logs-shared.js:44
[  569162ms] [LOG] [Fast Refresh] rebuilding @ webpack-internal:///(app-pages-browser)/./node_modules/next/dist/next-devtools/shared/forward-logs-shared.js:44
[  569458ms] [LOG] [Fast Refresh] done in 297ms @ webpack-internal:///(app-pages-browser)/./node_modules/next/dist/next-devtools/shared/forward-logs-shared.js:44
[  570888ms] [LOG] [Fast Refresh] rebuilding @ webpack-internal:///(app-pages-browser)/./node_modules/next/dist/next-devtools/shared/forward-logs-shared.js:44
[  571633ms] [LOG] [Fast Refresh] done in 744ms @ webpack-internal:///(app-pages-browser)/./node_modules/next/dist/next-devtools/shared/forward-logs-shared.js:44
[  572318ms] [LOG] [Fast Refresh] rebuilding @ webpack-internal:///(app-pages-browser)/./node_modules/next/dist/next-devtools/shared/forward-logs-shared.js:44
[  572713ms] [LOG] [Fast Refresh] done in 394ms @ webpack-internal:///(app-pages-browser)/./node_modules/next/dist/next-devtools/shared/forward-logs-shared.js:44
[  574342ms] [LOG] [Fast Refresh] rebuilding @ webpack-internal:///(app-pages-browser)/./node_modules/next/dist/next-devtools/shared/forward-logs-shared.js:44
[  574767ms] [LOG] [Fast Refresh] done in 424ms @ webpack-internal:///(app-pages-browser)/./node_modules/next/dist/next-devtools/shared/forward-logs-shared.js:44
[  575885ms] [LOG] [Fast Refresh] rebuilding @ webpack-internal:///(app-pages-browser)/./node_modules/next/dist/next-devtools/shared/forward-logs-shared.js:44
[  576223ms] [LOG] [Fast Refresh] done in 337ms @ webpack-internal:///(app-pages-browser)/./node_modules/next/dist/next-devtools/shared/forward-logs-shared.js:44
[  577254ms] [LOG] [Fast Refresh] rebuilding @ webpack-internal:///(app-pages-browser)/./node_modules/next/dist/next-devtools/shared/forward-logs-shared.js:44
[  577542ms] [LOG] [Fast Refresh] done in 288ms @ webpack-internal:///(app-pages-browser)/./node_modules/next/dist/next-devtools/shared/forward-logs-shared.js:44
[  578611ms] [LOG] [Fast Refresh] rebuilding @ webpack-internal:///(app-pages-browser)/./node_modules/next/dist/next-devtools/shared/forward-logs-shared.js:44
[  578958ms] [LOG] [Fast Refresh] done in 347ms @ webpack-internal:///(app-pages-browser)/./node_modules/next/dist/next-devtools/shared/forward-logs-shared.js:44
[  579956ms] [LOG] [Fast Refresh] rebuilding @ webpack-internal:///(app-pages-browser)/./node_modules/next/dist/next-devtools/shared/forward-logs-shared.js:44
[  580290ms] [LOG] [Fast Refresh] done in 333ms @ webpack-internal:///(app-pages-browser)/./node_modules/next/dist/next-devtools/shared/forward-logs-shared.js:44
[  581293ms] [LOG] [Fast Refresh] rebuilding @ webpack-internal:///(app-pages-browser)/./node_modules/next/dist/next-devtools/shared/forward-logs-shared.js:44
[  581651ms] [LOG] [Fast Refresh] done in 359ms @ webpack-internal:///(app-pages-browser)/./node_modules/next/dist/next-devtools/shared/forward-logs-shared.js:44
[  582644ms] [LOG] [Fast Refresh] rebuilding @ webpack-internal:///(app-pages-browser)/./node_modules/next/dist/next-devtools/shared/forward-logs-shared.js:44
[  582988ms] [LOG] [Fast Refresh] done in 344ms @ webpack-internal:///(app-pages-browser)/./node_modules/next/dist/next-devtools/shared/forward-logs-shared.js:44
[  584005ms] [LOG] [Fast Refresh] rebuilding @ webpack-internal:///(app-pages-browser)/./node_modules/next/dist/next-devtools/shared/forward-logs-shared.js:44
[  584358ms] [LOG] [Fast Refresh] done in 353ms @ webpack-internal:///(app-pages-browser)/./node_modules/next/dist/next-devtools/shared/forward-logs-shared.js:44
[  585662ms] [LOG] [Fast Refresh] rebuilding @ webpack-internal:///(app-pages-browser)/./node_modules/next/dist/next-devtools/shared/forward-logs-shared.js:44
[  586503ms] [LOG] [Fast Refresh] done in 841ms @ webpack-internal:///(app-pages-browser)/./node_modules/next/dist/next-devtools/shared/forward-logs-shared.js:44
[  587116ms] [LOG] [Fast Refresh] rebuilding @ webpack-internal:///(app-pages-browser)/./node_modules/next/dist/next-devtools/shared/forward-logs-shared.js:44
[  587446ms] [LOG] [Fast Refresh] done in 330ms @ webpack-internal:///(app-pages-browser)/./node_modules/next/dist/next-devtools/shared/forward-logs-shared.js:44
[  588478ms] [LOG] [Fast Refresh] rebuilding @ webpack-internal:///(app-pages-browser)/./node_modules/next/dist/next-devtools/shared/forward-logs-shared.js:44
[  588805ms] [LOG] [Fast Refresh] done in 327ms @ webpack-internal:///(app-pages-browser)/./node_modules/next/dist/next-devtools/shared/forward-logs-shared.js:44
[  589965ms] [LOG] [Fast Refresh] rebuilding @ webpack-internal:///(app-pages-browser)/./node_modules/next/dist/next-devtools/shared/forward-logs-shared.js:44
[  590459ms] [LOG] [Fast Refresh] done in 494ms @ webpack-internal:///(app-pages-browser)/./node_modules/next/dist/next-devtools/shared/forward-logs-shared.js:44
[  591443ms] [LOG] [Fast Refresh] rebuilding @ webpack-internal:///(app-pages-browser)/./node_modules/next/dist/next-devtools/shared/forward-logs-shared.js:44
[  591737ms] [LOG] [Fast Refresh] done in 295ms @ webpack-internal:///(app-pages-browser)/./node_modules/next/dist/next-devtools/shared/forward-logs-shared.js:44
[  593274ms] [LOG] [Fast Refresh] rebuilding @ webpack-internal:///(app-pages-browser)/./node_modules/next/dist/next-devtools/shared/forward-logs-shared.js:44
[  593620ms] [LOG] [Fast Refresh] done in 345ms @ webpack-internal:///(app-pages-browser)/./node_modules/next/dist/next-devtools/shared/forward-logs-shared.js:44
[  594571ms] [LOG] [Fast Refresh] rebuilding @ webpack-internal:///(app-pages-browser)/./node_modules/next/dist/next-devtools/shared/forward-logs-shared.js:44
[  594844ms] [LOG] [Fast Refresh] done in 272ms @ webpack-internal:///(app-pages-browser)/./node_modules/next/dist/next-devtools/shared/forward-logs-shared.js:44
[  595825ms] [LOG] [Fast Refresh] rebuilding @ webpack-internal:///(app-pages-browser)/./node_modules/next/dist/next-devtools/shared/forward-logs-shared.js:44
[  596140ms] [LOG] [Fast Refresh] done in 315ms @ webpack-internal:///(app-pages-browser)/./node_modules/next/dist/next-devtools/shared/forward-logs-shared.js:44
[  597206ms] [LOG] [Fast Refresh] rebuilding @ webpack-internal:///(app-pages-browser)/./node_modules/next/dist/next-devtools/shared/forward-logs-shared.js:44
[  597527ms] [LOG] [Fast Refresh] done in 322ms @ webpack-internal:///(app-pages-browser)/./node_modules/next/dist/next-devtools/shared/forward-logs-shared.js:44
[  598594ms] [LOG] [Fast Refresh] rebuilding @ webpack-internal:///(app-pages-browser)/./node_modules/next/dist/next-devtools/shared/forward-logs-shared.js:44
[  598946ms] [LOG] [Fast Refresh] done in 353ms @ webpack-internal:///(app-pages-browser)/./node_modules/next/dist/next-devtools/shared/forward-logs-shared.js:44
[  599925ms] [LOG] [Fast Refresh] rebuilding @ webpack-internal:///(app-pages-browser)/./node_modules/next/dist/next-devtools/shared/forward-logs-shared.js:44
[  600319ms] [LOG] [Fast Refresh] done in 394ms @ webpack-internal:///(app-pages-browser)/./node_modules/next/dist/next-devtools/shared/forward-logs-shared.js:44
[  602793ms] [LOG] [Fast Refresh] rebuilding @ webpack-internal:///(app-pages-browser)/./node_modules/next/dist/next-devtools/shared/forward-logs-shared.js:44
[  603369ms] [LOG] [Fast Refresh] done in 576ms @ webpack-internal:///(app-pages-browser)/./node_modules/next/dist/next-devtools/shared/forward-logs-shared.js:44
[  604407ms] [LOG] [Fast Refresh] rebuilding @ webpack-internal:///(app-pages-browser)/./node_modules/next/dist/next-devtools/shared/forward-logs-shared.js:44
[  604830ms] [LOG] [Fast Refresh] done in 422ms @ webpack-internal:///(app-pages-browser)/./node_modules/next/dist/next-devtools/shared/forward-logs-shared.js:44
[  605653ms] [LOG] [Fast Refresh] rebuilding @ webpack-internal:///(app-pages-browser)/./node_modules/next/dist/next-devtools/shared/forward-logs-shared.js:44
[  605957ms] [LOG] [Fast Refresh] done in 303ms @ webpack-internal:///(app-pages-browser)/./node_modules/next/dist/next-devtools/shared/forward-logs-shared.js:44
[  606915ms] [LOG] [Fast Refresh] rebuilding @ webpack-internal:///(app-pages-browser)/./node_modules/next/dist/next-devtools/shared/forward-logs-shared.js:44
[  607278ms] [LOG] [Fast Refresh] done in 363ms @ webpack-internal:///(app-pages-browser)/./node_modules/next/dist/next-devtools/shared/forward-logs-shared.js:44
[  608310ms] [LOG] [Fast Refresh] rebuilding @ webpack-internal:///(app-pages-browser)/./node_modules/next/dist/next-devtools/shared/forward-logs-shared.js:44
[  608764ms] [LOG] [Fast Refresh] done in 453ms @ webpack-internal:///(app-pages-browser)/./node_modules/next/dist/next-devtools/shared/forward-logs-shared.js:44
[  610308ms] [LOG] [Fast Refresh] rebuilding @ webpack-internal:///(app-pages-browser)/./node_modules/next/dist/next-devtools/shared/forward-logs-shared.js:44
[  611014ms] [LOG] [Fast Refresh] done in 705ms @ webpack-internal:///(app-pages-browser)/./node_modules/next/dist/next-devtools/shared/forward-logs-shared.js:44
[  612117ms] [LOG] [Fast Refresh] rebuilding @ webpack-internal:///(app-pages-browser)/./node_modules/next/dist/next-devtools/shared/forward-logs-shared.js:44
[  612921ms] [LOG] [Fast Refresh] done in 804ms @ webpack-internal:///(app-pages-browser)/./node_modules/next/dist/next-devtools/shared/forward-logs-shared.js:44
[  614251ms] [LOG] [Fast Refresh] rebuilding @ webpack-internal:///(app-pages-browser)/./node_modules/next/dist/next-devtools/shared/forward-logs-shared.js:44
[  615070ms] [LOG] [Fast Refresh] done in 819ms @ webpack-internal:///(app-pages-browser)/./node_modules/next/dist/next-devtools/shared/forward-logs-shared.js:44
[  617167ms] [LOG] [Fast Refresh] rebuilding @ webpack-internal:///(app-pages-browser)/./node_modules/next/dist/next-devtools/shared/forward-logs-shared.js:44
[  617693ms] [LOG] [Fast Refresh] done in 527ms @ webpack-internal:///(app-pages-browser)/./node_modules/next/dist/next-devtools/shared/forward-logs-shared.js:44
[  618506ms] [LOG] [Fast Refresh] rebuilding @ webpack-internal:///(app-pages-browser)/./node_modules/next/dist/next-devtools/shared/forward-logs-shared.js:44
[  618753ms] [LOG] [Fast Refresh] done in 246ms @ webpack-internal:///(app-pages-browser)/./node_modules/next/dist/next-devtools/shared/forward-logs-shared.js:44
[  619727ms] [LOG] [Fast Refresh] rebuilding @ webpack-internal:///(app-pages-browser)/./node_modules/next/dist/next-devtools/shared/forward-logs-shared.js:44
[  620089ms] [LOG] [Fast Refresh] done in 361ms @ webpack-internal:///(app-pages-browser)/./node_modules/next/dist/next-devtools/shared/forward-logs-shared.js:44
[  621034ms] [LOG] [Fast Refresh] rebuilding @ webpack-internal:///(app-pages-browser)/./node_modules/next/dist/next-devtools/shared/forward-logs-shared.js:44
[  621307ms] [LOG] [Fast Refresh] done in 273ms @ webpack-internal:///(app-pages-browser)/./node_modules/next/dist/next-devtools/shared/forward-logs-shared.js:44
[  622441ms] [LOG] [Fast Refresh] rebuilding @ webpack-internal:///(app-pages-browser)/./node_modules/next/dist/next-devtools/shared/forward-logs-shared.js:44
[  622775ms] [LOG] [Fast Refresh] done in 334ms @ webpack-internal:///(app-pages-browser)/./node_modules/next/dist/next-devtools/shared/forward-logs-shared.js:44
[  623802ms] [LOG] [Fast Refresh] rebuilding @ webpack-internal:///(app-pages-browser)/./node_modules/next/dist/next-devtools/shared/forward-logs-shared.js:44
[  624127ms] [LOG] [Fast Refresh] done in 324ms @ webpack-internal:///(app-pages-browser)/./node_modules/next/dist/next-devtools/shared/forward-logs-shared.js:44
[  625111ms] [LOG] [Fast Refresh] rebuilding @ webpack-internal:///(app-pages-browser)/./node_modules/next/dist/next-devtools/shared/forward-logs-shared.js:44
[  625484ms] [LOG] [Fast Refresh] done in 373ms @ webpack-internal:///(app-pages-browser)/./node_modules/next/dist/next-devtools/shared/forward-logs-shared.js:44
[  626625ms] [LOG] [Fast Refresh] rebuilding @ webpack-internal:///(app-pages-browser)/./node_modules/next/dist/next-devtools/shared/forward-logs-shared.js:44
[  627478ms] [LOG] [Fast Refresh] done in 853ms @ webpack-internal:///(app-pages-browser)/./node_modules/next/dist/next-devtools/shared/forward-logs-shared.js:44
[  627995ms] [LOG] [Fast Refresh] rebuilding @ webpack-internal:///(app-pages-browser)/./node_modules/next/dist/next-devtools/shared/forward-logs-shared.js:44
[  628320ms] [LOG] [Fast Refresh] done in 324ms @ webpack-internal:///(app-pages-browser)/./node_modules/next/dist/next-devtools/shared/forward-logs-shared.js:44
[  629371ms] [LOG] [Fast Refresh] rebuilding @ webpack-internal:///(app-pages-browser)/./node_modules/next/dist/next-devtools/shared/forward-logs-shared.js:44
[  629729ms] [LOG] [Fast Refresh] done in 358ms @ webpack-internal:///(app-pages-browser)/./node_modules/next/dist/next-devtools/shared/forward-logs-shared.js:44
[  630895ms] [LOG] [Fast Refresh] rebuilding @ webpack-internal:///(app-pages-browser)/./node_modules/next/dist/next-devtools/shared/forward-logs-shared.js:44
[  631797ms] [LOG] [Fast Refresh] done in 902ms @ webpack-internal:///(app-pages-browser)/./node_modules/next/dist/next-devtools/shared/forward-logs-shared.js:44
[  632493ms] [LOG] [Fast Refresh] rebuilding @ webpack-internal:///(app-pages-browser)/./node_modules/next/dist/next-devtools/shared/forward-logs-shared.js:44
[  633127ms] [LOG] [Fast Refresh] done in 633ms @ webpack-internal:///(app-pages-browser)/./node_modules/next/dist/next-devtools/shared/forward-logs-shared.js:44
[  633906ms] [LOG] [Fast Refresh] rebuilding @ webpack-internal:///(app-pages-browser)/./node_modules/next/dist/next-devtools/shared/forward-logs-shared.js:44
[  635023ms] [LOG] [Fast Refresh] done in 1116ms @ webpack-internal:///(app-pages-browser)/./node_modules/next/dist/next-devtools/shared/forward-logs-shared.js:44
[  636189ms] [LOG] [Fast Refresh] rebuilding @ webpack-internal:///(app-pages-browser)/./node_modules/next/dist/next-devtools/shared/forward-logs-shared.js:44
[  636570ms] [LOG] [Fast Refresh] done in 381ms @ webpack-internal:///(app-pages-browser)/./node_modules/next/dist/next-devtools/shared/forward-logs-shared.js:44
[  637582ms] [LOG] [Fast Refresh] rebuilding @ webpack-internal:///(app-pages-browser)/./node_modules/next/dist/next-devtools/shared/forward-logs-shared.js:44
[  637880ms] [LOG] [Fast Refresh] done in 298ms @ webpack-internal:///(app-pages-browser)/./node_modules/next/dist/next-devtools/shared/forward-logs-shared.js:44
[  638858ms] [LOG] [Fast Refresh] rebuilding @ webpack-internal:///(app-pages-browser)/./node_modules/next/dist/next-devtools/shared/forward-logs-shared.js:44
[  639226ms] [LOG] [Fast Refresh] done in 368ms @ webpack-internal:///(app-pages-browser)/./node_modules/next/dist/next-devtools/shared/forward-logs-shared.js:44
[  640230ms] [LOG] [Fast Refresh] rebuilding @ webpack-internal:///(app-pages-browser)/./node_modules/next/dist/next-devtools/shared/forward-logs-shared.js:44
[  640634ms] [LOG] [Fast Refresh] done in 405ms @ webpack-internal:///(app-pages-browser)/./node_modules/next/dist/next-devtools/shared/forward-logs-shared.js:44
[  641486ms] [LOG] [Fast Refresh] rebuilding @ webpack-internal:///(app-pages-browser)/./node_modules/next/dist/next-devtools/shared/forward-logs-shared.js:44
[  641801ms] [LOG] [Fast Refresh] done in 314ms @ webpack-internal:///(app-pages-browser)/./node_modules/next/dist/next-devtools/shared/forward-logs-shared.js:44
[  642920ms] [LOG] [Fast Refresh] rebuilding @ webpack-internal:///(app-pages-browser)/./node_modules/next/dist/next-devtools/shared/forward-logs-shared.js:44
[  643270ms] [LOG] [Fast Refresh] done in 349ms @ webpack-internal:///(app-pages-browser)/./node_modules/next/dist/next-devtools/shared/forward-logs-shared.js:44
[  644213ms] [LOG] [Fast Refresh] rebuilding @ webpack-internal:///(app-pages-browser)/./node_modules/next/dist/next-devtools/shared/forward-logs-shared.js:44
[  644503ms] [LOG] [Fast Refresh] done in 289ms @ webpack-internal:///(app-pages-browser)/./node_modules/next/dist/next-devtools/shared/forward-logs-shared.js:44
[  645716ms] [LOG] [Fast Refresh] rebuilding @ webpack-internal:///(app-pages-browser)/./node_modules/next/dist/next-devtools/shared/forward-logs-shared.js:44
[  646987ms] [LOG] [Fast Refresh] done in 1272ms @ webpack-internal:///(app-pages-browser)/./node_modules/next/dist/next-devtools/shared/forward-logs-shared.js:44
[  647628ms] [LOG] [Fast Refresh] rebuilding @ webpack-internal:///(app-pages-browser)/./node_modules/next/dist/next-devtools/shared/forward-logs-shared.js:44
[  648153ms] [LOG] [Fast Refresh] done in 525ms @ webpack-internal:///(app-pages-browser)/./node_modules/next/dist/next-devtools/shared/forward-logs-shared.js:44
[  648998ms] [LOG] [Fast Refresh] rebuilding @ webpack-internal:///(app-pages-browser)/./node_modules/next/dist/next-devtools/shared/forward-logs-shared.js:44
[  649854ms] [LOG] [Fast Refresh] done in 855ms @ webpack-internal:///(app-pages-browser)/./node_modules/next/dist/next-devtools/shared/forward-logs-shared.js:44
[  650418ms] [LOG] [Fast Refresh] rebuilding @ webpack-internal:///(app-pages-browser)/./node_modules/next/dist/next-devtools/shared/forward-logs-shared.js:44
[  650889ms] [LOG] [Fast Refresh] done in 471ms @ webpack-internal:///(app-pages-browser)/./node_modules/next/dist/next-devtools/shared/forward-logs-shared.js:44
[  651746ms] [LOG] [Fast Refresh] rebuilding @ webpack-internal:///(app-pages-browser)/./node_modules/next/dist/next-devtools/shared/forward-logs-shared.js:44
[  652084ms] [LOG] [Fast Refresh] done in 338ms @ webpack-internal:///(app-pages-browser)/./node_modules/next/dist/next-devtools/shared/forward-logs-shared.js:44
[  653014ms] [LOG] [Fast Refresh] rebuilding @ webpack-internal:///(app-pages-browser)/./node_modules/next/dist/next-devtools/shared/forward-logs-shared.js:44
[  653434ms] [LOG] [Fast Refresh] done in 421ms @ webpack-internal:///(app-pages-browser)/./node_modules/next/dist/next-devtools/shared/forward-logs-shared.js:44
[  654279ms] [LOG] [Fast Refresh] rebuilding @ webpack-internal:///(app-pages-browser)/./node_modules/next/dist/next-devtools/shared/forward-logs-shared.js:44
[  654572ms] [LOG] [Fast Refresh] done in 292ms @ webpack-internal:///(app-pages-browser)/./node_modules/next/dist/next-devtools/shared/forward-logs-shared.js:44
[  655567ms] [LOG] [Fast Refresh] rebuilding @ webpack-internal:///(app-pages-browser)/./node_modules/next/dist/next-devtools/shared/forward-logs-shared.js:44
[  655870ms] [LOG] [Fast Refresh] done in 304ms @ webpack-internal:///(app-pages-browser)/./node_modules/next/dist/next-devtools/shared/forward-logs-shared.js:44
[  656748ms] [LOG] [Fast Refresh] rebuilding @ webpack-internal:///(app-pages-browser)/./node_modules/next/dist/next-devtools/shared/forward-logs-shared.js:44
[  657103ms] [LOG] [Fast Refresh] done in 354ms @ webpack-internal:///(app-pages-browser)/./node_modules/next/dist/next-devtools/shared/forward-logs-shared.js:44
[  658190ms] [LOG] [Fast Refresh] rebuilding @ webpack-internal:///(app-pages-browser)/./node_modules/next/dist/next-devtools/shared/forward-logs-shared.js:44
[  658561ms] [LOG] [Fast Refresh] done in 370ms @ webpack-internal:///(app-pages-browser)/./node_modules/next/dist/next-devtools/shared/forward-logs-shared.js:44
[  659597ms] [LOG] [Fast Refresh] rebuilding @ webpack-internal:///(app-pages-browser)/./node_modules/next/dist/next-devtools/shared/forward-logs-shared.js:44
[  659894ms] [LOG] [Fast Refresh] done in 297ms @ webpack-internal:///(app-pages-browser)/./node_modules/next/dist/next-devtools/shared/forward-logs-shared.js:44
[  661129ms] [LOG] [Fast Refresh] rebuilding @ webpack-internal:///(app-pages-browser)/./node_modules/next/dist/next-devtools/shared/forward-logs-shared.js:44
[  661599ms] [LOG] [Fast Refresh] done in 469ms @ webpack-internal:///(app-pages-browser)/./node_modules/next/dist/next-devtools/shared/forward-logs-shared.js:44
[  662644ms] [LOG] [Fast Refresh] rebuilding @ webpack-internal:///(app-pages-browser)/./node_modules/next/dist/next-devtools/shared/forward-logs-shared.js:44
[  663018ms] [LOG] [Fast Refresh] done in 375ms @ webpack-internal:///(app-pages-browser)/./node_modules/next/dist/next-devtools/shared/forward-logs-shared.js:44
[  664073ms] [LOG] [Fast Refresh] rebuilding @ webpack-internal:///(app-pages-browser)/./node_modules/next/dist/next-devtools/shared/forward-logs-shared.js:44
[  664415ms] [LOG] [Fast Refresh] done in 342ms @ webpack-internal:///(app-pages-browser)/./node_modules/next/dist/next-devtools/shared/forward-logs-shared.js:44
[  665432ms] [LOG] [Fast Refresh] rebuilding @ webpack-internal:///(app-pages-browser)/./node_modules/next/dist/next-devtools/shared/forward-logs-shared.js:44
[  665790ms] [LOG] [Fast Refresh] done in 358ms @ webpack-internal:///(app-pages-browser)/./node_modules/next/dist/next-devtools/shared/forward-logs-shared.js:44
[  666689ms] [LOG] [Fast Refresh] rebuilding @ webpack-internal:///(app-pages-browser)/./node_modules/next/dist/next-devtools/shared/forward-logs-shared.js:44
[  667916ms] [LOG] [Fast Refresh] done in 1227ms @ webpack-internal:///(app-pages-browser)/./node_modules/next/dist/next-devtools/shared/forward-logs-shared.js:44
[  668955ms] [LOG] [Fast Refresh] rebuilding @ webpack-internal:///(app-pages-browser)/./node_modules/next/dist/next-devtools/shared/forward-logs-shared.js:44
[  669228ms] [LOG] [Fast Refresh] done in 273ms @ webpack-internal:///(app-pages-browser)/./node_modules/next/dist/next-devtools/shared/forward-logs-shared.js:44
[  670356ms] [LOG] [Fast Refresh] rebuilding @ webpack-internal:///(app-pages-browser)/./node_modules/next/dist/next-devtools/shared/forward-logs-shared.js:44
[  671287ms] [LOG] [Fast Refresh] done in 931ms @ webpack-internal:///(app-pages-browser)/./node_modules/next/dist/next-devtools/shared/forward-logs-shared.js:44
[  671827ms] [LOG] [Fast Refresh] rebuilding @ webpack-internal:///(app-pages-browser)/./node_modules/next/dist/next-devtools/shared/forward-logs-shared.js:44
[  672179ms] [LOG] [Fast Refresh] done in 352ms @ webpack-internal:///(app-pages-browser)/./node_modules/next/dist/next-devtools/shared/forward-logs-shared.js:44
[  673188ms] [LOG] [Fast Refresh] rebuilding @ webpack-internal:///(app-pages-browser)/./node_modules/next/dist/next-devtools/shared/forward-logs-shared.js:44
[  673736ms] [LOG] [Fast Refresh] done in 549ms @ webpack-internal:///(app-pages-browser)/./node_modules/next/dist/next-devtools/shared/forward-logs-shared.js:44
[  674676ms] [LOG] [Fast Refresh] rebuilding @ webpack-internal:///(app-pages-browser)/./node_modules/next/dist/next-devtools/shared/forward-logs-shared.js:44
[  675050ms] [LOG] [Fast Refresh] done in 374ms @ webpack-internal:///(app-pages-browser)/./node_modules/next/dist/next-devtools/shared/forward-logs-shared.js:44
[  676770ms] [LOG] [Fast Refresh] rebuilding @ webpack-internal:///(app-pages-browser)/./node_modules/next/dist/next-devtools/shared/forward-logs-shared.js:44
[  677589ms] [LOG] [Fast Refresh] done in 818ms @ webpack-internal:///(app-pages-browser)/./node_modules/next/dist/next-devtools/shared/forward-logs-shared.js:44
[  678037ms] [LOG] [Fast Refresh] rebuilding @ webpack-internal:///(app-pages-browser)/./node_modules/next/dist/next-devtools/shared/forward-logs-shared.js:44
[  678332ms] [LOG] [Fast Refresh] done in 296ms @ webpack-internal:///(app-pages-browser)/./node_modules/next/dist/next-devtools/shared/forward-logs-shared.js:44
[  679272ms] [LOG] [Fast Refresh] rebuilding @ webpack-internal:///(app-pages-browser)/./node_modules/next/dist/next-devtools/shared/forward-logs-shared.js:44
[  679562ms] [LOG] [Fast Refresh] done in 291ms @ webpack-internal:///(app-pages-browser)/./node_modules/next/dist/next-devtools/shared/forward-logs-shared.js:44
[  680608ms] [LOG] [Fast Refresh] rebuilding @ webpack-internal:///(app-pages-browser)/./node_modules/next/dist/next-devtools/shared/forward-logs-shared.js:44
[  680967ms] [LOG] [Fast Refresh] done in 358ms @ webpack-internal:///(app-pages-browser)/./node_modules/next/dist/next-devtools/shared/forward-logs-shared.js:44
[  681834ms] [LOG] [Fast Refresh] rebuilding @ webpack-internal:///(app-pages-browser)/./node_modules/next/dist/next-devtools/shared/forward-logs-shared.js:44
[  682337ms] [LOG] [Fast Refresh] done in 503ms @ webpack-internal:///(app-pages-browser)/./node_modules/next/dist/next-devtools/shared/forward-logs-shared.js:44
[  683395ms] [LOG] [Fast Refresh] rebuilding @ webpack-internal:///(app-pages-browser)/./node_modules/next/dist/next-devtools/shared/forward-logs-shared.js:44
[  683799ms] [LOG] [Fast Refresh] done in 403ms @ webpack-internal:///(app-pages-browser)/./node_modules/next/dist/next-devtools/shared/forward-logs-shared.js:44
[  684813ms] [LOG] [Fast Refresh] rebuilding @ webpack-internal:///(app-pages-browser)/./node_modules/next/dist/next-devtools/shared/forward-logs-shared.js:44
[  685271ms] [LOG] [Fast Refresh] done in 459ms @ webpack-internal:///(app-pages-browser)/./node_modules/next/dist/next-devtools/shared/forward-logs-shared.js:44
[  686137ms] [LOG] [Fast Refresh] rebuilding @ webpack-internal:///(app-pages-browser)/./node_modules/next/dist/next-devtools/shared/forward-logs-shared.js:44
[  686496ms] [LOG] [Fast Refresh] done in 359ms @ webpack-internal:///(app-pages-browser)/./node_modules/next/dist/next-devtools/shared/forward-logs-shared.js:44
[  687362ms] [LOG] [Fast Refresh] rebuilding @ webpack-internal:///(app-pages-browser)/./node_modules/next/dist/next-devtools/shared/forward-logs-shared.js:44
[  687670ms] [LOG] [Fast Refresh] done in 308ms @ webpack-internal:///(app-pages-browser)/./node_modules/next/dist/next-devtools/shared/forward-logs-shared.js:44
[  688861ms] [LOG] [Fast Refresh] rebuilding @ webpack-internal:///(app-pages-browser)/./node_modules/next/dist/next-devtools/shared/forward-logs-shared.js:44
[  689223ms] [LOG] [Fast Refresh] done in 361ms @ webpack-internal:///(app-pages-browser)/./node_modules/next/dist/next-devtools/shared/forward-logs-shared.js:44
[  690259ms] [LOG] [Fast Refresh] rebuilding @ webpack-internal:///(app-pages-browser)/./node_modules/next/dist/next-devtools/shared/forward-logs-shared.js:44
[  690657ms] [LOG] [Fast Refresh] done in 397ms @ webpack-internal:///(app-pages-browser)/./node_modules/next/dist/next-devtools/shared/forward-logs-shared.js:44
[  692214ms] [LOG] [Fast Refresh] rebuilding @ webpack-internal:///(app-pages-browser)/./node_modules/next/dist/next-devtools/shared/forward-logs-shared.js:44
[  692596ms] [LOG] [Fast Refresh] done in 383ms @ webpack-internal:///(app-pages-browser)/./node_modules/next/dist/next-devtools/shared/forward-logs-shared.js:44
[  693592ms] [LOG] [Fast Refresh] rebuilding @ webpack-internal:///(app-pages-browser)/./node_modules/next/dist/next-devtools/shared/forward-logs-shared.js:44
[  693992ms] [LOG] [Fast Refresh] done in 401ms @ webpack-internal:///(app-pages-browser)/./node_modules/next/dist/next-devtools/shared/forward-logs-shared.js:44
[  694880ms] [LOG] [Fast Refresh] rebuilding @ webpack-internal:///(app-pages-browser)/./node_modules/next/dist/next-devtools/shared/forward-logs-shared.js:44
[  695322ms] [LOG] [Fast Refresh] done in 441ms @ webpack-internal:///(app-pages-browser)/./node_modules/next/dist/next-devtools/shared/forward-logs-shared.js:44
[  696398ms] [LOG] [Fast Refresh] rebuilding @ webpack-internal:///(app-pages-browser)/./node_modules/next/dist/next-devtools/shared/forward-logs-shared.js:44
[  696824ms] [LOG] [Fast Refresh] done in 425ms @ webpack-internal:///(app-pages-browser)/./node_modules/next/dist/next-devtools/shared/forward-logs-shared.js:44
[  697801ms] [LOG] [Fast Refresh] rebuilding @ webpack-internal:///(app-pages-browser)/./node_modules/next/dist/next-devtools/shared/forward-logs-shared.js:44
[  698223ms] [LOG] [Fast Refresh] done in 422ms @ webpack-internal:///(app-pages-browser)/./node_modules/next/dist/next-devtools/shared/forward-logs-shared.js:44
[  699175ms] [LOG] [Fast Refresh] rebuilding @ webpack-internal:///(app-pages-browser)/./node_modules/next/dist/next-devtools/shared/forward-logs-shared.js:44
[  699496ms] [LOG] [Fast Refresh] done in 322ms @ webpack-internal:///(app-pages-browser)/./node_modules/next/dist/next-devtools/shared/forward-logs-shared.js:44
[  700554ms] [LOG] [Fast Refresh] rebuilding @ webpack-internal:///(app-pages-browser)/./node_modules/next/dist/next-devtools/shared/forward-logs-shared.js:44
[  701755ms] [LOG] [Fast Refresh] done in 1202ms @ webpack-internal:///(app-pages-browser)/./node_modules/next/dist/next-devtools/shared/forward-logs-shared.js:44
[  702836ms] [LOG] [Fast Refresh] rebuilding @ webpack-internal:///(app-pages-browser)/./node_modules/next/dist/next-devtools/shared/forward-logs-shared.js:44
[  703162ms] [LOG] [Fast Refresh] done in 327ms @ webpack-internal:///(app-pages-browser)/./node_modules/next/dist/next-devtools/shared/forward-logs-shared.js:44
[  704284ms] [LOG] [Fast Refresh] rebuilding @ webpack-internal:///(app-pages-browser)/./node_modules/next/dist/next-devtools/shared/forward-logs-shared.js:44
[  704727ms] [LOG] [Fast Refresh] done in 443ms @ webpack-internal:///(app-pages-browser)/./node_modules/next/dist/next-devtools/shared/forward-logs-shared.js:44
[  706239ms] [LOG] [Fast Refresh] rebuilding @ webpack-internal:///(app-pages-browser)/./node_modules/next/dist/next-devtools/shared/forward-logs-shared.js:44
[  707390ms] [LOG] [Fast Refresh] done in 1152ms @ webpack-internal:///(app-pages-browser)/./node_modules/next/dist/next-devtools/shared/forward-logs-shared.js:44
[  708029ms] [LOG] [Fast Refresh] rebuilding @ webpack-internal:///(app-pages-browser)/./node_modules/next/dist/next-devtools/shared/forward-logs-shared.js:44
[  708939ms] [LOG] [Fast Refresh] done in 909ms @ webpack-internal:///(app-pages-browser)/./node_modules/next/dist/next-devtools/shared/forward-logs-shared.js:44
[  709523ms] [LOG] [Fast Refresh] rebuilding @ webpack-internal:///(app-pages-browser)/./node_modules/next/dist/next-devtools/shared/forward-logs-shared.js:44
[  709844ms] [LOG] [Fast Refresh] done in 321ms @ webpack-internal:///(app-pages-browser)/./node_modules/next/dist/next-devtools/shared/forward-logs-shared.js:44
[  710837ms] [LOG] [Fast Refresh] rebuilding @ webpack-internal:///(app-pages-browser)/./node_modules/next/dist/next-devtools/shared/forward-logs-shared.js:44
[  711226ms] [LOG] [Fast Refresh] done in 388ms @ webpack-internal:///(app-pages-browser)/./node_modules/next/dist/next-devtools/shared/forward-logs-shared.js:44
[  712203ms] [LOG] [Fast Refresh] rebuilding @ webpack-internal:///(app-pages-browser)/./node_modules/next/dist/next-devtools/shared/forward-logs-shared.js:44
[  712547ms] [LOG] [Fast Refresh] done in 344ms @ webpack-internal:///(app-pages-browser)/./node_modules/next/dist/next-devtools/shared/forward-logs-shared.js:44
[  713550ms] [LOG] [Fast Refresh] rebuilding @ webpack-internal:///(app-pages-browser)/./node_modules/next/dist/next-devtools/shared/forward-logs-shared.js:44
[  713908ms] [LOG] [Fast Refresh] done in 358ms @ webpack-internal:///(app-pages-browser)/./node_modules/next/dist/next-devtools/shared/forward-logs-shared.js:44
[  714858ms] [LOG] [Fast Refresh] rebuilding @ webpack-internal:///(app-pages-browser)/./node_modules/next/dist/next-devtools/shared/forward-logs-shared.js:44
[  716017ms] [LOG] [Fast Refresh] done in 1159ms @ webpack-internal:///(app-pages-browser)/./node_modules/next/dist/next-devtools/shared/forward-logs-shared.js:44
[  717118ms] [LOG] [Fast Refresh] rebuilding @ webpack-internal:///(app-pages-browser)/./node_modules/next/dist/next-devtools/shared/forward-logs-shared.js:44
[  717340ms] [LOG] [Fast Refresh] done in 222ms @ webpack-internal:///(app-pages-browser)/./node_modules/next/dist/next-devtools/shared/forward-logs-shared.js:44
[  718348ms] [LOG] [Fast Refresh] rebuilding @ webpack-internal:///(app-pages-browser)/./node_modules/next/dist/next-devtools/shared/forward-logs-shared.js:44
[  718711ms] [LOG] [Fast Refresh] done in 362ms @ webpack-internal:///(app-pages-browser)/./node_modules/next/dist/next-devtools/shared/forward-logs-shared.js:44
[  719695ms] [LOG] [Fast Refresh] rebuilding @ webpack-internal:///(app-pages-browser)/./node_modules/next/dist/next-devtools/shared/forward-logs-shared.js:44
[  719986ms] [LOG] [Fast Refresh] done in 291ms @ webpack-internal:///(app-pages-browser)/./node_modules/next/dist/next-devtools/shared/forward-logs-shared.js:44
[  721124ms] [LOG] [Fast Refresh] rebuilding @ webpack-internal:///(app-pages-browser)/./node_modules/next/dist/next-devtools/shared/forward-logs-shared.js:44
[  721992ms] [LOG] [Fast Refresh] done in 868ms @ webpack-internal:///(app-pages-browser)/./node_modules/next/dist/next-devtools/shared/forward-logs-shared.js:44
[  722712ms] [LOG] [Fast Refresh] rebuilding @ webpack-internal:///(app-pages-browser)/./node_modules/next/dist/next-devtools/shared/forward-logs-shared.js:44
[  723350ms] [LOG] [Fast Refresh] done in 639ms @ webpack-internal:///(app-pages-browser)/./node_modules/next/dist/next-devtools/shared/forward-logs-shared.js:44
[  724470ms] [LOG] [Fast Refresh] rebuilding @ webpack-internal:///(app-pages-browser)/./node_modules/next/dist/next-devtools/shared/forward-logs-shared.js:44
[  724879ms] [LOG] [Fast Refresh] done in 410ms @ webpack-internal:///(app-pages-browser)/./node_modules/next/dist/next-devtools/shared/forward-logs-shared.js:44
[  726216ms] [LOG] [Fast Refresh] rebuilding @ webpack-internal:///(app-pages-browser)/./node_modules/next/dist/next-devtools/shared/forward-logs-shared.js:44
[  726572ms] [LOG] [Fast Refresh] done in 357ms @ webpack-internal:///(app-pages-browser)/./node_modules/next/dist/next-devtools/shared/forward-logs-shared.js:44
[  727703ms] [LOG] [Fast Refresh] rebuilding @ webpack-internal:///(app-pages-browser)/./node_modules/next/dist/next-devtools/shared/forward-logs-shared.js:44
[  728131ms] [LOG] [Fast Refresh] done in 429ms @ webpack-internal:///(app-pages-browser)/./node_modules/next/dist/next-devtools/shared/forward-logs-shared.js:44
[  729085ms] [LOG] [Fast Refresh] rebuilding @ webpack-internal:///(app-pages-browser)/./node_modules/next/dist/next-devtools/shared/forward-logs-shared.js:44
[  729530ms] [LOG] [Fast Refresh] done in 445ms @ webpack-internal:///(app-pages-browser)/./node_modules/next/dist/next-devtools/shared/forward-logs-shared.js:44
[  730377ms] [LOG] [Fast Refresh] rebuilding @ webpack-internal:///(app-pages-browser)/./node_modules/next/dist/next-devtools/shared/forward-logs-shared.js:44
[  731205ms] [LOG] [Fast Refresh] done in 828ms @ webpack-internal:///(app-pages-browser)/./node_modules/next/dist/next-devtools/shared/forward-logs-shared.js:44
[  731771ms] [LOG] [Fast Refresh] rebuilding @ webpack-internal:///(app-pages-browser)/./node_modules/next/dist/next-devtools/shared/forward-logs-shared.js:44
[  732121ms] [LOG] [Fast Refresh] done in 351ms @ webpack-internal:///(app-pages-browser)/./node_modules/next/dist/next-devtools/shared/forward-logs-shared.js:44
[  733687ms] [LOG] [Fast Refresh] rebuilding @ webpack-internal:///(app-pages-browser)/./node_modules/next/dist/next-devtools/shared/forward-logs-shared.js:44
[  734197ms] [LOG] [Fast Refresh] done in 510ms @ webpack-internal:///(app-pages-browser)/./node_modules/next/dist/next-devtools/shared/forward-logs-shared.js:44
[  734626ms] [LOG] [Fast Refresh] rebuilding @ webpack-internal:///(app-pages-browser)/./node_modules/next/dist/next-devtools/shared/forward-logs-shared.js:44
[  734905ms] [LOG] [Fast Refresh] done in 280ms @ webpack-internal:///(app-pages-browser)/./node_modules/next/dist/next-devtools/shared/forward-logs-shared.js:44
[  736038ms] [LOG] [Fast Refresh] rebuilding @ webpack-internal:///(app-pages-browser)/./node_modules/next/dist/next-devtools/shared/forward-logs-shared.js:44
[  736839ms] [LOG] [Fast Refresh] done in 801ms @ webpack-internal:///(app-pages-browser)/./node_modules/next/dist/next-devtools/shared/forward-logs-shared.js:44
[  737496ms] [LOG] [Fast Refresh] rebuilding @ webpack-internal:///(app-pages-browser)/./node_modules/next/dist/next-devtools/shared/forward-logs-shared.js:44
[  737944ms] [LOG] [Fast Refresh] done in 447ms @ webpack-internal:///(app-pages-browser)/./node_modules/next/dist/next-devtools/shared/forward-logs-shared.js:44
[  738820ms] [LOG] [Fast Refresh] rebuilding @ webpack-internal:///(app-pages-browser)/./node_modules/next/dist/next-devtools/shared/forward-logs-shared.js:44
[  739194ms] [LOG] [Fast Refresh] done in 374ms @ webpack-internal:///(app-pages-browser)/./node_modules/next/dist/next-devtools/shared/forward-logs-shared.js:44
[  740259ms] [LOG] [Fast Refresh] rebuilding @ webpack-internal:///(app-pages-browser)/./node_modules/next/dist/next-devtools/shared/forward-logs-shared.js:44
[  740752ms] [LOG] [Fast Refresh] done in 493ms @ webpack-internal:///(app-pages-browser)/./node_modules/next/dist/next-devtools/shared/forward-logs-shared.js:44
[  741596ms] [LOG] [Fast Refresh] rebuilding @ webpack-internal:///(app-pages-browser)/./node_modules/next/dist/next-devtools/shared/forward-logs-shared.js:44
[  742055ms] [LOG] [Fast Refresh] done in 459ms @ webpack-internal:///(app-pages-browser)/./node_modules/next/dist/next-devtools/shared/forward-logs-shared.js:44
[  742974ms] [LOG] [Fast Refresh] rebuilding @ webpack-internal:///(app-pages-browser)/./node_modules/next/dist/next-devtools/shared/forward-logs-shared.js:44
[  743327ms] [LOG] [Fast Refresh] done in 353ms @ webpack-internal:///(app-pages-browser)/./node_modules/next/dist/next-devtools/shared/forward-logs-shared.js:44
[  744245ms] [LOG] [Fast Refresh] rebuilding @ webpack-internal:///(app-pages-browser)/./node_modules/next/dist/next-devtools/shared/forward-logs-shared.js:44
[  744493ms] [LOG] [Fast Refresh] done in 249ms @ webpack-internal:///(app-pages-browser)/./node_modules/next/dist/next-devtools/shared/forward-logs-shared.js:44
[  745487ms] [LOG] [Fast Refresh] rebuilding @ webpack-internal:///(app-pages-browser)/./node_modules/next/dist/next-devtools/shared/forward-logs-shared.js:44
[  745906ms] [LOG] [Fast Refresh] done in 419ms @ webpack-internal:///(app-pages-browser)/./node_modules/next/dist/next-devtools/shared/forward-logs-shared.js:44
[  746769ms] [LOG] [Fast Refresh] rebuilding @ webpack-internal:///(app-pages-browser)/./node_modules/next/dist/next-devtools/shared/forward-logs-shared.js:44
[  747141ms] [LOG] [Fast Refresh] done in 371ms @ webpack-internal:///(app-pages-browser)/./node_modules/next/dist/next-devtools/shared/forward-logs-shared.js:44
[  748370ms] [LOG] [Fast Refresh] rebuilding @ webpack-internal:///(app-pages-browser)/./node_modules/next/dist/next-devtools/shared/forward-logs-shared.js:44
[  749780ms] [LOG] [Fast Refresh] done in 1409ms @ webpack-internal:///(app-pages-browser)/./node_modules/next/dist/next-devtools/shared/forward-logs-shared.js:44
[  751280ms] [LOG] [Fast Refresh] rebuilding @ webpack-internal:///(app-pages-browser)/./node_modules/next/dist/next-devtools/shared/forward-logs-shared.js:44
[  752820ms] [LOG] [Fast Refresh] done in 1541ms @ webpack-internal:///(app-pages-browser)/./node_modules/next/dist/next-devtools/shared/forward-logs-shared.js:44
[  753589ms] [LOG] [Fast Refresh] rebuilding @ webpack-internal:///(app-pages-browser)/./node_modules/next/dist/next-devtools/shared/forward-logs-shared.js:44
[  754622ms] [LOG] [Fast Refresh] done in 1033ms @ webpack-internal:///(app-pages-browser)/./node_modules/next/dist/next-devtools/shared/forward-logs-shared.js:44
[  755284ms] [LOG] [Fast Refresh] rebuilding @ webpack-internal:///(app-pages-browser)/./node_modules/next/dist/next-devtools/shared/forward-logs-shared.js:44
[  755698ms] [LOG] [Fast Refresh] done in 414ms @ webpack-internal:///(app-pages-browser)/./node_modules/next/dist/next-devtools/shared/forward-logs-shared.js:44
[  756700ms] [LOG] [Fast Refresh] rebuilding @ webpack-internal:///(app-pages-browser)/./node_modules/next/dist/next-devtools/shared/forward-logs-shared.js:44
[  756985ms] [LOG] [Fast Refresh] done in 285ms @ webpack-internal:///(app-pages-browser)/./node_modules/next/dist/next-devtools/shared/forward-logs-shared.js:44
[  758015ms] [LOG] [Fast Refresh] rebuilding @ webpack-internal:///(app-pages-browser)/./node_modules/next/dist/next-devtools/shared/forward-logs-shared.js:44
[  758463ms] [LOG] [Fast Refresh] done in 447ms @ webpack-internal:///(app-pages-browser)/./node_modules/next/dist/next-devtools/shared/forward-logs-shared.js:44
[  759298ms] [LOG] [Fast Refresh] rebuilding @ webpack-internal:///(app-pages-browser)/./node_modules/next/dist/next-devtools/shared/forward-logs-shared.js:44
[  759648ms] [LOG] [Fast Refresh] done in 350ms @ webpack-internal:///(app-pages-browser)/./node_modules/next/dist/next-devtools/shared/forward-logs-shared.js:44
[  760671ms] [LOG] [Fast Refresh] rebuilding @ webpack-internal:///(app-pages-browser)/./node_modules/next/dist/next-devtools/shared/forward-logs-shared.js:44
[  761008ms] [LOG] [Fast Refresh] done in 337ms @ webpack-internal:///(app-pages-browser)/./node_modules/next/dist/next-devtools/shared/forward-logs-shared.js:44
[  762034ms] [LOG] [Fast Refresh] rebuilding @ webpack-internal:///(app-pages-browser)/./node_modules/next/dist/next-devtools/shared/forward-logs-shared.js:44
[  762385ms] [LOG] [Fast Refresh] done in 351ms @ webpack-internal:///(app-pages-browser)/./node_modules/next/dist/next-devtools/shared/forward-logs-shared.js:44
[  763412ms] [LOG] [Fast Refresh] rebuilding @ webpack-internal:///(app-pages-browser)/./node_modules/next/dist/next-devtools/shared/forward-logs-shared.js:44
[  763720ms] [LOG] [Fast Refresh] done in 307ms @ webpack-internal:///(app-pages-browser)/./node_modules/next/dist/next-devtools/shared/forward-logs-shared.js:44
[  764975ms] [LOG] [Fast Refresh] rebuilding @ webpack-internal:///(app-pages-browser)/./node_modules/next/dist/next-devtools/shared/forward-logs-shared.js:44
[  765609ms] [LOG] [Fast Refresh] done in 635ms @ webpack-internal:///(app-pages-browser)/./node_modules/next/dist/next-devtools/shared/forward-logs-shared.js:44
[  767382ms] [LOG] [Fast Refresh] rebuilding @ webpack-internal:///(app-pages-browser)/./node_modules/next/dist/next-devtools/shared/forward-logs-shared.js:44
[  767920ms] [LOG] [Fast Refresh] done in 539ms @ webpack-internal:///(app-pages-browser)/./node_modules/next/dist/next-devtools/shared/forward-logs-shared.js:44
[  768732ms] [LOG] [Fast Refresh] rebuilding @ webpack-internal:///(app-pages-browser)/./node_modules/next/dist/next-devtools/shared/forward-logs-shared.js:44
[  769125ms] [LOG] [Fast Refresh] done in 393ms @ webpack-internal:///(app-pages-browser)/./node_modules/next/dist/next-devtools/shared/forward-logs-shared.js:44
[  769970ms] [LOG] [Fast Refresh] rebuilding @ webpack-internal:///(app-pages-browser)/./node_modules/next/dist/next-devtools/shared/forward-logs-shared.js:44
[  770396ms] [LOG] [Fast Refresh] done in 425ms @ webpack-internal:///(app-pages-browser)/./node_modules/next/dist/next-devtools/shared/forward-logs-shared.js:44
[  771545ms] [LOG] [Fast Refresh] rebuilding @ webpack-internal:///(app-pages-browser)/./node_modules/next/dist/next-devtools/shared/forward-logs-shared.js:44
[  771904ms] [LOG] [Fast Refresh] done in 358ms @ webpack-internal:///(app-pages-browser)/./node_modules/next/dist/next-devtools/shared/forward-logs-shared.js:44
[  772864ms] [LOG] [Fast Refresh] rebuilding @ webpack-internal:///(app-pages-browser)/./node_modules/next/dist/next-devtools/shared/forward-logs-shared.js:44
[  773187ms] [LOG] [Fast Refresh] done in 323ms @ webpack-internal:///(app-pages-browser)/./node_modules/next/dist/next-devtools/shared/forward-logs-shared.js:44
[  774208ms] [LOG] [Fast Refresh] rebuilding @ webpack-internal:///(app-pages-browser)/./node_modules/next/dist/next-devtools/shared/forward-logs-shared.js:44
[  774550ms] [LOG] [Fast Refresh] done in 342ms @ webpack-internal:///(app-pages-browser)/./node_modules/next/dist/next-devtools/shared/forward-logs-shared.js:44
[  775587ms] [LOG] [Fast Refresh] rebuilding @ webpack-internal:///(app-pages-browser)/./node_modules/next/dist/next-devtools/shared/forward-logs-shared.js:44
[  775986ms] [LOG] [Fast Refresh] done in 400ms @ webpack-internal:///(app-pages-browser)/./node_modules/next/dist/next-devtools/shared/forward-logs-shared.js:44
[  777042ms] [LOG] [Fast Refresh] rebuilding @ webpack-internal:///(app-pages-browser)/./node_modules/next/dist/next-devtools/shared/forward-logs-shared.js:44
[  777340ms] [LOG] [Fast Refresh] done in 298ms @ webpack-internal:///(app-pages-browser)/./node_modules/next/dist/next-devtools/shared/forward-logs-shared.js:44
[  778376ms] [LOG] [Fast Refresh] rebuilding @ webpack-internal:///(app-pages-browser)/./node_modules/next/dist/next-devtools/shared/forward-logs-shared.js:44
[  778749ms] [LOG] [Fast Refresh] done in 373ms @ webpack-internal:///(app-pages-browser)/./node_modules/next/dist/next-devtools/shared/forward-logs-shared.js:44
[  779708ms] [LOG] [Fast Refresh] rebuilding @ webpack-internal:///(app-pages-browser)/./node_modules/next/dist/next-devtools/shared/forward-logs-shared.js:44
[  780078ms] [LOG] [Fast Refresh] done in 370ms @ webpack-internal:///(app-pages-browser)/./node_modules/next/dist/next-devtools/shared/forward-logs-shared.js:44
[  781413ms] [LOG] [Fast Refresh] rebuilding @ webpack-internal:///(app-pages-browser)/./node_modules/next/dist/next-devtools/shared/forward-logs-shared.js:44
[  782207ms] [LOG] [Fast Refresh] done in 794ms @ webpack-internal:///(app-pages-browser)/./node_modules/next/dist/next-devtools/shared/forward-logs-shared.js:44
[  783066ms] [LOG] [Fast Refresh] rebuilding @ webpack-internal:///(app-pages-browser)/./node_modules/next/dist/next-devtools/shared/forward-logs-shared.js:44
[  783368ms] [LOG] [Fast Refresh] done in 301ms @ webpack-internal:///(app-pages-browser)/./node_modules/next/dist/next-devtools/shared/forward-logs-shared.js:44
[  784366ms] [LOG] [Fast Refresh] rebuilding @ webpack-internal:///(app-pages-browser)/./node_modules/next/dist/next-devtools/shared/forward-logs-shared.js:44
[  785724ms] [LOG] [Fast Refresh] done in 1358ms @ webpack-internal:///(app-pages-browser)/./node_modules/next/dist/next-devtools/shared/forward-logs-shared.js:44
[  786795ms] [LOG] [Fast Refresh] rebuilding @ webpack-internal:///(app-pages-browser)/./node_modules/next/dist/next-devtools/shared/forward-logs-shared.js:44
[  787116ms] [LOG] [Fast Refresh] done in 322ms @ webpack-internal:///(app-pages-browser)/./node_modules/next/dist/next-devtools/shared/forward-logs-shared.js:44
[  788232ms] [LOG] [Fast Refresh] rebuilding @ webpack-internal:///(app-pages-browser)/./node_modules/next/dist/next-devtools/shared/forward-logs-shared.js:44
[  788576ms] [LOG] [Fast Refresh] done in 345ms @ webpack-internal:///(app-pages-browser)/./node_modules/next/dist/next-devtools/shared/forward-logs-shared.js:44
[  789641ms] [LOG] [Fast Refresh] rebuilding @ webpack-internal:///(app-pages-browser)/./node_modules/next/dist/next-devtools/shared/forward-logs-shared.js:44
[  790084ms] [LOG] [Fast Refresh] done in 444ms @ webpack-internal:///(app-pages-browser)/./node_modules/next/dist/next-devtools/shared/forward-logs-shared.js:44
[  791403ms] [LOG] [Fast Refresh] rebuilding @ webpack-internal:///(app-pages-browser)/./node_modules/next/dist/next-devtools/shared/forward-logs-shared.js:44
[  792482ms] [LOG] [Fast Refresh] done in 1078ms @ webpack-internal:///(app-pages-browser)/./node_modules/next/dist/next-devtools/shared/forward-logs-shared.js:44
[  793179ms] [LOG] [Fast Refresh] rebuilding @ webpack-internal:///(app-pages-browser)/./node_modules/next/dist/next-devtools/shared/forward-logs-shared.js:44
[  793632ms] [LOG] [Fast Refresh] done in 454ms @ webpack-internal:///(app-pages-browser)/./node_modules/next/dist/next-devtools/shared/forward-logs-shared.js:44
[  795099ms] [LOG] [Fast Refresh] rebuilding @ webpack-internal:///(app-pages-browser)/./node_modules/next/dist/next-devtools/shared/forward-logs-shared.js:44
[  797946ms] [LOG] [Fast Refresh] done in 2848ms @ webpack-internal:///(app-pages-browser)/./node_modules/next/dist/next-devtools/shared/forward-logs-shared.js:44
[  801333ms] [LOG] [Fast Refresh] rebuilding @ webpack-internal:///(app-pages-browser)/./node_modules/next/dist/next-devtools/shared/forward-logs-shared.js:44
[  802079ms] [WARNING] The resource http://localhost:3000/_next/static/css/app/layout.css?v=1786515891904 was preloaded using link preload but not used within a few seconds from the window's load event. Please make sure it has an appropriate `as` value and it is preloaded intentionally. @ http://localhost:3000/sales-executive/u4:0
[  802146ms] [LOG] [Fast Refresh] done in 776ms @ webpack-internal:///(app-pages-browser)/./node_modules/next/dist/next-devtools/shared/forward-logs-shared.js:44
[  802186ms] [LOG] [Fast Refresh] rebuilding @ webpack-internal:///(app-pages-browser)/./node_modules/next/dist/next-devtools/shared/forward-logs-shared.js:44
[  803704ms] [LOG] [Fast Refresh] done in 1516ms @ webpack-internal:///(app-pages-browser)/./node_modules/next/dist/next-devtools/shared/forward-logs-shared.js:44
[  803730ms] [LOG] [Fast Refresh] rebuilding @ webpack-internal:///(app-pages-browser)/./node_modules/next/dist/next-devtools/shared/forward-logs-shared.js:44
[  804296ms] [LOG] [Fast Refresh] done in 565ms @ webpack-internal:///(app-pages-browser)/./node_modules/next/dist/next-devtools/shared/forward-logs-shared.js:44
[  805295ms] [LOG] [Fast Refresh] rebuilding @ webpack-internal:///(app-pages-browser)/./node_modules/next/dist/next-devtools/shared/forward-logs-shared.js:44
[  806183ms] [LOG] [Fast Refresh] done in 888ms @ webpack-internal:///(app-pages-browser)/./node_modules/next/dist/next-devtools/shared/forward-logs-shared.js:44
[  806601ms] [LOG] [Fast Refresh] rebuilding @ webpack-internal:///(app-pages-browser)/./node_modules/next/dist/next-devtools/shared/forward-logs-shared.js:44
[  806955ms] [LOG] [Fast Refresh] done in 354ms @ webpack-internal:///(app-pages-browser)/./node_modules/next/dist/next-devtools/shared/forward-logs-shared.js:44
[  808045ms] [LOG] [Fast Refresh] rebuilding @ webpack-internal:///(app-pages-browser)/./node_modules/next/dist/next-devtools/shared/forward-logs-shared.js:44
[  808496ms] [LOG] [Fast Refresh] done in 451ms @ webpack-internal:///(app-pages-browser)/./node_modules/next/dist/next-devtools/shared/forward-logs-shared.js:44
[  809337ms] [LOG] [Fast Refresh] rebuilding @ webpack-internal:///(app-pages-browser)/./node_modules/next/dist/next-devtools/shared/forward-logs-shared.js:44
[  810240ms] [LOG] [Fast Refresh] done in 900ms @ webpack-internal:///(app-pages-browser)/./node_modules/next/dist/next-devtools/shared/forward-logs-shared.js:44
[  810846ms] [LOG] [Fast Refresh] rebuilding @ webpack-internal:///(app-pages-browser)/./node_modules/next/dist/next-devtools/shared/forward-logs-shared.js:44
[  811777ms] [LOG] [Fast Refresh] done in 931ms @ webpack-internal:///(app-pages-browser)/./node_modules/next/dist/next-devtools/shared/forward-logs-shared.js:44
[  812647ms] [LOG] [Fast Refresh] rebuilding @ webpack-internal:///(app-pages-browser)/./node_modules/next/dist/next-devtools/shared/forward-logs-shared.js:44
[  812934ms] [LOG] [Fast Refresh] done in 287ms @ webpack-internal:///(app-pages-browser)/./node_modules/next/dist/next-devtools/shared/forward-logs-shared.js:44
[  813901ms] [LOG] [Fast Refresh] rebuilding @ webpack-internal:///(app-pages-browser)/./node_modules/next/dist/next-devtools/shared/forward-logs-shared.js:44
[  814229ms] [LOG] [Fast Refresh] done in 328ms @ webpack-internal:///(app-pages-browser)/./node_modules/next/dist/next-devtools/shared/forward-logs-shared.js:44
[  815198ms] [LOG] [Fast Refresh] rebuilding @ webpack-internal:///(app-pages-browser)/./node_modules/next/dist/next-devtools/shared/forward-logs-shared.js:44
[  815468ms] [LOG] [Fast Refresh] done in 270ms @ webpack-internal:///(app-pages-browser)/./node_modules/next/dist/next-devtools/shared/forward-logs-shared.js:44
[  816494ms] [LOG] [Fast Refresh] rebuilding @ webpack-internal:///(app-pages-browser)/./node_modules/next/dist/next-devtools/shared/forward-logs-shared.js:44
[  816845ms] [LOG] [Fast Refresh] done in 351ms @ webpack-internal:///(app-pages-browser)/./node_modules/next/dist/next-devtools/shared/forward-logs-shared.js:44
[  817832ms] [LOG] [Fast Refresh] rebuilding @ webpack-internal:///(app-pages-browser)/./node_modules/next/dist/next-devtools/shared/forward-logs-shared.js:44
[  818162ms] [LOG] [Fast Refresh] done in 330ms @ webpack-internal:///(app-pages-browser)/./node_modules/next/dist/next-devtools/shared/forward-logs-shared.js:44
[  819095ms] [LOG] [Fast Refresh] rebuilding @ webpack-internal:///(app-pages-browser)/./node_modules/next/dist/next-devtools/shared/forward-logs-shared.js:44
[  819411ms] [LOG] [Fast Refresh] done in 315ms @ webpack-internal:///(app-pages-browser)/./node_modules/next/dist/next-devtools/shared/forward-logs-shared.js:44
[  820423ms] [LOG] [Fast Refresh] rebuilding @ webpack-internal:///(app-pages-browser)/./node_modules/next/dist/next-devtools/shared/forward-logs-shared.js:44
[  820723ms] [LOG] [Fast Refresh] done in 299ms @ webpack-internal:///(app-pages-browser)/./node_modules/next/dist/next-devtools/shared/forward-logs-shared.js:44
[  821772ms] [LOG] [Fast Refresh] rebuilding @ webpack-internal:///(app-pages-browser)/./node_modules/next/dist/next-devtools/shared/forward-logs-shared.js:44
[  822120ms] [LOG] [Fast Refresh] done in 347ms @ webpack-internal:///(app-pages-browser)/./node_modules/next/dist/next-devtools/shared/forward-logs-shared.js:44
[  823098ms] [LOG] [Fast Refresh] rebuilding @ webpack-internal:///(app-pages-browser)/./node_modules/next/dist/next-devtools/shared/forward-logs-shared.js:44
[  824365ms] [LOG] [Fast Refresh] done in 1266ms @ webpack-internal:///(app-pages-browser)/./node_modules/next/dist/next-devtools/shared/forward-logs-shared.js:44
[  825425ms] [LOG] [Fast Refresh] rebuilding @ webpack-internal:///(app-pages-browser)/./node_modules/next/dist/next-devtools/shared/forward-logs-shared.js:44
[  825689ms] [LOG] [Fast Refresh] done in 265ms @ webpack-internal:///(app-pages-browser)/./node_modules/next/dist/next-devtools/shared/forward-logs-shared.js:44
[  827083ms] [LOG] [Fast Refresh] rebuilding @ webpack-internal:///(app-pages-browser)/./node_modules/next/dist/next-devtools/shared/forward-logs-shared.js:44
[  827485ms] [LOG] [Fast Refresh] done in 402ms @ webpack-internal:///(app-pages-browser)/./node_modules/next/dist/next-devtools/shared/forward-logs-shared.js:44
[  828741ms] [LOG] [Fast Refresh] rebuilding @ webpack-internal:///(app-pages-browser)/./node_modules/next/dist/next-devtools/shared/forward-logs-shared.js:44
[  829083ms] [LOG] [Fast Refresh] done in 341ms @ webpack-internal:///(app-pages-browser)/./node_modules/next/dist/next-devtools/shared/forward-logs-shared.js:44
[  830041ms] [LOG] [Fast Refresh] rebuilding @ webpack-internal:///(app-pages-browser)/./node_modules/next/dist/next-devtools/shared/forward-logs-shared.js:44
[  830318ms] [LOG] [Fast Refresh] done in 277ms @ webpack-internal:///(app-pages-browser)/./node_modules/next/dist/next-devtools/shared/forward-logs-shared.js:44
[  831357ms] [LOG] [Fast Refresh] rebuilding @ webpack-internal:///(app-pages-browser)/./node_modules/next/dist/next-devtools/shared/forward-logs-shared.js:44
[  831663ms] [LOG] [Fast Refresh] done in 305ms @ webpack-internal:///(app-pages-browser)/./node_modules/next/dist/next-devtools/shared/forward-logs-shared.js:44
[  832633ms] [LOG] [Fast Refresh] rebuilding @ webpack-internal:///(app-pages-browser)/./node_modules/next/dist/next-devtools/shared/forward-logs-shared.js:44
[  833067ms] [LOG] [Fast Refresh] done in 435ms @ webpack-internal:///(app-pages-browser)/./node_modules/next/dist/next-devtools/shared/forward-logs-shared.js:44
[  833827ms] [LOG] [Fast Refresh] rebuilding @ webpack-internal:///(app-pages-browser)/./node_modules/next/dist/next-devtools/shared/forward-logs-shared.js:44
[  834154ms] [LOG] [Fast Refresh] done in 327ms @ webpack-internal:///(app-pages-browser)/./node_modules/next/dist/next-devtools/shared/forward-logs-shared.js:44
[  835221ms] [LOG] [Fast Refresh] rebuilding @ webpack-internal:///(app-pages-browser)/./node_modules/next/dist/next-devtools/shared/forward-logs-shared.js:44
[  835555ms] [LOG] [Fast Refresh] done in 333ms @ webpack-internal:///(app-pages-browser)/./node_modules/next/dist/next-devtools/shared/forward-logs-shared.js:44
[  836555ms] [LOG] [Fast Refresh] rebuilding @ webpack-internal:///(app-pages-browser)/./node_modules/next/dist/next-devtools/shared/forward-logs-shared.js:44
[  836818ms] [LOG] [Fast Refresh] done in 262ms @ webpack-internal:///(app-pages-browser)/./node_modules/next/dist/next-devtools/shared/forward-logs-shared.js:44
[  837775ms] [LOG] [Fast Refresh] rebuilding @ webpack-internal:///(app-pages-browser)/./node_modules/next/dist/next-devtools/shared/forward-logs-shared.js:44
[  838136ms] [LOG] [Fast Refresh] done in 362ms @ webpack-internal:///(app-pages-browser)/./node_modules/next/dist/next-devtools/shared/forward-logs-shared.js:44
[  839084ms] [LOG] [Fast Refresh] rebuilding @ webpack-internal:///(app-pages-browser)/./node_modules/next/dist/next-devtools/shared/forward-logs-shared.js:44
[  839468ms] [LOG] [Fast Refresh] done in 383ms @ webpack-internal:///(app-pages-browser)/./node_modules/next/dist/next-devtools/shared/forward-logs-shared.js:44
[  840358ms] [LOG] [Fast Refresh] rebuilding @ webpack-internal:///(app-pages-browser)/./node_modules/next/dist/next-devtools/shared/forward-logs-shared.js:44
[  840701ms] [LOG] [Fast Refresh] done in 342ms @ webpack-internal:///(app-pages-browser)/./node_modules/next/dist/next-devtools/shared/forward-logs-shared.js:44
[  841989ms] [LOG] [Fast Refresh] rebuilding @ webpack-internal:///(app-pages-browser)/./node_modules/next/dist/next-devtools/shared/forward-logs-shared.js:44
[  842725ms] [LOG] [Fast Refresh] done in 737ms @ webpack-internal:///(app-pages-browser)/./node_modules/next/dist/next-devtools/shared/forward-logs-shared.js:44
[  843470ms] [LOG] [Fast Refresh] rebuilding @ webpack-internal:///(app-pages-browser)/./node_modules/next/dist/next-devtools/shared/forward-logs-shared.js:44
[  844227ms] [LOG] [Fast Refresh] done in 758ms @ webpack-internal:///(app-pages-browser)/./node_modules/next/dist/next-devtools/shared/forward-logs-shared.js:44
[  844616ms] [LOG] [Fast Refresh] rebuilding @ webpack-internal:///(app-pages-browser)/./node_modules/next/dist/next-devtools/shared/forward-logs-shared.js:44
[  844926ms] [LOG] [Fast Refresh] done in 311ms @ webpack-internal:///(app-pages-browser)/./node_modules/next/dist/next-devtools/shared/forward-logs-shared.js:44
[  845735ms] [LOG] [Fast Refresh] rebuilding @ webpack-internal:///(app-pages-browser)/./node_modules/next/dist/next-devtools/shared/forward-logs-shared.js:44
[  846057ms] [LOG] [Fast Refresh] done in 322ms @ webpack-internal:///(app-pages-browser)/./node_modules/next/dist/next-devtools/shared/forward-logs-shared.js:44
[  847079ms] [LOG] [Fast Refresh] rebuilding @ webpack-internal:///(app-pages-browser)/./node_modules/next/dist/next-devtools/shared/forward-logs-shared.js:44
[  847392ms] [LOG] [Fast Refresh] done in 313ms @ webpack-internal:///(app-pages-browser)/./node_modules/next/dist/next-devtools/shared/forward-logs-shared.js:44
[  848371ms] [LOG] [Fast Refresh] rebuilding @ webpack-internal:///(app-pages-browser)/./node_modules/next/dist/next-devtools/shared/forward-logs-shared.js:44
[  848644ms] [LOG] [Fast Refresh] done in 273ms @ webpack-internal:///(app-pages-browser)/./node_modules/next/dist/next-devtools/shared/forward-logs-shared.js:44
[  849499ms] [LOG] [Fast Refresh] rebuilding @ webpack-internal:///(app-pages-browser)/./node_modules/next/dist/next-devtools/shared/forward-logs-shared.js:44
[  849820ms] [LOG] [Fast Refresh] done in 321ms @ webpack-internal:///(app-pages-browser)/./node_modules/next/dist/next-devtools/shared/forward-logs-shared.js:44
[  851151ms] [LOG] [Fast Refresh] rebuilding @ webpack-internal:///(app-pages-browser)/./node_modules/next/dist/next-devtools/shared/forward-logs-shared.js:44
[  851521ms] [LOG] [Fast Refresh] done in 369ms @ webpack-internal:///(app-pages-browser)/./node_modules/next/dist/next-devtools/shared/forward-logs-shared.js:44
[  852557ms] [LOG] [Fast Refresh] rebuilding @ webpack-internal:///(app-pages-browser)/./node_modules/next/dist/next-devtools/shared/forward-logs-shared.js:44
[  852859ms] [LOG] [Fast Refresh] done in 302ms @ webpack-internal:///(app-pages-browser)/./node_modules/next/dist/next-devtools/shared/forward-logs-shared.js:44
[  853813ms] [LOG] [Fast Refresh] rebuilding @ webpack-internal:///(app-pages-browser)/./node_modules/next/dist/next-devtools/shared/forward-logs-shared.js:44
[  854197ms] [LOG] [Fast Refresh] done in 383ms @ webpack-internal:///(app-pages-browser)/./node_modules/next/dist/next-devtools/shared/forward-logs-shared.js:44
[  855642ms] [LOG] [Fast Refresh] rebuilding @ webpack-internal:///(app-pages-browser)/./node_modules/next/dist/next-devtools/shared/forward-logs-shared.js:44
[  857054ms] [LOG] [Fast Refresh] done in 1411ms @ webpack-internal:///(app-pages-browser)/./node_modules/next/dist/next-devtools/shared/forward-logs-shared.js:44
[  858709ms] [LOG] [Fast Refresh] rebuilding @ webpack-internal:///(app-pages-browser)/./node_modules/next/dist/next-devtools/shared/forward-logs-shared.js:44
[  859109ms] [LOG] [Fast Refresh] done in 400ms @ webpack-internal:///(app-pages-browser)/./node_modules/next/dist/next-devtools/shared/forward-logs-shared.js:44
[  860236ms] [LOG] [Fast Refresh] rebuilding @ webpack-internal:///(app-pages-browser)/./node_modules/next/dist/next-devtools/shared/forward-logs-shared.js:44
[  860614ms] [LOG] [Fast Refresh] done in 379ms @ webpack-internal:///(app-pages-browser)/./node_modules/next/dist/next-devtools/shared/forward-logs-shared.js:44
[  861611ms] [LOG] [Fast Refresh] rebuilding @ webpack-internal:///(app-pages-browser)/./node_modules/next/dist/next-devtools/shared/forward-logs-shared.js:44
[  861921ms] [LOG] [Fast Refresh] done in 311ms @ webpack-internal:///(app-pages-browser)/./node_modules/next/dist/next-devtools/shared/forward-logs-shared.js:44
[  862737ms] [LOG] [Fast Refresh] rebuilding @ webpack-internal:///(app-pages-browser)/./node_modules/next/dist/next-devtools/shared/forward-logs-shared.js:44
[  863028ms] [LOG] [Fast Refresh] done in 290ms @ webpack-internal:///(app-pages-browser)/./node_modules/next/dist/next-devtools/shared/forward-logs-shared.js:44
[  864057ms] [LOG] [Fast Refresh] rebuilding @ webpack-internal:///(app-pages-browser)/./node_modules/next/dist/next-devtools/shared/forward-logs-shared.js:44
[  864335ms] [LOG] [Fast Refresh] done in 279ms @ webpack-internal:///(app-pages-browser)/./node_modules/next/dist/next-devtools/shared/forward-logs-shared.js:44
[  865419ms] [LOG] [Fast Refresh] rebuilding @ webpack-internal:///(app-pages-browser)/./node_modules/next/dist/next-devtools/shared/forward-logs-shared.js:44
[  865724ms] [LOG] [Fast Refresh] done in 305ms @ webpack-internal:///(app-pages-browser)/./node_modules/next/dist/next-devtools/shared/forward-logs-shared.js:44
[  866584ms] [LOG] [Fast Refresh] rebuilding @ webpack-internal:///(app-pages-browser)/./node_modules/next/dist/next-devtools/shared/forward-logs-shared.js:44
[  866889ms] [LOG] [Fast Refresh] done in 306ms @ webpack-internal:///(app-pages-browser)/./node_modules/next/dist/next-devtools/shared/forward-logs-shared.js:44
[  867905ms] [LOG] [Fast Refresh] rebuilding @ webpack-internal:///(app-pages-browser)/./node_modules/next/dist/next-devtools/shared/forward-logs-shared.js:44
[  868214ms] [LOG] [Fast Refresh] done in 309ms @ webpack-internal:///(app-pages-browser)/./node_modules/next/dist/next-devtools/shared/forward-logs-shared.js:44
[  869212ms] [LOG] [Fast Refresh] rebuilding @ webpack-internal:///(app-pages-browser)/./node_modules/next/dist/next-devtools/shared/forward-logs-shared.js:44
[  869666ms] [LOG] [Fast Refresh] done in 453ms @ webpack-internal:///(app-pages-browser)/./node_modules/next/dist/next-devtools/shared/forward-logs-shared.js:44
[  870533ms] [LOG] [Fast Refresh] rebuilding @ webpack-internal:///(app-pages-browser)/./node_modules/next/dist/next-devtools/shared/forward-logs-shared.js:44
[  870821ms] [LOG] [Fast Refresh] done in 287ms @ webpack-internal:///(app-pages-browser)/./node_modules/next/dist/next-devtools/shared/forward-logs-shared.js:44
[  872196ms] [LOG] [Fast Refresh] rebuilding @ webpack-internal:///(app-pages-browser)/./node_modules/next/dist/next-devtools/shared/forward-logs-shared.js:44
[  872589ms] [LOG] [Fast Refresh] done in 392ms @ webpack-internal:///(app-pages-browser)/./node_modules/next/dist/next-devtools/shared/forward-logs-shared.js:44
[  873538ms] [LOG] [Fast Refresh] rebuilding @ webpack-internal:///(app-pages-browser)/./node_modules/next/dist/next-devtools/shared/forward-logs-shared.js:44
[  873788ms] [LOG] [Fast Refresh] done in 251ms @ webpack-internal:///(app-pages-browser)/./node_modules/next/dist/next-devtools/shared/forward-logs-shared.js:44
[  874811ms] [LOG] [Fast Refresh] rebuilding @ webpack-internal:///(app-pages-browser)/./node_modules/next/dist/next-devtools/shared/forward-logs-shared.js:44
[  875169ms] [LOG] [Fast Refresh] done in 358ms @ webpack-internal:///(app-pages-browser)/./node_modules/next/dist/next-devtools/shared/forward-logs-shared.js:44
[  876188ms] [LOG] [Fast Refresh] rebuilding @ webpack-internal:///(app-pages-browser)/./node_modules/next/dist/next-devtools/shared/forward-logs-shared.js:44
[  876515ms] [LOG] [Fast Refresh] done in 328ms @ webpack-internal:///(app-pages-browser)/./node_modules/next/dist/next-devtools/shared/forward-logs-shared.js:44
[  877525ms] [LOG] [Fast Refresh] rebuilding @ webpack-internal:///(app-pages-browser)/./node_modules/next/dist/next-devtools/shared/forward-logs-shared.js:44
[  877890ms] [LOG] [Fast Refresh] done in 366ms @ webpack-internal:///(app-pages-browser)/./node_modules/next/dist/next-devtools/shared/forward-logs-shared.js:44
[  878754ms] [LOG] [Fast Refresh] rebuilding @ webpack-internal:///(app-pages-browser)/./node_modules/next/dist/next-devtools/shared/forward-logs-shared.js:44
[  879072ms] [LOG] [Fast Refresh] done in 317ms @ webpack-internal:///(app-pages-browser)/./node_modules/next/dist/next-devtools/shared/forward-logs-shared.js:44
[  880040ms] [LOG] [Fast Refresh] rebuilding @ webpack-internal:///(app-pages-browser)/./node_modules/next/dist/next-devtools/shared/forward-logs-shared.js:44
[  880315ms] [LOG] [Fast Refresh] done in 276ms @ webpack-internal:///(app-pages-browser)/./node_modules/next/dist/next-devtools/shared/forward-logs-shared.js:44
[  881330ms] [LOG] [Fast Refresh] rebuilding @ webpack-internal:///(app-pages-browser)/./node_modules/next/dist/next-devtools/shared/forward-logs-shared.js:44
[  881628ms] [LOG] [Fast Refresh] done in 297ms @ webpack-internal:///(app-pages-browser)/./node_modules/next/dist/next-devtools/shared/forward-logs-shared.js:44
[  882605ms] [LOG] [Fast Refresh] rebuilding @ webpack-internal:///(app-pages-browser)/./node_modules/next/dist/next-devtools/shared/forward-logs-shared.js:44
[  882936ms] [LOG] [Fast Refresh] done in 332ms @ webpack-internal:///(app-pages-browser)/./node_modules/next/dist/next-devtools/shared/forward-logs-shared.js:44
[  883851ms] [LOG] [Fast Refresh] rebuilding @ webpack-internal:///(app-pages-browser)/./node_modules/next/dist/next-devtools/shared/forward-logs-shared.js:44
[  884193ms] [LOG] [Fast Refresh] done in 341ms @ webpack-internal:///(app-pages-browser)/./node_modules/next/dist/next-devtools/shared/forward-logs-shared.js:44
[  885236ms] [LOG] [Fast Refresh] rebuilding @ webpack-internal:///(app-pages-browser)/./node_modules/next/dist/next-devtools/shared/forward-logs-shared.js:44
[  885645ms] [LOG] [Fast Refresh] done in 410ms @ webpack-internal:///(app-pages-browser)/./node_modules/next/dist/next-devtools/shared/forward-logs-shared.js:44
[  886987ms] [LOG] [Fast Refresh] rebuilding @ webpack-internal:///(app-pages-browser)/./node_modules/next/dist/next-devtools/shared/forward-logs-shared.js:44
[  887386ms] [LOG] [Fast Refresh] done in 398ms @ webpack-internal:///(app-pages-browser)/./node_modules/next/dist/next-devtools/shared/forward-logs-shared.js:44
[  889422ms] [LOG] [Fast Refresh] rebuilding @ webpack-internal:///(app-pages-browser)/./node_modules/next/dist/next-devtools/shared/forward-logs-shared.js:44
[  889791ms] [LOG] [Fast Refresh] done in 369ms @ webpack-internal:///(app-pages-browser)/./node_modules/next/dist/next-devtools/shared/forward-logs-shared.js:44
[  890891ms] [LOG] [Fast Refresh] rebuilding @ webpack-internal:///(app-pages-browser)/./node_modules/next/dist/next-devtools/shared/forward-logs-shared.js:44
[  891220ms] [LOG] [Fast Refresh] done in 329ms @ webpack-internal:///(app-pages-browser)/./node_modules/next/dist/next-devtools/shared/forward-logs-shared.js:44
[  892839ms] [LOG] [Fast Refresh] rebuilding @ webpack-internal:///(app-pages-browser)/./node_modules/next/dist/next-devtools/shared/forward-logs-shared.js:44
[  893398ms] [LOG] [Fast Refresh] done in 558ms @ webpack-internal:///(app-pages-browser)/./node_modules/next/dist/next-devtools/shared/forward-logs-shared.js:44
[  894429ms] [LOG] [Fast Refresh] rebuilding @ webpack-internal:///(app-pages-browser)/./node_modules/next/dist/next-devtools/shared/forward-logs-shared.js:44
[  894816ms] [LOG] [Fast Refresh] done in 386ms @ webpack-internal:///(app-pages-browser)/./node_modules/next/dist/next-devtools/shared/forward-logs-shared.js:44
[  896079ms] [LOG] [Fast Refresh] rebuilding @ webpack-internal:///(app-pages-browser)/./node_modules/next/dist/next-devtools/shared/forward-logs-shared.js:44
[  897000ms] [LOG] [Fast Refresh] done in 922ms @ webpack-internal:///(app-pages-browser)/./node_modules/next/dist/next-devtools/shared/forward-logs-shared.js:44
[  897498ms] [LOG] [Fast Refresh] rebuilding @ webpack-internal:///(app-pages-browser)/./node_modules/next/dist/next-devtools/shared/forward-logs-shared.js:44
[  897904ms] [LOG] [Fast Refresh] done in 406ms @ webpack-internal:///(app-pages-browser)/./node_modules/next/dist/next-devtools/shared/forward-logs-shared.js:44
[  898957ms] [LOG] [Fast Refresh] rebuilding @ webpack-internal:///(app-pages-browser)/./node_modules/next/dist/next-devtools/shared/forward-logs-shared.js:44
[  899244ms] [LOG] [Fast Refresh] done in 287ms @ webpack-internal:///(app-pages-browser)/./node_modules/next/dist/next-devtools/shared/forward-logs-shared.js:44
[  900245ms] [LOG] [Fast Refresh] rebuilding @ webpack-internal:///(app-pages-browser)/./node_modules/next/dist/next-devtools/shared/forward-logs-shared.js:44
[  900509ms] [LOG] [Fast Refresh] done in 264ms @ webpack-internal:///(app-pages-browser)/./node_modules/next/dist/next-devtools/shared/forward-logs-shared.js:44
[  901861ms] [LOG] [Fast Refresh] rebuilding @ webpack-internal:///(app-pages-browser)/./node_modules/next/dist/next-devtools/shared/forward-logs-shared.js:44
[  903096ms] [LOG] [Fast Refresh] done in 1235ms @ webpack-internal:///(app-pages-browser)/./node_modules/next/dist/next-devtools/shared/forward-logs-shared.js:44
[  903733ms] [LOG] [Fast Refresh] rebuilding @ webpack-internal:///(app-pages-browser)/./node_modules/next/dist/next-devtools/shared/forward-logs-shared.js:44
[  904068ms] [LOG] [Fast Refresh] done in 335ms @ webpack-internal:///(app-pages-browser)/./node_modules/next/dist/next-devtools/shared/forward-logs-shared.js:44
[  905208ms] [LOG] [Fast Refresh] rebuilding @ webpack-internal:///(app-pages-browser)/./node_modules/next/dist/next-devtools/shared/forward-logs-shared.js:44
[  905538ms] [LOG] [Fast Refresh] done in 329ms @ webpack-internal:///(app-pages-browser)/./node_modules/next/dist/next-devtools/shared/forward-logs-shared.js:44
[  906545ms] [LOG] [Fast Refresh] rebuilding @ webpack-internal:///(app-pages-browser)/./node_modules/next/dist/next-devtools/shared/forward-logs-shared.js:44
[  906946ms] [LOG] [Fast Refresh] done in 401ms @ webpack-internal:///(app-pages-browser)/./node_modules/next/dist/next-devtools/shared/forward-logs-shared.js:44
[  907773ms] [LOG] [Fast Refresh] rebuilding @ webpack-internal:///(app-pages-browser)/./node_modules/next/dist/next-devtools/shared/forward-logs-shared.js:44
[  908049ms] [LOG] [Fast Refresh] done in 275ms @ webpack-internal:///(app-pages-browser)/./node_modules/next/dist/next-devtools/shared/forward-logs-shared.js:44
[  909071ms] [LOG] [Fast Refresh] rebuilding @ webpack-internal:///(app-pages-browser)/./node_modules/next/dist/next-devtools/shared/forward-logs-shared.js:44
[  909399ms] [LOG] [Fast Refresh] done in 328ms @ webpack-internal:///(app-pages-browser)/./node_modules/next/dist/next-devtools/shared/forward-logs-shared.js:44
[  910571ms] [LOG] [Fast Refresh] rebuilding @ webpack-internal:///(app-pages-browser)/./node_modules/next/dist/next-devtools/shared/forward-logs-shared.js:44
[  910919ms] [LOG] [Fast Refresh] done in 349ms @ webpack-internal:///(app-pages-browser)/./node_modules/next/dist/next-devtools/shared/forward-logs-shared.js:44
[  912028ms] [LOG] [Fast Refresh] rebuilding @ webpack-internal:///(app-pages-browser)/./node_modules/next/dist/next-devtools/shared/forward-logs-shared.js:44
[  912394ms] [LOG] [Fast Refresh] done in 366ms @ webpack-internal:///(app-pages-browser)/./node_modules/next/dist/next-devtools/shared/forward-logs-shared.js:44
[  913375ms] [LOG] [Fast Refresh] rebuilding @ webpack-internal:///(app-pages-browser)/./node_modules/next/dist/next-devtools/shared/forward-logs-shared.js:44
[  913669ms] [LOG] [Fast Refresh] done in 295ms @ webpack-internal:///(app-pages-browser)/./node_modules/next/dist/next-devtools/shared/forward-logs-shared.js:44
[  914549ms] [LOG] [Fast Refresh] rebuilding @ webpack-internal:///(app-pages-browser)/./node_modules/next/dist/next-devtools/shared/forward-logs-shared.js:44
[  914866ms] [LOG] [Fast Refresh] done in 316ms @ webpack-internal:///(app-pages-browser)/./node_modules/next/dist/next-devtools/shared/forward-logs-shared.js:44
[  915822ms] [LOG] [Fast Refresh] rebuilding @ webpack-internal:///(app-pages-browser)/./node_modules/next/dist/next-devtools/shared/forward-logs-shared.js:44
[  916326ms] [LOG] [Fast Refresh] done in 504ms @ webpack-internal:///(app-pages-browser)/./node_modules/next/dist/next-devtools/shared/forward-logs-shared.js:44
[  917583ms] [LOG] [Fast Refresh] rebuilding @ webpack-internal:///(app-pages-browser)/./node_modules/next/dist/next-devtools/shared/forward-logs-shared.js:44
[  917969ms] [LOG] [Fast Refresh] done in 386ms @ webpack-internal:///(app-pages-browser)/./node_modules/next/dist/next-devtools/shared/forward-logs-shared.js:44
[  919072ms] [LOG] [Fast Refresh] rebuilding @ webpack-internal:///(app-pages-browser)/./node_modules/next/dist/next-devtools/shared/forward-logs-shared.js:44
[  919460ms] [LOG] [Fast Refresh] done in 389ms @ webpack-internal:///(app-pages-browser)/./node_modules/next/dist/next-devtools/shared/forward-logs-shared.js:44
[  920236ms] [LOG] [Fast Refresh] rebuilding @ webpack-internal:///(app-pages-browser)/./node_modules/next/dist/next-devtools/shared/forward-logs-shared.js:44
[  920511ms] [LOG] [Fast Refresh] done in 276ms @ webpack-internal:///(app-pages-browser)/./node_modules/next/dist/next-devtools/shared/forward-logs-shared.js:44
[  921461ms] [LOG] [Fast Refresh] rebuilding @ webpack-internal:///(app-pages-browser)/./node_modules/next/dist/next-devtools/shared/forward-logs-shared.js:44
[  922206ms] [LOG] [Fast Refresh] done in 744ms @ webpack-internal:///(app-pages-browser)/./node_modules/next/dist/next-devtools/shared/forward-logs-shared.js:44
[  923611ms] [LOG] [Fast Refresh] rebuilding @ webpack-internal:///(app-pages-browser)/./node_modules/next/dist/next-devtools/shared/forward-logs-shared.js:44
[  923885ms] [LOG] [Fast Refresh] done in 274ms @ webpack-internal:///(app-pages-browser)/./node_modules/next/dist/next-devtools/shared/forward-logs-shared.js:44
[  924848ms] [LOG] [Fast Refresh] rebuilding @ webpack-internal:///(app-pages-browser)/./node_modules/next/dist/next-devtools/shared/forward-logs-shared.js:44
[  925133ms] [LOG] [Fast Refresh] done in 284ms @ webpack-internal:///(app-pages-browser)/./node_modules/next/dist/next-devtools/shared/forward-logs-shared.js:44
[  926175ms] [LOG] [Fast Refresh] rebuilding @ webpack-internal:///(app-pages-browser)/./node_modules/next/dist/next-devtools/shared/forward-logs-shared.js:44
[  926584ms] [LOG] [Fast Refresh] done in 408ms @ webpack-internal:///(app-pages-browser)/./node_modules/next/dist/next-devtools/shared/forward-logs-shared.js:44
[  927510ms] [LOG] [Fast Refresh] rebuilding @ webpack-internal:///(app-pages-browser)/./node_modules/next/dist/next-devtools/shared/forward-logs-shared.js:44
[  927842ms] [LOG] [Fast Refresh] done in 332ms @ webpack-internal:///(app-pages-browser)/./node_modules/next/dist/next-devtools/shared/forward-logs-shared.js:44
[  928814ms] [LOG] [Fast Refresh] rebuilding @ webpack-internal:///(app-pages-browser)/./node_modules/next/dist/next-devtools/shared/forward-logs-shared.js:44
[  929234ms] [LOG] [Fast Refresh] done in 421ms @ webpack-internal:///(app-pages-browser)/./node_modules/next/dist/next-devtools/shared/forward-logs-shared.js:44
[  930171ms] [LOG] [Fast Refresh] rebuilding @ webpack-internal:///(app-pages-browser)/./node_modules/next/dist/next-devtools/shared/forward-logs-shared.js:44
[  930451ms] [LOG] [Fast Refresh] done in 280ms @ webpack-internal:///(app-pages-browser)/./node_modules/next/dist/next-devtools/shared/forward-logs-shared.js:44
[  931800ms] [LOG] [Fast Refresh] rebuilding @ webpack-internal:///(app-pages-browser)/./node_modules/next/dist/next-devtools/shared/forward-logs-shared.js:44
[  932242ms] [LOG] [Fast Refresh] done in 442ms @ webpack-internal:///(app-pages-browser)/./node_modules/next/dist/next-devtools/shared/forward-logs-shared.js:44
[  933236ms] [LOG] [Fast Refresh] rebuilding @ webpack-internal:///(app-pages-browser)/./node_modules/next/dist/next-devtools/shared/forward-logs-shared.js:44
[  933622ms] [LOG] [Fast Refresh] done in 386ms @ webpack-internal:///(app-pages-browser)/./node_modules/next/dist/next-devtools/shared/forward-logs-shared.js:44
[  934716ms] [LOG] [Fast Refresh] rebuilding @ webpack-internal:///(app-pages-browser)/./node_modules/next/dist/next-devtools/shared/forward-logs-shared.js:44
[  935074ms] [LOG] [Fast Refresh] done in 358ms @ webpack-internal:///(app-pages-browser)/./node_modules/next/dist/next-devtools/shared/forward-logs-shared.js:44
[  936043ms] [LOG] [Fast Refresh] rebuilding @ webpack-internal:///(app-pages-browser)/./node_modules/next/dist/next-devtools/shared/forward-logs-shared.js:44
[  936384ms] [LOG] [Fast Refresh] done in 341ms @ webpack-internal:///(app-pages-browser)/./node_modules/next/dist/next-devtools/shared/forward-logs-shared.js:44
[  937304ms] [LOG] [Fast Refresh] rebuilding @ webpack-internal:///(app-pages-browser)/./node_modules/next/dist/next-devtools/shared/forward-logs-shared.js:44
[  938282ms] [LOG] [Fast Refresh] done in 977ms @ webpack-internal:///(app-pages-browser)/./node_modules/next/dist/next-devtools/shared/forward-logs-shared.js:44
[  938794ms] [LOG] [Fast Refresh] rebuilding @ webpack-internal:///(app-pages-browser)/./node_modules/next/dist/next-devtools/shared/forward-logs-shared.js:44
[  939135ms] [LOG] [Fast Refresh] done in 341ms @ webpack-internal:///(app-pages-browser)/./node_modules/next/dist/next-devtools/shared/forward-logs-shared.js:44
[  940152ms] [LOG] [Fast Refresh] rebuilding @ webpack-internal:///(app-pages-browser)/./node_modules/next/dist/next-devtools/shared/forward-logs-shared.js:44
[  940440ms] [LOG] [Fast Refresh] done in 288ms @ webpack-internal:///(app-pages-browser)/./node_modules/next/dist/next-devtools/shared/forward-logs-shared.js:44
[  941392ms] [LOG] [Fast Refresh] rebuilding @ webpack-internal:///(app-pages-browser)/./node_modules/next/dist/next-devtools/shared/forward-logs-shared.js:44
[  941780ms] [LOG] [Fast Refresh] done in 388ms @ webpack-internal:///(app-pages-browser)/./node_modules/next/dist/next-devtools/shared/forward-logs-shared.js:44
[  942648ms] [LOG] [Fast Refresh] rebuilding @ webpack-internal:///(app-pages-browser)/./node_modules/next/dist/next-devtools/shared/forward-logs-shared.js:44
[  942907ms] [LOG] [Fast Refresh] done in 260ms @ webpack-internal:///(app-pages-browser)/./node_modules/next/dist/next-devtools/shared/forward-logs-shared.js:44
[  943875ms] [LOG] [Fast Refresh] rebuilding @ webpack-internal:///(app-pages-browser)/./node_modules/next/dist/next-devtools/shared/forward-logs-shared.js:44
[  944203ms] [LOG] [Fast Refresh] done in 328ms @ webpack-internal:///(app-pages-browser)/./node_modules/next/dist/next-devtools/shared/forward-logs-shared.js:44
[  945178ms] [LOG] [Fast Refresh] rebuilding @ webpack-internal:///(app-pages-browser)/./node_modules/next/dist/next-devtools/shared/forward-logs-shared.js:44
[  945473ms] [LOG] [Fast Refresh] done in 295ms @ webpack-internal:///(app-pages-browser)/./node_modules/next/dist/next-devtools/shared/forward-logs-shared.js:44
[  946651ms] [LOG] [Fast Refresh] rebuilding @ webpack-internal:///(app-pages-browser)/./node_modules/next/dist/next-devtools/shared/forward-logs-shared.js:44
[  947268ms] [LOG] [Fast Refresh] done in 617ms @ webpack-internal:///(app-pages-browser)/./node_modules/next/dist/next-devtools/shared/forward-logs-shared.js:44
[  948242ms] [LOG] [Fast Refresh] rebuilding @ webpack-internal:///(app-pages-browser)/./node_modules/next/dist/next-devtools/shared/forward-logs-shared.js:44
[  948680ms] [LOG] [Fast Refresh] done in 438ms @ webpack-internal:///(app-pages-browser)/./node_modules/next/dist/next-devtools/shared/forward-logs-shared.js:44
[  949705ms] [LOG] [Fast Refresh] rebuilding @ webpack-internal:///(app-pages-browser)/./node_modules/next/dist/next-devtools/shared/forward-logs-shared.js:44
[  949990ms] [LOG] [Fast Refresh] done in 284ms @ webpack-internal:///(app-pages-browser)/./node_modules/next/dist/next-devtools/shared/forward-logs-shared.js:44
[  950933ms] [LOG] [Fast Refresh] rebuilding @ webpack-internal:///(app-pages-browser)/./node_modules/next/dist/next-devtools/shared/forward-logs-shared.js:44
[  951258ms] [LOG] [Fast Refresh] done in 325ms @ webpack-internal:///(app-pages-browser)/./node_modules/next/dist/next-devtools/shared/forward-logs-shared.js:44
[  952125ms] [LOG] [Fast Refresh] rebuilding @ webpack-internal:///(app-pages-browser)/./node_modules/next/dist/next-devtools/shared/forward-logs-shared.js:44
[  952442ms] [LOG] [Fast Refresh] done in 316ms @ webpack-internal:///(app-pages-browser)/./node_modules/next/dist/next-devtools/shared/forward-logs-shared.js:44
[  953547ms] [LOG] [Fast Refresh] rebuilding @ webpack-internal:///(app-pages-browser)/./node_modules/next/dist/next-devtools/shared/forward-logs-shared.js:44
[  954290ms] [LOG] [Fast Refresh] done in 744ms @ webpack-internal:///(app-pages-browser)/./node_modules/next/dist/next-devtools/shared/forward-logs-shared.js:44
[  955763ms] [LOG] [Fast Refresh] rebuilding @ webpack-internal:///(app-pages-browser)/./node_modules/next/dist/next-devtools/shared/forward-logs-shared.js:44
[  956004ms] [LOG] [Fast Refresh] done in 241ms @ webpack-internal:///(app-pages-browser)/./node_modules/next/dist/next-devtools/shared/forward-logs-shared.js:44
[  956958ms] [LOG] [Fast Refresh] rebuilding @ webpack-internal:///(app-pages-browser)/./node_modules/next/dist/next-devtools/shared/forward-logs-shared.js:44
[  957296ms] [LOG] [Fast Refresh] done in 338ms @ webpack-internal:///(app-pages-browser)/./node_modules/next/dist/next-devtools/shared/forward-logs-shared.js:44
[  958361ms] [LOG] [Fast Refresh] rebuilding @ webpack-internal:///(app-pages-browser)/./node_modules/next/dist/next-devtools/shared/forward-logs-shared.js:44
[  959139ms] [LOG] [Fast Refresh] done in 778ms @ webpack-internal:///(app-pages-browser)/./node_modules/next/dist/next-devtools/shared/forward-logs-shared.js:44
[  959709ms] [LOG] [Fast Refresh] rebuilding @ webpack-internal:///(app-pages-browser)/./node_modules/next/dist/next-devtools/shared/forward-logs-shared.js:44
[  960056ms] [LOG] [Fast Refresh] done in 348ms @ webpack-internal:///(app-pages-browser)/./node_modules/next/dist/next-devtools/shared/forward-logs-shared.js:44
[  961115ms] [LOG] [Fast Refresh] rebuilding @ webpack-internal:///(app-pages-browser)/./node_modules/next/dist/next-devtools/shared/forward-logs-shared.js:44
[  961751ms] [LOG] [Fast Refresh] done in 636ms @ webpack-internal:///(app-pages-browser)/./node_modules/next/dist/next-devtools/shared/forward-logs-shared.js:44
[  963327ms] [LOG] [Fast Refresh] rebuilding @ webpack-internal:///(app-pages-browser)/./node_modules/next/dist/next-devtools/shared/forward-logs-shared.js:44
[  963867ms] [LOG] [Fast Refresh] done in 541ms @ webpack-internal:///(app-pages-browser)/./node_modules/next/dist/next-devtools/shared/forward-logs-shared.js:44
[  964817ms] [LOG] [Fast Refresh] rebuilding @ webpack-internal:///(app-pages-browser)/./node_modules/next/dist/next-devtools/shared/forward-logs-shared.js:44
[  965127ms] [LOG] [Fast Refresh] done in 310ms @ webpack-internal:///(app-pages-browser)/./node_modules/next/dist/next-devtools/shared/forward-logs-shared.js:44
[  966040ms] [LOG] [Fast Refresh] rebuilding @ webpack-internal:///(app-pages-browser)/./node_modules/next/dist/next-devtools/shared/forward-logs-shared.js:44
[  966306ms] [LOG] [Fast Refresh] done in 265ms @ webpack-internal:///(app-pages-browser)/./node_modules/next/dist/next-devtools/shared/forward-logs-shared.js:44
[  967232ms] [LOG] [Fast Refresh] rebuilding @ webpack-internal:///(app-pages-browser)/./node_modules/next/dist/next-devtools/shared/forward-logs-shared.js:44
[  967564ms] [LOG] [Fast Refresh] done in 333ms @ webpack-internal:///(app-pages-browser)/./node_modules/next/dist/next-devtools/shared/forward-logs-shared.js:44
[  968545ms] [LOG] [Fast Refresh] rebuilding @ webpack-internal:///(app-pages-browser)/./node_modules/next/dist/next-devtools/shared/forward-logs-shared.js:44
[  969036ms] [LOG] [Fast Refresh] done in 491ms @ webpack-internal:///(app-pages-browser)/./node_modules/next/dist/next-devtools/shared/forward-logs-shared.js:44
[  969927ms] [LOG] [Fast Refresh] rebuilding @ webpack-internal:///(app-pages-browser)/./node_modules/next/dist/next-devtools/shared/forward-logs-shared.js:44
[  970902ms] [LOG] [Fast Refresh] done in 976ms @ webpack-internal:///(app-pages-browser)/./node_modules/next/dist/next-devtools/shared/forward-logs-shared.js:44
[  971443ms] [LOG] [Fast Refresh] rebuilding @ webpack-internal:///(app-pages-browser)/./node_modules/next/dist/next-devtools/shared/forward-logs-shared.js:44
[  971893ms] [LOG] [Fast Refresh] done in 450ms @ webpack-internal:///(app-pages-browser)/./node_modules/next/dist/next-devtools/shared/forward-logs-shared.js:44
[  973020ms] [LOG] [Fast Refresh] rebuilding @ webpack-internal:///(app-pages-browser)/./node_modules/next/dist/next-devtools/shared/forward-logs-shared.js:44
[  973413ms] [LOG] [Fast Refresh] done in 393ms @ webpack-internal:///(app-pages-browser)/./node_modules/next/dist/next-devtools/shared/forward-logs-shared.js:44
[  974416ms] [LOG] [Fast Refresh] rebuilding @ webpack-internal:///(app-pages-browser)/./node_modules/next/dist/next-devtools/shared/forward-logs-shared.js:44
[  974835ms] [LOG] [Fast Refresh] done in 419ms @ webpack-internal:///(app-pages-browser)/./node_modules/next/dist/next-devtools/shared/forward-logs-shared.js:44
[  975590ms] [LOG] [Fast Refresh] rebuilding @ webpack-internal:///(app-pages-browser)/./node_modules/next/dist/next-devtools/shared/forward-logs-shared.js:44
[  975876ms] [LOG] [Fast Refresh] done in 287ms @ webpack-internal:///(app-pages-browser)/./node_modules/next/dist/next-devtools/shared/forward-logs-shared.js:44
[  977404ms] [LOG] [Fast Refresh] rebuilding @ webpack-internal:///(app-pages-browser)/./node_modules/next/dist/next-devtools/shared/forward-logs-shared.js:44
[  977922ms] [LOG] [Fast Refresh] done in 518ms @ webpack-internal:///(app-pages-browser)/./node_modules/next/dist/next-devtools/shared/forward-logs-shared.js:44
[  978815ms] [LOG] [Fast Refresh] rebuilding @ webpack-internal:///(app-pages-browser)/./node_modules/next/dist/next-devtools/shared/forward-logs-shared.js:44
[  979229ms] [LOG] [Fast Refresh] done in 414ms @ webpack-internal:///(app-pages-browser)/./node_modules/next/dist/next-devtools/shared/forward-logs-shared.js:44
[  980322ms] [LOG] [Fast Refresh] rebuilding @ webpack-internal:///(app-pages-browser)/./node_modules/next/dist/next-devtools/shared/forward-logs-shared.js:44
[  980653ms] [LOG] [Fast Refresh] done in 330ms @ webpack-internal:///(app-pages-browser)/./node_modules/next/dist/next-devtools/shared/forward-logs-shared.js:44
[  981629ms] [LOG] [Fast Refresh] rebuilding @ webpack-internal:///(app-pages-browser)/./node_modules/next/dist/next-devtools/shared/forward-logs-shared.js:44
[  981945ms] [LOG] [Fast Refresh] done in 316ms @ webpack-internal:///(app-pages-browser)/./node_modules/next/dist/next-devtools/shared/forward-logs-shared.js:44
[  982831ms] [LOG] [Fast Refresh] rebuilding @ webpack-internal:///(app-pages-browser)/./node_modules/next/dist/next-devtools/shared/forward-logs-shared.js:44
[  983178ms] [LOG] [Fast Refresh] done in 347ms @ webpack-internal:///(app-pages-browser)/./node_modules/next/dist/next-devtools/shared/forward-logs-shared.js:44
[  984161ms] [LOG] [Fast Refresh] rebuilding @ webpack-internal:///(app-pages-browser)/./node_modules/next/dist/next-devtools/shared/forward-logs-shared.js:44
[  984746ms] [LOG] [Fast Refresh] done in 586ms @ webpack-internal:///(app-pages-browser)/./node_modules/next/dist/next-devtools/shared/forward-logs-shared.js:44
[  985278ms] [LOG] [Fast Refresh] rebuilding @ webpack-internal:///(app-pages-browser)/./node_modules/next/dist/next-devtools/shared/forward-logs-shared.js:44
[  985677ms] [LOG] [Fast Refresh] done in 399ms @ webpack-internal:///(app-pages-browser)/./node_modules/next/dist/next-devtools/shared/forward-logs-shared.js:44
[  986697ms] [LOG] [Fast Refresh] rebuilding @ webpack-internal:///(app-pages-browser)/./node_modules/next/dist/next-devtools/shared/forward-logs-shared.js:44
[  988011ms] [LOG] [Fast Refresh] done in 1314ms @ webpack-internal:///(app-pages-browser)/./node_modules/next/dist/next-devtools/shared/forward-logs-shared.js:44
[  989179ms] [LOG] [Fast Refresh] rebuilding @ webpack-internal:///(app-pages-browser)/./node_modules/next/dist/next-devtools/shared/forward-logs-shared.js:44
[  989470ms] [LOG] [Fast Refresh] done in 291ms @ webpack-internal:///(app-pages-browser)/./node_modules/next/dist/next-devtools/shared/forward-logs-shared.js:44
[  990316ms] [LOG] [Fast Refresh] rebuilding @ webpack-internal:///(app-pages-browser)/./node_modules/next/dist/next-devtools/shared/forward-logs-shared.js:44
[  990771ms] [LOG] [Fast Refresh] done in 454ms @ webpack-internal:///(app-pages-browser)/./node_modules/next/dist/next-devtools/shared/forward-logs-shared.js:44
[  991797ms] [LOG] [Fast Refresh] rebuilding @ webpack-internal:///(app-pages-browser)/./node_modules/next/dist/next-devtools/shared/forward-logs-shared.js:44
[  992239ms] [LOG] [Fast Refresh] done in 441ms @ webpack-internal:///(app-pages-browser)/./node_modules/next/dist/next-devtools/shared/forward-logs-shared.js:44
[  993441ms] [LOG] [Fast Refresh] rebuilding @ webpack-internal:///(app-pages-browser)/./node_modules/next/dist/next-devtools/shared/forward-logs-shared.js:44
[  993806ms] [LOG] [Fast Refresh] done in 365ms @ webpack-internal:///(app-pages-browser)/./node_modules/next/dist/next-devtools/shared/forward-logs-shared.js:44
[  994642ms] [LOG] [Fast Refresh] rebuilding @ webpack-internal:///(app-pages-browser)/./node_modules/next/dist/next-devtools/shared/forward-logs-shared.js:44
[  995009ms] [LOG] [Fast Refresh] done in 368ms @ webpack-internal:///(app-pages-browser)/./node_modules/next/dist/next-devtools/shared/forward-logs-shared.js:44
[  996093ms] [LOG] [Fast Refresh] rebuilding @ webpack-internal:///(app-pages-browser)/./node_modules/next/dist/next-devtools/shared/forward-logs-shared.js:44
[  996564ms] [LOG] [Fast Refresh] done in 472ms @ webpack-internal:///(app-pages-browser)/./node_modules/next/dist/next-devtools/shared/forward-logs-shared.js:44
[  997382ms] [LOG] [Fast Refresh] rebuilding @ webpack-internal:///(app-pages-browser)/./node_modules/next/dist/next-devtools/shared/forward-logs-shared.js:44
[  997701ms] [LOG] [Fast Refresh] done in 319ms @ webpack-internal:///(app-pages-browser)/./node_modules/next/dist/next-devtools/shared/forward-logs-shared.js:44
[  998690ms] [LOG] [Fast Refresh] rebuilding @ webpack-internal:///(app-pages-browser)/./node_modules/next/dist/next-devtools/shared/forward-logs-shared.js:44
[  999011ms] [LOG] [Fast Refresh] done in 321ms @ webpack-internal:///(app-pages-browser)/./node_modules/next/dist/next-devtools/shared/forward-logs-shared.js:44
[  999900ms] [LOG] [Fast Refresh] rebuilding @ webpack-internal:///(app-pages-browser)/./node_modules/next/dist/next-devtools/shared/forward-logs-shared.js:44
[ 1000241ms] [LOG] [Fast Refresh] done in 340ms @ webpack-internal:///(app-pages-browser)/./node_modules/next/dist/next-devtools/shared/forward-logs-shared.js:44
[ 1001197ms] [LOG] [Fast Refresh] rebuilding @ webpack-internal:///(app-pages-browser)/./node_modules/next/dist/next-devtools/shared/forward-logs-shared.js:44
[ 1001521ms] [LOG] [Fast Refresh] done in 324ms @ webpack-internal:///(app-pages-browser)/./node_modules/next/dist/next-devtools/shared/forward-logs-shared.js:44
[ 1002505ms] [LOG] [Fast Refresh] rebuilding @ webpack-internal:///(app-pages-browser)/./node_modules/next/dist/next-devtools/shared/forward-logs-shared.js:44
[ 1002820ms] [LOG] [Fast Refresh] done in 315ms @ webpack-internal:///(app-pages-browser)/./node_modules/next/dist/next-devtools/shared/forward-logs-shared.js:44
[ 1003720ms] [LOG] [Fast Refresh] rebuilding @ webpack-internal:///(app-pages-browser)/./node_modules/next/dist/next-devtools/shared/forward-logs-shared.js:44
[ 1004054ms] [LOG] [Fast Refresh] done in 335ms @ webpack-internal:///(app-pages-browser)/./node_modules/next/dist/next-devtools/shared/forward-logs-shared.js:44
[ 1004967ms] [LOG] [Fast Refresh] rebuilding @ webpack-internal:///(app-pages-browser)/./node_modules/next/dist/next-devtools/shared/forward-logs-shared.js:44
[ 1005300ms] [LOG] [Fast Refresh] done in 332ms @ webpack-internal:///(app-pages-browser)/./node_modules/next/dist/next-devtools/shared/forward-logs-shared.js:44
[ 1006232ms] [LOG] [Fast Refresh] rebuilding @ webpack-internal:///(app-pages-browser)/./node_modules/next/dist/next-devtools/shared/forward-logs-shared.js:44
[ 1006711ms] [LOG] [Fast Refresh] done in 478ms @ webpack-internal:///(app-pages-browser)/./node_modules/next/dist/next-devtools/shared/forward-logs-shared.js:44
[ 1008497ms] [LOG] [Fast Refresh] rebuilding @ webpack-internal:///(app-pages-browser)/./node_modules/next/dist/next-devtools/shared/forward-logs-shared.js:44
[ 1009200ms] [LOG] [Fast Refresh] done in 704ms @ webpack-internal:///(app-pages-browser)/./node_modules/next/dist/next-devtools/shared/forward-logs-shared.js:44
[ 1009917ms] [LOG] [Fast Refresh] rebuilding @ webpack-internal:///(app-pages-browser)/./node_modules/next/dist/next-devtools/shared/forward-logs-shared.js:44
[ 1010434ms] [LOG] [Fast Refresh] done in 521ms @ webpack-internal:///(app-pages-browser)/./node_modules/next/dist/next-devtools/shared/forward-logs-shared.js:44
[ 1011286ms] [LOG] [Fast Refresh] rebuilding @ webpack-internal:///(app-pages-browser)/./node_modules/next/dist/next-devtools/shared/forward-logs-shared.js:44
[ 1011615ms] [LOG] [Fast Refresh] done in 330ms @ webpack-internal:///(app-pages-browser)/./node_modules/next/dist/next-devtools/shared/forward-logs-shared.js:44
[ 1012634ms] [LOG] [Fast Refresh] rebuilding @ webpack-internal:///(app-pages-browser)/./node_modules/next/dist/next-devtools/shared/forward-logs-shared.js:44
[ 1012932ms] [LOG] [Fast Refresh] done in 297ms @ webpack-internal:///(app-pages-browser)/./node_modules/next/dist/next-devtools/shared/forward-logs-shared.js:44
[ 1013899ms] [LOG] [Fast Refresh] rebuilding @ webpack-internal:///(app-pages-browser)/./node_modules/next/dist/next-devtools/shared/forward-logs-shared.js:44
[ 1014131ms] [LOG] [Fast Refresh] done in 233ms @ webpack-internal:///(app-pages-browser)/./node_modules/next/dist/next-devtools/shared/forward-logs-shared.js:44
[ 1015226ms] [LOG] [Fast Refresh] rebuilding @ webpack-internal:///(app-pages-browser)/./node_modules/next/dist/next-devtools/shared/forward-logs-shared.js:44
[ 1015517ms] [LOG] [Fast Refresh] done in 292ms @ webpack-internal:///(app-pages-browser)/./node_modules/next/dist/next-devtools/shared/forward-logs-shared.js:44
[ 1016511ms] [LOG] [Fast Refresh] rebuilding @ webpack-internal:///(app-pages-browser)/./node_modules/next/dist/next-devtools/shared/forward-logs-shared.js:44
[ 1016847ms] [LOG] [Fast Refresh] done in 337ms @ webpack-internal:///(app-pages-browser)/./node_modules/next/dist/next-devtools/shared/forward-logs-shared.js:44
[ 1017799ms] [LOG] [Fast Refresh] rebuilding @ webpack-internal:///(app-pages-browser)/./node_modules/next/dist/next-devtools/shared/forward-logs-shared.js:44
[ 1018134ms] [LOG] [Fast Refresh] done in 334ms @ webpack-internal:///(app-pages-browser)/./node_modules/next/dist/next-devtools/shared/forward-logs-shared.js:44
[ 1019105ms] [LOG] [Fast Refresh] rebuilding @ webpack-internal:///(app-pages-browser)/./node_modules/next/dist/next-devtools/shared/forward-logs-shared.js:44
[ 1020306ms] [LOG] [Fast Refresh] done in 1202ms @ webpack-internal:///(app-pages-browser)/./node_modules/next/dist/next-devtools/shared/forward-logs-shared.js:44
[ 1021351ms] [LOG] [Fast Refresh] rebuilding @ webpack-internal:///(app-pages-browser)/./node_modules/next/dist/next-devtools/shared/forward-logs-shared.js:44
[ 1021806ms] [LOG] [Fast Refresh] done in 454ms @ webpack-internal:///(app-pages-browser)/./node_modules/next/dist/next-devtools/shared/forward-logs-shared.js:44
[ 1022846ms] [LOG] [Fast Refresh] rebuilding @ webpack-internal:///(app-pages-browser)/./node_modules/next/dist/next-devtools/shared/forward-logs-shared.js:44
[ 1023545ms] [LOG] [Fast Refresh] done in 698ms @ webpack-internal:///(app-pages-browser)/./node_modules/next/dist/next-devtools/shared/forward-logs-shared.js:44
[ 1024247ms] [LOG] [Fast Refresh] rebuilding @ webpack-internal:///(app-pages-browser)/./node_modules/next/dist/next-devtools/shared/forward-logs-shared.js:44
[ 1024526ms] [LOG] [Fast Refresh] done in 280ms @ webpack-internal:///(app-pages-browser)/./node_modules/next/dist/next-devtools/shared/forward-logs-shared.js:44
[ 1025558ms] [LOG] [Fast Refresh] rebuilding @ webpack-internal:///(app-pages-browser)/./node_modules/next/dist/next-devtools/shared/forward-logs-shared.js:44
[ 1025863ms] [LOG] [Fast Refresh] done in 305ms @ webpack-internal:///(app-pages-browser)/./node_modules/next/dist/next-devtools/shared/forward-logs-shared.js:44
[ 1026707ms] [LOG] [Fast Refresh] rebuilding @ webpack-internal:///(app-pages-browser)/./node_modules/next/dist/next-devtools/shared/forward-logs-shared.js:44
[ 1027379ms] [LOG] [Fast Refresh] done in 671ms @ webpack-internal:///(app-pages-browser)/./node_modules/next/dist/next-devtools/shared/forward-logs-shared.js:44
[ 1028099ms] [LOG] [Fast Refresh] rebuilding @ webpack-internal:///(app-pages-browser)/./node_modules/next/dist/next-devtools/shared/forward-logs-shared.js:44
[ 1028562ms] [LOG] [Fast Refresh] done in 463ms @ webpack-internal:///(app-pages-browser)/./node_modules/next/dist/next-devtools/shared/forward-logs-shared.js:44
[ 1029415ms] [LOG] [Fast Refresh] rebuilding @ webpack-internal:///(app-pages-browser)/./node_modules/next/dist/next-devtools/shared/forward-logs-shared.js:44
[ 1029695ms] [LOG] [Fast Refresh] done in 281ms @ webpack-internal:///(app-pages-browser)/./node_modules/next/dist/next-devtools/shared/forward-logs-shared.js:44
[ 1030882ms] [LOG] [Fast Refresh] rebuilding @ webpack-internal:///(app-pages-browser)/./node_modules/next/dist/next-devtools/shared/forward-logs-shared.js:44
[ 1031288ms] [LOG] [Fast Refresh] done in 405ms @ webpack-internal:///(app-pages-browser)/./node_modules/next/dist/next-devtools/shared/forward-logs-shared.js:44
[ 1032431ms] [LOG] [Fast Refresh] rebuilding @ webpack-internal:///(app-pages-browser)/./node_modules/next/dist/next-devtools/shared/forward-logs-shared.js:44
[ 1032863ms] [LOG] [Fast Refresh] done in 432ms @ webpack-internal:///(app-pages-browser)/./node_modules/next/dist/next-devtools/shared/forward-logs-shared.js:44
[ 1033787ms] [LOG] [Fast Refresh] rebuilding @ webpack-internal:///(app-pages-browser)/./node_modules/next/dist/next-devtools/shared/forward-logs-shared.js:44
[ 1034189ms] [LOG] [Fast Refresh] done in 402ms @ webpack-internal:///(app-pages-browser)/./node_modules/next/dist/next-devtools/shared/forward-logs-shared.js:44
[ 1035375ms] [LOG] [Fast Refresh] rebuilding @ webpack-internal:///(app-pages-browser)/./node_modules/next/dist/next-devtools/shared/forward-logs-shared.js:44
[ 1035907ms] [LOG] [Fast Refresh] done in 533ms @ webpack-internal:///(app-pages-browser)/./node_modules/next/dist/next-devtools/shared/forward-logs-shared.js:44
[ 1037305ms] [LOG] [Fast Refresh] rebuilding @ webpack-internal:///(app-pages-browser)/./node_modules/next/dist/next-devtools/shared/forward-logs-shared.js:44
[ 1038437ms] [LOG] [Fast Refresh] done in 1131ms @ webpack-internal:///(app-pages-browser)/./node_modules/next/dist/next-devtools/shared/forward-logs-shared.js:44
[ 1039228ms] [LOG] [Fast Refresh] rebuilding @ webpack-internal:///(app-pages-browser)/./node_modules/next/dist/next-devtools/shared/forward-logs-shared.js:44
[ 1039615ms] [LOG] [Fast Refresh] done in 387ms @ webpack-internal:///(app-pages-browser)/./node_modules/next/dist/next-devtools/shared/forward-logs-shared.js:44
[ 1040604ms] [LOG] [Fast Refresh] rebuilding @ webpack-internal:///(app-pages-browser)/./node_modules/next/dist/next-devtools/shared/forward-logs-shared.js:44
[ 1041043ms] [LOG] [Fast Refresh] done in 439ms @ webpack-internal:///(app-pages-browser)/./node_modules/next/dist/next-devtools/shared/forward-logs-shared.js:44
[ 1042162ms] [LOG] [Fast Refresh] rebuilding @ webpack-internal:///(app-pages-browser)/./node_modules/next/dist/next-devtools/shared/forward-logs-shared.js:44
[ 1042674ms] [LOG] [Fast Refresh] done in 511ms @ webpack-internal:///(app-pages-browser)/./node_modules/next/dist/next-devtools/shared/forward-logs-shared.js:44
[ 1043610ms] [LOG] [Fast Refresh] rebuilding @ webpack-internal:///(app-pages-browser)/./node_modules/next/dist/next-devtools/shared/forward-logs-shared.js:44
[ 1043960ms] [LOG] [Fast Refresh] done in 349ms @ webpack-internal:///(app-pages-browser)/./node_modules/next/dist/next-devtools/shared/forward-logs-shared.js:44
[ 1045076ms] [LOG] [Fast Refresh] rebuilding @ webpack-internal:///(app-pages-browser)/./node_modules/next/dist/next-devtools/shared/forward-logs-shared.js:44
[ 1045410ms] [LOG] [Fast Refresh] done in 334ms @ webpack-internal:///(app-pages-browser)/./node_modules/next/dist/next-devtools/shared/forward-logs-shared.js:44
[ 1046588ms] [LOG] [Fast Refresh] rebuilding @ webpack-internal:///(app-pages-browser)/./node_modules/next/dist/next-devtools/shared/forward-logs-shared.js:44
[ 1046956ms] [LOG] [Fast Refresh] done in 368ms @ webpack-internal:///(app-pages-browser)/./node_modules/next/dist/next-devtools/shared/forward-logs-shared.js:44
[ 1048108ms] [LOG] [Fast Refresh] rebuilding @ webpack-internal:///(app-pages-browser)/./node_modules/next/dist/next-devtools/shared/forward-logs-shared.js:44
[ 1048419ms] [LOG] [Fast Refresh] done in 311ms @ webpack-internal:///(app-pages-browser)/./node_modules/next/dist/next-devtools/shared/forward-logs-shared.js:44
[ 1049369ms] [LOG] [Fast Refresh] rebuilding @ webpack-internal:///(app-pages-browser)/./node_modules/next/dist/next-devtools/shared/forward-logs-shared.js:44
[ 1049630ms] [LOG] [Fast Refresh] done in 262ms @ webpack-internal:///(app-pages-browser)/./node_modules/next/dist/next-devtools/shared/forward-logs-shared.js:44
[ 1050556ms] [LOG] [Fast Refresh] rebuilding @ webpack-internal:///(app-pages-browser)/./node_modules/next/dist/next-devtools/shared/forward-logs-shared.js:44
[ 1050916ms] [LOG] [Fast Refresh] done in 360ms @ webpack-internal:///(app-pages-browser)/./node_modules/next/dist/next-devtools/shared/forward-logs-shared.js:44
[ 1051888ms] [LOG] [Fast Refresh] rebuilding @ webpack-internal:///(app-pages-browser)/./node_modules/next/dist/next-devtools/shared/forward-logs-shared.js:44
[ 1054114ms] [LOG] [Fast Refresh] done in 2230ms @ webpack-internal:///(app-pages-browser)/./node_modules/next/dist/next-devtools/shared/forward-logs-shared.js:44
[ 1056617ms] [LOG] [Fast Refresh] rebuilding @ webpack-internal:///(app-pages-browser)/./node_modules/next/dist/next-devtools/shared/forward-logs-shared.js:44
[ 1056628ms] [LOG] [Fast Refresh] rebuilding @ webpack-internal:///(app-pages-browser)/./node_modules/next/dist/next-devtools/shared/forward-logs-shared.js:44
[ 1057754ms] [LOG] [Fast Refresh] done in 1126ms @ webpack-internal:///(app-pages-browser)/./node_modules/next/dist/next-devtools/shared/forward-logs-shared.js:44
[ 1058158ms] [LOG] [Fast Refresh] done in 1530ms @ webpack-internal:///(app-pages-browser)/./node_modules/next/dist/next-devtools/shared/forward-logs-shared.js:44
[ 1058371ms] [LOG] [Fast Refresh] rebuilding @ webpack-internal:///(app-pages-browser)/./node_modules/next/dist/next-devtools/shared/forward-logs-shared.js:44
[ 1060978ms] [LOG] [Fast Refresh] done in 2607ms @ webpack-internal:///(app-pages-browser)/./node_modules/next/dist/next-devtools/shared/forward-logs-shared.js:44
[ 1061490ms] [LOG] [Fast Refresh] rebuilding @ webpack-internal:///(app-pages-browser)/./node_modules/next/dist/next-devtools/shared/forward-logs-shared.js:44
[ 1062364ms] [LOG] [Fast Refresh] done in 876ms @ webpack-internal:///(app-pages-browser)/./node_modules/next/dist/next-devtools/shared/forward-logs-shared.js:44
[ 1062387ms] [LOG] [Fast Refresh] rebuilding @ webpack-internal:///(app-pages-browser)/./node_modules/next/dist/next-devtools/shared/forward-logs-shared.js:44
[ 1063526ms] [LOG] [Fast Refresh] done in 1139ms @ webpack-internal:///(app-pages-browser)/./node_modules/next/dist/next-devtools/shared/forward-logs-shared.js:44
[ 1063551ms] [LOG] [Fast Refresh] rebuilding @ webpack-internal:///(app-pages-browser)/./node_modules/next/dist/next-devtools/shared/forward-logs-shared.js:44
[ 1064430ms] [LOG] [Fast Refresh] done in 879ms @ webpack-internal:///(app-pages-browser)/./node_modules/next/dist/next-devtools/shared/forward-logs-shared.js:44
[ 1064760ms] [LOG] [Fast Refresh] rebuilding @ webpack-internal:///(app-pages-browser)/./node_modules/next/dist/next-devtools/shared/forward-logs-shared.js:44
[ 1065800ms] [LOG] [Fast Refresh] done in 1040ms @ webpack-internal:///(app-pages-browser)/./node_modules/next/dist/next-devtools/shared/forward-logs-shared.js:44
[ 1065819ms] [LOG] [Fast Refresh] rebuilding @ webpack-internal:///(app-pages-browser)/./node_modules/next/dist/next-devtools/shared/forward-logs-shared.js:44
[ 1068912ms] [LOG] [Fast Refresh] done in 3093ms @ webpack-internal:///(app-pages-browser)/./node_modules/next/dist/next-devtools/shared/forward-logs-shared.js:44
[ 1069408ms] [LOG] [Fast Refresh] rebuilding @ webpack-internal:///(app-pages-browser)/./node_modules/next/dist/next-devtools/shared/forward-logs-shared.js:44
[ 1070351ms] [LOG] [Fast Refresh] done in 943ms @ webpack-internal:///(app-pages-browser)/./node_modules/next/dist/next-devtools/shared/forward-logs-shared.js:44
[ 1070389ms] [LOG] [Fast Refresh] rebuilding @ webpack-internal:///(app-pages-browser)/./node_modules/next/dist/next-devtools/shared/forward-logs-shared.js:44
[ 1071363ms] [LOG] [Fast Refresh] done in 973ms @ webpack-internal:///(app-pages-browser)/./node_modules/next/dist/next-devtools/shared/forward-logs-shared.js:44
[ 1071395ms] [LOG] [Fast Refresh] rebuilding @ webpack-internal:///(app-pages-browser)/./node_modules/next/dist/next-devtools/shared/forward-logs-shared.js:44
[ 1072560ms] [LOG] [Fast Refresh] done in 1165ms @ webpack-internal:///(app-pages-browser)/./node_modules/next/dist/next-devtools/shared/forward-logs-shared.js:44
[ 1072577ms] [LOG] [Fast Refresh] rebuilding @ webpack-internal:///(app-pages-browser)/./node_modules/next/dist/next-devtools/shared/forward-logs-shared.js:44
[ 1073876ms] [LOG] [Fast Refresh] done in 1299ms @ webpack-internal:///(app-pages-browser)/./node_modules/next/dist/next-devtools/shared/forward-logs-shared.js:44
[ 1073892ms] [LOG] [Fast Refresh] rebuilding @ webpack-internal:///(app-pages-browser)/./node_modules/next/dist/next-devtools/shared/forward-logs-shared.js:44
[ 1074967ms] [LOG] [Fast Refresh] done in 1074ms @ webpack-internal:///(app-pages-browser)/./node_modules/next/dist/next-devtools/shared/forward-logs-shared.js:44
[ 1075280ms] [LOG] [Fast Refresh] rebuilding @ webpack-internal:///(app-pages-browser)/./node_modules/next/dist/next-devtools/shared/forward-logs-shared.js:44
[ 1075929ms] [LOG] [Fast Refresh] done in 649ms @ webpack-internal:///(app-pages-browser)/./node_modules/next/dist/next-devtools/shared/forward-logs-shared.js:44
[ 1075948ms] [LOG] [Fast Refresh] rebuilding @ webpack-internal:///(app-pages-browser)/./node_modules/next/dist/next-devtools/shared/forward-logs-shared.js:44
[ 1076752ms] [LOG] [Fast Refresh] done in 804ms @ webpack-internal:///(app-pages-browser)/./node_modules/next/dist/next-devtools/shared/forward-logs-shared.js:44
[ 1076767ms] [LOG] [Fast Refresh] rebuilding @ webpack-internal:///(app-pages-browser)/./node_modules/next/dist/next-devtools/shared/forward-logs-shared.js:44
[ 1078086ms] [LOG] [Fast Refresh] done in 1319ms @ webpack-internal:///(app-pages-browser)/./node_modules/next/dist/next-devtools/shared/forward-logs-shared.js:44
[ 1078109ms] [LOG] [Fast Refresh] rebuilding @ webpack-internal:///(app-pages-browser)/./node_modules/next/dist/next-devtools/shared/forward-logs-shared.js:44
[ 1078727ms] [LOG] [Fast Refresh] done in 617ms @ webpack-internal:///(app-pages-browser)/./node_modules/next/dist/next-devtools/shared/forward-logs-shared.js:44
[ 1079093ms] [LOG] [Fast Refresh] rebuilding @ webpack-internal:///(app-pages-browser)/./node_modules/next/dist/next-devtools/shared/forward-logs-shared.js:44
[ 1079828ms] [LOG] [Fast Refresh] done in 735ms @ webpack-internal:///(app-pages-browser)/./node_modules/next/dist/next-devtools/shared/forward-logs-shared.js:44
[ 1079860ms] [LOG] [Fast Refresh] rebuilding @ webpack-internal:///(app-pages-browser)/./node_modules/next/dist/next-devtools/shared/forward-logs-shared.js:44
[ 1080681ms] [LOG] [Fast Refresh] done in 821ms @ webpack-internal:///(app-pages-browser)/./node_modules/next/dist/next-devtools/shared/forward-logs-shared.js:44
[ 1080695ms] [LOG] [Fast Refresh] rebuilding @ webpack-internal:///(app-pages-browser)/./node_modules/next/dist/next-devtools/shared/forward-logs-shared.js:44
[ 1081817ms] [LOG] [Fast Refresh] done in 1122ms @ webpack-internal:///(app-pages-browser)/./node_modules/next/dist/next-devtools/shared/forward-logs-shared.js:44
[ 1081830ms] [LOG] [Fast Refresh] rebuilding @ webpack-internal:///(app-pages-browser)/./node_modules/next/dist/next-devtools/shared/forward-logs-shared.js:44
[ 1083150ms] [LOG] [Fast Refresh] done in 1320ms @ webpack-internal:///(app-pages-browser)/./node_modules/next/dist/next-devtools/shared/forward-logs-shared.js:44
[ 1083170ms] [LOG] [Fast Refresh] rebuilding @ webpack-internal:///(app-pages-browser)/./node_modules/next/dist/next-devtools/shared/forward-logs-shared.js:44
[ 1084312ms] [LOG] [Fast Refresh] done in 1142ms @ webpack-internal:///(app-pages-browser)/./node_modules/next/dist/next-devtools/shared/forward-logs-shared.js:44
[ 1084622ms] [LOG] [Fast Refresh] rebuilding @ webpack-internal:///(app-pages-browser)/./node_modules/next/dist/next-devtools/shared/forward-logs-shared.js:44
[ 1085321ms] [LOG] [Fast Refresh] done in 700ms @ webpack-internal:///(app-pages-browser)/./node_modules/next/dist/next-devtools/shared/forward-logs-shared.js:44
[ 1085372ms] [LOG] [Fast Refresh] rebuilding @ webpack-internal:///(app-pages-browser)/./node_modules/next/dist/next-devtools/shared/forward-logs-shared.js:44
[ 1086221ms] [LOG] [Fast Refresh] done in 850ms @ webpack-internal:///(app-pages-browser)/./node_modules/next/dist/next-devtools/shared/forward-logs-shared.js:44
[ 1086241ms] [LOG] [Fast Refresh] rebuilding @ webpack-internal:///(app-pages-browser)/./node_modules/next/dist/next-devtools/shared/forward-logs-shared.js:44
[ 1087250ms] [LOG] [Fast Refresh] done in 1008ms @ webpack-internal:///(app-pages-browser)/./node_modules/next/dist/next-devtools/shared/forward-logs-shared.js:44
[ 1087566ms] [LOG] [Fast Refresh] rebuilding @ webpack-internal:///(app-pages-browser)/./node_modules/next/dist/next-devtools/shared/forward-logs-shared.js:44
[ 1088370ms] [LOG] [Fast Refresh] done in 804ms @ webpack-internal:///(app-pages-browser)/./node_modules/next/dist/next-devtools/shared/forward-logs-shared.js:44
[ 1088659ms] [LOG] [Fast Refresh] rebuilding @ webpack-internal:///(app-pages-browser)/./node_modules/next/dist/next-devtools/shared/forward-logs-shared.js:44
[ 1089244ms] [LOG] [Fast Refresh] done in 585ms @ webpack-internal:///(app-pages-browser)/./node_modules/next/dist/next-devtools/shared/forward-logs-shared.js:44
[ 1089270ms] [LOG] [Fast Refresh] rebuilding @ webpack-internal:///(app-pages-browser)/./node_modules/next/dist/next-devtools/shared/forward-logs-shared.js:44
[ 1090345ms] [LOG] [Fast Refresh] done in 1076ms @ webpack-internal:///(app-pages-browser)/./node_modules/next/dist/next-devtools/shared/forward-logs-shared.js:44
[ 1090379ms] [LOG] [Fast Refresh] rebuilding @ webpack-internal:///(app-pages-browser)/./node_modules/next/dist/next-devtools/shared/forward-logs-shared.js:44
[ 1091586ms] [LOG] [Fast Refresh] done in 1207ms @ webpack-internal:///(app-pages-browser)/./node_modules/next/dist/next-devtools/shared/forward-logs-shared.js:44
[ 1091923ms] [LOG] [Fast Refresh] rebuilding @ webpack-internal:///(app-pages-browser)/./node_modules/next/dist/next-devtools/shared/forward-logs-shared.js:44
[ 1092605ms] [LOG] [Fast Refresh] done in 683ms @ webpack-internal:///(app-pages-browser)/./node_modules/next/dist/next-devtools/shared/forward-logs-shared.js:44
[ 1092613ms] [LOG] [Fast Refresh] rebuilding @ webpack-internal:///(app-pages-browser)/./node_modules/next/dist/next-devtools/shared/forward-logs-shared.js:44
[ 1093691ms] [LOG] [Fast Refresh] done in 1078ms @ webpack-internal:///(app-pages-browser)/./node_modules/next/dist/next-devtools/shared/forward-logs-shared.js:44
[ 1093935ms] [LOG] [Fast Refresh] rebuilding @ webpack-internal:///(app-pages-browser)/./node_modules/next/dist/next-devtools/shared/forward-logs-shared.js:44
[ 1094614ms] [LOG] [Fast Refresh] done in 679ms @ webpack-internal:///(app-pages-browser)/./node_modules/next/dist/next-devtools/shared/forward-logs-shared.js:44
[ 1094633ms] [LOG] [Fast Refresh] rebuilding @ webpack-internal:///(app-pages-browser)/./node_modules/next/dist/next-devtools/shared/forward-logs-shared.js:44
[ 1096444ms] [LOG] [Fast Refresh] done in 1812ms @ webpack-internal:///(app-pages-browser)/./node_modules/next/dist/next-devtools/shared/forward-logs-shared.js:44
[ 1096468ms] [LOG] [Fast Refresh] rebuilding @ webpack-internal:///(app-pages-browser)/./node_modules/next/dist/next-devtools/shared/forward-logs-shared.js:44
[ 1098118ms] [LOG] [Fast Refresh] done in 1650ms @ webpack-internal:///(app-pages-browser)/./node_modules/next/dist/next-devtools/shared/forward-logs-shared.js:44
[ 1098586ms] [LOG] [Fast Refresh] rebuilding @ webpack-internal:///(app-pages-browser)/./node_modules/next/dist/next-devtools/shared/forward-logs-shared.js:44
[ 1099733ms] [LOG] [Fast Refresh] done in 1147ms @ webpack-internal:///(app-pages-browser)/./node_modules/next/dist/next-devtools/shared/forward-logs-shared.js:44
[ 1100109ms] [LOG] [Fast Refresh] rebuilding @ webpack-internal:///(app-pages-browser)/./node_modules/next/dist/next-devtools/shared/forward-logs-shared.js:44
[ 1100812ms] [LOG] [Fast Refresh] done in 702ms @ webpack-internal:///(app-pages-browser)/./node_modules/next/dist/next-devtools/shared/forward-logs-shared.js:44
[ 1100826ms] [LOG] [Fast Refresh] rebuilding @ webpack-internal:///(app-pages-browser)/./node_modules/next/dist/next-devtools/shared/forward-logs-shared.js:44
[ 1101963ms] [LOG] [Fast Refresh] done in 1138ms @ webpack-internal:///(app-pages-browser)/./node_modules/next/dist/next-devtools/shared/forward-logs-shared.js:44
[ 1102008ms] [LOG] [Fast Refresh] rebuilding @ webpack-internal:///(app-pages-browser)/./node_modules/next/dist/next-devtools/shared/forward-logs-shared.js:44
[ 1102970ms] [LOG] [Fast Refresh] done in 962ms @ webpack-internal:///(app-pages-browser)/./node_modules/next/dist/next-devtools/shared/forward-logs-shared.js:44
[ 1103015ms] [LOG] [Fast Refresh] rebuilding @ webpack-internal:///(app-pages-browser)/./node_modules/next/dist/next-devtools/shared/forward-logs-shared.js:44
[ 1103970ms] [LOG] [Fast Refresh] done in 954ms @ webpack-internal:///(app-pages-browser)/./node_modules/next/dist/next-devtools/shared/forward-logs-shared.js:44
[ 1104345ms] [LOG] [Fast Refresh] rebuilding @ webpack-internal:///(app-pages-browser)/./node_modules/next/dist/next-devtools/shared/forward-logs-shared.js:44
[ 1104961ms] [LOG] [Fast Refresh] done in 617ms @ webpack-internal:///(app-pages-browser)/./node_modules/next/dist/next-devtools/shared/forward-logs-shared.js:44
[ 1104998ms] [LOG] [Fast Refresh] rebuilding @ webpack-internal:///(app-pages-browser)/./node_modules/next/dist/next-devtools/shared/forward-logs-shared.js:44
[ 1106021ms] [LOG] [Fast Refresh] done in 1040ms @ webpack-internal:///(app-pages-browser)/./node_modules/next/dist/next-devtools/shared/forward-logs-shared.js:44
[ 1106058ms] [LOG] [Fast Refresh] rebuilding @ webpack-internal:///(app-pages-browser)/./node_modules/next/dist/next-devtools/shared/forward-logs-shared.js:44
[ 1106980ms] [LOG] [Fast Refresh] done in 922ms @ webpack-internal:///(app-pages-browser)/./node_modules/next/dist/next-devtools/shared/forward-logs-shared.js:44
[ 1107006ms] [LOG] [Fast Refresh] rebuilding @ webpack-internal:///(app-pages-browser)/./node_modules/next/dist/next-devtools/shared/forward-logs-shared.js:44
[ 1107952ms] [LOG] [Fast Refresh] done in 947ms @ webpack-internal:///(app-pages-browser)/./node_modules/next/dist/next-devtools/shared/forward-logs-shared.js:44
[ 1107975ms] [LOG] [Fast Refresh] rebuilding @ webpack-internal:///(app-pages-browser)/./node_modules/next/dist/next-devtools/shared/forward-logs-shared.js:44
[ 1108802ms] [LOG] [Fast Refresh] done in 828ms @ webpack-internal:///(app-pages-browser)/./node_modules/next/dist/next-devtools/shared/forward-logs-shared.js:44
[ 1108825ms] [LOG] [Fast Refresh] rebuilding @ webpack-internal:///(app-pages-browser)/./node_modules/next/dist/next-devtools/shared/forward-logs-shared.js:44
[ 1109865ms] [LOG] [Fast Refresh] done in 1041ms @ webpack-internal:///(app-pages-browser)/./node_modules/next/dist/next-devtools/shared/forward-logs-shared.js:44
[ 1109887ms] [LOG] [Fast Refresh] rebuilding @ webpack-internal:///(app-pages-browser)/./node_modules/next/dist/next-devtools/shared/forward-logs-shared.js:44
[ 1110731ms] [LOG] [Fast Refresh] done in 843ms @ webpack-internal:///(app-pages-browser)/./node_modules/next/dist/next-devtools/shared/forward-logs-shared.js:44
[ 1110753ms] [LOG] [Fast Refresh] rebuilding @ webpack-internal:///(app-pages-browser)/./node_modules/next/dist/next-devtools/shared/forward-logs-shared.js:44
[ 1112005ms] [LOG] [Fast Refresh] done in 1251ms @ webpack-internal:///(app-pages-browser)/./node_modules/next/dist/next-devtools/shared/forward-logs-shared.js:44
[ 1112400ms] [LOG] [Fast Refresh] rebuilding @ webpack-internal:///(app-pages-browser)/./node_modules/next/dist/next-devtools/shared/forward-logs-shared.js:44
[ 1113170ms] [LOG] [Fast Refresh] done in 769ms @ webpack-internal:///(app-pages-browser)/./node_modules/next/dist/next-devtools/shared/forward-logs-shared.js:44
[ 1113183ms] [LOG] [Fast Refresh] rebuilding @ webpack-internal:///(app-pages-browser)/./node_modules/next/dist/next-devtools/shared/forward-logs-shared.js:44
[ 1114223ms] [LOG] [Fast Refresh] done in 1039ms @ webpack-internal:///(app-pages-browser)/./node_modules/next/dist/next-devtools/shared/forward-logs-shared.js:44
[ 1114620ms] [LOG] [Fast Refresh] rebuilding @ webpack-internal:///(app-pages-browser)/./node_modules/next/dist/next-devtools/shared/forward-logs-shared.js:44
[ 1119260ms] [LOG] [Fast Refresh] done in 4640ms @ webpack-internal:///(app-pages-browser)/./node_modules/next/dist/next-devtools/shared/forward-logs-shared.js:44
[ 1119576ms] [LOG] [Fast Refresh] rebuilding @ webpack-internal:///(app-pages-browser)/./node_modules/next/dist/next-devtools/shared/forward-logs-shared.js:44
[ 1120244ms] [LOG] [Fast Refresh] done in 669ms @ webpack-internal:///(app-pages-browser)/./node_modules/next/dist/next-devtools/shared/forward-logs-shared.js:44
[ 1120254ms] [LOG] [Fast Refresh] rebuilding @ webpack-internal:///(app-pages-browser)/./node_modules/next/dist/next-devtools/shared/forward-logs-shared.js:44
[ 1121267ms] [LOG] [Fast Refresh] done in 1013ms @ webpack-internal:///(app-pages-browser)/./node_modules/next/dist/next-devtools/shared/forward-logs-shared.js:44
[ 1121679ms] [LOG] [Fast Refresh] rebuilding @ webpack-internal:///(app-pages-browser)/./node_modules/next/dist/next-devtools/shared/forward-logs-shared.js:44
[ 1122461ms] [LOG] [Fast Refresh] done in 782ms @ webpack-internal:///(app-pages-browser)/./node_modules/next/dist/next-devtools/shared/forward-logs-shared.js:44
[ 1122786ms] [LOG] [Fast Refresh] rebuilding @ webpack-internal:///(app-pages-browser)/./node_modules/next/dist/next-devtools/shared/forward-logs-shared.js:44
[ 1123489ms] [LOG] [Fast Refresh] done in 703ms @ webpack-internal:///(app-pages-browser)/./node_modules/next/dist/next-devtools/shared/forward-logs-shared.js:44
[ 1123517ms] [LOG] [Fast Refresh] rebuilding @ webpack-internal:///(app-pages-browser)/./node_modules/next/dist/next-devtools/shared/forward-logs-shared.js:44
[ 1124415ms] [LOG] [Fast Refresh] done in 899ms @ webpack-internal:///(app-pages-browser)/./node_modules/next/dist/next-devtools/shared/forward-logs-shared.js:44
[ 1124457ms] [LOG] [Fast Refresh] rebuilding @ webpack-internal:///(app-pages-browser)/./node_modules/next/dist/next-devtools/shared/forward-logs-shared.js:44
[ 1125384ms] [LOG] [Fast Refresh] done in 927ms @ webpack-internal:///(app-pages-browser)/./node_modules/next/dist/next-devtools/shared/forward-logs-shared.js:44
[ 1125425ms] [LOG] [Fast Refresh] rebuilding @ webpack-internal:///(app-pages-browser)/./node_modules/next/dist/next-devtools/shared/forward-logs-shared.js:44
[ 1126275ms] [LOG] [Fast Refresh] done in 849ms @ webpack-internal:///(app-pages-browser)/./node_modules/next/dist/next-devtools/shared/forward-logs-shared.js:44
[ 1126300ms] [LOG] [Fast Refresh] rebuilding @ webpack-internal:///(app-pages-browser)/./node_modules/next/dist/next-devtools/shared/forward-logs-shared.js:44
[ 1127812ms] [LOG] [Fast Refresh] done in 1511ms @ webpack-internal:///(app-pages-browser)/./node_modules/next/dist/next-devtools/shared/forward-logs-shared.js:44
[ 1128197ms] [LOG] [Fast Refresh] rebuilding @ webpack-internal:///(app-pages-browser)/./node_modules/next/dist/next-devtools/shared/forward-logs-shared.js:44
[ 1128815ms] [LOG] [Fast Refresh] done in 617ms @ webpack-internal:///(app-pages-browser)/./node_modules/next/dist/next-devtools/shared/forward-logs-shared.js:44
[ 1128829ms] [LOG] [Fast Refresh] rebuilding @ webpack-internal:///(app-pages-browser)/./node_modules/next/dist/next-devtools/shared/forward-logs-shared.js:44
[ 1129838ms] [LOG] [Fast Refresh] done in 1008ms @ webpack-internal:///(app-pages-browser)/./node_modules/next/dist/next-devtools/shared/forward-logs-shared.js:44
[ 1129851ms] [LOG] [Fast Refresh] rebuilding @ webpack-internal:///(app-pages-browser)/./node_modules/next/dist/next-devtools/shared/forward-logs-shared.js:44
[ 1130979ms] [LOG] [Fast Refresh] done in 1127ms @ webpack-internal:///(app-pages-browser)/./node_modules/next/dist/next-devtools/shared/forward-logs-shared.js:44
[ 1131034ms] [LOG] [Fast Refresh] rebuilding @ webpack-internal:///(app-pages-browser)/./node_modules/next/dist/next-devtools/shared/forward-logs-shared.js:44
[ 1131974ms] [LOG] [Fast Refresh] done in 939ms @ webpack-internal:///(app-pages-browser)/./node_modules/next/dist/next-devtools/shared/forward-logs-shared.js:44
[ 1131998ms] [LOG] [Fast Refresh] rebuilding @ webpack-internal:///(app-pages-browser)/./node_modules/next/dist/next-devtools/shared/forward-logs-shared.js:44
[ 1132986ms] [LOG] [Fast Refresh] done in 988ms @ webpack-internal:///(app-pages-browser)/./node_modules/next/dist/next-devtools/shared/forward-logs-shared.js:44
[ 1133015ms] [LOG] [Fast Refresh] rebuilding @ webpack-internal:///(app-pages-browser)/./node_modules/next/dist/next-devtools/shared/forward-logs-shared.js:44
[ 1133828ms] [LOG] [Fast Refresh] done in 814ms @ webpack-internal:///(app-pages-browser)/./node_modules/next/dist/next-devtools/shared/forward-logs-shared.js:44
[ 1133843ms] [LOG] [Fast Refresh] rebuilding @ webpack-internal:///(app-pages-browser)/./node_modules/next/dist/next-devtools/shared/forward-logs-shared.js:44
[ 1134793ms] [LOG] [Fast Refresh] done in 950ms @ webpack-internal:///(app-pages-browser)/./node_modules/next/dist/next-devtools/shared/forward-logs-shared.js:44
[ 1134822ms] [LOG] [Fast Refresh] rebuilding @ webpack-internal:///(app-pages-browser)/./node_modules/next/dist/next-devtools/shared/forward-logs-shared.js:44
[ 1135685ms] [LOG] [Fast Refresh] done in 863ms @ webpack-internal:///(app-pages-browser)/./node_modules/next/dist/next-devtools/shared/forward-logs-shared.js:44
[ 1135701ms] [LOG] [Fast Refresh] rebuilding @ webpack-internal:///(app-pages-browser)/./node_modules/next/dist/next-devtools/shared/forward-logs-shared.js:44
[ 1136632ms] [LOG] [Fast Refresh] done in 930ms @ webpack-internal:///(app-pages-browser)/./node_modules/next/dist/next-devtools/shared/forward-logs-shared.js:44
[ 1136648ms] [LOG] [Fast Refresh] rebuilding @ webpack-internal:///(app-pages-browser)/./node_modules/next/dist/next-devtools/shared/forward-logs-shared.js:44
[ 1137648ms] [LOG] [Fast Refresh] done in 1001ms @ webpack-internal:///(app-pages-browser)/./node_modules/next/dist/next-devtools/shared/forward-logs-shared.js:44
[ 1137689ms] [LOG] [Fast Refresh] rebuilding @ webpack-internal:///(app-pages-browser)/./node_modules/next/dist/next-devtools/shared/forward-logs-shared.js:44
[ 1138899ms] [LOG] [Fast Refresh] done in 1210ms @ webpack-internal:///(app-pages-browser)/./node_modules/next/dist/next-devtools/shared/forward-logs-shared.js:44
[ 1138920ms] [LOG] [Fast Refresh] rebuilding @ webpack-internal:///(app-pages-browser)/./node_modules/next/dist/next-devtools/shared/forward-logs-shared.js:44
[ 1139670ms] [LOG] [Fast Refresh] done in 749ms @ webpack-internal:///(app-pages-browser)/./node_modules/next/dist/next-devtools/shared/forward-logs-shared.js:44
[ 1139977ms] [LOG] [Fast Refresh] rebuilding @ webpack-internal:///(app-pages-browser)/./node_modules/next/dist/next-devtools/shared/forward-logs-shared.js:44
[ 1140680ms] [LOG] [Fast Refresh] done in 702ms @ webpack-internal:///(app-pages-browser)/./node_modules/next/dist/next-devtools/shared/forward-logs-shared.js:44
[ 1140996ms] [LOG] [Fast Refresh] rebuilding @ webpack-internal:///(app-pages-browser)/./node_modules/next/dist/next-devtools/shared/forward-logs-shared.js:44
[ 1141606ms] [LOG] [Fast Refresh] done in 611ms @ webpack-internal:///(app-pages-browser)/./node_modules/next/dist/next-devtools/shared/forward-logs-shared.js:44
[ 1141642ms] [LOG] [Fast Refresh] rebuilding @ webpack-internal:///(app-pages-browser)/./node_modules/next/dist/next-devtools/shared/forward-logs-shared.js:44
[ 1143185ms] [LOG] [Fast Refresh] done in 1543ms @ webpack-internal:///(app-pages-browser)/./node_modules/next/dist/next-devtools/shared/forward-logs-shared.js:44
[ 1143510ms] [LOG] [Fast Refresh] rebuilding @ webpack-internal:///(app-pages-browser)/./node_modules/next/dist/next-devtools/shared/forward-logs-shared.js:44
[ 1144185ms] [LOG] [Fast Refresh] done in 675ms @ webpack-internal:///(app-pages-browser)/./node_modules/next/dist/next-devtools/shared/forward-logs-shared.js:44
[ 1144196ms] [LOG] [Fast Refresh] rebuilding @ webpack-internal:///(app-pages-browser)/./node_modules/next/dist/next-devtools/shared/forward-logs-shared.js:44
[ 1145277ms] [LOG] [Fast Refresh] done in 1081ms @ webpack-internal:///(app-pages-browser)/./node_modules/next/dist/next-devtools/shared/forward-logs-shared.js:44
[ 1145292ms] [LOG] [Fast Refresh] rebuilding @ webpack-internal:///(app-pages-browser)/./node_modules/next/dist/next-devtools/shared/forward-logs-shared.js:44
[ 1147165ms] [LOG] [Fast Refresh] done in 1873ms @ webpack-internal:///(app-pages-browser)/./node_modules/next/dist/next-devtools/shared/forward-logs-shared.js:44
[ 1147219ms] [LOG] [Fast Refresh] rebuilding @ webpack-internal:///(app-pages-browser)/./node_modules/next/dist/next-devtools/shared/forward-logs-shared.js:44
[ 1148313ms] [LOG] [Fast Refresh] done in 1094ms @ webpack-internal:///(app-pages-browser)/./node_modules/next/dist/next-devtools/shared/forward-logs-shared.js:44
[ 1148730ms] [LOG] [Fast Refresh] rebuilding @ webpack-internal:///(app-pages-browser)/./node_modules/next/dist/next-devtools/shared/forward-logs-shared.js:44
[ 1150289ms] [LOG] [Fast Refresh] done in 1560ms @ webpack-internal:///(app-pages-browser)/./node_modules/next/dist/next-devtools/shared/forward-logs-shared.js:44
[ 1150310ms] [LOG] [Fast Refresh] rebuilding @ webpack-internal:///(app-pages-browser)/./node_modules/next/dist/next-devtools/shared/forward-logs-shared.js:44
[ 1151333ms] [LOG] [Fast Refresh] done in 1023ms @ webpack-internal:///(app-pages-browser)/./node_modules/next/dist/next-devtools/shared/forward-logs-shared.js:44
[ 1151630ms] [LOG] [Fast Refresh] rebuilding @ webpack-internal:///(app-pages-browser)/./node_modules/next/dist/next-devtools/shared/forward-logs-shared.js:44
[ 1152388ms] [LOG] [Fast Refresh] done in 758ms @ webpack-internal:///(app-pages-browser)/./node_modules/next/dist/next-devtools/shared/forward-logs-shared.js:44
[ 1152403ms] [LOG] [Fast Refresh] rebuilding @ webpack-internal:///(app-pages-browser)/./node_modules/next/dist/next-devtools/shared/forward-logs-shared.js:44
[ 1153526ms] [LOG] [Fast Refresh] done in 1123ms @ webpack-internal:///(app-pages-browser)/./node_modules/next/dist/next-devtools/shared/forward-logs-shared.js:44
[ 1153541ms] [LOG] [Fast Refresh] rebuilding @ webpack-internal:///(app-pages-browser)/./node_modules/next/dist/next-devtools/shared/forward-logs-shared.js:44
[ 1154380ms] [LOG] [Fast Refresh] done in 839ms @ webpack-internal:///(app-pages-browser)/./node_modules/next/dist/next-devtools/shared/forward-logs-shared.js:44
[ 1154396ms] [LOG] [Fast Refresh] rebuilding @ webpack-internal:///(app-pages-browser)/./node_modules/next/dist/next-devtools/shared/forward-logs-shared.js:44
[ 1155333ms] [LOG] [Fast Refresh] done in 937ms @ webpack-internal:///(app-pages-browser)/./node_modules/next/dist/next-devtools/shared/forward-logs-shared.js:44
[ 1155356ms] [LOG] [Fast Refresh] rebuilding @ webpack-internal:///(app-pages-browser)/./node_modules/next/dist/next-devtools/shared/forward-logs-shared.js:44
[ 1156166ms] [LOG] [Fast Refresh] done in 810ms @ webpack-internal:///(app-pages-browser)/./node_modules/next/dist/next-devtools/shared/forward-logs-shared.js:44
[ 1156185ms] [LOG] [Fast Refresh] rebuilding @ webpack-internal:///(app-pages-browser)/./node_modules/next/dist/next-devtools/shared/forward-logs-shared.js:44
[ 1158188ms] [LOG] [Fast Refresh] done in 2002ms @ webpack-internal:///(app-pages-browser)/./node_modules/next/dist/next-devtools/shared/forward-logs-shared.js:44
[ 1158234ms] [LOG] [Fast Refresh] rebuilding @ webpack-internal:///(app-pages-browser)/./node_modules/next/dist/next-devtools/shared/forward-logs-shared.js:44
[ 1159520ms] [LOG] [Fast Refresh] done in 1286ms @ webpack-internal:///(app-pages-browser)/./node_modules/next/dist/next-devtools/shared/forward-logs-shared.js:44
[ 1159536ms] [LOG] [Fast Refresh] rebuilding @ webpack-internal:///(app-pages-browser)/./node_modules/next/dist/next-devtools/shared/forward-logs-shared.js:44
[ 1160760ms] [LOG] [Fast Refresh] done in 1223ms @ webpack-internal:///(app-pages-browser)/./node_modules/next/dist/next-devtools/shared/forward-logs-shared.js:44
[ 1160787ms] [LOG] [Fast Refresh] rebuilding @ webpack-internal:///(app-pages-browser)/./node_modules/next/dist/next-devtools/shared/forward-logs-shared.js:44
[ 1161486ms] [LOG] [Fast Refresh] done in 698ms @ webpack-internal:///(app-pages-browser)/./node_modules/next/dist/next-devtools/shared/forward-logs-shared.js:44
[ 1161864ms] [LOG] [Fast Refresh] rebuilding @ webpack-internal:///(app-pages-browser)/./node_modules/next/dist/next-devtools/shared/forward-logs-shared.js:44
[ 1162552ms] [LOG] [Fast Refresh] done in 687ms @ webpack-internal:///(app-pages-browser)/./node_modules/next/dist/next-devtools/shared/forward-logs-shared.js:44
[ 1162566ms] [LOG] [Fast Refresh] rebuilding @ webpack-internal:///(app-pages-browser)/./node_modules/next/dist/next-devtools/shared/forward-logs-shared.js:44
[ 1163506ms] [LOG] [Fast Refresh] done in 940ms @ webpack-internal:///(app-pages-browser)/./node_modules/next/dist/next-devtools/shared/forward-logs-shared.js:44
[ 1163520ms] [LOG] [Fast Refresh] rebuilding @ webpack-internal:///(app-pages-browser)/./node_modules/next/dist/next-devtools/shared/forward-logs-shared.js:44
[ 1164346ms] [LOG] [Fast Refresh] done in 826ms @ webpack-internal:///(app-pages-browser)/./node_modules/next/dist/next-devtools/shared/forward-logs-shared.js:44
[ 1164369ms] [LOG] [Fast Refresh] rebuilding @ webpack-internal:///(app-pages-browser)/./node_modules/next/dist/next-devtools/shared/forward-logs-shared.js:44
[ 1165357ms] [LOG] [Fast Refresh] done in 988ms @ webpack-internal:///(app-pages-browser)/./node_modules/next/dist/next-devtools/shared/forward-logs-shared.js:44
[ 1165383ms] [LOG] [Fast Refresh] rebuilding @ webpack-internal:///(app-pages-browser)/./node_modules/next/dist/next-devtools/shared/forward-logs-shared.js:44
[ 1166193ms] [LOG] [Fast Refresh] done in 811ms @ webpack-internal:///(app-pages-browser)/./node_modules/next/dist/next-devtools/shared/forward-logs-shared.js:44
[ 1166214ms] [LOG] [Fast Refresh] rebuilding @ webpack-internal:///(app-pages-browser)/./node_modules/next/dist/next-devtools/shared/forward-logs-shared.js:44
[ 1167121ms] [LOG] [Fast Refresh] done in 907ms @ webpack-internal:///(app-pages-browser)/./node_modules/next/dist/next-devtools/shared/forward-logs-shared.js:44
[ 1167143ms] [LOG] [Fast Refresh] rebuilding @ webpack-internal:///(app-pages-browser)/./node_modules/next/dist/next-devtools/shared/forward-logs-shared.js:44
[ 1168149ms] [LOG] [Fast Refresh] done in 1006ms @ webpack-internal:///(app-pages-browser)/./node_modules/next/dist/next-devtools/shared/forward-logs-shared.js:44
[ 1168179ms] [LOG] [Fast Refresh] rebuilding @ webpack-internal:///(app-pages-browser)/./node_modules/next/dist/next-devtools/shared/forward-logs-shared.js:44
[ 1169086ms] [LOG] [Fast Refresh] done in 907ms @ webpack-internal:///(app-pages-browser)/./node_modules/next/dist/next-devtools/shared/forward-logs-shared.js:44
[ 1169115ms] [LOG] [Fast Refresh] rebuilding @ webpack-internal:///(app-pages-browser)/./node_modules/next/dist/next-devtools/shared/forward-logs-shared.js:44
[ 1170114ms] [LOG] [Fast Refresh] done in 1000ms @ webpack-internal:///(app-pages-browser)/./node_modules/next/dist/next-devtools/shared/forward-logs-shared.js:44
[ 1170140ms] [LOG] [Fast Refresh] rebuilding @ webpack-internal:///(app-pages-browser)/./node_modules/next/dist/next-devtools/shared/forward-logs-shared.js:44
[ 1170968ms] [LOG] [Fast Refresh] done in 828ms @ webpack-internal:///(app-pages-browser)/./node_modules/next/dist/next-devtools/shared/forward-logs-shared.js:44
[ 1171273ms] [LOG] [Fast Refresh] rebuilding @ webpack-internal:///(app-pages-browser)/./node_modules/next/dist/next-devtools/shared/forward-logs-shared.js:44
[ 1172764ms] [LOG] [Fast Refresh] done in 1492ms @ webpack-internal:///(app-pages-browser)/./node_modules/next/dist/next-devtools/shared/forward-logs-shared.js:44
[ 1172792ms] [LOG] [Fast Refresh] rebuilding @ webpack-internal:///(app-pages-browser)/./node_modules/next/dist/next-devtools/shared/forward-logs-shared.js:44
[ 1173581ms] [LOG] [Fast Refresh] done in 789ms @ webpack-internal:///(app-pages-browser)/./node_modules/next/dist/next-devtools/shared/forward-logs-shared.js:44
[ 1173615ms] [LOG] [Fast Refresh] rebuilding @ webpack-internal:///(app-pages-browser)/./node_modules/next/dist/next-devtools/shared/forward-logs-shared.js:44
[ 1175700ms] [LOG] [Fast Refresh] done in 2084ms @ webpack-internal:///(app-pages-browser)/./node_modules/next/dist/next-devtools/shared/forward-logs-shared.js:44
[ 1175723ms] [LOG] [Fast Refresh] rebuilding @ webpack-internal:///(app-pages-browser)/./node_modules/next/dist/next-devtools/shared/forward-logs-shared.js:44
[ 1176702ms] [LOG] [Fast Refresh] done in 978ms @ webpack-internal:///(app-pages-browser)/./node_modules/next/dist/next-devtools/shared/forward-logs-shared.js:44
[ 1177000ms] [LOG] [Fast Refresh] rebuilding @ webpack-internal:///(app-pages-browser)/./node_modules/next/dist/next-devtools/shared/forward-logs-shared.js:44
[ 1177709ms] [LOG] [Fast Refresh] done in 708ms @ webpack-internal:///(app-pages-browser)/./node_modules/next/dist/next-devtools/shared/forward-logs-shared.js:44
[ 1177718ms] [LOG] [Fast Refresh] rebuilding @ webpack-internal:///(app-pages-browser)/./node_modules/next/dist/next-devtools/shared/forward-logs-shared.js:44
[ 1178580ms] [LOG] [Fast Refresh] done in 863ms @ webpack-internal:///(app-pages-browser)/./node_modules/next/dist/next-devtools/shared/forward-logs-shared.js:44
[ 1178593ms] [LOG] [Fast Refresh] rebuilding @ webpack-internal:///(app-pages-browser)/./node_modules/next/dist/next-devtools/shared/forward-logs-shared.js:44
[ 1179576ms] [LOG] [Fast Refresh] done in 983ms @ webpack-internal:///(app-pages-browser)/./node_modules/next/dist/next-devtools/shared/forward-logs-shared.js:44
[ 1179588ms] [LOG] [Fast Refresh] rebuilding @ webpack-internal:///(app-pages-browser)/./node_modules/next/dist/next-devtools/shared/forward-logs-shared.js:44
[ 1180528ms] [LOG] [Fast Refresh] done in 940ms @ webpack-internal:///(app-pages-browser)/./node_modules/next/dist/next-devtools/shared/forward-logs-shared.js:44
[ 1180551ms] [LOG] [Fast Refresh] rebuilding @ webpack-internal:///(app-pages-browser)/./node_modules/next/dist/next-devtools/shared/forward-logs-shared.js:44
[ 1181557ms] [LOG] [Fast Refresh] done in 1005ms @ webpack-internal:///(app-pages-browser)/./node_modules/next/dist/next-devtools/shared/forward-logs-shared.js:44
[ 1181565ms] [LOG] [Fast Refresh] rebuilding @ webpack-internal:///(app-pages-browser)/./node_modules/next/dist/next-devtools/shared/forward-logs-shared.js:44
[ 1182480ms] [LOG] [Fast Refresh] done in 914ms @ webpack-internal:///(app-pages-browser)/./node_modules/next/dist/next-devtools/shared/forward-logs-shared.js:44
[ 1182768ms] [LOG] [Fast Refresh] rebuilding @ webpack-internal:///(app-pages-browser)/./node_modules/next/dist/next-devtools/shared/forward-logs-shared.js:44
[ 1183486ms] [LOG] [Fast Refresh] done in 718ms @ webpack-internal:///(app-pages-browser)/./node_modules/next/dist/next-devtools/shared/forward-logs-shared.js:44
[ 1183499ms] [LOG] [Fast Refresh] rebuilding @ webpack-internal:///(app-pages-browser)/./node_modules/next/dist/next-devtools/shared/forward-logs-shared.js:44
[ 1184474ms] [LOG] [Fast Refresh] done in 975ms @ webpack-internal:///(app-pages-browser)/./node_modules/next/dist/next-devtools/shared/forward-logs-shared.js:44
[ 1184497ms] [LOG] [Fast Refresh] rebuilding @ webpack-internal:///(app-pages-browser)/./node_modules/next/dist/next-devtools/shared/forward-logs-shared.js:44
[ 1185488ms] [LOG] [Fast Refresh] done in 991ms @ webpack-internal:///(app-pages-browser)/./node_modules/next/dist/next-devtools/shared/forward-logs-shared.js:44
[ 1185518ms] [LOG] [Fast Refresh] rebuilding @ webpack-internal:///(app-pages-browser)/./node_modules/next/dist/next-devtools/shared/forward-logs-shared.js:44
[ 1186609ms] [LOG] [Fast Refresh] done in 1090ms @ webpack-internal:///(app-pages-browser)/./node_modules/next/dist/next-devtools/shared/forward-logs-shared.js:44
[ 1186628ms] [LOG] [Fast Refresh] rebuilding @ webpack-internal:///(app-pages-browser)/./node_modules/next/dist/next-devtools/shared/forward-logs-shared.js:44
[ 1188321ms] [LOG] [Fast Refresh] done in 1693ms @ webpack-internal:///(app-pages-browser)/./node_modules/next/dist/next-devtools/shared/forward-logs-shared.js:44
[ 1188373ms] [LOG] [Fast Refresh] rebuilding @ webpack-internal:///(app-pages-browser)/./node_modules/next/dist/next-devtools/shared/forward-logs-shared.js:44
[ 1189456ms] [LOG] [Fast Refresh] done in 1082ms @ webpack-internal:///(app-pages-browser)/./node_modules/next/dist/next-devtools/shared/forward-logs-shared.js:44
[ 1189767ms] [LOG] [Fast Refresh] rebuilding @ webpack-internal:///(app-pages-browser)/./node_modules/next/dist/next-devtools/shared/forward-logs-shared.js:44
[ 1190506ms] [LOG] [Fast Refresh] done in 740ms @ webpack-internal:///(app-pages-browser)/./node_modules/next/dist/next-devtools/shared/forward-logs-shared.js:44
[ 1190518ms] [LOG] [Fast Refresh] rebuilding @ webpack-internal:///(app-pages-browser)/./node_modules/next/dist/next-devtools/shared/forward-logs-shared.js:44
[ 1191378ms] [LOG] [Fast Refresh] done in 860ms @ webpack-internal:///(app-pages-browser)/./node_modules/next/dist/next-devtools/shared/forward-logs-shared.js:44
[ 1191392ms] [LOG] [Fast Refresh] rebuilding @ webpack-internal:///(app-pages-browser)/./node_modules/next/dist/next-devtools/shared/forward-logs-shared.js:44
[ 1192494ms] [LOG] [Fast Refresh] done in 1102ms @ webpack-internal:///(app-pages-browser)/./node_modules/next/dist/next-devtools/shared/forward-logs-shared.js:44
[ 1192508ms] [LOG] [Fast Refresh] rebuilding @ webpack-internal:///(app-pages-browser)/./node_modules/next/dist/next-devtools/shared/forward-logs-shared.js:44
[ 1193593ms] [LOG] [Fast Refresh] done in 1084ms @ webpack-internal:///(app-pages-browser)/./node_modules/next/dist/next-devtools/shared/forward-logs-shared.js:44
[ 1193896ms] [LOG] [Fast Refresh] rebuilding @ webpack-internal:///(app-pages-browser)/./node_modules/next/dist/next-devtools/shared/forward-logs-shared.js:44
[ 1194568ms] [LOG] [Fast Refresh] done in 672ms @ webpack-internal:///(app-pages-browser)/./node_modules/next/dist/next-devtools/shared/forward-logs-shared.js:44
[ 1194590ms] [LOG] [Fast Refresh] rebuilding @ webpack-internal:///(app-pages-browser)/./node_modules/next/dist/next-devtools/shared/forward-logs-shared.js:44
[ 1196015ms] [LOG] [Fast Refresh] done in 1426ms @ webpack-internal:///(app-pages-browser)/./node_modules/next/dist/next-devtools/shared/forward-logs-shared.js:44
[ 1196028ms] [LOG] [Fast Refresh] rebuilding @ webpack-internal:///(app-pages-browser)/./node_modules/next/dist/next-devtools/shared/forward-logs-shared.js:44
[ 1196598ms] [LOG] [Fast Refresh] done in 571ms @ webpack-internal:///(app-pages-browser)/./node_modules/next/dist/next-devtools/shared/forward-logs-shared.js:44
[ 1196632ms] [LOG] [Fast Refresh] rebuilding @ webpack-internal:///(app-pages-browser)/./node_modules/next/dist/next-devtools/shared/forward-logs-shared.js:44
[ 1197984ms] [LOG] [Fast Refresh] done in 1351ms @ webpack-internal:///(app-pages-browser)/./node_modules/next/dist/next-devtools/shared/forward-logs-shared.js:44
[ 1198004ms] [LOG] [Fast Refresh] rebuilding @ webpack-internal:///(app-pages-browser)/./node_modules/next/dist/next-devtools/shared/forward-logs-shared.js:44
[ 1198760ms] [LOG] [Fast Refresh] done in 755ms @ webpack-internal:///(app-pages-browser)/./node_modules/next/dist/next-devtools/shared/forward-logs-shared.js:44
[ 1199048ms] [LOG] [Fast Refresh] rebuilding @ webpack-internal:///(app-pages-browser)/./node_modules/next/dist/next-devtools/shared/forward-logs-shared.js:44
[ 1199590ms] [LOG] [Fast Refresh] done in 542ms @ webpack-internal:///(app-pages-browser)/./node_modules/next/dist/next-devtools/shared/forward-logs-shared.js:44
[ 1199626ms] [LOG] [Fast Refresh] rebuilding @ webpack-internal:///(app-pages-browser)/./node_modules/next/dist/next-devtools/shared/forward-logs-shared.js:44
[ 1200593ms] [LOG] [Fast Refresh] done in 966ms @ webpack-internal:///(app-pages-browser)/./node_modules/next/dist/next-devtools/shared/forward-logs-shared.js:44
[ 1200613ms] [LOG] [Fast Refresh] rebuilding @ webpack-internal:///(app-pages-browser)/./node_modules/next/dist/next-devtools/shared/forward-logs-shared.js:44
[ 1203690ms] [LOG] [Fast Refresh] done in 3078ms @ webpack-internal:///(app-pages-browser)/./node_modules/next/dist/next-devtools/shared/forward-logs-shared.js:44
[ 1204076ms] [LOG] [Fast Refresh] rebuilding @ webpack-internal:///(app-pages-browser)/./node_modules/next/dist/next-devtools/shared/forward-logs-shared.js:44
[ 1205280ms] [LOG] [Fast Refresh] done in 1204ms @ webpack-internal:///(app-pages-browser)/./node_modules/next/dist/next-devtools/shared/forward-logs-shared.js:44
[ 1205682ms] [LOG] [Fast Refresh] rebuilding @ webpack-internal:///(app-pages-browser)/./node_modules/next/dist/next-devtools/shared/forward-logs-shared.js:44
[ 1207061ms] [LOG] [Fast Refresh] done in 1379ms @ webpack-internal:///(app-pages-browser)/./node_modules/next/dist/next-devtools/shared/forward-logs-shared.js:44
[ 1207077ms] [LOG] [Fast Refresh] rebuilding @ webpack-internal:///(app-pages-browser)/./node_modules/next/dist/next-devtools/shared/forward-logs-shared.js:44
[ 1208132ms] [LOG] [Fast Refresh] done in 1054ms @ webpack-internal:///(app-pages-browser)/./node_modules/next/dist/next-devtools/shared/forward-logs-shared.js:44
[ 1208512ms] [LOG] [Fast Refresh] rebuilding @ webpack-internal:///(app-pages-browser)/./node_modules/next/dist/next-devtools/shared/forward-logs-shared.js:44
[ 1209332ms] [LOG] [Fast Refresh] done in 819ms @ webpack-internal:///(app-pages-browser)/./node_modules/next/dist/next-devtools/shared/forward-logs-shared.js:44
[ 1209606ms] [LOG] [Fast Refresh] rebuilding @ webpack-internal:///(app-pages-browser)/./node_modules/next/dist/next-devtools/shared/forward-logs-shared.js:44
[ 1210677ms] [LOG] [Fast Refresh] done in 1070ms @ webpack-internal:///(app-pages-browser)/./node_modules/next/dist/next-devtools/shared/forward-logs-shared.js:44
[ 1211113ms] [LOG] [Fast Refresh] rebuilding @ webpack-internal:///(app-pages-browser)/./node_modules/next/dist/next-devtools/shared/forward-logs-shared.js:44
[ 1211955ms] [LOG] [Fast Refresh] done in 842ms @ webpack-internal:///(app-pages-browser)/./node_modules/next/dist/next-devtools/shared/forward-logs-shared.js:44
[ 1212254ms] [LOG] [Fast Refresh] rebuilding @ webpack-internal:///(app-pages-browser)/./node_modules/next/dist/next-devtools/shared/forward-logs-shared.js:44
[ 1213045ms] [LOG] [Fast Refresh] done in 791ms @ webpack-internal:///(app-pages-browser)/./node_modules/next/dist/next-devtools/shared/forward-logs-shared.js:44
[ 1213091ms] [LOG] [Fast Refresh] rebuilding @ webpack-internal:///(app-pages-browser)/./node_modules/next/dist/next-devtools/shared/forward-logs-shared.js:44
[ 1213993ms] [LOG] [Fast Refresh] done in 903ms @ webpack-internal:///(app-pages-browser)/./node_modules/next/dist/next-devtools/shared/forward-logs-shared.js:44
[ 1214024ms] [LOG] [Fast Refresh] rebuilding @ webpack-internal:///(app-pages-browser)/./node_modules/next/dist/next-devtools/shared/forward-logs-shared.js:44
[ 1214956ms] [LOG] [Fast Refresh] done in 932ms @ webpack-internal:///(app-pages-browser)/./node_modules/next/dist/next-devtools/shared/forward-logs-shared.js:44
[ 1214968ms] [LOG] [Fast Refresh] rebuilding @ webpack-internal:///(app-pages-browser)/./node_modules/next/dist/next-devtools/shared/forward-logs-shared.js:44
[ 1215825ms] [LOG] [Fast Refresh] done in 858ms @ webpack-internal:///(app-pages-browser)/./node_modules/next/dist/next-devtools/shared/forward-logs-shared.js:44
[ 1215855ms] [LOG] [Fast Refresh] rebuilding @ webpack-internal:///(app-pages-browser)/./node_modules/next/dist/next-devtools/shared/forward-logs-shared.js:44
[ 1216822ms] [LOG] [Fast Refresh] done in 967ms @ webpack-internal:///(app-pages-browser)/./node_modules/next/dist/next-devtools/shared/forward-logs-shared.js:44
[ 1216893ms] [LOG] [Fast Refresh] rebuilding @ webpack-internal:///(app-pages-browser)/./node_modules/next/dist/next-devtools/shared/forward-logs-shared.js:44
[ 1218243ms] [LOG] [Fast Refresh] done in 1351ms @ webpack-internal:///(app-pages-browser)/./node_modules/next/dist/next-devtools/shared/forward-logs-shared.js:44
[ 1218266ms] [LOG] [Fast Refresh] rebuilding @ webpack-internal:///(app-pages-browser)/./node_modules/next/dist/next-devtools/shared/forward-logs-shared.js:44
[ 1219594ms] [LOG] [Fast Refresh] done in 1328ms @ webpack-internal:///(app-pages-browser)/./node_modules/next/dist/next-devtools/shared/forward-logs-shared.js:44
[ 1219623ms] [LOG] [Fast Refresh] rebuilding @ webpack-internal:///(app-pages-browser)/./node_modules/next/dist/next-devtools/shared/forward-logs-shared.js:44
[ 1220513ms] [LOG] [Fast Refresh] done in 891ms @ webpack-internal:///(app-pages-browser)/./node_modules/next/dist/next-devtools/shared/forward-logs-shared.js:44
[ 1220727ms] [LOG] [Fast Refresh] rebuilding @ webpack-internal:///(app-pages-browser)/./node_modules/next/dist/next-devtools/shared/forward-logs-shared.js:44
[ 1221398ms] [LOG] [Fast Refresh] done in 671ms @ webpack-internal:///(app-pages-browser)/./node_modules/next/dist/next-devtools/shared/forward-logs-shared.js:44
[ 1221413ms] [LOG] [Fast Refresh] rebuilding @ webpack-internal:///(app-pages-browser)/./node_modules/next/dist/next-devtools/shared/forward-logs-shared.js:44
[ 1222339ms] [LOG] [Fast Refresh] done in 926ms @ webpack-internal:///(app-pages-browser)/./node_modules/next/dist/next-devtools/shared/forward-logs-shared.js:44
[ 1222372ms] [LOG] [Fast Refresh] rebuilding @ webpack-internal:///(app-pages-browser)/./node_modules/next/dist/next-devtools/shared/forward-logs-shared.js:44
[ 1223315ms] [LOG] [Fast Refresh] done in 943ms @ webpack-internal:///(app-pages-browser)/./node_modules/next/dist/next-devtools/shared/forward-logs-shared.js:44
[ 1223341ms] [LOG] [Fast Refresh] rebuilding @ webpack-internal:///(app-pages-browser)/./node_modules/next/dist/next-devtools/shared/forward-logs-shared.js:44
[ 1224154ms] [LOG] [Fast Refresh] done in 813ms @ webpack-internal:///(app-pages-browser)/./node_modules/next/dist/next-devtools/shared/forward-logs-shared.js:44
[ 1224457ms] [LOG] [Fast Refresh] rebuilding @ webpack-internal:///(app-pages-browser)/./node_modules/next/dist/next-devtools/shared/forward-logs-shared.js:44
[ 1225175ms] [LOG] [Fast Refresh] done in 718ms @ webpack-internal:///(app-pages-browser)/./node_modules/next/dist/next-devtools/shared/forward-logs-shared.js:44
[ 1225188ms] [LOG] [Fast Refresh] rebuilding @ webpack-internal:///(app-pages-browser)/./node_modules/next/dist/next-devtools/shared/forward-logs-shared.js:44
[ 1226048ms] [LOG] [Fast Refresh] done in 860ms @ webpack-internal:///(app-pages-browser)/./node_modules/next/dist/next-devtools/shared/forward-logs-shared.js:44
[ 1226089ms] [LOG] [Fast Refresh] rebuilding @ webpack-internal:///(app-pages-browser)/./node_modules/next/dist/next-devtools/shared/forward-logs-shared.js:44
[ 1226986ms] [LOG] [Fast Refresh] done in 897ms @ webpack-internal:///(app-pages-browser)/./node_modules/next/dist/next-devtools/shared/forward-logs-shared.js:44
[ 1227357ms] [LOG] [Fast Refresh] rebuilding @ webpack-internal:///(app-pages-browser)/./node_modules/next/dist/next-devtools/shared/forward-logs-shared.js:44
[ 1228116ms] [LOG] [Fast Refresh] done in 759ms @ webpack-internal:///(app-pages-browser)/./node_modules/next/dist/next-devtools/shared/forward-logs-shared.js:44
[ 1228147ms] [LOG] [Fast Refresh] rebuilding @ webpack-internal:///(app-pages-browser)/./node_modules/next/dist/next-devtools/shared/forward-logs-shared.js:44
[ 1228975ms] [LOG] [Fast Refresh] done in 829ms @ webpack-internal:///(app-pages-browser)/./node_modules/next/dist/next-devtools/shared/forward-logs-shared.js:44
[ 1229275ms] [LOG] [Fast Refresh] rebuilding @ webpack-internal:///(app-pages-browser)/./node_modules/next/dist/next-devtools/shared/forward-logs-shared.js:44
[ 1229923ms] [LOG] [Fast Refresh] done in 648ms @ webpack-internal:///(app-pages-browser)/./node_modules/next/dist/next-devtools/shared/forward-logs-shared.js:44
[ 1229947ms] [LOG] [Fast Refresh] rebuilding @ webpack-internal:///(app-pages-browser)/./node_modules/next/dist/next-devtools/shared/forward-logs-shared.js:44
[ 1230868ms] [LOG] [Fast Refresh] done in 922ms @ webpack-internal:///(app-pages-browser)/./node_modules/next/dist/next-devtools/shared/forward-logs-shared.js:44
[ 1230976ms] [LOG] [Fast Refresh] rebuilding @ webpack-internal:///(app-pages-browser)/./node_modules/next/dist/next-devtools/shared/forward-logs-shared.js:44
[ 1233267ms] [LOG] [Fast Refresh] done in 2292ms @ webpack-internal:///(app-pages-browser)/./node_modules/next/dist/next-devtools/shared/forward-logs-shared.js:44
[ 1233280ms] [LOG] [Fast Refresh] rebuilding @ webpack-internal:///(app-pages-browser)/./node_modules/next/dist/next-devtools/shared/forward-logs-shared.js:44
[ 1234403ms] [LOG] [Fast Refresh] done in 1122ms @ webpack-internal:///(app-pages-browser)/./node_modules/next/dist/next-devtools/shared/forward-logs-shared.js:44
[ 1234430ms] [LOG] [Fast Refresh] rebuilding @ webpack-internal:///(app-pages-browser)/./node_modules/next/dist/next-devtools/shared/forward-logs-shared.js:44
[ 1235529ms] [LOG] [Fast Refresh] done in 1099ms @ webpack-internal:///(app-pages-browser)/./node_modules/next/dist/next-devtools/shared/forward-logs-shared.js:44
[ 1235855ms] [LOG] [Fast Refresh] rebuilding @ webpack-internal:///(app-pages-browser)/./node_modules/next/dist/next-devtools/shared/forward-logs-shared.js:44
[ 1236646ms] [LOG] [Fast Refresh] done in 791ms @ webpack-internal:///(app-pages-browser)/./node_modules/next/dist/next-devtools/shared/forward-logs-shared.js:44
[ 1236660ms] [LOG] [Fast Refresh] rebuilding @ webpack-internal:///(app-pages-browser)/./node_modules/next/dist/next-devtools/shared/forward-logs-shared.js:44
[ 1237541ms] [LOG] [Fast Refresh] done in 881ms @ webpack-internal:///(app-pages-browser)/./node_modules/next/dist/next-devtools/shared/forward-logs-shared.js:44
[ 1237890ms] [LOG] [Fast Refresh] rebuilding @ webpack-internal:///(app-pages-browser)/./node_modules/next/dist/next-devtools/shared/forward-logs-shared.js:44
[ 1238751ms] [LOG] [Fast Refresh] done in 861ms @ webpack-internal:///(app-pages-browser)/./node_modules/next/dist/next-devtools/shared/forward-logs-shared.js:44
[ 1239130ms] [LOG] [Fast Refresh] rebuilding @ webpack-internal:///(app-pages-browser)/./node_modules/next/dist/next-devtools/shared/forward-logs-shared.js:44
[ 1239904ms] [LOG] [Fast Refresh] done in 774ms @ webpack-internal:///(app-pages-browser)/./node_modules/next/dist/next-devtools/shared/forward-logs-shared.js:44
[ 1240261ms] [LOG] [Fast Refresh] rebuilding @ webpack-internal:///(app-pages-browser)/./node_modules/next/dist/next-devtools/shared/forward-logs-shared.js:44
[ 1241124ms] [LOG] [Fast Refresh] done in 863ms @ webpack-internal:///(app-pages-browser)/./node_modules/next/dist/next-devtools/shared/forward-logs-shared.js:44
[ 1241142ms] [LOG] [Fast Refresh] rebuilding @ webpack-internal:///(app-pages-browser)/./node_modules/next/dist/next-devtools/shared/forward-logs-shared.js:44
[ 1242043ms] [LOG] [Fast Refresh] done in 902ms @ webpack-internal:///(app-pages-browser)/./node_modules/next/dist/next-devtools/shared/forward-logs-shared.js:44
[ 1242059ms] [LOG] [Fast Refresh] rebuilding @ webpack-internal:///(app-pages-browser)/./node_modules/next/dist/next-devtools/shared/forward-logs-shared.js:44
[ 1242938ms] [LOG] [Fast Refresh] done in 879ms @ webpack-internal:///(app-pages-browser)/./node_modules/next/dist/next-devtools/shared/forward-logs-shared.js:44
[ 1242956ms] [LOG] [Fast Refresh] rebuilding @ webpack-internal:///(app-pages-browser)/./node_modules/next/dist/next-devtools/shared/forward-logs-shared.js:44
[ 1243742ms] [LOG] [Fast Refresh] done in 786ms @ webpack-internal:///(app-pages-browser)/./node_modules/next/dist/next-devtools/shared/forward-logs-shared.js:44
[ 1243762ms] [LOG] [Fast Refresh] rebuilding @ webpack-internal:///(app-pages-browser)/./node_modules/next/dist/next-devtools/shared/forward-logs-shared.js:44
[ 1244738ms] [LOG] [Fast Refresh] done in 977ms @ webpack-internal:///(app-pages-browser)/./node_modules/next/dist/next-devtools/shared/forward-logs-shared.js:44
[ 1245053ms] [LOG] [Fast Refresh] rebuilding @ webpack-internal:///(app-pages-browser)/./node_modules/next/dist/next-devtools/shared/forward-logs-shared.js:44
[ 1245641ms] [LOG] [Fast Refresh] done in 588ms @ webpack-internal:///(app-pages-browser)/./node_modules/next/dist/next-devtools/shared/forward-logs-shared.js:44
[ 1245669ms] [LOG] [Fast Refresh] rebuilding @ webpack-internal:///(app-pages-browser)/./node_modules/next/dist/next-devtools/shared/forward-logs-shared.js:44
[ 1246631ms] [LOG] [Fast Refresh] done in 961ms @ webpack-internal:///(app-pages-browser)/./node_modules/next/dist/next-devtools/shared/forward-logs-shared.js:44
[ 1246688ms] [LOG] [Fast Refresh] rebuilding @ webpack-internal:///(app-pages-browser)/./node_modules/next/dist/next-devtools/shared/forward-logs-shared.js:44
[ 1248204ms] [LOG] [Fast Refresh] done in 1517ms @ webpack-internal:///(app-pages-browser)/./node_modules/next/dist/next-devtools/shared/forward-logs-shared.js:44
[ 1248224ms] [LOG] [Fast Refresh] rebuilding @ webpack-internal:///(app-pages-browser)/./node_modules/next/dist/next-devtools/shared/forward-logs-shared.js:44
[ 1249052ms] [LOG] [Fast Refresh] done in 827ms @ webpack-internal:///(app-pages-browser)/./node_modules/next/dist/next-devtools/shared/forward-logs-shared.js:44
[ 1249317ms] [LOG] [Fast Refresh] rebuilding @ webpack-internal:///(app-pages-browser)/./node_modules/next/dist/next-devtools/shared/forward-logs-shared.js:44
[ 1249839ms] [LOG] [Fast Refresh] done in 523ms @ webpack-internal:///(app-pages-browser)/./node_modules/next/dist/next-devtools/shared/forward-logs-shared.js:44
[ 1249858ms] [LOG] [Fast Refresh] rebuilding @ webpack-internal:///(app-pages-browser)/./node_modules/next/dist/next-devtools/shared/forward-logs-shared.js:44
[ 1250805ms] [LOG] [Fast Refresh] done in 948ms @ webpack-internal:///(app-pages-browser)/./node_modules/next/dist/next-devtools/shared/forward-logs-shared.js:44
[ 1250824ms] [LOG] [Fast Refresh] rebuilding @ webpack-internal:///(app-pages-browser)/./node_modules/next/dist/next-devtools/shared/forward-logs-shared.js:44
[ 1251626ms] [LOG] [Fast Refresh] done in 802ms @ webpack-internal:///(app-pages-browser)/./node_modules/next/dist/next-devtools/shared/forward-logs-shared.js:44
[ 1251653ms] [LOG] [Fast Refresh] rebuilding @ webpack-internal:///(app-pages-browser)/./node_modules/next/dist/next-devtools/shared/forward-logs-shared.js:44
[ 1252616ms] [LOG] [Fast Refresh] done in 963ms @ webpack-internal:///(app-pages-browser)/./node_modules/next/dist/next-devtools/shared/forward-logs-shared.js:44
[ 1252949ms] [LOG] [Fast Refresh] rebuilding @ webpack-internal:///(app-pages-browser)/./node_modules/next/dist/next-devtools/shared/forward-logs-shared.js:44
[ 1253525ms] [LOG] [Fast Refresh] done in 577ms @ webpack-internal:///(app-pages-browser)/./node_modules/next/dist/next-devtools/shared/forward-logs-shared.js:44
[ 1253540ms] [LOG] [Fast Refresh] rebuilding @ webpack-internal:///(app-pages-browser)/./node_modules/next/dist/next-devtools/shared/forward-logs-shared.js:44
[ 1254483ms] [LOG] [Fast Refresh] done in 942ms @ webpack-internal:///(app-pages-browser)/./node_modules/next/dist/next-devtools/shared/forward-logs-shared.js:44
[ 1254508ms] [LOG] [Fast Refresh] rebuilding @ webpack-internal:///(app-pages-browser)/./node_modules/next/dist/next-devtools/shared/forward-logs-shared.js:44
[ 1255310ms] [LOG] [Fast Refresh] done in 802ms @ webpack-internal:///(app-pages-browser)/./node_modules/next/dist/next-devtools/shared/forward-logs-shared.js:44
[ 1255330ms] [LOG] [Fast Refresh] rebuilding @ webpack-internal:///(app-pages-browser)/./node_modules/next/dist/next-devtools/shared/forward-logs-shared.js:44
[ 1256326ms] [LOG] [Fast Refresh] done in 996ms @ webpack-internal:///(app-pages-browser)/./node_modules/next/dist/next-devtools/shared/forward-logs-shared.js:44
[ 1256339ms] [LOG] [Fast Refresh] rebuilding @ webpack-internal:///(app-pages-browser)/./node_modules/next/dist/next-devtools/shared/forward-logs-shared.js:44
[ 1257267ms] [LOG] [Fast Refresh] done in 929ms @ webpack-internal:///(app-pages-browser)/./node_modules/next/dist/next-devtools/shared/forward-logs-shared.js:44
[ 1257287ms] [LOG] [Fast Refresh] rebuilding @ webpack-internal:///(app-pages-browser)/./node_modules/next/dist/next-devtools/shared/forward-logs-shared.js:44
[ 1259312ms] [LOG] [Fast Refresh] done in 2024ms @ webpack-internal:///(app-pages-browser)/./node_modules/next/dist/next-devtools/shared/forward-logs-shared.js:44
[ 1259326ms] [LOG] [Fast Refresh] rebuilding @ webpack-internal:///(app-pages-browser)/./node_modules/next/dist/next-devtools/shared/forward-logs-shared.js:44
[ 1260359ms] [LOG] [Fast Refresh] done in 1034ms @ webpack-internal:///(app-pages-browser)/./node_modules/next/dist/next-devtools/shared/forward-logs-shared.js:44
[ 1260401ms] [LOG] [Fast Refresh] rebuilding @ webpack-internal:///(app-pages-browser)/./node_modules/next/dist/next-devtools/shared/forward-logs-shared.js:44
[ 1261508ms] [LOG] [Fast Refresh] done in 1107ms @ webpack-internal:///(app-pages-browser)/./node_modules/next/dist/next-devtools/shared/forward-logs-shared.js:44
[ 1261798ms] [LOG] [Fast Refresh] rebuilding @ webpack-internal:///(app-pages-browser)/./node_modules/next/dist/next-devtools/shared/forward-logs-shared.js:44
[ 1263098ms] [LOG] [Fast Refresh] done in 1300ms @ webpack-internal:///(app-pages-browser)/./node_modules/next/dist/next-devtools/shared/forward-logs-shared.js:44
[ 1263600ms] [LOG] [Fast Refresh] rebuilding @ webpack-internal:///(app-pages-browser)/./node_modules/next/dist/next-devtools/shared/forward-logs-shared.js:44
[ 1264506ms] [LOG] [Fast Refresh] done in 906ms @ webpack-internal:///(app-pages-browser)/./node_modules/next/dist/next-devtools/shared/forward-logs-shared.js:44
[ 1264947ms] [LOG] [Fast Refresh] rebuilding @ webpack-internal:///(app-pages-browser)/./node_modules/next/dist/next-devtools/shared/forward-logs-shared.js:44
[ 1265621ms] [LOG] [Fast Refresh] done in 674ms @ webpack-internal:///(app-pages-browser)/./node_modules/next/dist/next-devtools/shared/forward-logs-shared.js:44
[ 1265976ms] [LOG] [Fast Refresh] rebuilding @ webpack-internal:///(app-pages-browser)/./node_modules/next/dist/next-devtools/shared/forward-logs-shared.js:44
[ 1266693ms] [LOG] [Fast Refresh] done in 717ms @ webpack-internal:///(app-pages-browser)/./node_modules/next/dist/next-devtools/shared/forward-logs-shared.js:44
[ 1266735ms] [LOG] [Fast Refresh] rebuilding @ webpack-internal:///(app-pages-browser)/./node_modules/next/dist/next-devtools/shared/forward-logs-shared.js:44
[ 1267646ms] [LOG] [Fast Refresh] done in 911ms @ webpack-internal:///(app-pages-browser)/./node_modules/next/dist/next-devtools/shared/forward-logs-shared.js:44
[ 1267656ms] [LOG] [Fast Refresh] rebuilding @ webpack-internal:///(app-pages-browser)/./node_modules/next/dist/next-devtools/shared/forward-logs-shared.js:44
[ 1269031ms] [LOG] [Fast Refresh] done in 1374ms @ webpack-internal:///(app-pages-browser)/./node_modules/next/dist/next-devtools/shared/forward-logs-shared.js:44
[ 1269054ms] [LOG] [Fast Refresh] rebuilding @ webpack-internal:///(app-pages-browser)/./node_modules/next/dist/next-devtools/shared/forward-logs-shared.js:44
[ 1269733ms] [LOG] [Fast Refresh] done in 679ms @ webpack-internal:///(app-pages-browser)/./node_modules/next/dist/next-devtools/shared/forward-logs-shared.js:44
[ 1269792ms] [LOG] [Fast Refresh] rebuilding @ webpack-internal:///(app-pages-browser)/./node_modules/next/dist/next-devtools/shared/forward-logs-shared.js:44
[ 1270980ms] [LOG] [Fast Refresh] done in 1189ms @ webpack-internal:///(app-pages-browser)/./node_modules/next/dist/next-devtools/shared/forward-logs-shared.js:44
[ 1271361ms] [LOG] [Fast Refresh] rebuilding @ webpack-internal:///(app-pages-browser)/./node_modules/next/dist/next-devtools/shared/forward-logs-shared.js:44
[ 1272133ms] [LOG] [Fast Refresh] done in 771ms @ webpack-internal:///(app-pages-browser)/./node_modules/next/dist/next-devtools/shared/forward-logs-shared.js:44
[ 1272446ms] [LOG] [Fast Refresh] rebuilding @ webpack-internal:///(app-pages-browser)/./node_modules/next/dist/next-devtools/shared/forward-logs-shared.js:44
[ 1273052ms] [LOG] [Fast Refresh] done in 605ms @ webpack-internal:///(app-pages-browser)/./node_modules/next/dist/next-devtools/shared/forward-logs-shared.js:44
[ 1273085ms] [LOG] [Fast Refresh] rebuilding @ webpack-internal:///(app-pages-browser)/./node_modules/next/dist/next-devtools/shared/forward-logs-shared.js:44
[ 1274025ms] [LOG] [Fast Refresh] done in 940ms @ webpack-internal:///(app-pages-browser)/./node_modules/next/dist/next-devtools/shared/forward-logs-shared.js:44
[ 1274344ms] [LOG] [Fast Refresh] rebuilding @ webpack-internal:///(app-pages-browser)/./node_modules/next/dist/next-devtools/shared/forward-logs-shared.js:44
[ 1274929ms] [LOG] [Fast Refresh] done in 585ms @ webpack-internal:///(app-pages-browser)/./node_modules/next/dist/next-devtools/shared/forward-logs-shared.js:44
[ 1274955ms] [LOG] [Fast Refresh] rebuilding @ webpack-internal:///(app-pages-browser)/./node_modules/next/dist/next-devtools/shared/forward-logs-shared.js:44
[ 1276090ms] [LOG] [Fast Refresh] done in 1135ms @ webpack-internal:///(app-pages-browser)/./node_modules/next/dist/next-devtools/shared/forward-logs-shared.js:44
[ 1276467ms] [LOG] [Fast Refresh] rebuilding @ webpack-internal:///(app-pages-browser)/./node_modules/next/dist/next-devtools/shared/forward-logs-shared.js:44
[ 1277964ms] [LOG] [Fast Refresh] done in 1496ms @ webpack-internal:///(app-pages-browser)/./node_modules/next/dist/next-devtools/shared/forward-logs-shared.js:44
[ 1277988ms] [LOG] [Fast Refresh] rebuilding @ webpack-internal:///(app-pages-browser)/./node_modules/next/dist/next-devtools/shared/forward-logs-shared.js:44
[ 1278854ms] [LOG] [Fast Refresh] done in 866ms @ webpack-internal:///(app-pages-browser)/./node_modules/next/dist/next-devtools/shared/forward-logs-shared.js:44
[ 1279234ms] [LOG] [Fast Refresh] rebuilding @ webpack-internal:///(app-pages-browser)/./node_modules/next/dist/next-devtools/shared/forward-logs-shared.js:44
[ 1280257ms] [LOG] [Fast Refresh] done in 1023ms @ webpack-internal:///(app-pages-browser)/./node_modules/next/dist/next-devtools/shared/forward-logs-shared.js:44
[ 1280278ms] [LOG] [Fast Refresh] rebuilding @ webpack-internal:///(app-pages-browser)/./node_modules/next/dist/next-devtools/shared/forward-logs-shared.js:44
[ 1280819ms] [LOG] [Fast Refresh] done in 540ms @ webpack-internal:///(app-pages-browser)/./node_modules/next/dist/next-devtools/shared/forward-logs-shared.js:44
[ 1280834ms] [LOG] [Fast Refresh] rebuilding @ webpack-internal:///(app-pages-browser)/./node_modules/next/dist/next-devtools/shared/forward-logs-shared.js:44
[ 1281800ms] [LOG] [Fast Refresh] done in 965ms @ webpack-internal:///(app-pages-browser)/./node_modules/next/dist/next-devtools/shared/forward-logs-shared.js:44
[ 1281836ms] [LOG] [Fast Refresh] rebuilding @ webpack-internal:///(app-pages-browser)/./node_modules/next/dist/next-devtools/shared/forward-logs-shared.js:44
[ 1282705ms] [LOG] [Fast Refresh] done in 869ms @ webpack-internal:///(app-pages-browser)/./node_modules/next/dist/next-devtools/shared/forward-logs-shared.js:44
[ 1282717ms] [LOG] [Fast Refresh] rebuilding @ webpack-internal:///(app-pages-browser)/./node_modules/next/dist/next-devtools/shared/forward-logs-shared.js:44
[ 1283641ms] [LOG] [Fast Refresh] done in 924ms @ webpack-internal:///(app-pages-browser)/./node_modules/next/dist/next-devtools/shared/forward-logs-shared.js:44
[ 1283680ms] [LOG] [Fast Refresh] rebuilding @ webpack-internal:///(app-pages-browser)/./node_modules/next/dist/next-devtools/shared/forward-logs-shared.js:44
[ 1284507ms] [LOG] [Fast Refresh] done in 827ms @ webpack-internal:///(app-pages-browser)/./node_modules/next/dist/next-devtools/shared/forward-logs-shared.js:44
[ 1284586ms] [LOG] [Fast Refresh] rebuilding @ webpack-internal:///(app-pages-browser)/./node_modules/next/dist/next-devtools/shared/forward-logs-shared.js:44
[ 1285613ms] [LOG] [Fast Refresh] done in 1027ms @ webpack-internal:///(app-pages-browser)/./node_modules/next/dist/next-devtools/shared/forward-logs-shared.js:44
[ 1285694ms] [LOG] [Fast Refresh] rebuilding @ webpack-internal:///(app-pages-browser)/./node_modules/next/dist/next-devtools/shared/forward-logs-shared.js:44
[ 1287501ms] [LOG] [Fast Refresh] done in 1807ms @ webpack-internal:///(app-pages-browser)/./node_modules/next/dist/next-devtools/shared/forward-logs-shared.js:44
[ 1287529ms] [LOG] [Fast Refresh] rebuilding @ webpack-internal:///(app-pages-browser)/./node_modules/next/dist/next-devtools/shared/forward-logs-shared.js:44
[ 1288515ms] [LOG] [Fast Refresh] done in 986ms @ webpack-internal:///(app-pages-browser)/./node_modules/next/dist/next-devtools/shared/forward-logs-shared.js:44
[ 1288530ms] [LOG] [Fast Refresh] rebuilding @ webpack-internal:///(app-pages-browser)/./node_modules/next/dist/next-devtools/shared/forward-logs-shared.js:44
[ 1289603ms] [LOG] [Fast Refresh] done in 1073ms @ webpack-internal:///(app-pages-browser)/./node_modules/next/dist/next-devtools/shared/forward-logs-shared.js:44
[ 1289625ms] [LOG] [Fast Refresh] rebuilding @ webpack-internal:///(app-pages-browser)/./node_modules/next/dist/next-devtools/shared/forward-logs-shared.js:44
[ 1290508ms] [LOG] [Fast Refresh] done in 883ms @ webpack-internal:///(app-pages-browser)/./node_modules/next/dist/next-devtools/shared/forward-logs-shared.js:44
[ 1290533ms] [LOG] [Fast Refresh] rebuilding @ webpack-internal:///(app-pages-browser)/./node_modules/next/dist/next-devtools/shared/forward-logs-shared.js:44
[ 1291624ms] [LOG] [Fast Refresh] done in 1091ms @ webpack-internal:///(app-pages-browser)/./node_modules/next/dist/next-devtools/shared/forward-logs-shared.js:44
[ 1291669ms] [LOG] [Fast Refresh] rebuilding @ webpack-internal:///(app-pages-browser)/./node_modules/next/dist/next-devtools/shared/forward-logs-shared.js:44
[ 1292831ms] [LOG] [Fast Refresh] done in 1162ms @ webpack-internal:///(app-pages-browser)/./node_modules/next/dist/next-devtools/shared/forward-logs-shared.js:44
[ 1293172ms] [LOG] [Fast Refresh] rebuilding @ webpack-internal:///(app-pages-browser)/./node_modules/next/dist/next-devtools/shared/forward-logs-shared.js:44
[ 1294267ms] [LOG] [Fast Refresh] done in 1094ms @ webpack-internal:///(app-pages-browser)/./node_modules/next/dist/next-devtools/shared/forward-logs-shared.js:44
[ 1294293ms] [LOG] [Fast Refresh] rebuilding @ webpack-internal:///(app-pages-browser)/./node_modules/next/dist/next-devtools/shared/forward-logs-shared.js:44
[ 1294897ms] [LOG] [Fast Refresh] done in 604ms @ webpack-internal:///(app-pages-browser)/./node_modules/next/dist/next-devtools/shared/forward-logs-shared.js:44
[ 1294943ms] [LOG] [Fast Refresh] rebuilding @ webpack-internal:///(app-pages-browser)/./node_modules/next/dist/next-devtools/shared/forward-logs-shared.js:44
[ 1295857ms] [LOG] [Fast Refresh] done in 913ms @ webpack-internal:///(app-pages-browser)/./node_modules/next/dist/next-devtools/shared/forward-logs-shared.js:44
[ 1295881ms] [LOG] [Fast Refresh] rebuilding @ webpack-internal:///(app-pages-browser)/./node_modules/next/dist/next-devtools/shared/forward-logs-shared.js:44
[ 1296688ms] [LOG] [Fast Refresh] done in 807ms @ webpack-internal:///(app-pages-browser)/./node_modules/next/dist/next-devtools/shared/forward-logs-shared.js:44
[ 1296715ms] [LOG] [Fast Refresh] rebuilding @ webpack-internal:///(app-pages-browser)/./node_modules/next/dist/next-devtools/shared/forward-logs-shared.js:44
[ 1297830ms] [LOG] [Fast Refresh] done in 1114ms @ webpack-internal:///(app-pages-browser)/./node_modules/next/dist/next-devtools/shared/forward-logs-shared.js:44
[ 1297843ms] [LOG] [Fast Refresh] rebuilding @ webpack-internal:///(app-pages-browser)/./node_modules/next/dist/next-devtools/shared/forward-logs-shared.js:44
[ 1299211ms] [LOG] [Fast Refresh] done in 1368ms @ webpack-internal:///(app-pages-browser)/./node_modules/next/dist/next-devtools/shared/forward-logs-shared.js:44
[ 1299218ms] [LOG] [Fast Refresh] rebuilding @ webpack-internal:///(app-pages-browser)/./node_modules/next/dist/next-devtools/shared/forward-logs-shared.js:44
[ 1300590ms] [LOG] [Fast Refresh] done in 1371ms @ webpack-internal:///(app-pages-browser)/./node_modules/next/dist/next-devtools/shared/forward-logs-shared.js:44
[ 1300604ms] [LOG] [Fast Refresh] rebuilding @ webpack-internal:///(app-pages-browser)/./node_modules/next/dist/next-devtools/shared/forward-logs-shared.js:44
[ 1301673ms] [LOG] [Fast Refresh] done in 1069ms @ webpack-internal:///(app-pages-browser)/./node_modules/next/dist/next-devtools/shared/forward-logs-shared.js:44
[ 1301692ms] [LOG] [Fast Refresh] rebuilding @ webpack-internal:///(app-pages-browser)/./node_modules/next/dist/next-devtools/shared/forward-logs-shared.js:44
[ 1302689ms] [LOG] [Fast Refresh] done in 996ms @ webpack-internal:///(app-pages-browser)/./node_modules/next/dist/next-devtools/shared/forward-logs-shared.js:44
[ 1302718ms] [LOG] [Fast Refresh] rebuilding @ webpack-internal:///(app-pages-browser)/./node_modules/next/dist/next-devtools/shared/forward-logs-shared.js:44
[ 1303558ms] [LOG] [Fast Refresh] done in 841ms @ webpack-internal:///(app-pages-browser)/./node_modules/next/dist/next-devtools/shared/forward-logs-shared.js:44
[ 1303565ms] [LOG] [Fast Refresh] rebuilding @ webpack-internal:///(app-pages-browser)/./node_modules/next/dist/next-devtools/shared/forward-logs-shared.js:44
[ 1304516ms] [LOG] [Fast Refresh] done in 950ms @ webpack-internal:///(app-pages-browser)/./node_modules/next/dist/next-devtools/shared/forward-logs-shared.js:44
[ 1304892ms] [LOG] [Fast Refresh] rebuilding @ webpack-internal:///(app-pages-browser)/./node_modules/next/dist/next-devtools/shared/forward-logs-shared.js:44
[ 1305600ms] [LOG] [Fast Refresh] done in 707ms @ webpack-internal:///(app-pages-browser)/./node_modules/next/dist/next-devtools/shared/forward-logs-shared.js:44
[ 1305914ms] [LOG] [Fast Refresh] rebuilding @ webpack-internal:///(app-pages-browser)/./node_modules/next/dist/next-devtools/shared/forward-logs-shared.js:44
[ 1306562ms] [LOG] [Fast Refresh] done in 647ms @ webpack-internal:///(app-pages-browser)/./node_modules/next/dist/next-devtools/shared/forward-logs-shared.js:44
[ 1306571ms] [LOG] [Fast Refresh] rebuilding @ webpack-internal:///(app-pages-browser)/./node_modules/next/dist/next-devtools/shared/forward-logs-shared.js:44
[ 1308667ms] [LOG] [Fast Refresh] done in 2097ms @ webpack-internal:///(app-pages-browser)/./node_modules/next/dist/next-devtools/shared/forward-logs-shared.js:44
[ 1308698ms] [LOG] [Fast Refresh] rebuilding @ webpack-internal:///(app-pages-browser)/./node_modules/next/dist/next-devtools/shared/forward-logs-shared.js:44
[ 1309601ms] [LOG] [Fast Refresh] done in 902ms @ webpack-internal:///(app-pages-browser)/./node_modules/next/dist/next-devtools/shared/forward-logs-shared.js:44
[ 1309911ms] [LOG] [Fast Refresh] rebuilding @ webpack-internal:///(app-pages-browser)/./node_modules/next/dist/next-devtools/shared/forward-logs-shared.js:44
[ 1310736ms] [LOG] [Fast Refresh] done in 825ms @ webpack-internal:///(app-pages-browser)/./node_modules/next/dist/next-devtools/shared/forward-logs-shared.js:44
[ 1311087ms] [LOG] [Fast Refresh] rebuilding @ webpack-internal:///(app-pages-browser)/./node_modules/next/dist/next-devtools/shared/forward-logs-shared.js:44
[ 1311778ms] [LOG] [Fast Refresh] done in 691ms @ webpack-internal:///(app-pages-browser)/./node_modules/next/dist/next-devtools/shared/forward-logs-shared.js:44
[ 1312116ms] [LOG] [Fast Refresh] rebuilding @ webpack-internal:///(app-pages-browser)/./node_modules/next/dist/next-devtools/shared/forward-logs-shared.js:44
[ 1312809ms] [LOG] [Fast Refresh] done in 693ms @ webpack-internal:///(app-pages-browser)/./node_modules/next/dist/next-devtools/shared/forward-logs-shared.js:44
[ 1313117ms] [LOG] [Fast Refresh] rebuilding @ webpack-internal:///(app-pages-browser)/./node_modules/next/dist/next-devtools/shared/forward-logs-shared.js:44
[ 1313697ms] [LOG] [Fast Refresh] done in 580ms @ webpack-internal:///(app-pages-browser)/./node_modules/next/dist/next-devtools/shared/forward-logs-shared.js:44
[ 1313705ms] [LOG] [Fast Refresh] rebuilding @ webpack-internal:///(app-pages-browser)/./node_modules/next/dist/next-devtools/shared/forward-logs-shared.js:44
[ 1314646ms] [LOG] [Fast Refresh] done in 940ms @ webpack-internal:///(app-pages-browser)/./node_modules/next/dist/next-devtools/shared/forward-logs-shared.js:44
[ 1314656ms] [LOG] [Fast Refresh] rebuilding @ webpack-internal:///(app-pages-browser)/./node_modules/next/dist/next-devtools/shared/forward-logs-shared.js:44
[ 1315557ms] [LOG] [Fast Refresh] done in 902ms @ webpack-internal:///(app-pages-browser)/./node_modules/next/dist/next-devtools/shared/forward-logs-shared.js:44
[ 1315590ms] [LOG] [Fast Refresh] rebuilding @ webpack-internal:///(app-pages-browser)/./node_modules/next/dist/next-devtools/shared/forward-logs-shared.js:44
[ 1316529ms] [LOG] [Fast Refresh] done in 940ms @ webpack-internal:///(app-pages-browser)/./node_modules/next/dist/next-devtools/shared/forward-logs-shared.js:44
[ 1316552ms] [LOG] [Fast Refresh] rebuilding @ webpack-internal:///(app-pages-browser)/./node_modules/next/dist/next-devtools/shared/forward-logs-shared.js:44
[ 1317403ms] [LOG] [Fast Refresh] done in 850ms @ webpack-internal:///(app-pages-browser)/./node_modules/next/dist/next-devtools/shared/forward-logs-shared.js:44
[ 1317424ms] [LOG] [Fast Refresh] rebuilding @ webpack-internal:///(app-pages-browser)/./node_modules/next/dist/next-devtools/shared/forward-logs-shared.js:44
[ 1318712ms] [LOG] [Fast Refresh] done in 1287ms @ webpack-internal:///(app-pages-browser)/./node_modules/next/dist/next-devtools/shared/forward-logs-shared.js:44
[ 1318739ms] [LOG] [Fast Refresh] rebuilding @ webpack-internal:///(app-pages-browser)/./node_modules/next/dist/next-devtools/shared/forward-logs-shared.js:44
[ 1319442ms] [LOG] [Fast Refresh] done in 703ms @ webpack-internal:///(app-pages-browser)/./node_modules/next/dist/next-devtools/shared/forward-logs-shared.js:44
[ 1319747ms] [LOG] [Fast Refresh] rebuilding @ webpack-internal:///(app-pages-browser)/./node_modules/next/dist/next-devtools/shared/forward-logs-shared.js:44
[ 1320274ms] [LOG] [Fast Refresh] done in 527ms @ webpack-internal:///(app-pages-browser)/./node_modules/next/dist/next-devtools/shared/forward-logs-shared.js:44
[ 1320288ms] [LOG] [Fast Refresh] rebuilding @ webpack-internal:///(app-pages-browser)/./node_modules/next/dist/next-devtools/shared/forward-logs-shared.js:44
[ 1321226ms] [LOG] [Fast Refresh] done in 939ms @ webpack-internal:///(app-pages-browser)/./node_modules/next/dist/next-devtools/shared/forward-logs-shared.js:44
[ 1321507ms] [LOG] [Fast Refresh] rebuilding @ webpack-internal:///(app-pages-browser)/./node_modules/next/dist/next-devtools/shared/forward-logs-shared.js:44
[ 1322356ms] [LOG] [Fast Refresh] done in 850ms @ webpack-internal:///(app-pages-browser)/./node_modules/next/dist/next-devtools/shared/forward-logs-shared.js:44
[ 1322612ms] [LOG] [Fast Refresh] rebuilding @ webpack-internal:///(app-pages-browser)/./node_modules/next/dist/next-devtools/shared/forward-logs-shared.js:44
[ 1323897ms] [LOG] [Fast Refresh] done in 1285ms @ webpack-internal:///(app-pages-browser)/./node_modules/next/dist/next-devtools/shared/forward-logs-shared.js:44
[ 1323918ms] [LOG] [Fast Refresh] rebuilding @ webpack-internal:///(app-pages-browser)/./node_modules/next/dist/next-devtools/shared/forward-logs-shared.js:44
[ 1324560ms] [LOG] [Fast Refresh] done in 643ms @ webpack-internal:///(app-pages-browser)/./node_modules/next/dist/next-devtools/shared/forward-logs-shared.js:44
[ 1324576ms] [LOG] [Fast Refresh] rebuilding @ webpack-internal:///(app-pages-browser)/./node_modules/next/dist/next-devtools/shared/forward-logs-shared.js:44
[ 1325647ms] [LOG] [Fast Refresh] done in 1071ms @ webpack-internal:///(app-pages-browser)/./node_modules/next/dist/next-devtools/shared/forward-logs-shared.js:44
[ 1325656ms] [LOG] [Fast Refresh] rebuilding @ webpack-internal:///(app-pages-browser)/./node_modules/next/dist/next-devtools/shared/forward-logs-shared.js:44
[ 1327842ms] [LOG] [Fast Refresh] done in 2186ms @ webpack-internal:///(app-pages-browser)/./node_modules/next/dist/next-devtools/shared/forward-logs-shared.js:44
[ 1327867ms] [LOG] [Fast Refresh] rebuilding @ webpack-internal:///(app-pages-browser)/./node_modules/next/dist/next-devtools/shared/forward-logs-shared.js:44
[ 1328459ms] [LOG] [Fast Refresh] done in 592ms @ webpack-internal:///(app-pages-browser)/./node_modules/next/dist/next-devtools/shared/forward-logs-shared.js:44
[ 1328473ms] [LOG] [Fast Refresh] rebuilding @ webpack-internal:///(app-pages-browser)/./node_modules/next/dist/next-devtools/shared/forward-logs-shared.js:44
[ 1329426ms] [LOG] [Fast Refresh] done in 953ms @ webpack-internal:///(app-pages-browser)/./node_modules/next/dist/next-devtools/shared/forward-logs-shared.js:44
[ 1329458ms] [LOG] [Fast Refresh] rebuilding @ webpack-internal:///(app-pages-browser)/./node_modules/next/dist/next-devtools/shared/forward-logs-shared.js:44
[ 1330587ms] [LOG] [Fast Refresh] done in 1128ms @ webpack-internal:///(app-pages-browser)/./node_modules/next/dist/next-devtools/shared/forward-logs-shared.js:44
[ 1330940ms] [LOG] [Fast Refresh] rebuilding @ webpack-internal:///(app-pages-browser)/./node_modules/next/dist/next-devtools/shared/forward-logs-shared.js:44
[ 1331760ms] [LOG] [Fast Refresh] done in 819ms @ webpack-internal:///(app-pages-browser)/./node_modules/next/dist/next-devtools/shared/forward-logs-shared.js:44
[ 1331788ms] [LOG] [Fast Refresh] rebuilding @ webpack-internal:///(app-pages-browser)/./node_modules/next/dist/next-devtools/shared/forward-logs-shared.js:44
[ 1332634ms] [LOG] [Fast Refresh] done in 846ms @ webpack-internal:///(app-pages-browser)/./node_modules/next/dist/next-devtools/shared/forward-logs-shared.js:44
[ 1332658ms] [LOG] [Fast Refresh] rebuilding @ webpack-internal:///(app-pages-browser)/./node_modules/next/dist/next-devtools/shared/forward-logs-shared.js:44
[ 1333808ms] [LOG] [Fast Refresh] done in 1151ms @ webpack-internal:///(app-pages-browser)/./node_modules/next/dist/next-devtools/shared/forward-logs-shared.js:44
[ 1333823ms] [LOG] [Fast Refresh] rebuilding @ webpack-internal:///(app-pages-browser)/./node_modules/next/dist/next-devtools/shared/forward-logs-shared.js:44
[ 1334663ms] [LOG] [Fast Refresh] done in 839ms @ webpack-internal:///(app-pages-browser)/./node_modules/next/dist/next-devtools/shared/forward-logs-shared.js:44
[ 1334676ms] [LOG] [Fast Refresh] rebuilding @ webpack-internal:///(app-pages-browser)/./node_modules/next/dist/next-devtools/shared/forward-logs-shared.js:44
[ 1336139ms] [LOG] [Fast Refresh] done in 1463ms @ webpack-internal:///(app-pages-browser)/./node_modules/next/dist/next-devtools/shared/forward-logs-shared.js:44
[ 1336162ms] [LOG] [Fast Refresh] rebuilding @ webpack-internal:///(app-pages-browser)/./node_modules/next/dist/next-devtools/shared/forward-logs-shared.js:44
[ 1336951ms] [LOG] [Fast Refresh] done in 789ms @ webpack-internal:///(app-pages-browser)/./node_modules/next/dist/next-devtools/shared/forward-logs-shared.js:44
[ 1336978ms] [LOG] [Fast Refresh] rebuilding @ webpack-internal:///(app-pages-browser)/./node_modules/next/dist/next-devtools/shared/forward-logs-shared.js:44
[ 1338483ms] [LOG] [Fast Refresh] done in 1505ms @ webpack-internal:///(app-pages-browser)/./node_modules/next/dist/next-devtools/shared/forward-logs-shared.js:44
[ 1338814ms] [LOG] [Fast Refresh] rebuilding @ webpack-internal:///(app-pages-browser)/./node_modules/next/dist/next-devtools/shared/forward-logs-shared.js:44
[ 1340669ms] [LOG] [Fast Refresh] done in 1855ms @ webpack-internal:///(app-pages-browser)/./node_modules/next/dist/next-devtools/shared/forward-logs-shared.js:44
[ 1340693ms] [LOG] [Fast Refresh] rebuilding @ webpack-internal:///(app-pages-browser)/./node_modules/next/dist/next-devtools/shared/forward-logs-shared.js:44
[ 1342109ms] [LOG] [Fast Refresh] done in 1415ms @ webpack-internal:///(app-pages-browser)/./node_modules/next/dist/next-devtools/shared/forward-logs-shared.js:44
[ 1342135ms] [LOG] [Fast Refresh] rebuilding @ webpack-internal:///(app-pages-browser)/./node_modules/next/dist/next-devtools/shared/forward-logs-shared.js:44
[ 1342828ms] [LOG] [Fast Refresh] done in 692ms @ webpack-internal:///(app-pages-browser)/./node_modules/next/dist/next-devtools/shared/forward-logs-shared.js:44
[ 1342841ms] [LOG] [Fast Refresh] rebuilding @ webpack-internal:///(app-pages-browser)/./node_modules/next/dist/next-devtools/shared/forward-logs-shared.js:44
[ 1343672ms] [LOG] [Fast Refresh] done in 830ms @ webpack-internal:///(app-pages-browser)/./node_modules/next/dist/next-devtools/shared/forward-logs-shared.js:44
[ 1343683ms] [LOG] [Fast Refresh] rebuilding @ webpack-internal:///(app-pages-browser)/./node_modules/next/dist/next-devtools/shared/forward-logs-shared.js:44
[ 1344594ms] [LOG] [Fast Refresh] done in 912ms @ webpack-internal:///(app-pages-browser)/./node_modules/next/dist/next-devtools/shared/forward-logs-shared.js:44
[ 1344899ms] [LOG] [Fast Refresh] rebuilding @ webpack-internal:///(app-pages-browser)/./node_modules/next/dist/next-devtools/shared/forward-logs-shared.js:44
[ 1345527ms] [LOG] [Fast Refresh] done in 628ms @ webpack-internal:///(app-pages-browser)/./node_modules/next/dist/next-devtools/shared/forward-logs-shared.js:44
[ 1345545ms] [LOG] [Fast Refresh] rebuilding @ webpack-internal:///(app-pages-browser)/./node_modules/next/dist/next-devtools/shared/forward-logs-shared.js:44
[ 1346866ms] [LOG] [Fast Refresh] done in 1322ms @ webpack-internal:///(app-pages-browser)/./node_modules/next/dist/next-devtools/shared/forward-logs-shared.js:44
[ 1346890ms] [LOG] [Fast Refresh] rebuilding @ webpack-internal:///(app-pages-browser)/./node_modules/next/dist/next-devtools/shared/forward-logs-shared.js:44
[ 1347511ms] [LOG] [Fast Refresh] done in 620ms @ webpack-internal:///(app-pages-browser)/./node_modules/next/dist/next-devtools/shared/forward-logs-shared.js:44
[ 1347535ms] [LOG] [Fast Refresh] rebuilding @ webpack-internal:///(app-pages-browser)/./node_modules/next/dist/next-devtools/shared/forward-logs-shared.js:44
[ 1348660ms] [LOG] [Fast Refresh] done in 1124ms @ webpack-internal:///(app-pages-browser)/./node_modules/next/dist/next-devtools/shared/forward-logs-shared.js:44
[ 1348673ms] [LOG] [Fast Refresh] rebuilding @ webpack-internal:///(app-pages-browser)/./node_modules/next/dist/next-devtools/shared/forward-logs-shared.js:44
[ 1349230ms] [LOG] [Fast Refresh] done in 557ms @ webpack-internal:///(app-pages-browser)/./node_modules/next/dist/next-devtools/shared/forward-logs-shared.js:44
[ 1349248ms] [LOG] [Fast Refresh] rebuilding @ webpack-internal:///(app-pages-browser)/./node_modules/next/dist/next-devtools/shared/forward-logs-shared.js:44
[ 1350232ms] [LOG] [Fast Refresh] done in 983ms @ webpack-internal:///(app-pages-browser)/./node_modules/next/dist/next-devtools/shared/forward-logs-shared.js:44
[ 1350246ms] [LOG] [Fast Refresh] rebuilding @ webpack-internal:///(app-pages-browser)/./node_modules/next/dist/next-devtools/shared/forward-logs-shared.js:44
[ 1351090ms] [LOG] [Fast Refresh] done in 844ms @ webpack-internal:///(app-pages-browser)/./node_modules/next/dist/next-devtools/shared/forward-logs-shared.js:44
[ 1351114ms] [LOG] [Fast Refresh] rebuilding @ webpack-internal:///(app-pages-browser)/./node_modules/next/dist/next-devtools/shared/forward-logs-shared.js:44
[ 1352065ms] [LOG] [Fast Refresh] done in 951ms @ webpack-internal:///(app-pages-browser)/./node_modules/next/dist/next-devtools/shared/forward-logs-shared.js:44
[ 1352104ms] [LOG] [Fast Refresh] rebuilding @ webpack-internal:///(app-pages-browser)/./node_modules/next/dist/next-devtools/shared/forward-logs-shared.js:44
[ 1353127ms] [LOG] [Fast Refresh] done in 1022ms @ webpack-internal:///(app-pages-browser)/./node_modules/next/dist/next-devtools/shared/forward-logs-shared.js:44
[ 1353164ms] [LOG] [Fast Refresh] rebuilding @ webpack-internal:///(app-pages-browser)/./node_modules/next/dist/next-devtools/shared/forward-logs-shared.js:44
[ 1354837ms] [LOG] [Fast Refresh] done in 1673ms @ webpack-internal:///(app-pages-browser)/./node_modules/next/dist/next-devtools/shared/forward-logs-shared.js:44
[ 1354847ms] [LOG] [Fast Refresh] rebuilding @ webpack-internal:///(app-pages-browser)/./node_modules/next/dist/next-devtools/shared/forward-logs-shared.js:44
[ 1355837ms] [LOG] [Fast Refresh] done in 990ms @ webpack-internal:///(app-pages-browser)/./node_modules/next/dist/next-devtools/shared/forward-logs-shared.js:44
[ 1355861ms] [LOG] [Fast Refresh] rebuilding @ webpack-internal:///(app-pages-browser)/./node_modules/next/dist/next-devtools/shared/forward-logs-shared.js:44
[ 1356494ms] [LOG] [Fast Refresh] done in 634ms @ webpack-internal:///(app-pages-browser)/./node_modules/next/dist/next-devtools/shared/forward-logs-shared.js:44
[ 1356537ms] [LOG] [Fast Refresh] rebuilding @ webpack-internal:///(app-pages-browser)/./node_modules/next/dist/next-devtools/shared/forward-logs-shared.js:44
[ 1357541ms] [LOG] [Fast Refresh] done in 1004ms @ webpack-internal:///(app-pages-browser)/./node_modules/next/dist/next-devtools/shared/forward-logs-shared.js:44
[ 1357567ms] [LOG] [Fast Refresh] rebuilding @ webpack-internal:///(app-pages-browser)/./node_modules/next/dist/next-devtools/shared/forward-logs-shared.js:44
[ 1358540ms] [LOG] [Fast Refresh] done in 974ms @ webpack-internal:///(app-pages-browser)/./node_modules/next/dist/next-devtools/shared/forward-logs-shared.js:44
[ 1358869ms] [LOG] [Fast Refresh] rebuilding @ webpack-internal:///(app-pages-browser)/./node_modules/next/dist/next-devtools/shared/forward-logs-shared.js:44
[ 1359487ms] [LOG] [Fast Refresh] done in 619ms @ webpack-internal:///(app-pages-browser)/./node_modules/next/dist/next-devtools/shared/forward-logs-shared.js:44
[ 1359507ms] [LOG] [Fast Refresh] rebuilding @ webpack-internal:///(app-pages-browser)/./node_modules/next/dist/next-devtools/shared/forward-logs-shared.js:44
[ 1360652ms] [LOG] [Fast Refresh] done in 1146ms @ webpack-internal:///(app-pages-browser)/./node_modules/next/dist/next-devtools/shared/forward-logs-shared.js:44
[ 1360671ms] [LOG] [Fast Refresh] rebuilding @ webpack-internal:///(app-pages-browser)/./node_modules/next/dist/next-devtools/shared/forward-logs-shared.js:44
[ 1361707ms] [LOG] [Fast Refresh] done in 1036ms @ webpack-internal:///(app-pages-browser)/./node_modules/next/dist/next-devtools/shared/forward-logs-shared.js:44
[ 1361723ms] [LOG] [Fast Refresh] rebuilding @ webpack-internal:///(app-pages-browser)/./node_modules/next/dist/next-devtools/shared/forward-logs-shared.js:44
[ 1362390ms] [LOG] [Fast Refresh] done in 666ms @ webpack-internal:///(app-pages-browser)/./node_modules/next/dist/next-devtools/shared/forward-logs-shared.js:44
[ 1362406ms] [LOG] [Fast Refresh] rebuilding @ webpack-internal:///(app-pages-browser)/./node_modules/next/dist/next-devtools/shared/forward-logs-shared.js:44
[ 1363443ms] [LOG] [Fast Refresh] done in 1037ms @ webpack-internal:///(app-pages-browser)/./node_modules/next/dist/next-devtools/shared/forward-logs-shared.js:44
[ 1363453ms] [LOG] [Fast Refresh] rebuilding @ webpack-internal:///(app-pages-browser)/./node_modules/next/dist/next-devtools/shared/forward-logs-shared.js:44
[ 1364373ms] [LOG] [Fast Refresh] done in 921ms @ webpack-internal:///(app-pages-browser)/./node_modules/next/dist/next-devtools/shared/forward-logs-shared.js:44
[ 1364394ms] [LOG] [Fast Refresh] rebuilding @ webpack-internal:///(app-pages-browser)/./node_modules/next/dist/next-devtools/shared/forward-logs-shared.js:44
[ 1365448ms] [LOG] [Fast Refresh] done in 1054ms @ webpack-internal:///(app-pages-browser)/./node_modules/next/dist/next-devtools/shared/forward-logs-shared.js:44
[ 1365568ms] [LOG] [Fast Refresh] rebuilding @ webpack-internal:///(app-pages-browser)/./node_modules/next/dist/next-devtools/shared/forward-logs-shared.js:44
[ 1367906ms] [LOG] [Fast Refresh] done in 2338ms @ webpack-internal:///(app-pages-browser)/./node_modules/next/dist/next-devtools/shared/forward-logs-shared.js:44
[ 1368539ms] [LOG] [Fast Refresh] rebuilding @ webpack-internal:///(app-pages-browser)/./node_modules/next/dist/next-devtools/shared/forward-logs-shared.js:44
[ 1370123ms] [LOG] [Fast Refresh] done in 1584ms @ webpack-internal:///(app-pages-browser)/./node_modules/next/dist/next-devtools/shared/forward-logs-shared.js:44
[ 1370133ms] [LOG] [Fast Refresh] rebuilding @ webpack-internal:///(app-pages-browser)/./node_modules/next/dist/next-devtools/shared/forward-logs-shared.js:44
[ 1370764ms] [LOG] [Fast Refresh] done in 631ms @ webpack-internal:///(app-pages-browser)/./node_modules/next/dist/next-devtools/shared/forward-logs-shared.js:44
[ 1370794ms] [LOG] [Fast Refresh] rebuilding @ webpack-internal:///(app-pages-browser)/./node_modules/next/dist/next-devtools/shared/forward-logs-shared.js:44
[ 1372190ms] [LOG] [Fast Refresh] done in 1395ms @ webpack-internal:///(app-pages-browser)/./node_modules/next/dist/next-devtools/shared/forward-logs-shared.js:44
[ 1372562ms] [LOG] [Fast Refresh] rebuilding @ webpack-internal:///(app-pages-browser)/./node_modules/next/dist/next-devtools/shared/forward-logs-shared.js:44
[ 1373454ms] [LOG] [Fast Refresh] done in 891ms @ webpack-internal:///(app-pages-browser)/./node_modules/next/dist/next-devtools/shared/forward-logs-shared.js:44
[ 1373467ms] [LOG] [Fast Refresh] rebuilding @ webpack-internal:///(app-pages-browser)/./node_modules/next/dist/next-devtools/shared/forward-logs-shared.js:44
[ 1374534ms] [LOG] [Fast Refresh] done in 1067ms @ webpack-internal:///(app-pages-browser)/./node_modules/next/dist/next-devtools/shared/forward-logs-shared.js:44
[ 1374552ms] [LOG] [Fast Refresh] rebuilding @ webpack-internal:///(app-pages-browser)/./node_modules/next/dist/next-devtools/shared/forward-logs-shared.js:44
[ 1375705ms] [LOG] [Fast Refresh] done in 1153ms @ webpack-internal:///(app-pages-browser)/./node_modules/next/dist/next-devtools/shared/forward-logs-shared.js:44
[ 1375749ms] [LOG] [Fast Refresh] rebuilding @ webpack-internal:///(app-pages-browser)/./node_modules/next/dist/next-devtools/shared/forward-logs-shared.js:44
[ 1376817ms] [LOG] [Fast Refresh] done in 1068ms @ webpack-internal:///(app-pages-browser)/./node_modules/next/dist/next-devtools/shared/forward-logs-shared.js:44
[ 1376864ms] [LOG] [Fast Refresh] rebuilding @ webpack-internal:///(app-pages-browser)/./node_modules/next/dist/next-devtools/shared/forward-logs-shared.js:44
[ 1377892ms] [LOG] [Fast Refresh] done in 1028ms @ webpack-internal:///(app-pages-browser)/./node_modules/next/dist/next-devtools/shared/forward-logs-shared.js:44
[ 1378253ms] [LOG] [Fast Refresh] rebuilding @ webpack-internal:///(app-pages-browser)/./node_modules/next/dist/next-devtools/shared/forward-logs-shared.js:44
[ 1379622ms] [LOG] [Fast Refresh] done in 1368ms @ webpack-internal:///(app-pages-browser)/./node_modules/next/dist/next-devtools/shared/forward-logs-shared.js:44
[ 1379651ms] [LOG] [Fast Refresh] rebuilding @ webpack-internal:///(app-pages-browser)/./node_modules/next/dist/next-devtools/shared/forward-logs-shared.js:44
[ 1380418ms] [LOG] [Fast Refresh] done in 766ms @ webpack-internal:///(app-pages-browser)/./node_modules/next/dist/next-devtools/shared/forward-logs-shared.js:44
[ 1380738ms] [LOG] [Fast Refresh] rebuilding @ webpack-internal:///(app-pages-browser)/./node_modules/next/dist/next-devtools/shared/forward-logs-shared.js:44
[ 1381447ms] [LOG] [Fast Refresh] done in 709ms @ webpack-internal:///(app-pages-browser)/./node_modules/next/dist/next-devtools/shared/forward-logs-shared.js:44
[ 1381470ms] [LOG] [Fast Refresh] rebuilding @ webpack-internal:///(app-pages-browser)/./node_modules/next/dist/next-devtools/shared/forward-logs-shared.js:44
[ 1382466ms] [LOG] [Fast Refresh] done in 995ms @ webpack-internal:///(app-pages-browser)/./node_modules/next/dist/next-devtools/shared/forward-logs-shared.js:44
[ 1383254ms] [LOG] [Fast Refresh] rebuilding @ webpack-internal:///(app-pages-browser)/./node_modules/next/dist/next-devtools/shared/forward-logs-shared.js:44
[ 1384040ms] [LOG] [Fast Refresh] done in 786ms @ webpack-internal:///(app-pages-browser)/./node_modules/next/dist/next-devtools/shared/forward-logs-shared.js:44
[ 1384547ms] [LOG] [Fast Refresh] rebuilding @ webpack-internal:///(app-pages-browser)/./node_modules/next/dist/next-devtools/shared/forward-logs-shared.js:44
[ 1385393ms] [LOG] [Fast Refresh] done in 847ms @ webpack-internal:///(app-pages-browser)/./node_modules/next/dist/next-devtools/shared/forward-logs-shared.js:44
[ 1385424ms] [LOG] [Fast Refresh] rebuilding @ webpack-internal:///(app-pages-browser)/./node_modules/next/dist/next-devtools/shared/forward-logs-shared.js:44
[ 1386717ms] [LOG] [Fast Refresh] done in 1294ms @ webpack-internal:///(app-pages-browser)/./node_modules/next/dist/next-devtools/shared/forward-logs-shared.js:44
[ 1387109ms] [LOG] [Fast Refresh] rebuilding @ webpack-internal:///(app-pages-browser)/./node_modules/next/dist/next-devtools/shared/forward-logs-shared.js:44
[ 1388065ms] [LOG] [Fast Refresh] done in 956ms @ webpack-internal:///(app-pages-browser)/./node_modules/next/dist/next-devtools/shared/forward-logs-shared.js:44
[ 1388080ms] [LOG] [Fast Refresh] rebuilding @ webpack-internal:///(app-pages-browser)/./node_modules/next/dist/next-devtools/shared/forward-logs-shared.js:44
[ 1389350ms] [LOG] [Fast Refresh] done in 1270ms @ webpack-internal:///(app-pages-browser)/./node_modules/next/dist/next-devtools/shared/forward-logs-shared.js:44
[ 1389394ms] [LOG] [Fast Refresh] rebuilding @ webpack-internal:///(app-pages-browser)/./node_modules/next/dist/next-devtools/shared/forward-logs-shared.js:44
[ 1391318ms] [LOG] [Fast Refresh] done in 1923ms @ webpack-internal:///(app-pages-browser)/./node_modules/next/dist/next-devtools/shared/forward-logs-shared.js:44
[ 1391398ms] [LOG] [Fast Refresh] rebuilding @ webpack-internal:///(app-pages-browser)/./node_modules/next/dist/next-devtools/shared/forward-logs-shared.js:44
[ 1392419ms] [LOG] [Fast Refresh] done in 1021ms @ webpack-internal:///(app-pages-browser)/./node_modules/next/dist/next-devtools/shared/forward-logs-shared.js:44
[ 1392503ms] [LOG] [Fast Refresh] rebuilding @ webpack-internal:///(app-pages-browser)/./node_modules/next/dist/next-devtools/shared/forward-logs-shared.js:44
[ 1395209ms] [LOG] [Fast Refresh] done in 2706ms @ webpack-internal:///(app-pages-browser)/./node_modules/next/dist/next-devtools/shared/forward-logs-shared.js:44
[ 1395588ms] [LOG] [Fast Refresh] rebuilding @ webpack-internal:///(app-pages-browser)/./node_modules/next/dist/next-devtools/shared/forward-logs-shared.js:44
[ 1396383ms] [LOG] [Fast Refresh] done in 796ms @ webpack-internal:///(app-pages-browser)/./node_modules/next/dist/next-devtools/shared/forward-logs-shared.js:44
[ 1396713ms] [LOG] [Fast Refresh] rebuilding @ webpack-internal:///(app-pages-browser)/./node_modules/next/dist/next-devtools/shared/forward-logs-shared.js:44
[ 1398486ms] [LOG] [Fast Refresh] done in 1774ms @ webpack-internal:///(app-pages-browser)/./node_modules/next/dist/next-devtools/shared/forward-logs-shared.js:44
[ 1398692ms] [LOG] [Fast Refresh] rebuilding @ webpack-internal:///(app-pages-browser)/./node_modules/next/dist/next-devtools/shared/forward-logs-shared.js:44
[ 1399541ms] [LOG] [Fast Refresh] done in 849ms @ webpack-internal:///(app-pages-browser)/./node_modules/next/dist/next-devtools/shared/forward-logs-shared.js:44
[ 1399563ms] [LOG] [Fast Refresh] rebuilding @ webpack-internal:///(app-pages-browser)/./node_modules/next/dist/next-devtools/shared/forward-logs-shared.js:44
[ 1401355ms] [LOG] [Fast Refresh] done in 1793ms @ webpack-internal:///(app-pages-browser)/./node_modules/next/dist/next-devtools/shared/forward-logs-shared.js:44
[ 1402459ms] [LOG] [Fast Refresh] rebuilding @ webpack-internal:///(app-pages-browser)/./node_modules/next/dist/next-devtools/shared/forward-logs-shared.js:44
[ 1403278ms] [LOG] [Fast Refresh] done in 819ms @ webpack-internal:///(app-pages-browser)/./node_modules/next/dist/next-devtools/shared/forward-logs-shared.js:44
[ 1403629ms] [LOG] [Fast Refresh] rebuilding @ webpack-internal:///(app-pages-browser)/./node_modules/next/dist/next-devtools/shared/forward-logs-shared.js:44
[ 1405082ms] [LOG] [Fast Refresh] done in 1453ms @ webpack-internal:///(app-pages-browser)/./node_modules/next/dist/next-devtools/shared/forward-logs-shared.js:44
[ 1405093ms] [LOG] [Fast Refresh] rebuilding @ webpack-internal:///(app-pages-browser)/./node_modules/next/dist/next-devtools/shared/forward-logs-shared.js:44
[ 1405903ms] [LOG] [Fast Refresh] done in 810ms @ webpack-internal:///(app-pages-browser)/./node_modules/next/dist/next-devtools/shared/forward-logs-shared.js:44
[ 1406299ms] [LOG] [Fast Refresh] rebuilding @ webpack-internal:///(app-pages-browser)/./node_modules/next/dist/next-devtools/shared/forward-logs-shared.js:44
[ 1407234ms] [LOG] [Fast Refresh] done in 935ms @ webpack-internal:///(app-pages-browser)/./node_modules/next/dist/next-devtools/shared/forward-logs-shared.js:44
[ 1407746ms] [LOG] [Fast Refresh] rebuilding @ webpack-internal:///(app-pages-browser)/./node_modules/next/dist/next-devtools/shared/forward-logs-shared.js:44
[ 1409110ms] [LOG] [Fast Refresh] done in 1364ms @ webpack-internal:///(app-pages-browser)/./node_modules/next/dist/next-devtools/shared/forward-logs-shared.js:44
[ 1409130ms] [LOG] [Fast Refresh] rebuilding @ webpack-internal:///(app-pages-browser)/./node_modules/next/dist/next-devtools/shared/forward-logs-shared.js:44
[ 1409973ms] [LOG] [Fast Refresh] done in 844ms @ webpack-internal:///(app-pages-browser)/./node_modules/next/dist/next-devtools/shared/forward-logs-shared.js:44
[ 1410378ms] [LOG] [Fast Refresh] rebuilding @ webpack-internal:///(app-pages-browser)/./node_modules/next/dist/next-devtools/shared/forward-logs-shared.js:44
[ 1411122ms] [LOG] [Fast Refresh] done in 744ms @ webpack-internal:///(app-pages-browser)/./node_modules/next/dist/next-devtools/shared/forward-logs-shared.js:44
[ 1411135ms] [LOG] [Fast Refresh] rebuilding @ webpack-internal:///(app-pages-browser)/./node_modules/next/dist/next-devtools/shared/forward-logs-shared.js:44
[ 1412003ms] [LOG] [Fast Refresh] done in 868ms @ webpack-internal:///(app-pages-browser)/./node_modules/next/dist/next-devtools/shared/forward-logs-shared.js:44
[ 1412014ms] [LOG] [Fast Refresh] rebuilding @ webpack-internal:///(app-pages-browser)/./node_modules/next/dist/next-devtools/shared/forward-logs-shared.js:44
[ 1413455ms] [LOG] [Fast Refresh] done in 1442ms @ webpack-internal:///(app-pages-browser)/./node_modules/next/dist/next-devtools/shared/forward-logs-shared.js:44
[ 1413477ms] [LOG] [Fast Refresh] rebuilding @ webpack-internal:///(app-pages-browser)/./node_modules/next/dist/next-devtools/shared/forward-logs-shared.js:44
[ 1414644ms] [LOG] [Fast Refresh] done in 1167ms @ webpack-internal:///(app-pages-browser)/./node_modules/next/dist/next-devtools/shared/forward-logs-shared.js:44
[ 1414657ms] [LOG] [Fast Refresh] rebuilding @ webpack-internal:///(app-pages-browser)/./node_modules/next/dist/next-devtools/shared/forward-logs-shared.js:44
[ 1415819ms] [LOG] [Fast Refresh] done in 1162ms @ webpack-internal:///(app-pages-browser)/./node_modules/next/dist/next-devtools/shared/forward-logs-shared.js:44
[ 1416097ms] [LOG] [Fast Refresh] rebuilding @ webpack-internal:///(app-pages-browser)/./node_modules/next/dist/next-devtools/shared/forward-logs-shared.js:44
[ 1416703ms] [LOG] [Fast Refresh] done in 607ms @ webpack-internal:///(app-pages-browser)/./node_modules/next/dist/next-devtools/shared/forward-logs-shared.js:44
[ 1416747ms] [LOG] [Fast Refresh] rebuilding @ webpack-internal:///(app-pages-browser)/./node_modules/next/dist/next-devtools/shared/forward-logs-shared.js:44
[ 1417719ms] [LOG] [Fast Refresh] done in 971ms @ webpack-internal:///(app-pages-browser)/./node_modules/next/dist/next-devtools/shared/forward-logs-shared.js:44
[ 1417743ms] [LOG] [Fast Refresh] rebuilding @ webpack-internal:///(app-pages-browser)/./node_modules/next/dist/next-devtools/shared/forward-logs-shared.js:44
[ 1418643ms] [LOG] [Fast Refresh] done in 901ms @ webpack-internal:///(app-pages-browser)/./node_modules/next/dist/next-devtools/shared/forward-logs-shared.js:44
[ 1418916ms] [LOG] [Fast Refresh] rebuilding @ webpack-internal:///(app-pages-browser)/./node_modules/next/dist/next-devtools/shared/forward-logs-shared.js:44
[ 1419641ms] [LOG] [Fast Refresh] done in 726ms @ webpack-internal:///(app-pages-browser)/./node_modules/next/dist/next-devtools/shared/forward-logs-shared.js:44
[ 1419664ms] [LOG] [Fast Refresh] rebuilding @ webpack-internal:///(app-pages-browser)/./node_modules/next/dist/next-devtools/shared/forward-logs-shared.js:44
[ 1420526ms] [LOG] [Fast Refresh] done in 863ms @ webpack-internal:///(app-pages-browser)/./node_modules/next/dist/next-devtools/shared/forward-logs-shared.js:44
[ 1420556ms] [LOG] [Fast Refresh] rebuilding @ webpack-internal:///(app-pages-browser)/./node_modules/next/dist/next-devtools/shared/forward-logs-shared.js:44
[ 1421512ms] [LOG] [Fast Refresh] done in 956ms @ webpack-internal:///(app-pages-browser)/./node_modules/next/dist/next-devtools/shared/forward-logs-shared.js:44
[ 1421535ms] [LOG] [Fast Refresh] rebuilding @ webpack-internal:///(app-pages-browser)/./node_modules/next/dist/next-devtools/shared/forward-logs-shared.js:44
[ 1422386ms] [LOG] [Fast Refresh] done in 851ms @ webpack-internal:///(app-pages-browser)/./node_modules/next/dist/next-devtools/shared/forward-logs-shared.js:44
[ 1422401ms] [LOG] [Fast Refresh] rebuilding @ webpack-internal:///(app-pages-browser)/./node_modules/next/dist/next-devtools/shared/forward-logs-shared.js:44
[ 1423832ms] [LOG] [Fast Refresh] done in 1432ms @ webpack-internal:///(app-pages-browser)/./node_modules/next/dist/next-devtools/shared/forward-logs-shared.js:44
[ 1423850ms] [LOG] [Fast Refresh] rebuilding @ webpack-internal:///(app-pages-browser)/./node_modules/next/dist/next-devtools/shared/forward-logs-shared.js:44
[ 1424445ms] [LOG] [Fast Refresh] done in 596ms @ webpack-internal:///(app-pages-browser)/./node_modules/next/dist/next-devtools/shared/forward-logs-shared.js:44
[ 1424455ms] [LOG] [Fast Refresh] rebuilding @ webpack-internal:///(app-pages-browser)/./node_modules/next/dist/next-devtools/shared/forward-logs-shared.js:44
[ 1425388ms] [LOG] [Fast Refresh] done in 933ms @ webpack-internal:///(app-pages-browser)/./node_modules/next/dist/next-devtools/shared/forward-logs-shared.js:44
[ 1425415ms] [LOG] [Fast Refresh] rebuilding @ webpack-internal:///(app-pages-browser)/./node_modules/next/dist/next-devtools/shared/forward-logs-shared.js:44
[ 1426258ms] [LOG] [Fast Refresh] done in 843ms @ webpack-internal:///(app-pages-browser)/./node_modules/next/dist/next-devtools/shared/forward-logs-shared.js:44
[ 1426564ms] [LOG] [Fast Refresh] rebuilding @ webpack-internal:///(app-pages-browser)/./node_modules/next/dist/next-devtools/shared/forward-logs-shared.js:44
[ 1427352ms] [LOG] [Fast Refresh] done in 789ms @ webpack-internal:///(app-pages-browser)/./node_modules/next/dist/next-devtools/shared/forward-logs-shared.js:44
[ 1427649ms] [LOG] [Fast Refresh] rebuilding @ webpack-internal:///(app-pages-browser)/./node_modules/next/dist/next-devtools/shared/forward-logs-shared.js:44
[ 1429485ms] [LOG] [Fast Refresh] done in 1836ms @ webpack-internal:///(app-pages-browser)/./node_modules/next/dist/next-devtools/shared/forward-logs-shared.js:44
[ 1429496ms] [LOG] [Fast Refresh] rebuilding @ webpack-internal:///(app-pages-browser)/./node_modules/next/dist/next-devtools/shared/forward-logs-shared.js:44
[ 1430453ms] [LOG] [Fast Refresh] done in 957ms @ webpack-internal:///(app-pages-browser)/./node_modules/next/dist/next-devtools/shared/forward-logs-shared.js:44
[ 1430478ms] [LOG] [Fast Refresh] rebuilding @ webpack-internal:///(app-pages-browser)/./node_modules/next/dist/next-devtools/shared/forward-logs-shared.js:44
[ 1432941ms] [LOG] [Fast Refresh] done in 2463ms @ webpack-internal:///(app-pages-browser)/./node_modules/next/dist/next-devtools/shared/forward-logs-shared.js:44
[ 1432957ms] [LOG] [Fast Refresh] rebuilding @ webpack-internal:///(app-pages-browser)/./node_modules/next/dist/next-devtools/shared/forward-logs-shared.js:44
[ 1434446ms] [LOG] [Fast Refresh] done in 1489ms @ webpack-internal:///(app-pages-browser)/./node_modules/next/dist/next-devtools/shared/forward-logs-shared.js:44
[ 1434459ms] [LOG] [Fast Refresh] rebuilding @ webpack-internal:///(app-pages-browser)/./node_modules/next/dist/next-devtools/shared/forward-logs-shared.js:44
[ 1435777ms] [LOG] [Fast Refresh] done in 1317ms @ webpack-internal:///(app-pages-browser)/./node_modules/next/dist/next-devtools/shared/forward-logs-shared.js:44
[ 1435790ms] [LOG] [Fast Refresh] rebuilding @ webpack-internal:///(app-pages-browser)/./node_modules/next/dist/next-devtools/shared/forward-logs-shared.js:44
[ 1436880ms] [LOG] [Fast Refresh] done in 1090ms @ webpack-internal:///(app-pages-browser)/./node_modules/next/dist/next-devtools/shared/forward-logs-shared.js:44
[ 1436917ms] [LOG] [Fast Refresh] rebuilding @ webpack-internal:///(app-pages-browser)/./node_modules/next/dist/next-devtools/shared/forward-logs-shared.js:44
[ 1438044ms] [LOG] [Fast Refresh] done in 1126ms @ webpack-internal:///(app-pages-browser)/./node_modules/next/dist/next-devtools/shared/forward-logs-shared.js:44
[ 1438063ms] [LOG] [Fast Refresh] rebuilding @ webpack-internal:///(app-pages-browser)/./node_modules/next/dist/next-devtools/shared/forward-logs-shared.js:44
[ 1439122ms] [LOG] [Fast Refresh] done in 1059ms @ webpack-internal:///(app-pages-browser)/./node_modules/next/dist/next-devtools/shared/forward-logs-shared.js:44
[ 1439163ms] [LOG] [Fast Refresh] rebuilding @ webpack-internal:///(app-pages-browser)/./node_modules/next/dist/next-devtools/shared/forward-logs-shared.js:44
[ 1440138ms] [LOG] [Fast Refresh] done in 975ms @ webpack-internal:///(app-pages-browser)/./node_modules/next/dist/next-devtools/shared/forward-logs-shared.js:44
[ 1440166ms] [LOG] [Fast Refresh] rebuilding @ webpack-internal:///(app-pages-browser)/./node_modules/next/dist/next-devtools/shared/forward-logs-shared.js:44
[ 1440995ms] [LOG] [Fast Refresh] done in 830ms @ webpack-internal:///(app-pages-browser)/./node_modules/next/dist/next-devtools/shared/forward-logs-shared.js:44
[ 1441032ms] [LOG] [Fast Refresh] rebuilding @ webpack-internal:///(app-pages-browser)/./node_modules/next/dist/next-devtools/shared/forward-logs-shared.js:44
[ 1441968ms] [LOG] [Fast Refresh] done in 936ms @ webpack-internal:///(app-pages-browser)/./node_modules/next/dist/next-devtools/shared/forward-logs-shared.js:44
[ 1442277ms] [LOG] [Fast Refresh] rebuilding @ webpack-internal:///(app-pages-browser)/./node_modules/next/dist/next-devtools/shared/forward-logs-shared.js:44
[ 1443186ms] [LOG] [Fast Refresh] done in 909ms @ webpack-internal:///(app-pages-browser)/./node_modules/next/dist/next-devtools/shared/forward-logs-shared.js:44
[ 1443244ms] [LOG] [Fast Refresh] rebuilding @ webpack-internal:///(app-pages-browser)/./node_modules/next/dist/next-devtools/shared/forward-logs-shared.js:44
[ 1444366ms] [LOG] [Fast Refresh] done in 1121ms @ webpack-internal:///(app-pages-browser)/./node_modules/next/dist/next-devtools/shared/forward-logs-shared.js:44
[ 1444391ms] [LOG] [Fast Refresh] rebuilding @ webpack-internal:///(app-pages-browser)/./node_modules/next/dist/next-devtools/shared/forward-logs-shared.js:44
[ 1445283ms] [LOG] [Fast Refresh] done in 893ms @ webpack-internal:///(app-pages-browser)/./node_modules/next/dist/next-devtools/shared/forward-logs-shared.js:44
[ 1445619ms] [LOG] [Fast Refresh] rebuilding @ webpack-internal:///(app-pages-browser)/./node_modules/next/dist/next-devtools/shared/forward-logs-shared.js:44
[ 1446722ms] [LOG] [Fast Refresh] done in 1103ms @ webpack-internal:///(app-pages-browser)/./node_modules/next/dist/next-devtools/shared/forward-logs-shared.js:44
[ 1446738ms] [LOG] [Fast Refresh] rebuilding @ webpack-internal:///(app-pages-browser)/./node_modules/next/dist/next-devtools/shared/forward-logs-shared.js:44
[ 1447419ms] [LOG] [Fast Refresh] done in 682ms @ webpack-internal:///(app-pages-browser)/./node_modules/next/dist/next-devtools/shared/forward-logs-shared.js:44
[ 1447435ms] [LOG] [Fast Refresh] rebuilding @ webpack-internal:///(app-pages-browser)/./node_modules/next/dist/next-devtools/shared/forward-logs-shared.js:44
[ 1448424ms] [LOG] [Fast Refresh] done in 989ms @ webpack-internal:///(app-pages-browser)/./node_modules/next/dist/next-devtools/shared/forward-logs-shared.js:44
[ 1448904ms] [LOG] [Fast Refresh] rebuilding @ webpack-internal:///(app-pages-browser)/./node_modules/next/dist/next-devtools/shared/forward-logs-shared.js:44
[ 1449808ms] [LOG] [Fast Refresh] done in 904ms @ webpack-internal:///(app-pages-browser)/./node_modules/next/dist/next-devtools/shared/forward-logs-shared.js:44
[ 1450180ms] [LOG] [Fast Refresh] rebuilding @ webpack-internal:///(app-pages-browser)/./node_modules/next/dist/next-devtools/shared/forward-logs-shared.js:44
[ 1451648ms] [LOG] [Fast Refresh] done in 1469ms @ webpack-internal:///(app-pages-browser)/./node_modules/next/dist/next-devtools/shared/forward-logs-shared.js:44
[ 1451665ms] [LOG] [Fast Refresh] rebuilding @ webpack-internal:///(app-pages-browser)/./node_modules/next/dist/next-devtools/shared/forward-logs-shared.js:44
[ 1452383ms] [LOG] [Fast Refresh] done in 719ms @ webpack-internal:///(app-pages-browser)/./node_modules/next/dist/next-devtools/shared/forward-logs-shared.js:44
[ 1452426ms] [LOG] [Fast Refresh] rebuilding @ webpack-internal:///(app-pages-browser)/./node_modules/next/dist/next-devtools/shared/forward-logs-shared.js:44
[ 1453466ms] [LOG] [Fast Refresh] done in 1040ms @ webpack-internal:///(app-pages-browser)/./node_modules/next/dist/next-devtools/shared/forward-logs-shared.js:44
[ 1453483ms] [LOG] [Fast Refresh] rebuilding @ webpack-internal:///(app-pages-browser)/./node_modules/next/dist/next-devtools/shared/forward-logs-shared.js:44
[ 1454407ms] [LOG] [Fast Refresh] done in 924ms @ webpack-internal:///(app-pages-browser)/./node_modules/next/dist/next-devtools/shared/forward-logs-shared.js:44
[ 1454723ms] [LOG] [Fast Refresh] rebuilding @ webpack-internal:///(app-pages-browser)/./node_modules/next/dist/next-devtools/shared/forward-logs-shared.js:44
[ 1455540ms] [LOG] [Fast Refresh] done in 816ms @ webpack-internal:///(app-pages-browser)/./node_modules/next/dist/next-devtools/shared/forward-logs-shared.js:44
[ 1455963ms] [LOG] [Fast Refresh] rebuilding @ webpack-internal:///(app-pages-browser)/./node_modules/next/dist/next-devtools/shared/forward-logs-shared.js:44
[ 1456778ms] [LOG] [Fast Refresh] done in 815ms @ webpack-internal:///(app-pages-browser)/./node_modules/next/dist/next-devtools/shared/forward-logs-shared.js:44
[ 1457164ms] [LOG] [Fast Refresh] rebuilding @ webpack-internal:///(app-pages-browser)/./node_modules/next/dist/next-devtools/shared/forward-logs-shared.js:44
[ 1459289ms] [LOG] [Fast Refresh] done in 2125ms @ webpack-internal:///(app-pages-browser)/./node_modules/next/dist/next-devtools/shared/forward-logs-shared.js:44
[ 1459327ms] [LOG] [Fast Refresh] rebuilding @ webpack-internal:///(app-pages-browser)/./node_modules/next/dist/next-devtools/shared/forward-logs-shared.js:44
[ 1460831ms] [LOG] [Fast Refresh] done in 1503ms @ webpack-internal:///(app-pages-browser)/./node_modules/next/dist/next-devtools/shared/forward-logs-shared.js:44
[ 1460859ms] [LOG] [Fast Refresh] rebuilding @ webpack-internal:///(app-pages-browser)/./node_modules/next/dist/next-devtools/shared/forward-logs-shared.js:44
[ 1461725ms] [LOG] [Fast Refresh] done in 866ms @ webpack-internal:///(app-pages-browser)/./node_modules/next/dist/next-devtools/shared/forward-logs-shared.js:44
[ 1461738ms] [LOG] [Fast Refresh] rebuilding @ webpack-internal:///(app-pages-browser)/./node_modules/next/dist/next-devtools/shared/forward-logs-shared.js:44
[ 1464007ms] [LOG] [Fast Refresh] done in 2269ms @ webpack-internal:///(app-pages-browser)/./node_modules/next/dist/next-devtools/shared/forward-logs-shared.js:44
[ 1464375ms] [LOG] [Fast Refresh] rebuilding @ webpack-internal:///(app-pages-browser)/./node_modules/next/dist/next-devtools/shared/forward-logs-shared.js:44
[ 1465103ms] [LOG] [Fast Refresh] done in 728ms @ webpack-internal:///(app-pages-browser)/./node_modules/next/dist/next-devtools/shared/forward-logs-shared.js:44
[ 1465229ms] [LOG] [Fast Refresh] rebuilding @ webpack-internal:///(app-pages-browser)/./node_modules/next/dist/next-devtools/shared/forward-logs-shared.js:44
[ 1466207ms] [LOG] [Fast Refresh] done in 977ms @ webpack-internal:///(app-pages-browser)/./node_modules/next/dist/next-devtools/shared/forward-logs-shared.js:44
[ 1466574ms] [LOG] [Fast Refresh] rebuilding @ webpack-internal:///(app-pages-browser)/./node_modules/next/dist/next-devtools/shared/forward-logs-shared.js:44
[ 1467643ms] [LOG] [Fast Refresh] done in 1069ms @ webpack-internal:///(app-pages-browser)/./node_modules/next/dist/next-devtools/shared/forward-logs-shared.js:44
[ 1467661ms] [LOG] [Fast Refresh] rebuilding @ webpack-internal:///(app-pages-browser)/./node_modules/next/dist/next-devtools/shared/forward-logs-shared.js:44
[ 1468766ms] [LOG] [Fast Refresh] done in 1105ms @ webpack-internal:///(app-pages-browser)/./node_modules/next/dist/next-devtools/shared/forward-logs-shared.js:44
[ 1469082ms] [LOG] [Fast Refresh] rebuilding @ webpack-internal:///(app-pages-browser)/./node_modules/next/dist/next-devtools/shared/forward-logs-shared.js:44
[ 1469762ms] [LOG] [Fast Refresh] done in 680ms @ webpack-internal:///(app-pages-browser)/./node_modules/next/dist/next-devtools/shared/forward-logs-shared.js:44
[ 1469790ms] [LOG] [Fast Refresh] rebuilding @ webpack-internal:///(app-pages-browser)/./node_modules/next/dist/next-devtools/shared/forward-logs-shared.js:44
[ 1470624ms] [LOG] [Fast Refresh] done in 833ms @ webpack-internal:///(app-pages-browser)/./node_modules/next/dist/next-devtools/shared/forward-logs-shared.js:44
[ 1470656ms] [LOG] [Fast Refresh] rebuilding @ webpack-internal:///(app-pages-browser)/./node_modules/next/dist/next-devtools/shared/forward-logs-shared.js:44
[ 1471603ms] [LOG] [Fast Refresh] done in 948ms @ webpack-internal:///(app-pages-browser)/./node_modules/next/dist/next-devtools/shared/forward-logs-shared.js:44
[ 1471933ms] [LOG] [Fast Refresh] rebuilding @ webpack-internal:///(app-pages-browser)/./node_modules/next/dist/next-devtools/shared/forward-logs-shared.js:44
[ 1472908ms] [LOG] [Fast Refresh] done in 975ms @ webpack-internal:///(app-pages-browser)/./node_modules/next/dist/next-devtools/shared/forward-logs-shared.js:44
[ 1473333ms] [LOG] [Fast Refresh] rebuilding @ webpack-internal:///(app-pages-browser)/./node_modules/next/dist/next-devtools/shared/forward-logs-shared.js:44
[ 1474232ms] [LOG] [Fast Refresh] done in 899ms @ webpack-internal:///(app-pages-browser)/./node_modules/next/dist/next-devtools/shared/forward-logs-shared.js:44
[ 1474634ms] [LOG] [Fast Refresh] rebuilding @ webpack-internal:///(app-pages-browser)/./node_modules/next/dist/next-devtools/shared/forward-logs-shared.js:44
[ 1475423ms] [LOG] [Fast Refresh] done in 790ms @ webpack-internal:///(app-pages-browser)/./node_modules/next/dist/next-devtools/shared/forward-logs-shared.js:44
[ 1475520ms] [LOG] [Fast Refresh] rebuilding @ webpack-internal:///(app-pages-browser)/./node_modules/next/dist/next-devtools/shared/forward-logs-shared.js:44
[ 1476393ms] [LOG] [Fast Refresh] done in 874ms @ webpack-internal:///(app-pages-browser)/./node_modules/next/dist/next-devtools/shared/forward-logs-shared.js:44
[ 1476421ms] [LOG] [Fast Refresh] rebuilding @ webpack-internal:///(app-pages-browser)/./node_modules/next/dist/next-devtools/shared/forward-logs-shared.js:44
[ 1477603ms] [LOG] [Fast Refresh] done in 1182ms @ webpack-internal:///(app-pages-browser)/./node_modules/next/dist/next-devtools/shared/forward-logs-shared.js:44
[ 1477622ms] [LOG] [Fast Refresh] rebuilding @ webpack-internal:///(app-pages-browser)/./node_modules/next/dist/next-devtools/shared/forward-logs-shared.js:44
[ 1478300ms] [LOG] [Fast Refresh] done in 678ms @ webpack-internal:///(app-pages-browser)/./node_modules/next/dist/next-devtools/shared/forward-logs-shared.js:44
[ 1478642ms] [LOG] [Fast Refresh] rebuilding @ webpack-internal:///(app-pages-browser)/./node_modules/next/dist/next-devtools/shared/forward-logs-shared.js:44
[ 1479322ms] [LOG] [Fast Refresh] done in 680ms @ webpack-internal:///(app-pages-browser)/./node_modules/next/dist/next-devtools/shared/forward-logs-shared.js:44
[ 1479369ms] [LOG] [Fast Refresh] rebuilding @ webpack-internal:///(app-pages-browser)/./node_modules/next/dist/next-devtools/shared/forward-logs-shared.js:44
[ 1480283ms] [LOG] [Fast Refresh] done in 913ms @ webpack-internal:///(app-pages-browser)/./node_modules/next/dist/next-devtools/shared/forward-logs-shared.js:44
[ 1480691ms] [LOG] [Fast Refresh] rebuilding @ webpack-internal:///(app-pages-browser)/./node_modules/next/dist/next-devtools/shared/forward-logs-shared.js:44
[ 1481451ms] [LOG] [Fast Refresh] done in 761ms @ webpack-internal:///(app-pages-browser)/./node_modules/next/dist/next-devtools/shared/forward-logs-shared.js:44
[ 1481806ms] [LOG] [Fast Refresh] rebuilding @ webpack-internal:///(app-pages-browser)/./node_modules/next/dist/next-devtools/shared/forward-logs-shared.js:44
[ 1482607ms] [LOG] [Fast Refresh] done in 801ms @ webpack-internal:///(app-pages-browser)/./node_modules/next/dist/next-devtools/shared/forward-logs-shared.js:44
[ 1483062ms] [LOG] [Fast Refresh] rebuilding @ webpack-internal:///(app-pages-browser)/./node_modules/next/dist/next-devtools/shared/forward-logs-shared.js:44
[ 1483869ms] [LOG] [Fast Refresh] done in 808ms @ webpack-internal:///(app-pages-browser)/./node_modules/next/dist/next-devtools/shared/forward-logs-shared.js:44
[ 1483883ms] [LOG] [Fast Refresh] rebuilding @ webpack-internal:///(app-pages-browser)/./node_modules/next/dist/next-devtools/shared/forward-logs-shared.js:44
[ 1485048ms] [LOG] [Fast Refresh] done in 1165ms @ webpack-internal:///(app-pages-browser)/./node_modules/next/dist/next-devtools/shared/forward-logs-shared.js:44
[ 1485093ms] [LOG] [Fast Refresh] rebuilding @ webpack-internal:///(app-pages-browser)/./node_modules/next/dist/next-devtools/shared/forward-logs-shared.js:44
[ 1486318ms] [LOG] [Fast Refresh] done in 1225ms @ webpack-internal:///(app-pages-browser)/./node_modules/next/dist/next-devtools/shared/forward-logs-shared.js:44
[ 1486333ms] [LOG] [Fast Refresh] rebuilding @ webpack-internal:///(app-pages-browser)/./node_modules/next/dist/next-devtools/shared/forward-logs-shared.js:44
[ 1487479ms] [LOG] [Fast Refresh] done in 1145ms @ webpack-internal:///(app-pages-browser)/./node_modules/next/dist/next-devtools/shared/forward-logs-shared.js:44
[ 1487494ms] [LOG] [Fast Refresh] rebuilding @ webpack-internal:///(app-pages-browser)/./node_modules/next/dist/next-devtools/shared/forward-logs-shared.js:44
[ 1489658ms] [LOG] [Fast Refresh] done in 2165ms @ webpack-internal:///(app-pages-browser)/./node_modules/next/dist/next-devtools/shared/forward-logs-shared.js:44
[ 1489673ms] [LOG] [Fast Refresh] rebuilding @ webpack-internal:///(app-pages-browser)/./node_modules/next/dist/next-devtools/shared/forward-logs-shared.js:44
[ 1490417ms] [LOG] [Fast Refresh] done in 745ms @ webpack-internal:///(app-pages-browser)/./node_modules/next/dist/next-devtools/shared/forward-logs-shared.js:44
[ 1490431ms] [LOG] [Fast Refresh] rebuilding @ webpack-internal:///(app-pages-browser)/./node_modules/next/dist/next-devtools/shared/forward-logs-shared.js:44
[ 1491494ms] [LOG] [Fast Refresh] done in 1063ms @ webpack-internal:///(app-pages-browser)/./node_modules/next/dist/next-devtools/shared/forward-logs-shared.js:44
[ 1491509ms] [LOG] [Fast Refresh] rebuilding @ webpack-internal:///(app-pages-browser)/./node_modules/next/dist/next-devtools/shared/forward-logs-shared.js:44
[ 1492910ms] [LOG] [Fast Refresh] done in 1401ms @ webpack-internal:///(app-pages-browser)/./node_modules/next/dist/next-devtools/shared/forward-logs-shared.js:44
[ 1492960ms] [LOG] [Fast Refresh] rebuilding @ webpack-internal:///(app-pages-browser)/./node_modules/next/dist/next-devtools/shared/forward-logs-shared.js:44
[ 1494675ms] [LOG] [Fast Refresh] done in 1715ms @ webpack-internal:///(app-pages-browser)/./node_modules/next/dist/next-devtools/shared/forward-logs-shared.js:44
[ 1494702ms] [LOG] [Fast Refresh] rebuilding @ webpack-internal:///(app-pages-browser)/./node_modules/next/dist/next-devtools/shared/forward-logs-shared.js:44
[ 1495943ms] [LOG] [Fast Refresh] done in 1241ms @ webpack-internal:///(app-pages-browser)/./node_modules/next/dist/next-devtools/shared/forward-logs-shared.js:44
[ 1495952ms] [LOG] [Fast Refresh] rebuilding @ webpack-internal:///(app-pages-browser)/./node_modules/next/dist/next-devtools/shared/forward-logs-shared.js:44
[ 1497491ms] [LOG] [Fast Refresh] done in 1539ms @ webpack-internal:///(app-pages-browser)/./node_modules/next/dist/next-devtools/shared/forward-logs-shared.js:44
[ 1497507ms] [LOG] [Fast Refresh] rebuilding @ webpack-internal:///(app-pages-browser)/./node_modules/next/dist/next-devtools/shared/forward-logs-shared.js:44
[ 1498305ms] [LOG] [Fast Refresh] done in 799ms @ webpack-internal:///(app-pages-browser)/./node_modules/next/dist/next-devtools/shared/forward-logs-shared.js:44
[ 1498597ms] [LOG] [Fast Refresh] rebuilding @ webpack-internal:///(app-pages-browser)/./node_modules/next/dist/next-devtools/shared/forward-logs-shared.js:44
[ 1499439ms] [LOG] [Fast Refresh] done in 842ms @ webpack-internal:///(app-pages-browser)/./node_modules/next/dist/next-devtools/shared/forward-logs-shared.js:44
[ 1499450ms] [LOG] [Fast Refresh] rebuilding @ webpack-internal:///(app-pages-browser)/./node_modules/next/dist/next-devtools/shared/forward-logs-shared.js:44
[ 1500264ms] [LOG] [Fast Refresh] done in 814ms @ webpack-internal:///(app-pages-browser)/./node_modules/next/dist/next-devtools/shared/forward-logs-shared.js:44
[ 1500277ms] [LOG] [Fast Refresh] rebuilding @ webpack-internal:///(app-pages-browser)/./node_modules/next/dist/next-devtools/shared/forward-logs-shared.js:44
[ 1501207ms] [LOG] [Fast Refresh] done in 929ms @ webpack-internal:///(app-pages-browser)/./node_modules/next/dist/next-devtools/shared/forward-logs-shared.js:44
[ 1501230ms] [LOG] [Fast Refresh] rebuilding @ webpack-internal:///(app-pages-browser)/./node_modules/next/dist/next-devtools/shared/forward-logs-shared.js:44
[ 1502034ms] [LOG] [Fast Refresh] done in 804ms @ webpack-internal:///(app-pages-browser)/./node_modules/next/dist/next-devtools/shared/forward-logs-shared.js:44
[ 1502060ms] [LOG] [Fast Refresh] rebuilding @ webpack-internal:///(app-pages-browser)/./node_modules/next/dist/next-devtools/shared/forward-logs-shared.js:44
[ 1503871ms] [LOG] [Fast Refresh] done in 1811ms @ webpack-internal:///(app-pages-browser)/./node_modules/next/dist/next-devtools/shared/forward-logs-shared.js:44
[ 1503910ms] [LOG] [Fast Refresh] rebuilding @ webpack-internal:///(app-pages-browser)/./node_modules/next/dist/next-devtools/shared/forward-logs-shared.js:44
[ 1505137ms] [LOG] [Fast Refresh] done in 1228ms @ webpack-internal:///(app-pages-browser)/./node_modules/next/dist/next-devtools/shared/forward-logs-shared.js:44
[ 1505148ms] [LOG] [Fast Refresh] rebuilding @ webpack-internal:///(app-pages-browser)/./node_modules/next/dist/next-devtools/shared/forward-logs-shared.js:44
[ 1506832ms] [LOG] [Fast Refresh] done in 1684ms @ webpack-internal:///(app-pages-browser)/./node_modules/next/dist/next-devtools/shared/forward-logs-shared.js:44
[ 1507183ms] [LOG] [Fast Refresh] rebuilding @ webpack-internal:///(app-pages-browser)/./node_modules/next/dist/next-devtools/shared/forward-logs-shared.js:44
[ 1508188ms] [LOG] [Fast Refresh] done in 1005ms @ webpack-internal:///(app-pages-browser)/./node_modules/next/dist/next-devtools/shared/forward-logs-shared.js:44
[ 1508205ms] [LOG] [Fast Refresh] rebuilding @ webpack-internal:///(app-pages-browser)/./node_modules/next/dist/next-devtools/shared/forward-logs-shared.js:44
[ 1509157ms] [LOG] [Fast Refresh] done in 952ms @ webpack-internal:///(app-pages-browser)/./node_modules/next/dist/next-devtools/shared/forward-logs-shared.js:44
[ 1509221ms] [LOG] [Fast Refresh] rebuilding @ webpack-internal:///(app-pages-browser)/./node_modules/next/dist/next-devtools/shared/forward-logs-shared.js:44
[ 1511409ms] [LOG] [Fast Refresh] done in 2189ms @ webpack-internal:///(app-pages-browser)/./node_modules/next/dist/next-devtools/shared/forward-logs-shared.js:44
[ 1511680ms] [LOG] [Fast Refresh] rebuilding @ webpack-internal:///(app-pages-browser)/./node_modules/next/dist/next-devtools/shared/forward-logs-shared.js:44
[ 1512632ms] [LOG] [Fast Refresh] done in 951ms @ webpack-internal:///(app-pages-browser)/./node_modules/next/dist/next-devtools/shared/forward-logs-shared.js:44
[ 1512670ms] [LOG] [Fast Refresh] rebuilding @ webpack-internal:///(app-pages-browser)/./node_modules/next/dist/next-devtools/shared/forward-logs-shared.js:44
[ 1513800ms] [LOG] [Fast Refresh] done in 1130ms @ webpack-internal:///(app-pages-browser)/./node_modules/next/dist/next-devtools/shared/forward-logs-shared.js:44
[ 1513809ms] [LOG] [Fast Refresh] rebuilding @ webpack-internal:///(app-pages-browser)/./node_modules/next/dist/next-devtools/shared/forward-logs-shared.js:44
[ 1514524ms] [LOG] [Fast Refresh] done in 715ms @ webpack-internal:///(app-pages-browser)/./node_modules/next/dist/next-devtools/shared/forward-logs-shared.js:44
[ 1514539ms] [LOG] [Fast Refresh] rebuilding @ webpack-internal:///(app-pages-browser)/./node_modules/next/dist/next-devtools/shared/forward-logs-shared.js:44
[ 1515401ms] [LOG] [Fast Refresh] done in 862ms @ webpack-internal:///(app-pages-browser)/./node_modules/next/dist/next-devtools/shared/forward-logs-shared.js:44
[ 1515413ms] [LOG] [Fast Refresh] rebuilding @ webpack-internal:///(app-pages-browser)/./node_modules/next/dist/next-devtools/shared/forward-logs-shared.js:44
[ 1516461ms] [LOG] [Fast Refresh] done in 1047ms @ webpack-internal:///(app-pages-browser)/./node_modules/next/dist/next-devtools/shared/forward-logs-shared.js:44
[ 1516859ms] [LOG] [Fast Refresh] rebuilding @ webpack-internal:///(app-pages-browser)/./node_modules/next/dist/next-devtools/shared/forward-logs-shared.js:44
[ 1517772ms] [LOG] [Fast Refresh] done in 912ms @ webpack-internal:///(app-pages-browser)/./node_modules/next/dist/next-devtools/shared/forward-logs-shared.js:44
[ 1518230ms] [LOG] [Fast Refresh] rebuilding @ webpack-internal:///(app-pages-browser)/./node_modules/next/dist/next-devtools/shared/forward-logs-shared.js:44
[ 1519268ms] [LOG] [Fast Refresh] done in 1037ms @ webpack-internal:///(app-pages-browser)/./node_modules/next/dist/next-devtools/shared/forward-logs-shared.js:44
[ 1519693ms] [LOG] [Fast Refresh] rebuilding @ webpack-internal:///(app-pages-browser)/./node_modules/next/dist/next-devtools/shared/forward-logs-shared.js:44
[ 1520842ms] [LOG] [Fast Refresh] done in 1149ms @ webpack-internal:///(app-pages-browser)/./node_modules/next/dist/next-devtools/shared/forward-logs-shared.js:44
[ 1520849ms] [LOG] [Fast Refresh] rebuilding @ webpack-internal:///(app-pages-browser)/./node_modules/next/dist/next-devtools/shared/forward-logs-shared.js:44
[ 1521405ms] [LOG] [Fast Refresh] done in 555ms @ webpack-internal:///(app-pages-browser)/./node_modules/next/dist/next-devtools/shared/forward-logs-shared.js:44
[ 1521764ms] [LOG] [Fast Refresh] rebuilding @ webpack-internal:///(app-pages-browser)/./node_modules/next/dist/next-devtools/shared/forward-logs-shared.js:44
[ 1523463ms] [LOG] [Fast Refresh] done in 1700ms @ webpack-internal:///(app-pages-browser)/./node_modules/next/dist/next-devtools/shared/forward-logs-shared.js:44
[ 1523608ms] [LOG] [Fast Refresh] rebuilding @ webpack-internal:///(app-pages-browser)/./node_modules/next/dist/next-devtools/shared/forward-logs-shared.js:44
[ 1527079ms] [LOG] [Fast Refresh] done in 3472ms @ webpack-internal:///(app-pages-browser)/./node_modules/next/dist/next-devtools/shared/forward-logs-shared.js:44
[ 1527297ms] [LOG] [Fast Refresh] rebuilding @ webpack-internal:///(app-pages-browser)/./node_modules/next/dist/next-devtools/shared/forward-logs-shared.js:44
[ 1528387ms] [LOG] [Fast Refresh] done in 1090ms @ webpack-internal:///(app-pages-browser)/./node_modules/next/dist/next-devtools/shared/forward-logs-shared.js:44
[ 1528432ms] [LOG] [Fast Refresh] rebuilding @ webpack-internal:///(app-pages-browser)/./node_modules/next/dist/next-devtools/shared/forward-logs-shared.js:44
[ 1528993ms] [LOG] [Fast Refresh] done in 562ms @ webpack-internal:///(app-pages-browser)/./node_modules/next/dist/next-devtools/shared/forward-logs-shared.js:44
[ 1529917ms] [LOG] [Fast Refresh] rebuilding @ webpack-internal:///(app-pages-browser)/./node_modules/next/dist/next-devtools/shared/forward-logs-shared.js:44
[ 1530701ms] [LOG] [Fast Refresh] done in 784ms @ webpack-internal:///(app-pages-browser)/./node_modules/next/dist/next-devtools/shared/forward-logs-shared.js:44
[ 1530729ms] [LOG] [Fast Refresh] rebuilding @ webpack-internal:///(app-pages-browser)/./node_modules/next/dist/next-devtools/shared/forward-logs-shared.js:44
[ 1531830ms] [LOG] [Fast Refresh] done in 1101ms @ webpack-internal:///(app-pages-browser)/./node_modules/next/dist/next-devtools/shared/forward-logs-shared.js:44
[ 1531862ms] [LOG] [Fast Refresh] rebuilding @ webpack-internal:///(app-pages-browser)/./node_modules/next/dist/next-devtools/shared/forward-logs-shared.js:44
[ 1533233ms] [LOG] [Fast Refresh] done in 1371ms @ webpack-internal:///(app-pages-browser)/./node_modules/next/dist/next-devtools/shared/forward-logs-shared.js:44
[ 1533608ms] [LOG] [Fast Refresh] rebuilding @ webpack-internal:///(app-pages-browser)/./node_modules/next/dist/next-devtools/shared/forward-logs-shared.js:44
[ 1534800ms] [LOG] [Fast Refresh] done in 1193ms @ webpack-internal:///(app-pages-browser)/./node_modules/next/dist/next-devtools/shared/forward-logs-shared.js:44
[ 1534812ms] [LOG] [Fast Refresh] rebuilding @ webpack-internal:///(app-pages-browser)/./node_modules/next/dist/next-devtools/shared/forward-logs-shared.js:44
[ 1535562ms] [LOG] [Fast Refresh] done in 750ms @ webpack-internal:///(app-pages-browser)/./node_modules/next/dist/next-devtools/shared/forward-logs-shared.js:44
[ 1535573ms] [LOG] [Fast Refresh] rebuilding @ webpack-internal:///(app-pages-browser)/./node_modules/next/dist/next-devtools/shared/forward-logs-shared.js:44
[ 1536532ms] [LOG] [Fast Refresh] done in 960ms @ webpack-internal:///(app-pages-browser)/./node_modules/next/dist/next-devtools/shared/forward-logs-shared.js:44
[ 1536838ms] [LOG] [Fast Refresh] rebuilding @ webpack-internal:///(app-pages-browser)/./node_modules/next/dist/next-devtools/shared/forward-logs-shared.js:44
[ 1537712ms] [LOG] [Fast Refresh] done in 874ms @ webpack-internal:///(app-pages-browser)/./node_modules/next/dist/next-devtools/shared/forward-logs-shared.js:44
[ 1538010ms] [LOG] [Fast Refresh] rebuilding @ webpack-internal:///(app-pages-browser)/./node_modules/next/dist/next-devtools/shared/forward-logs-shared.js:44
[ 1538697ms] [LOG] [Fast Refresh] done in 688ms @ webpack-internal:///(app-pages-browser)/./node_modules/next/dist/next-devtools/shared/forward-logs-shared.js:44
[ 1538739ms] [LOG] [Fast Refresh] rebuilding @ webpack-internal:///(app-pages-browser)/./node_modules/next/dist/next-devtools/shared/forward-logs-shared.js:44
[ 1539672ms] [LOG] [Fast Refresh] done in 933ms @ webpack-internal:///(app-pages-browser)/./node_modules/next/dist/next-devtools/shared/forward-logs-shared.js:44
[ 1539684ms] [LOG] [Fast Refresh] rebuilding @ webpack-internal:///(app-pages-browser)/./node_modules/next/dist/next-devtools/shared/forward-logs-shared.js:44
[ 1540650ms] [LOG] [Fast Refresh] done in 965ms @ webpack-internal:///(app-pages-browser)/./node_modules/next/dist/next-devtools/shared/forward-logs-shared.js:44
[ 1540997ms] [LOG] [Fast Refresh] rebuilding @ webpack-internal:///(app-pages-browser)/./node_modules/next/dist/next-devtools/shared/forward-logs-shared.js:44
[ 1541836ms] [LOG] [Fast Refresh] done in 838ms @ webpack-internal:///(app-pages-browser)/./node_modules/next/dist/next-devtools/shared/forward-logs-shared.js:44
[ 1541867ms] [LOG] [Fast Refresh] rebuilding @ webpack-internal:///(app-pages-browser)/./node_modules/next/dist/next-devtools/shared/forward-logs-shared.js:44
[ 1543196ms] [LOG] [Fast Refresh] done in 1329ms @ webpack-internal:///(app-pages-browser)/./node_modules/next/dist/next-devtools/shared/forward-logs-shared.js:44
[ 1543707ms] [LOG] [Fast Refresh] rebuilding @ webpack-internal:///(app-pages-browser)/./node_modules/next/dist/next-devtools/shared/forward-logs-shared.js:44
[ 1544551ms] [LOG] [Fast Refresh] done in 843ms @ webpack-internal:///(app-pages-browser)/./node_modules/next/dist/next-devtools/shared/forward-logs-shared.js:44
[ 1544633ms] [LOG] [Fast Refresh] rebuilding @ webpack-internal:///(app-pages-browser)/./node_modules/next/dist/next-devtools/shared/forward-logs-shared.js:44
[ 1546018ms] [LOG] [Fast Refresh] done in 1385ms @ webpack-internal:///(app-pages-browser)/./node_modules/next/dist/next-devtools/shared/forward-logs-shared.js:44
[ 1546050ms] [LOG] [Fast Refresh] rebuilding @ webpack-internal:///(app-pages-browser)/./node_modules/next/dist/next-devtools/shared/forward-logs-shared.js:44
[ 1547585ms] [LOG] [Fast Refresh] done in 1534ms @ webpack-internal:///(app-pages-browser)/./node_modules/next/dist/next-devtools/shared/forward-logs-shared.js:44
[ 1548212ms] [LOG] [Fast Refresh] rebuilding @ webpack-internal:///(app-pages-browser)/./node_modules/next/dist/next-devtools/shared/forward-logs-shared.js:44
[ 1549249ms] [LOG] [Fast Refresh] done in 1037ms @ webpack-internal:///(app-pages-browser)/./node_modules/next/dist/next-devtools/shared/forward-logs-shared.js:44
[ 1549306ms] [LOG] [Fast Refresh] rebuilding @ webpack-internal:///(app-pages-browser)/./node_modules/next/dist/next-devtools/shared/forward-logs-shared.js:44
[ 1550344ms] [LOG] [Fast Refresh] done in 1039ms @ webpack-internal:///(app-pages-browser)/./node_modules/next/dist/next-devtools/shared/forward-logs-shared.js:44
[ 1550372ms] [LOG] [Fast Refresh] rebuilding @ webpack-internal:///(app-pages-browser)/./node_modules/next/dist/next-devtools/shared/forward-logs-shared.js:44
[ 1551509ms] [LOG] [Fast Refresh] done in 1136ms @ webpack-internal:///(app-pages-browser)/./node_modules/next/dist/next-devtools/shared/forward-logs-shared.js:44
[ 1551834ms] [LOG] [Fast Refresh] rebuilding @ webpack-internal:///(app-pages-browser)/./node_modules/next/dist/next-devtools/shared/forward-logs-shared.js:44
[ 1552683ms] [LOG] [Fast Refresh] done in 849ms @ webpack-internal:///(app-pages-browser)/./node_modules/next/dist/next-devtools/shared/forward-logs-shared.js:44
[ 1552737ms] [LOG] [Fast Refresh] rebuilding @ webpack-internal:///(app-pages-browser)/./node_modules/next/dist/next-devtools/shared/forward-logs-shared.js:44
[ 1553929ms] [LOG] [Fast Refresh] done in 1192ms @ webpack-internal:///(app-pages-browser)/./node_modules/next/dist/next-devtools/shared/forward-logs-shared.js:44
[ 1554235ms] [LOG] [Fast Refresh] rebuilding @ webpack-internal:///(app-pages-browser)/./node_modules/next/dist/next-devtools/shared/forward-logs-shared.js:44
[ 1555110ms] [LOG] [Fast Refresh] done in 874ms @ webpack-internal:///(app-pages-browser)/./node_modules/next/dist/next-devtools/shared/forward-logs-shared.js:44
[ 1555151ms] [LOG] [Fast Refresh] rebuilding @ webpack-internal:///(app-pages-browser)/./node_modules/next/dist/next-devtools/shared/forward-logs-shared.js:44
[ 1556118ms] [LOG] [Fast Refresh] done in 967ms @ webpack-internal:///(app-pages-browser)/./node_modules/next/dist/next-devtools/shared/forward-logs-shared.js:44
[ 1556136ms] [LOG] [Fast Refresh] rebuilding @ webpack-internal:///(app-pages-browser)/./node_modules/next/dist/next-devtools/shared/forward-logs-shared.js:44
[ 1557125ms] [LOG] [Fast Refresh] done in 990ms @ webpack-internal:///(app-pages-browser)/./node_modules/next/dist/next-devtools/shared/forward-logs-shared.js:44
[ 1558259ms] [LOG] [Fast Refresh] rebuilding @ webpack-internal:///(app-pages-browser)/./node_modules/next/dist/next-devtools/shared/forward-logs-shared.js:44
[ 1559155ms] [LOG] [Fast Refresh] done in 896ms @ webpack-internal:///(app-pages-browser)/./node_modules/next/dist/next-devtools/shared/forward-logs-shared.js:44
[ 1559195ms] [LOG] [Fast Refresh] rebuilding @ webpack-internal:///(app-pages-browser)/./node_modules/next/dist/next-devtools/shared/forward-logs-shared.js:44
[ 1560265ms] [LOG] [Fast Refresh] done in 1070ms @ webpack-internal:///(app-pages-browser)/./node_modules/next/dist/next-devtools/shared/forward-logs-shared.js:44
[ 1560316ms] [LOG] [Fast Refresh] rebuilding @ webpack-internal:///(app-pages-browser)/./node_modules/next/dist/next-devtools/shared/forward-logs-shared.js:44
[ 1561317ms] [LOG] [Fast Refresh] done in 1001ms @ webpack-internal:///(app-pages-browser)/./node_modules/next/dist/next-devtools/shared/forward-logs-shared.js:44
[ 1561675ms] [LOG] [Fast Refresh] rebuilding @ webpack-internal:///(app-pages-browser)/./node_modules/next/dist/next-devtools/shared/forward-logs-shared.js:44
[ 1562519ms] [LOG] [Fast Refresh] done in 843ms @ webpack-internal:///(app-pages-browser)/./node_modules/next/dist/next-devtools/shared/forward-logs-shared.js:44
[ 1562561ms] [LOG] [Fast Refresh] rebuilding @ webpack-internal:///(app-pages-browser)/./node_modules/next/dist/next-devtools/shared/forward-logs-shared.js:44
[ 1564446ms] [LOG] [Fast Refresh] done in 1885ms @ webpack-internal:///(app-pages-browser)/./node_modules/next/dist/next-devtools/shared/forward-logs-shared.js:44
[ 1564932ms] [LOG] [Fast Refresh] rebuilding @ webpack-internal:///(app-pages-browser)/./node_modules/next/dist/next-devtools/shared/forward-logs-shared.js:44
[ 1566476ms] [LOG] [Fast Refresh] done in 1544ms @ webpack-internal:///(app-pages-browser)/./node_modules/next/dist/next-devtools/shared/forward-logs-shared.js:44
[ 1566507ms] [LOG] [Fast Refresh] rebuilding @ webpack-internal:///(app-pages-browser)/./node_modules/next/dist/next-devtools/shared/forward-logs-shared.js:44
[ 1567219ms] [LOG] [Fast Refresh] done in 712ms @ webpack-internal:///(app-pages-browser)/./node_modules/next/dist/next-devtools/shared/forward-logs-shared.js:44
[ 1567546ms] [LOG] [Fast Refresh] rebuilding @ webpack-internal:///(app-pages-browser)/./node_modules/next/dist/next-devtools/shared/forward-logs-shared.js:44
[ 1568264ms] [LOG] [Fast Refresh] done in 717ms @ webpack-internal:///(app-pages-browser)/./node_modules/next/dist/next-devtools/shared/forward-logs-shared.js:44
[ 1568288ms] [LOG] [Fast Refresh] rebuilding @ webpack-internal:///(app-pages-browser)/./node_modules/next/dist/next-devtools/shared/forward-logs-shared.js:44
[ 1569222ms] [LOG] [Fast Refresh] done in 934ms @ webpack-internal:///(app-pages-browser)/./node_modules/next/dist/next-devtools/shared/forward-logs-shared.js:44
[ 1569244ms] [LOG] [Fast Refresh] rebuilding @ webpack-internal:///(app-pages-browser)/./node_modules/next/dist/next-devtools/shared/forward-logs-shared.js:44
[ 1570420ms] [LOG] [Fast Refresh] done in 1175ms @ webpack-internal:///(app-pages-browser)/./node_modules/next/dist/next-devtools/shared/forward-logs-shared.js:44
[ 1570460ms] [LOG] [Fast Refresh] rebuilding @ webpack-internal:///(app-pages-browser)/./node_modules/next/dist/next-devtools/shared/forward-logs-shared.js:44
[ 1571902ms] [LOG] [Fast Refresh] done in 1442ms @ webpack-internal:///(app-pages-browser)/./node_modules/next/dist/next-devtools/shared/forward-logs-shared.js:44
[ 1571934ms] [LOG] [Fast Refresh] rebuilding @ webpack-internal:///(app-pages-browser)/./node_modules/next/dist/next-devtools/shared/forward-logs-shared.js:44
[ 1573170ms] [LOG] [Fast Refresh] done in 1235ms @ webpack-internal:///(app-pages-browser)/./node_modules/next/dist/next-devtools/shared/forward-logs-shared.js:44
[ 1573493ms] [LOG] [Fast Refresh] rebuilding @ webpack-internal:///(app-pages-browser)/./node_modules/next/dist/next-devtools/shared/forward-logs-shared.js:44
[ 1574380ms] [LOG] [Fast Refresh] done in 886ms @ webpack-internal:///(app-pages-browser)/./node_modules/next/dist/next-devtools/shared/forward-logs-shared.js:44
[ 1574701ms] [LOG] [Fast Refresh] rebuilding @ webpack-internal:///(app-pages-browser)/./node_modules/next/dist/next-devtools/shared/forward-logs-shared.js:44
[ 1576199ms] [LOG] [Fast Refresh] done in 1498ms @ webpack-internal:///(app-pages-browser)/./node_modules/next/dist/next-devtools/shared/forward-logs-shared.js:44
[ 1576226ms] [LOG] [Fast Refresh] rebuilding @ webpack-internal:///(app-pages-browser)/./node_modules/next/dist/next-devtools/shared/forward-logs-shared.js:44
[ 1577359ms] [LOG] [Fast Refresh] done in 1134ms @ webpack-internal:///(app-pages-browser)/./node_modules/next/dist/next-devtools/shared/forward-logs-shared.js:44
[ 1577373ms] [LOG] [Fast Refresh] rebuilding @ webpack-internal:///(app-pages-browser)/./node_modules/next/dist/next-devtools/shared/forward-logs-shared.js:44
[ 1578719ms] [LOG] [Fast Refresh] done in 1344ms @ webpack-internal:///(app-pages-browser)/./node_modules/next/dist/next-devtools/shared/forward-logs-shared.js:44
[ 1579232ms] [LOG] [Fast Refresh] rebuilding @ webpack-internal:///(app-pages-browser)/./node_modules/next/dist/next-devtools/shared/forward-logs-shared.js:44
[ 1580208ms] [LOG] [Fast Refresh] done in 984ms @ webpack-internal:///(app-pages-browser)/./node_modules/next/dist/next-devtools/shared/forward-logs-shared.js:44
[ 1580226ms] [LOG] [Fast Refresh] rebuilding @ webpack-internal:///(app-pages-browser)/./node_modules/next/dist/next-devtools/shared/forward-logs-shared.js:44
[ 1581928ms] [LOG] [Fast Refresh] done in 1702ms @ webpack-internal:///(app-pages-browser)/./node_modules/next/dist/next-devtools/shared/forward-logs-shared.js:44
[ 1581950ms] [LOG] [Fast Refresh] rebuilding @ webpack-internal:///(app-pages-browser)/./node_modules/next/dist/next-devtools/shared/forward-logs-shared.js:44
[ 1582985ms] [LOG] [Fast Refresh] done in 1035ms @ webpack-internal:///(app-pages-browser)/./node_modules/next/dist/next-devtools/shared/forward-logs-shared.js:44
[ 1583032ms] [LOG] [Fast Refresh] rebuilding @ webpack-internal:///(app-pages-browser)/./node_modules/next/dist/next-devtools/shared/forward-logs-shared.js:44
[ 1584471ms] [LOG] [Fast Refresh] done in 1438ms @ webpack-internal:///(app-pages-browser)/./node_modules/next/dist/next-devtools/shared/forward-logs-shared.js:44
[ 1584489ms] [LOG] [Fast Refresh] rebuilding @ webpack-internal:///(app-pages-browser)/./node_modules/next/dist/next-devtools/shared/forward-logs-shared.js:44
[ 1585179ms] [LOG] [Fast Refresh] done in 689ms @ webpack-internal:///(app-pages-browser)/./node_modules/next/dist/next-devtools/shared/forward-logs-shared.js:44
[ 1585204ms] [LOG] [Fast Refresh] rebuilding @ webpack-internal:///(app-pages-browser)/./node_modules/next/dist/next-devtools/shared/forward-logs-shared.js:44
[ 1586081ms] [LOG] [Fast Refresh] done in 877ms @ webpack-internal:///(app-pages-browser)/./node_modules/next/dist/next-devtools/shared/forward-logs-shared.js:44
[ 1586106ms] [LOG] [Fast Refresh] rebuilding @ webpack-internal:///(app-pages-browser)/./node_modules/next/dist/next-devtools/shared/forward-logs-shared.js:44
[ 1587157ms] [LOG] [Fast Refresh] done in 1052ms @ webpack-internal:///(app-pages-browser)/./node_modules/next/dist/next-devtools/shared/forward-logs-shared.js:44
[ 1587201ms] [LOG] [Fast Refresh] rebuilding @ webpack-internal:///(app-pages-browser)/./node_modules/next/dist/next-devtools/shared/forward-logs-shared.js:44
[ 1588153ms] [LOG] [Fast Refresh] done in 952ms @ webpack-internal:///(app-pages-browser)/./node_modules/next/dist/next-devtools/shared/forward-logs-shared.js:44
[ 1588164ms] [LOG] [Fast Refresh] rebuilding @ webpack-internal:///(app-pages-browser)/./node_modules/next/dist/next-devtools/shared/forward-logs-shared.js:44
[ 1589250ms] [LOG] [Fast Refresh] done in 1085ms @ webpack-internal:///(app-pages-browser)/./node_modules/next/dist/next-devtools/shared/forward-logs-shared.js:44
[ 1589264ms] [LOG] [Fast Refresh] rebuilding @ webpack-internal:///(app-pages-browser)/./node_modules/next/dist/next-devtools/shared/forward-logs-shared.js:44
[ 1590772ms] [LOG] [Fast Refresh] done in 1509ms @ webpack-internal:///(app-pages-browser)/./node_modules/next/dist/next-devtools/shared/forward-logs-shared.js:44
[ 1590786ms] [LOG] [Fast Refresh] rebuilding @ webpack-internal:///(app-pages-browser)/./node_modules/next/dist/next-devtools/shared/forward-logs-shared.js:44
[ 1591813ms] [LOG] [Fast Refresh] done in 1027ms @ webpack-internal:///(app-pages-browser)/./node_modules/next/dist/next-devtools/shared/forward-logs-shared.js:44
[ 1591834ms] [LOG] [Fast Refresh] rebuilding @ webpack-internal:///(app-pages-browser)/./node_modules/next/dist/next-devtools/shared/forward-logs-shared.js:44
[ 1592559ms] [LOG] [Fast Refresh] done in 725ms @ webpack-internal:///(app-pages-browser)/./node_modules/next/dist/next-devtools/shared/forward-logs-shared.js:44
[ 1592572ms] [LOG] [Fast Refresh] rebuilding @ webpack-internal:///(app-pages-browser)/./node_modules/next/dist/next-devtools/shared/forward-logs-shared.js:44
[ 1594616ms] [LOG] [Fast Refresh] done in 2044ms @ webpack-internal:///(app-pages-browser)/./node_modules/next/dist/next-devtools/shared/forward-logs-shared.js:44
[ 1594640ms] [LOG] [Fast Refresh] rebuilding @ webpack-internal:///(app-pages-browser)/./node_modules/next/dist/next-devtools/shared/forward-logs-shared.js:44
[ 1595360ms] [LOG] [Fast Refresh] done in 719ms @ webpack-internal:///(app-pages-browser)/./node_modules/next/dist/next-devtools/shared/forward-logs-shared.js:44
[ 1595387ms] [LOG] [Fast Refresh] rebuilding @ webpack-internal:///(app-pages-browser)/./node_modules/next/dist/next-devtools/shared/forward-logs-shared.js:44
[ 1596279ms] [LOG] [Fast Refresh] done in 892ms @ webpack-internal:///(app-pages-browser)/./node_modules/next/dist/next-devtools/shared/forward-logs-shared.js:44
[ 1596292ms] [LOG] [Fast Refresh] rebuilding @ webpack-internal:///(app-pages-browser)/./node_modules/next/dist/next-devtools/shared/forward-logs-shared.js:44
[ 1597370ms] [LOG] [Fast Refresh] done in 1077ms @ webpack-internal:///(app-pages-browser)/./node_modules/next/dist/next-devtools/shared/forward-logs-shared.js:44
[ 1597685ms] [LOG] [Fast Refresh] rebuilding @ webpack-internal:///(app-pages-browser)/./node_modules/next/dist/next-devtools/shared/forward-logs-shared.js:44
[ 1598302ms] [LOG] [Fast Refresh] done in 616ms @ webpack-internal:///(app-pages-browser)/./node_modules/next/dist/next-devtools/shared/forward-logs-shared.js:44
[ 1598344ms] [LOG] [Fast Refresh] rebuilding @ webpack-internal:///(app-pages-browser)/./node_modules/next/dist/next-devtools/shared/forward-logs-shared.js:44
[ 1599237ms] [LOG] [Fast Refresh] done in 894ms @ webpack-internal:///(app-pages-browser)/./node_modules/next/dist/next-devtools/shared/forward-logs-shared.js:44
[ 1599582ms] [LOG] [Fast Refresh] rebuilding @ webpack-internal:///(app-pages-browser)/./node_modules/next/dist/next-devtools/shared/forward-logs-shared.js:44
[ 1600355ms] [LOG] [Fast Refresh] done in 773ms @ webpack-internal:///(app-pages-browser)/./node_modules/next/dist/next-devtools/shared/forward-logs-shared.js:44
[ 1600366ms] [LOG] [Fast Refresh] rebuilding @ webpack-internal:///(app-pages-browser)/./node_modules/next/dist/next-devtools/shared/forward-logs-shared.js:44
[ 1601593ms] [LOG] [Fast Refresh] done in 1227ms @ webpack-internal:///(app-pages-browser)/./node_modules/next/dist/next-devtools/shared/forward-logs-shared.js:44
[ 1602076ms] [LOG] [Fast Refresh] rebuilding @ webpack-internal:///(app-pages-browser)/./node_modules/next/dist/next-devtools/shared/forward-logs-shared.js:44
[ 1603102ms] [LOG] [Fast Refresh] done in 1024ms @ webpack-internal:///(app-pages-browser)/./node_modules/next/dist/next-devtools/shared/forward-logs-shared.js:44
[ 1603172ms] [LOG] [Fast Refresh] rebuilding @ webpack-internal:///(app-pages-browser)/./node_modules/next/dist/next-devtools/shared/forward-logs-shared.js:44
[ 1604745ms] [LOG] [Fast Refresh] done in 1573ms @ webpack-internal:///(app-pages-browser)/./node_modules/next/dist/next-devtools/shared/forward-logs-shared.js:44
[ 1606686ms] [LOG] [Fast Refresh] rebuilding @ webpack-internal:///(app-pages-browser)/./node_modules/next/dist/next-devtools/shared/forward-logs-shared.js:44
[ 1609443ms] [LOG] [Fast Refresh] done in 2756ms @ webpack-internal:///(app-pages-browser)/./node_modules/next/dist/next-devtools/shared/forward-logs-shared.js:44
[ 1610144ms] [LOG] [Fast Refresh] rebuilding @ webpack-internal:///(app-pages-browser)/./node_modules/next/dist/next-devtools/shared/forward-logs-shared.js:44
[ 1614778ms] [LOG] [Fast Refresh] done in 4634ms @ webpack-internal:///(app-pages-browser)/./node_modules/next/dist/next-devtools/shared/forward-logs-shared.js:44
[ 1614784ms] [WARNING] The resource http://localhost:3000/_next/static/css/app/layout.css?v=1786516891046 was preloaded using link preload but not used within a few seconds from the window's load event. Please make sure it has an appropriate `as` value and it is preloaded intentionally. @ http://localhost:3000/sales-executive/u4:0
[ 1614785ms] [WARNING] The resource http://localhost:3000/_next/static/css/app/layout.css?v=1786516182671 was preloaded using link preload but not used within a few seconds from the window's load event. Please make sure it has an appropriate `as` value and it is preloaded intentionally. @ http://localhost:3000/sales-executive/u4:0
[ 1614786ms] [WARNING] The resource http://localhost:3000/_next/static/css/app/layout.css?v=1786515891904 was preloaded using link preload but not used within a few seconds from the window's load event. Please make sure it has an appropriate `as` value and it is preloaded intentionally. @ http://localhost:3000/sales-executive/u4:0
[ 1614786ms] [WARNING] The resource http://localhost:3000/_next/static/css/app/layout.css?v=1786516180392 was preloaded using link preload but not used within a few seconds from the window's load event. Please make sure it has an appropriate `as` value and it is preloaded intentionally. @ http://localhost:3000/sales-executive/u4:0
[ 1614842ms] [LOG] [Fast Refresh] rebuilding @ webpack-internal:///(app-pages-browser)/./node_modules/next/dist/next-devtools/shared/forward-logs-shared.js:44
[ 1615497ms] [LOG] [Fast Refresh] done in 656ms @ webpack-internal:///(app-pages-browser)/./node_modules/next/dist/next-devtools/shared/forward-logs-shared.js:44
[ 1615949ms] [LOG] [Fast Refresh] rebuilding @ webpack-internal:///(app-pages-browser)/./node_modules/next/dist/next-devtools/shared/forward-logs-shared.js:44
[ 1616281ms] [LOG] [Fast Refresh] done in 331ms @ webpack-internal:///(app-pages-browser)/./node_modules/next/dist/next-devtools/shared/forward-logs-shared.js:44
[ 1617178ms] [LOG] [Fast Refresh] rebuilding @ webpack-internal:///(app-pages-browser)/./node_modules/next/dist/next-devtools/shared/forward-logs-shared.js:44
[ 1617472ms] [LOG] [Fast Refresh] done in 293ms @ webpack-internal:///(app-pages-browser)/./node_modules/next/dist/next-devtools/shared/forward-logs-shared.js:44
[ 1618309ms] [LOG] [Fast Refresh] rebuilding @ webpack-internal:///(app-pages-browser)/./node_modules/next/dist/next-devtools/shared/forward-logs-shared.js:44
[ 1618698ms] [LOG] [Fast Refresh] done in 388ms @ webpack-internal:///(app-pages-browser)/./node_modules/next/dist/next-devtools/shared/forward-logs-shared.js:44
[ 1619534ms] [LOG] [Fast Refresh] rebuilding @ webpack-internal:///(app-pages-browser)/./node_modules/next/dist/next-devtools/shared/forward-logs-shared.js:44
[ 1619810ms] [LOG] [Fast Refresh] done in 276ms @ webpack-internal:///(app-pages-browser)/./node_modules/next/dist/next-devtools/shared/forward-logs-shared.js:44
[ 1620784ms] [LOG] [Fast Refresh] rebuilding @ webpack-internal:///(app-pages-browser)/./node_modules/next/dist/next-devtools/shared/forward-logs-shared.js:44
[ 1621137ms] [LOG] [Fast Refresh] done in 352ms @ webpack-internal:///(app-pages-browser)/./node_modules/next/dist/next-devtools/shared/forward-logs-shared.js:44
[ 1622034ms] [LOG] [Fast Refresh] rebuilding @ webpack-internal:///(app-pages-browser)/./node_modules/next/dist/next-devtools/shared/forward-logs-shared.js:44
[ 1622305ms] [LOG] [Fast Refresh] done in 272ms @ webpack-internal:///(app-pages-browser)/./node_modules/next/dist/next-devtools/shared/forward-logs-shared.js:44
[ 1623315ms] [LOG] [Fast Refresh] rebuilding @ webpack-internal:///(app-pages-browser)/./node_modules/next/dist/next-devtools/shared/forward-logs-shared.js:44
[ 1623951ms] [LOG] [Fast Refresh] done in 637ms @ webpack-internal:///(app-pages-browser)/./node_modules/next/dist/next-devtools/shared/forward-logs-shared.js:44
[ 1624764ms] [LOG] [Fast Refresh] rebuilding @ webpack-internal:///(app-pages-browser)/./node_modules/next/dist/next-devtools/shared/forward-logs-shared.js:44
[ 1625075ms] [LOG] [Fast Refresh] done in 311ms @ webpack-internal:///(app-pages-browser)/./node_modules/next/dist/next-devtools/shared/forward-logs-shared.js:44
[ 1625878ms] [LOG] [Fast Refresh] rebuilding @ webpack-internal:///(app-pages-browser)/./node_modules/next/dist/next-devtools/shared/forward-logs-shared.js:44
[ 1626091ms] [LOG] [Fast Refresh] done in 214ms @ webpack-internal:///(app-pages-browser)/./node_modules/next/dist/next-devtools/shared/forward-logs-shared.js:44
[ 1626911ms] [LOG] [Fast Refresh] rebuilding @ webpack-internal:///(app-pages-browser)/./node_modules/next/dist/next-devtools/shared/forward-logs-shared.js:44
[ 1627244ms] [LOG] [Fast Refresh] done in 333ms @ webpack-internal:///(app-pages-browser)/./node_modules/next/dist/next-devtools/shared/forward-logs-shared.js:44
[ 1628108ms] [LOG] [Fast Refresh] rebuilding @ webpack-internal:///(app-pages-browser)/./node_modules/next/dist/next-devtools/shared/forward-logs-shared.js:44
[ 1628433ms] [LOG] [Fast Refresh] done in 325ms @ webpack-internal:///(app-pages-browser)/./node_modules/next/dist/next-devtools/shared/forward-logs-shared.js:44
[ 1629220ms] [LOG] [Fast Refresh] rebuilding @ webpack-internal:///(app-pages-browser)/./node_modules/next/dist/next-devtools/shared/forward-logs-shared.js:44
[ 1629425ms] [LOG] [Fast Refresh] done in 205ms @ webpack-internal:///(app-pages-browser)/./node_modules/next/dist/next-devtools/shared/forward-logs-shared.js:44
[ 1630388ms] [LOG] [Fast Refresh] rebuilding @ webpack-internal:///(app-pages-browser)/./node_modules/next/dist/next-devtools/shared/forward-logs-shared.js:44
[ 1631215ms] [LOG] [Fast Refresh] done in 827ms @ webpack-internal:///(app-pages-browser)/./node_modules/next/dist/next-devtools/shared/forward-logs-shared.js:44
[ 1631660ms] [LOG] [Fast Refresh] rebuilding @ webpack-internal:///(app-pages-browser)/./node_modules/next/dist/next-devtools/shared/forward-logs-shared.js:44
[ 1632002ms] [LOG] [Fast Refresh] done in 341ms @ webpack-internal:///(app-pages-browser)/./node_modules/next/dist/next-devtools/shared/forward-logs-shared.js:44
[ 1632872ms] [LOG] [Fast Refresh] rebuilding @ webpack-internal:///(app-pages-browser)/./node_modules/next/dist/next-devtools/shared/forward-logs-shared.js:44
[ 1633170ms] [LOG] [Fast Refresh] done in 298ms @ webpack-internal:///(app-pages-browser)/./node_modules/next/dist/next-devtools/shared/forward-logs-shared.js:44
[ 1634048ms] [LOG] [Fast Refresh] rebuilding @ webpack-internal:///(app-pages-browser)/./node_modules/next/dist/next-devtools/shared/forward-logs-shared.js:44
[ 1634324ms] [LOG] [Fast Refresh] done in 277ms @ webpack-internal:///(app-pages-browser)/./node_modules/next/dist/next-devtools/shared/forward-logs-shared.js:44
[ 1635024ms] [LOG] [Fast Refresh] rebuilding @ webpack-internal:///(app-pages-browser)/./node_modules/next/dist/next-devtools/shared/forward-logs-shared.js:44
[ 1635264ms] [LOG] [Fast Refresh] done in 240ms @ webpack-internal:///(app-pages-browser)/./node_modules/next/dist/next-devtools/shared/forward-logs-shared.js:44
[ 1635944ms] [LOG] [Fast Refresh] rebuilding @ webpack-internal:///(app-pages-browser)/./node_modules/next/dist/next-devtools/shared/forward-logs-shared.js:44
[ 1636268ms] [LOG] [Fast Refresh] done in 324ms @ webpack-internal:///(app-pages-browser)/./node_modules/next/dist/next-devtools/shared/forward-logs-shared.js:44
[ 1636939ms] [LOG] [Fast Refresh] rebuilding @ webpack-internal:///(app-pages-browser)/./node_modules/next/dist/next-devtools/shared/forward-logs-shared.js:44
[ 1637142ms] [LOG] [Fast Refresh] done in 203ms @ webpack-internal:///(app-pages-browser)/./node_modules/next/dist/next-devtools/shared/forward-logs-shared.js:44
[ 1637920ms] [LOG] [Fast Refresh] rebuilding @ webpack-internal:///(app-pages-browser)/./node_modules/next/dist/next-devtools/shared/forward-logs-shared.js:44
[ 1638628ms] [LOG] [Fast Refresh] done in 708ms @ webpack-internal:///(app-pages-browser)/./node_modules/next/dist/next-devtools/shared/forward-logs-shared.js:44
[ 1639677ms] [LOG] [Fast Refresh] rebuilding @ webpack-internal:///(app-pages-browser)/./node_modules/next/dist/next-devtools/shared/forward-logs-shared.js:44
[ 1640065ms] [LOG] [Fast Refresh] done in 388ms @ webpack-internal:///(app-pages-browser)/./node_modules/next/dist/next-devtools/shared/forward-logs-shared.js:44
[ 1640804ms] [LOG] [Fast Refresh] rebuilding @ webpack-internal:///(app-pages-browser)/./node_modules/next/dist/next-devtools/shared/forward-logs-shared.js:44
[ 1641328ms] [LOG] [Fast Refresh] done in 524ms @ webpack-internal:///(app-pages-browser)/./node_modules/next/dist/next-devtools/shared/forward-logs-shared.js:44
[ 1643173ms] [LOG] [Fast Refresh] rebuilding @ webpack-internal:///(app-pages-browser)/./node_modules/next/dist/next-devtools/shared/forward-logs-shared.js:44
[ 1643415ms] [LOG] [Fast Refresh] done in 242ms @ webpack-internal:///(app-pages-browser)/./node_modules/next/dist/next-devtools/shared/forward-logs-shared.js:44
[ 1644242ms] [LOG] [Fast Refresh] rebuilding @ webpack-internal:///(app-pages-browser)/./node_modules/next/dist/next-devtools/shared/forward-logs-shared.js:44
[ 1644489ms] [LOG] [Fast Refresh] done in 246ms @ webpack-internal:///(app-pages-browser)/./node_modules/next/dist/next-devtools/shared/forward-logs-shared.js:44
[ 1645319ms] [LOG] [Fast Refresh] rebuilding @ webpack-internal:///(app-pages-browser)/./node_modules/next/dist/next-devtools/shared/forward-logs-shared.js:44
[ 1645595ms] [LOG] [Fast Refresh] done in 276ms @ webpack-internal:///(app-pages-browser)/./node_modules/next/dist/next-devtools/shared/forward-logs-shared.js:44
[ 1646405ms] [LOG] [Fast Refresh] rebuilding @ webpack-internal:///(app-pages-browser)/./node_modules/next/dist/next-devtools/shared/forward-logs-shared.js:44
[ 1646683ms] [LOG] [Fast Refresh] done in 277ms @ webpack-internal:///(app-pages-browser)/./node_modules/next/dist/next-devtools/shared/forward-logs-shared.js:44
[ 1647330ms] [LOG] [Fast Refresh] rebuilding @ webpack-internal:///(app-pages-browser)/./node_modules/next/dist/next-devtools/shared/forward-logs-shared.js:44
[ 1647544ms] [LOG] [Fast Refresh] done in 213ms @ webpack-internal:///(app-pages-browser)/./node_modules/next/dist/next-devtools/shared/forward-logs-shared.js:44
[ 1648308ms] [LOG] [Fast Refresh] rebuilding @ webpack-internal:///(app-pages-browser)/./node_modules/next/dist/next-devtools/shared/forward-logs-shared.js:44
[ 1648586ms] [LOG] [Fast Refresh] done in 279ms @ webpack-internal:///(app-pages-browser)/./node_modules/next/dist/next-devtools/shared/forward-logs-shared.js:44
[ 1649303ms] [LOG] [Fast Refresh] rebuilding @ webpack-internal:///(app-pages-browser)/./node_modules/next/dist/next-devtools/shared/forward-logs-shared.js:44
[ 1649515ms] [LOG] [Fast Refresh] done in 211ms @ webpack-internal:///(app-pages-browser)/./node_modules/next/dist/next-devtools/shared/forward-logs-shared.js:44
[ 1650338ms] [LOG] [Fast Refresh] rebuilding @ webpack-internal:///(app-pages-browser)/./node_modules/next/dist/next-devtools/shared/forward-logs-shared.js:44
[ 1650686ms] [LOG] [Fast Refresh] done in 348ms @ webpack-internal:///(app-pages-browser)/./node_modules/next/dist/next-devtools/shared/forward-logs-shared.js:44
[ 1651360ms] [LOG] [Fast Refresh] rebuilding @ webpack-internal:///(app-pages-browser)/./node_modules/next/dist/next-devtools/shared/forward-logs-shared.js:44
[ 1651581ms] [LOG] [Fast Refresh] done in 222ms @ webpack-internal:///(app-pages-browser)/./node_modules/next/dist/next-devtools/shared/forward-logs-shared.js:44
[ 1652400ms] [LOG] [Fast Refresh] rebuilding @ webpack-internal:///(app-pages-browser)/./node_modules/next/dist/next-devtools/shared/forward-logs-shared.js:44
[ 1652696ms] [LOG] [Fast Refresh] done in 295ms @ webpack-internal:///(app-pages-browser)/./node_modules/next/dist/next-devtools/shared/forward-logs-shared.js:44
[ 1653775ms] [LOG] [Fast Refresh] rebuilding @ webpack-internal:///(app-pages-browser)/./node_modules/next/dist/next-devtools/shared/forward-logs-shared.js:44
[ 1654038ms] [LOG] [Fast Refresh] done in 264ms @ webpack-internal:///(app-pages-browser)/./node_modules/next/dist/next-devtools/shared/forward-logs-shared.js:44
[ 1655162ms] [LOG] [Fast Refresh] rebuilding @ webpack-internal:///(app-pages-browser)/./node_modules/next/dist/next-devtools/shared/forward-logs-shared.js:44
[ 1655811ms] [LOG] [Fast Refresh] done in 648ms @ webpack-internal:///(app-pages-browser)/./node_modules/next/dist/next-devtools/shared/forward-logs-shared.js:44
[ 1656237ms] [LOG] [Fast Refresh] rebuilding @ webpack-internal:///(app-pages-browser)/./node_modules/next/dist/next-devtools/shared/forward-logs-shared.js:44
[ 1656458ms] [LOG] [Fast Refresh] done in 220ms @ webpack-internal:///(app-pages-browser)/./node_modules/next/dist/next-devtools/shared/forward-logs-shared.js:44
[ 1657188ms] [LOG] [Fast Refresh] rebuilding @ webpack-internal:///(app-pages-browser)/./node_modules/next/dist/next-devtools/shared/forward-logs-shared.js:44
[ 1657499ms] [LOG] [Fast Refresh] done in 312ms @ webpack-internal:///(app-pages-browser)/./node_modules/next/dist/next-devtools/shared/forward-logs-shared.js:44
[ 1658240ms] [LOG] [Fast Refresh] rebuilding @ webpack-internal:///(app-pages-browser)/./node_modules/next/dist/next-devtools/shared/forward-logs-shared.js:44
[ 1658847ms] [LOG] [Fast Refresh] done in 608ms @ webpack-internal:///(app-pages-browser)/./node_modules/next/dist/next-devtools/shared/forward-logs-shared.js:44
[ 1659282ms] [LOG] [Fast Refresh] rebuilding @ webpack-internal:///(app-pages-browser)/./node_modules/next/dist/next-devtools/shared/forward-logs-shared.js:44
[ 1659605ms] [LOG] [Fast Refresh] done in 323ms @ webpack-internal:///(app-pages-browser)/./node_modules/next/dist/next-devtools/shared/forward-logs-shared.js:44
[ 1660230ms] [LOG] [Fast Refresh] rebuilding @ webpack-internal:///(app-pages-browser)/./node_modules/next/dist/next-devtools/shared/forward-logs-shared.js:44
[ 1660431ms] [LOG] [Fast Refresh] done in 201ms @ webpack-internal:///(app-pages-browser)/./node_modules/next/dist/next-devtools/shared/forward-logs-shared.js:44
[ 1661132ms] [LOG] [Fast Refresh] rebuilding @ webpack-internal:///(app-pages-browser)/./node_modules/next/dist/next-devtools/shared/forward-logs-shared.js:44
[ 1661409ms] [LOG] [Fast Refresh] done in 277ms @ webpack-internal:///(app-pages-browser)/./node_modules/next/dist/next-devtools/shared/forward-logs-shared.js:44
[ 1662123ms] [LOG] [Fast Refresh] rebuilding @ webpack-internal:///(app-pages-browser)/./node_modules/next/dist/next-devtools/shared/forward-logs-shared.js:44
[ 1662382ms] [LOG] [Fast Refresh] done in 259ms @ webpack-internal:///(app-pages-browser)/./node_modules/next/dist/next-devtools/shared/forward-logs-shared.js:44
[ 1663157ms] [LOG] [Fast Refresh] rebuilding @ webpack-internal:///(app-pages-browser)/./node_modules/next/dist/next-devtools/shared/forward-logs-shared.js:44
[ 1663467ms] [LOG] [Fast Refresh] done in 311ms @ webpack-internal:///(app-pages-browser)/./node_modules/next/dist/next-devtools/shared/forward-logs-shared.js:44
[ 1664183ms] [LOG] [Fast Refresh] rebuilding @ webpack-internal:///(app-pages-browser)/./node_modules/next/dist/next-devtools/shared/forward-logs-shared.js:44
[ 1664485ms] [LOG] [Fast Refresh] done in 302ms @ webpack-internal:///(app-pages-browser)/./node_modules/next/dist/next-devtools/shared/forward-logs-shared.js:44
[ 1665195ms] [LOG] [Fast Refresh] rebuilding @ webpack-internal:///(app-pages-browser)/./node_modules/next/dist/next-devtools/shared/forward-logs-shared.js:44
[ 1665434ms] [LOG] [Fast Refresh] done in 238ms @ webpack-internal:///(app-pages-browser)/./node_modules/next/dist/next-devtools/shared/forward-logs-shared.js:44
[ 1666225ms] [LOG] [Fast Refresh] rebuilding @ webpack-internal:///(app-pages-browser)/./node_modules/next/dist/next-devtools/shared/forward-logs-shared.js:44
[ 1666846ms] [LOG] [Fast Refresh] done in 622ms @ webpack-internal:///(app-pages-browser)/./node_modules/next/dist/next-devtools/shared/forward-logs-shared.js:44
[ 1667194ms] [LOG] [Fast Refresh] rebuilding @ webpack-internal:///(app-pages-browser)/./node_modules/next/dist/next-devtools/shared/forward-logs-shared.js:44
[ 1667465ms] [LOG] [Fast Refresh] done in 272ms @ webpack-internal:///(app-pages-browser)/./node_modules/next/dist/next-devtools/shared/forward-logs-shared.js:44
[ 1669052ms] [LOG] [Fast Refresh] rebuilding @ webpack-internal:///(app-pages-browser)/./node_modules/next/dist/next-devtools/shared/forward-logs-shared.js:44
[ 1670821ms] [LOG] [Fast Refresh] done in 1769ms @ webpack-internal:///(app-pages-browser)/./node_modules/next/dist/next-devtools/shared/forward-logs-shared.js:44
[ 1672493ms] [LOG] [Fast Refresh] rebuilding @ webpack-internal:///(app-pages-browser)/./node_modules/next/dist/next-devtools/shared/forward-logs-shared.js:44
[ 1672893ms] [LOG] [Fast Refresh] done in 400ms @ webpack-internal:///(app-pages-browser)/./node_modules/next/dist/next-devtools/shared/forward-logs-shared.js:44
[ 1673913ms] [LOG] [Fast Refresh] rebuilding @ webpack-internal:///(app-pages-browser)/./node_modules/next/dist/next-devtools/shared/forward-logs-shared.js:44
[ 1674285ms] [LOG] [Fast Refresh] done in 372ms @ webpack-internal:///(app-pages-browser)/./node_modules/next/dist/next-devtools/shared/forward-logs-shared.js:44
[ 1675122ms] [LOG] [Fast Refresh] rebuilding @ webpack-internal:///(app-pages-browser)/./node_modules/next/dist/next-devtools/shared/forward-logs-shared.js:44
[ 1675484ms] [LOG] [Fast Refresh] done in 363ms @ webpack-internal:///(app-pages-browser)/./node_modules/next/dist/next-devtools/shared/forward-logs-shared.js:44
[ 1676386ms] [LOG] [Fast Refresh] rebuilding @ webpack-internal:///(app-pages-browser)/./node_modules/next/dist/next-devtools/shared/forward-logs-shared.js:44
[ 1676730ms] [LOG] [Fast Refresh] done in 344ms @ webpack-internal:///(app-pages-browser)/./node_modules/next/dist/next-devtools/shared/forward-logs-shared.js:44
[ 1677630ms] [LOG] [Fast Refresh] rebuilding @ webpack-internal:///(app-pages-browser)/./node_modules/next/dist/next-devtools/shared/forward-logs-shared.js:44
[ 1677936ms] [LOG] [Fast Refresh] done in 305ms @ webpack-internal:///(app-pages-browser)/./node_modules/next/dist/next-devtools/shared/forward-logs-shared.js:44
[ 1678736ms] [LOG] [Fast Refresh] rebuilding @ webpack-internal:///(app-pages-browser)/./node_modules/next/dist/next-devtools/shared/forward-logs-shared.js:44
[ 1679056ms] [LOG] [Fast Refresh] done in 321ms @ webpack-internal:///(app-pages-browser)/./node_modules/next/dist/next-devtools/shared/forward-logs-shared.js:44
[ 1679816ms] [LOG] [Fast Refresh] rebuilding @ webpack-internal:///(app-pages-browser)/./node_modules/next/dist/next-devtools/shared/forward-logs-shared.js:44
[ 1680176ms] [LOG] [Fast Refresh] done in 361ms @ webpack-internal:///(app-pages-browser)/./node_modules/next/dist/next-devtools/shared/forward-logs-shared.js:44
[ 1681013ms] [LOG] [Fast Refresh] rebuilding @ webpack-internal:///(app-pages-browser)/./node_modules/next/dist/next-devtools/shared/forward-logs-shared.js:44
[ 1681785ms] [LOG] [Fast Refresh] done in 772ms @ webpack-internal:///(app-pages-browser)/./node_modules/next/dist/next-devtools/shared/forward-logs-shared.js:44
[ 1682297ms] [LOG] [Fast Refresh] rebuilding @ webpack-internal:///(app-pages-browser)/./node_modules/next/dist/next-devtools/shared/forward-logs-shared.js:44
[ 1682607ms] [LOG] [Fast Refresh] done in 310ms @ webpack-internal:///(app-pages-browser)/./node_modules/next/dist/next-devtools/shared/forward-logs-shared.js:44
[ 1683725ms] [LOG] [Fast Refresh] rebuilding @ webpack-internal:///(app-pages-browser)/./node_modules/next/dist/next-devtools/shared/forward-logs-shared.js:44
[ 1684670ms] [LOG] [Fast Refresh] done in 946ms @ webpack-internal:///(app-pages-browser)/./node_modules/next/dist/next-devtools/shared/forward-logs-shared.js:44
[ 1685089ms] [LOG] [Fast Refresh] rebuilding @ webpack-internal:///(app-pages-browser)/./node_modules/next/dist/next-devtools/shared/forward-logs-shared.js:44
[ 1685312ms] [LOG] [Fast Refresh] done in 222ms @ webpack-internal:///(app-pages-browser)/./node_modules/next/dist/next-devtools/shared/forward-logs-shared.js:44
[ 1686175ms] [LOG] [Fast Refresh] rebuilding @ webpack-internal:///(app-pages-browser)/./node_modules/next/dist/next-devtools/shared/forward-logs-shared.js:44
[ 1686485ms] [LOG] [Fast Refresh] done in 313ms @ webpack-internal:///(app-pages-browser)/./node_modules/next/dist/next-devtools/shared/forward-logs-shared.js:44
[ 1687312ms] [LOG] [Fast Refresh] rebuilding @ webpack-internal:///(app-pages-browser)/./node_modules/next/dist/next-devtools/shared/forward-logs-shared.js:44
[ 1687637ms] [LOG] [Fast Refresh] done in 325ms @ webpack-internal:///(app-pages-browser)/./node_modules/next/dist/next-devtools/shared/forward-logs-shared.js:44
[ 1688439ms] [LOG] [Fast Refresh] rebuilding @ webpack-internal:///(app-pages-browser)/./node_modules/next/dist/next-devtools/shared/forward-logs-shared.js:44
[ 1688675ms] [LOG] [Fast Refresh] done in 237ms @ webpack-internal:///(app-pages-browser)/./node_modules/next/dist/next-devtools/shared/forward-logs-shared.js:44
[ 1689628ms] [LOG] [Fast Refresh] rebuilding @ webpack-internal:///(app-pages-browser)/./node_modules/next/dist/next-devtools/shared/forward-logs-shared.js:44
[ 1689943ms] [LOG] [Fast Refresh] done in 316ms @ webpack-internal:///(app-pages-browser)/./node_modules/next/dist/next-devtools/shared/forward-logs-shared.js:44
[ 1691008ms] [LOG] [Fast Refresh] rebuilding @ webpack-internal:///(app-pages-browser)/./node_modules/next/dist/next-devtools/shared/forward-logs-shared.js:44
[ 1691437ms] [LOG] [Fast Refresh] done in 429ms @ webpack-internal:///(app-pages-browser)/./node_modules/next/dist/next-devtools/shared/forward-logs-shared.js:44
[ 1692292ms] [LOG] [Fast Refresh] rebuilding @ webpack-internal:///(app-pages-browser)/./node_modules/next/dist/next-devtools/shared/forward-logs-shared.js:44
[ 1692667ms] [LOG] [Fast Refresh] done in 375ms @ webpack-internal:///(app-pages-browser)/./node_modules/next/dist/next-devtools/shared/forward-logs-shared.js:44
[ 1693449ms] [LOG] [Fast Refresh] rebuilding @ webpack-internal:///(app-pages-browser)/./node_modules/next/dist/next-devtools/shared/forward-logs-shared.js:44
[ 1693744ms] [LOG] [Fast Refresh] done in 294ms @ webpack-internal:///(app-pages-browser)/./node_modules/next/dist/next-devtools/shared/forward-logs-shared.js:44
[ 1694523ms] [LOG] [Fast Refresh] rebuilding @ webpack-internal:///(app-pages-browser)/./node_modules/next/dist/next-devtools/shared/forward-logs-shared.js:44
[ 1694753ms] [LOG] [Fast Refresh] done in 229ms @ webpack-internal:///(app-pages-browser)/./node_modules/next/dist/next-devtools/shared/forward-logs-shared.js:44
[ 1695480ms] [LOG] [Fast Refresh] rebuilding @ webpack-internal:///(app-pages-browser)/./node_modules/next/dist/next-devtools/shared/forward-logs-shared.js:44
[ 1695783ms] [LOG] [Fast Refresh] done in 304ms @ webpack-internal:///(app-pages-browser)/./node_modules/next/dist/next-devtools/shared/forward-logs-shared.js:44
[ 1696386ms] [LOG] [Fast Refresh] rebuilding @ webpack-internal:///(app-pages-browser)/./node_modules/next/dist/next-devtools/shared/forward-logs-shared.js:44
[ 1696629ms] [LOG] [Fast Refresh] done in 243ms @ webpack-internal:///(app-pages-browser)/./node_modules/next/dist/next-devtools/shared/forward-logs-shared.js:44
[ 1697370ms] [LOG] [Fast Refresh] rebuilding @ webpack-internal:///(app-pages-browser)/./node_modules/next/dist/next-devtools/shared/forward-logs-shared.js:44
[ 1697626ms] [LOG] [Fast Refresh] done in 257ms @ webpack-internal:///(app-pages-browser)/./node_modules/next/dist/next-devtools/shared/forward-logs-shared.js:44
[ 1698607ms] [LOG] [Fast Refresh] rebuilding @ webpack-internal:///(app-pages-browser)/./node_modules/next/dist/next-devtools/shared/forward-logs-shared.js:44
[ 1699578ms] [LOG] [Fast Refresh] done in 972ms @ webpack-internal:///(app-pages-browser)/./node_modules/next/dist/next-devtools/shared/forward-logs-shared.js:44
[ 1700015ms] [LOG] [Fast Refresh] rebuilding @ webpack-internal:///(app-pages-browser)/./node_modules/next/dist/next-devtools/shared/forward-logs-shared.js:44
[ 1700324ms] [LOG] [Fast Refresh] done in 308ms @ webpack-internal:///(app-pages-browser)/./node_modules/next/dist/next-devtools/shared/forward-logs-shared.js:44
[ 1701101ms] [LOG] [Fast Refresh] rebuilding @ webpack-internal:///(app-pages-browser)/./node_modules/next/dist/next-devtools/shared/forward-logs-shared.js:44
[ 1701362ms] [LOG] [Fast Refresh] done in 261ms @ webpack-internal:///(app-pages-browser)/./node_modules/next/dist/next-devtools/shared/forward-logs-shared.js:44
[ 1703235ms] [LOG] [Fast Refresh] rebuilding @ webpack-internal:///(app-pages-browser)/./node_modules/next/dist/next-devtools/shared/forward-logs-shared.js:44
[ 1703494ms] [LOG] [Fast Refresh] done in 259ms @ webpack-internal:///(app-pages-browser)/./node_modules/next/dist/next-devtools/shared/forward-logs-shared.js:44
[ 1704330ms] [LOG] [Fast Refresh] rebuilding @ webpack-internal:///(app-pages-browser)/./node_modules/next/dist/next-devtools/shared/forward-logs-shared.js:44
[ 1704661ms] [LOG] [Fast Refresh] done in 332ms @ webpack-internal:///(app-pages-browser)/./node_modules/next/dist/next-devtools/shared/forward-logs-shared.js:44
[ 1705374ms] [LOG] [Fast Refresh] rebuilding @ webpack-internal:///(app-pages-browser)/./node_modules/next/dist/next-devtools/shared/forward-logs-shared.js:44
[ 1705660ms] [LOG] [Fast Refresh] done in 285ms @ webpack-internal:///(app-pages-browser)/./node_modules/next/dist/next-devtools/shared/forward-logs-shared.js:44
[ 1706295ms] [LOG] [Fast Refresh] rebuilding @ webpack-internal:///(app-pages-browser)/./node_modules/next/dist/next-devtools/shared/forward-logs-shared.js:44
[ 1706523ms] [LOG] [Fast Refresh] done in 228ms @ webpack-internal:///(app-pages-browser)/./node_modules/next/dist/next-devtools/shared/forward-logs-shared.js:44
[ 1707297ms] [LOG] [Fast Refresh] rebuilding @ webpack-internal:///(app-pages-browser)/./node_modules/next/dist/next-devtools/shared/forward-logs-shared.js:44
[ 1707655ms] [LOG] [Fast Refresh] done in 359ms @ webpack-internal:///(app-pages-browser)/./node_modules/next/dist/next-devtools/shared/forward-logs-shared.js:44
[ 1708379ms] [LOG] [Fast Refresh] rebuilding @ webpack-internal:///(app-pages-browser)/./node_modules/next/dist/next-devtools/shared/forward-logs-shared.js:44
[ 1708626ms] [LOG] [Fast Refresh] done in 247ms @ webpack-internal:///(app-pages-browser)/./node_modules/next/dist/next-devtools/shared/forward-logs-shared.js:44
[ 1709392ms] [LOG] [Fast Refresh] rebuilding @ webpack-internal:///(app-pages-browser)/./node_modules/next/dist/next-devtools/shared/forward-logs-shared.js:44
[ 1709640ms] [LOG] [Fast Refresh] done in 248ms @ webpack-internal:///(app-pages-browser)/./node_modules/next/dist/next-devtools/shared/forward-logs-shared.js:44
[ 1710277ms] [LOG] [Fast Refresh] rebuilding @ webpack-internal:///(app-pages-browser)/./node_modules/next/dist/next-devtools/shared/forward-logs-shared.js:44
[ 1710538ms] [LOG] [Fast Refresh] done in 260ms @ webpack-internal:///(app-pages-browser)/./node_modules/next/dist/next-devtools/shared/forward-logs-shared.js:44
[ 1711369ms] [LOG] [Fast Refresh] rebuilding @ webpack-internal:///(app-pages-browser)/./node_modules/next/dist/next-devtools/shared/forward-logs-shared.js:44
[ 1711586ms] [LOG] [Fast Refresh] done in 216ms @ webpack-internal:///(app-pages-browser)/./node_modules/next/dist/next-devtools/shared/forward-logs-shared.js:44
[ 1712485ms] [LOG] [Fast Refresh] rebuilding @ webpack-internal:///(app-pages-browser)/./node_modules/next/dist/next-devtools/shared/forward-logs-shared.js:44
[ 1712776ms] [LOG] [Fast Refresh] done in 291ms @ webpack-internal:///(app-pages-browser)/./node_modules/next/dist/next-devtools/shared/forward-logs-shared.js:44
[ 1714035ms] [LOG] [Fast Refresh] rebuilding @ webpack-internal:///(app-pages-browser)/./node_modules/next/dist/next-devtools/shared/forward-logs-shared.js:44
[ 1714728ms] [LOG] [Fast Refresh] done in 694ms @ webpack-internal:///(app-pages-browser)/./node_modules/next/dist/next-devtools/shared/forward-logs-shared.js:44
[ 1715170ms] [LOG] [Fast Refresh] rebuilding @ webpack-internal:///(app-pages-browser)/./node_modules/next/dist/next-devtools/shared/forward-logs-shared.js:44
[ 1715422ms] [LOG] [Fast Refresh] done in 252ms @ webpack-internal:///(app-pages-browser)/./node_modules/next/dist/next-devtools/shared/forward-logs-shared.js:44
[ 1716145ms] [LOG] [Fast Refresh] rebuilding @ webpack-internal:///(app-pages-browser)/./node_modules/next/dist/next-devtools/shared/forward-logs-shared.js:44
[ 1716425ms] [LOG] [Fast Refresh] done in 280ms @ webpack-internal:///(app-pages-browser)/./node_modules/next/dist/next-devtools/shared/forward-logs-shared.js:44
[ 1717165ms] [LOG] [Fast Refresh] rebuilding @ webpack-internal:///(app-pages-browser)/./node_modules/next/dist/next-devtools/shared/forward-logs-shared.js:44
[ 1717500ms] [LOG] [Fast Refresh] done in 335ms @ webpack-internal:///(app-pages-browser)/./node_modules/next/dist/next-devtools/shared/forward-logs-shared.js:44
[ 1718139ms] [LOG] [Fast Refresh] rebuilding @ webpack-internal:///(app-pages-browser)/./node_modules/next/dist/next-devtools/shared/forward-logs-shared.js:44
[ 1718355ms] [LOG] [Fast Refresh] done in 215ms @ webpack-internal:///(app-pages-browser)/./node_modules/next/dist/next-devtools/shared/forward-logs-shared.js:44
[ 1719148ms] [LOG] [Fast Refresh] rebuilding @ webpack-internal:///(app-pages-browser)/./node_modules/next/dist/next-devtools/shared/forward-logs-shared.js:44
[ 1719494ms] [LOG] [Fast Refresh] done in 346ms @ webpack-internal:///(app-pages-browser)/./node_modules/next/dist/next-devtools/shared/forward-logs-shared.js:44
[ 1720274ms] [LOG] [Fast Refresh] rebuilding @ webpack-internal:///(app-pages-browser)/./node_modules/next/dist/next-devtools/shared/forward-logs-shared.js:44
[ 1720576ms] [LOG] [Fast Refresh] done in 301ms @ webpack-internal:///(app-pages-browser)/./node_modules/next/dist/next-devtools/shared/forward-logs-shared.js:44
[ 1721305ms] [LOG] [Fast Refresh] rebuilding @ webpack-internal:///(app-pages-browser)/./node_modules/next/dist/next-devtools/shared/forward-logs-shared.js:44
[ 1721575ms] [LOG] [Fast Refresh] done in 270ms @ webpack-internal:///(app-pages-browser)/./node_modules/next/dist/next-devtools/shared/forward-logs-shared.js:44
[ 1722365ms] [LOG] [Fast Refresh] rebuilding @ webpack-internal:///(app-pages-browser)/./node_modules/next/dist/next-devtools/shared/forward-logs-shared.js:44
[ 1722623ms] [LOG] [Fast Refresh] done in 258ms @ webpack-internal:///(app-pages-browser)/./node_modules/next/dist/next-devtools/shared/forward-logs-shared.js:44
[ 1723432ms] [LOG] [Fast Refresh] rebuilding @ webpack-internal:///(app-pages-browser)/./node_modules/next/dist/next-devtools/shared/forward-logs-shared.js:44
[ 1723647ms] [LOG] [Fast Refresh] done in 215ms @ webpack-internal:///(app-pages-browser)/./node_modules/next/dist/next-devtools/shared/forward-logs-shared.js:44
[ 1724373ms] [LOG] [Fast Refresh] rebuilding @ webpack-internal:///(app-pages-browser)/./node_modules/next/dist/next-devtools/shared/forward-logs-shared.js:44
[ 1724693ms] [LOG] [Fast Refresh] done in 320ms @ webpack-internal:///(app-pages-browser)/./node_modules/next/dist/next-devtools/shared/forward-logs-shared.js:44
[ 1725532ms] [LOG] [Fast Refresh] rebuilding @ webpack-internal:///(app-pages-browser)/./node_modules/next/dist/next-devtools/shared/forward-logs-shared.js:44
[ 1725878ms] [LOG] [Fast Refresh] done in 347ms @ webpack-internal:///(app-pages-browser)/./node_modules/next/dist/next-devtools/shared/forward-logs-shared.js:44
[ 1726535ms] [LOG] [Fast Refresh] rebuilding @ webpack-internal:///(app-pages-browser)/./node_modules/next/dist/next-devtools/shared/forward-logs-shared.js:44
[ 1726761ms] [LOG] [Fast Refresh] done in 226ms @ webpack-internal:///(app-pages-browser)/./node_modules/next/dist/next-devtools/shared/forward-logs-shared.js:44
[ 1727527ms] [LOG] [Fast Refresh] rebuilding @ webpack-internal:///(app-pages-browser)/./node_modules/next/dist/next-devtools/shared/forward-logs-shared.js:44
[ 1727780ms] [LOG] [Fast Refresh] done in 253ms @ webpack-internal:///(app-pages-browser)/./node_modules/next/dist/next-devtools/shared/forward-logs-shared.js:44
[ 1728572ms] [LOG] [Fast Refresh] rebuilding @ webpack-internal:///(app-pages-browser)/./node_modules/next/dist/next-devtools/shared/forward-logs-shared.js:44
[ 1728944ms] [LOG] [Fast Refresh] done in 371ms @ webpack-internal:///(app-pages-browser)/./node_modules/next/dist/next-devtools/shared/forward-logs-shared.js:44
[ 1730541ms] [LOG] [Fast Refresh] rebuilding @ webpack-internal:///(app-pages-browser)/./node_modules/next/dist/next-devtools/shared/forward-logs-shared.js:44
[ 1731295ms] [LOG] [Fast Refresh] done in 753ms @ webpack-internal:///(app-pages-browser)/./node_modules/next/dist/next-devtools/shared/forward-logs-shared.js:44
[ 1732160ms] [LOG] [Fast Refresh] rebuilding @ webpack-internal:///(app-pages-browser)/./node_modules/next/dist/next-devtools/shared/forward-logs-shared.js:44
[ 1732398ms] [LOG] [Fast Refresh] done in 237ms @ webpack-internal:///(app-pages-browser)/./node_modules/next/dist/next-devtools/shared/forward-logs-shared.js:44
[ 1733374ms] [LOG] [Fast Refresh] rebuilding @ webpack-internal:///(app-pages-browser)/./node_modules/next/dist/next-devtools/shared/forward-logs-shared.js:44
[ 1733677ms] [LOG] [Fast Refresh] done in 303ms @ webpack-internal:///(app-pages-browser)/./node_modules/next/dist/next-devtools/shared/forward-logs-shared.js:44
[ 1734409ms] [LOG] [Fast Refresh] rebuilding @ webpack-internal:///(app-pages-browser)/./node_modules/next/dist/next-devtools/shared/forward-logs-shared.js:44
[ 1734658ms] [LOG] [Fast Refresh] done in 248ms @ webpack-internal:///(app-pages-browser)/./node_modules/next/dist/next-devtools/shared/forward-logs-shared.js:44
[ 1735414ms] [LOG] [Fast Refresh] rebuilding @ webpack-internal:///(app-pages-browser)/./node_modules/next/dist/next-devtools/shared/forward-logs-shared.js:44
[ 1735675ms] [LOG] [Fast Refresh] done in 262ms @ webpack-internal:///(app-pages-browser)/./node_modules/next/dist/next-devtools/shared/forward-logs-shared.js:44
[ 1736438ms] [LOG] [Fast Refresh] rebuilding @ webpack-internal:///(app-pages-browser)/./node_modules/next/dist/next-devtools/shared/forward-logs-shared.js:44
[ 1736720ms] [LOG] [Fast Refresh] done in 281ms @ webpack-internal:///(app-pages-browser)/./node_modules/next/dist/next-devtools/shared/forward-logs-shared.js:44
[ 1737356ms] [LOG] [Fast Refresh] rebuilding @ webpack-internal:///(app-pages-browser)/./node_modules/next/dist/next-devtools/shared/forward-logs-shared.js:44
[ 1738456ms] [LOG] [Fast Refresh] done in 1101ms @ webpack-internal:///(app-pages-browser)/./node_modules/next/dist/next-devtools/shared/forward-logs-shared.js:44
[ 1739243ms] [LOG] [Fast Refresh] rebuilding @ webpack-internal:///(app-pages-browser)/./node_modules/next/dist/next-devtools/shared/forward-logs-shared.js:44
[ 1739458ms] [LOG] [Fast Refresh] done in 216ms @ webpack-internal:///(app-pages-browser)/./node_modules/next/dist/next-devtools/shared/forward-logs-shared.js:44
[ 1740377ms] [LOG] [Fast Refresh] rebuilding @ webpack-internal:///(app-pages-browser)/./node_modules/next/dist/next-devtools/shared/forward-logs-shared.js:44
[ 1740735ms] [LOG] [Fast Refresh] done in 357ms @ webpack-internal:///(app-pages-browser)/./node_modules/next/dist/next-devtools/shared/forward-logs-shared.js:44
[ 1741558ms] [LOG] [Fast Refresh] rebuilding @ webpack-internal:///(app-pages-browser)/./node_modules/next/dist/next-devtools/shared/forward-logs-shared.js:44
[ 1741819ms] [LOG] [Fast Refresh] done in 262ms @ webpack-internal:///(app-pages-browser)/./node_modules/next/dist/next-devtools/shared/forward-logs-shared.js:44
[ 1742560ms] [LOG] [Fast Refresh] rebuilding @ webpack-internal:///(app-pages-browser)/./node_modules/next/dist/next-devtools/shared/forward-logs-shared.js:44
[ 1742818ms] [LOG] [Fast Refresh] done in 258ms @ webpack-internal:///(app-pages-browser)/./node_modules/next/dist/next-devtools/shared/forward-logs-shared.js:44
[ 1744223ms] [LOG] [Fast Refresh] rebuilding @ webpack-internal:///(app-pages-browser)/./node_modules/next/dist/next-devtools/shared/forward-logs-shared.js:44
[ 1745040ms] [LOG] [Fast Refresh] done in 817ms @ webpack-internal:///(app-pages-browser)/./node_modules/next/dist/next-devtools/shared/forward-logs-shared.js:44
[ 1745574ms] [LOG] [Fast Refresh] rebuilding @ webpack-internal:///(app-pages-browser)/./node_modules/next/dist/next-devtools/shared/forward-logs-shared.js:44
[ 1745968ms] [LOG] [Fast Refresh] done in 394ms @ webpack-internal:///(app-pages-browser)/./node_modules/next/dist/next-devtools/shared/forward-logs-shared.js:44
[ 1746812ms] [LOG] [Fast Refresh] rebuilding @ webpack-internal:///(app-pages-browser)/./node_modules/next/dist/next-devtools/shared/forward-logs-shared.js:44
[ 1747161ms] [LOG] [Fast Refresh] done in 350ms @ webpack-internal:///(app-pages-browser)/./node_modules/next/dist/next-devtools/shared/forward-logs-shared.js:44
[ 1747974ms] [LOG] [Fast Refresh] rebuilding @ webpack-internal:///(app-pages-browser)/./node_modules/next/dist/next-devtools/shared/forward-logs-shared.js:44
[ 1748252ms] [LOG] [Fast Refresh] done in 277ms @ webpack-internal:///(app-pages-browser)/./node_modules/next/dist/next-devtools/shared/forward-logs-shared.js:44
[ 1749143ms] [LOG] [Fast Refresh] rebuilding @ webpack-internal:///(app-pages-browser)/./node_modules/next/dist/next-devtools/shared/forward-logs-shared.js:44
[ 1749435ms] [LOG] [Fast Refresh] done in 292ms @ webpack-internal:///(app-pages-browser)/./node_modules/next/dist/next-devtools/shared/forward-logs-shared.js:44
[ 1750368ms] [LOG] [Fast Refresh] rebuilding @ webpack-internal:///(app-pages-browser)/./node_modules/next/dist/next-devtools/shared/forward-logs-shared.js:44
[ 1750756ms] [LOG] [Fast Refresh] done in 387ms @ webpack-internal:///(app-pages-browser)/./node_modules/next/dist/next-devtools/shared/forward-logs-shared.js:44
[ 1751745ms] [LOG] [Fast Refresh] rebuilding @ webpack-internal:///(app-pages-browser)/./node_modules/next/dist/next-devtools/shared/forward-logs-shared.js:44
[ 1752107ms] [LOG] [Fast Refresh] done in 362ms @ webpack-internal:///(app-pages-browser)/./node_modules/next/dist/next-devtools/shared/forward-logs-shared.js:44
[ 1753008ms] [LOG] [Fast Refresh] rebuilding @ webpack-internal:///(app-pages-browser)/./node_modules/next/dist/next-devtools/shared/forward-logs-shared.js:44
[ 1753623ms] [LOG] [Fast Refresh] done in 615ms @ webpack-internal:///(app-pages-browser)/./node_modules/next/dist/next-devtools/shared/forward-logs-shared.js:44
[ 1754209ms] [LOG] [Fast Refresh] rebuilding @ webpack-internal:///(app-pages-browser)/./node_modules/next/dist/next-devtools/shared/forward-logs-shared.js:44
[ 1754571ms] [LOG] [Fast Refresh] done in 362ms @ webpack-internal:///(app-pages-browser)/./node_modules/next/dist/next-devtools/shared/forward-logs-shared.js:44
[ 1755428ms] [LOG] [Fast Refresh] rebuilding @ webpack-internal:///(app-pages-browser)/./node_modules/next/dist/next-devtools/shared/forward-logs-shared.js:44
[ 1755776ms] [LOG] [Fast Refresh] done in 347ms @ webpack-internal:///(app-pages-browser)/./node_modules/next/dist/next-devtools/shared/forward-logs-shared.js:44
[ 1756560ms] [LOG] [Fast Refresh] rebuilding @ webpack-internal:///(app-pages-browser)/./node_modules/next/dist/next-devtools/shared/forward-logs-shared.js:44
[ 1756873ms] [LOG] [Fast Refresh] done in 313ms @ webpack-internal:///(app-pages-browser)/./node_modules/next/dist/next-devtools/shared/forward-logs-shared.js:44
[ 1757483ms] [LOG] [Fast Refresh] rebuilding @ webpack-internal:///(app-pages-browser)/./node_modules/next/dist/next-devtools/shared/forward-logs-shared.js:44
[ 1757676ms] [LOG] [Fast Refresh] done in 192ms @ webpack-internal:///(app-pages-browser)/./node_modules/next/dist/next-devtools/shared/forward-logs-shared.js:44
[ 1758693ms] [LOG] [Fast Refresh] rebuilding @ webpack-internal:///(app-pages-browser)/./node_modules/next/dist/next-devtools/shared/forward-logs-shared.js:44
[ 1759182ms] [LOG] [Fast Refresh] done in 489ms @ webpack-internal:///(app-pages-browser)/./node_modules/next/dist/next-devtools/shared/forward-logs-shared.js:44
[ 1760263ms] [LOG] [Fast Refresh] rebuilding @ webpack-internal:///(app-pages-browser)/./node_modules/next/dist/next-devtools/shared/forward-logs-shared.js:44
[ 1760870ms] [LOG] [Fast Refresh] done in 608ms @ webpack-internal:///(app-pages-browser)/./node_modules/next/dist/next-devtools/shared/forward-logs-shared.js:44
[ 1761224ms] [LOG] [Fast Refresh] rebuilding @ webpack-internal:///(app-pages-browser)/./node_modules/next/dist/next-devtools/shared/forward-logs-shared.js:44
[ 1761431ms] [LOG] [Fast Refresh] done in 206ms @ webpack-internal:///(app-pages-browser)/./node_modules/next/dist/next-devtools/shared/forward-logs-shared.js:44
[ 1762299ms] [LOG] [Fast Refresh] rebuilding @ webpack-internal:///(app-pages-browser)/./node_modules/next/dist/next-devtools/shared/forward-logs-shared.js:44
[ 1762619ms] [LOG] [Fast Refresh] done in 320ms @ webpack-internal:///(app-pages-browser)/./node_modules/next/dist/next-devtools/shared/forward-logs-shared.js:44
[ 1763571ms] [LOG] [Fast Refresh] rebuilding @ webpack-internal:///(app-pages-browser)/./node_modules/next/dist/next-devtools/shared/forward-logs-shared.js:44
[ 1763771ms] [LOG] [Fast Refresh] done in 200ms @ webpack-internal:///(app-pages-browser)/./node_modules/next/dist/next-devtools/shared/forward-logs-shared.js:44
[ 1764644ms] [LOG] [Fast Refresh] rebuilding @ webpack-internal:///(app-pages-browser)/./node_modules/next/dist/next-devtools/shared/forward-logs-shared.js:44
[ 1764869ms] [LOG] [Fast Refresh] done in 225ms @ webpack-internal:///(app-pages-browser)/./node_modules/next/dist/next-devtools/shared/forward-logs-shared.js:44
[ 1765648ms] [LOG] [Fast Refresh] rebuilding @ webpack-internal:///(app-pages-browser)/./node_modules/next/dist/next-devtools/shared/forward-logs-shared.js:44
[ 1765917ms] [LOG] [Fast Refresh] done in 270ms @ webpack-internal:///(app-pages-browser)/./node_modules/next/dist/next-devtools/shared/forward-logs-shared.js:44
[ 1766706ms] [LOG] [Fast Refresh] rebuilding @ webpack-internal:///(app-pages-browser)/./node_modules/next/dist/next-devtools/shared/forward-logs-shared.js:44
[ 1767010ms] [LOG] [Fast Refresh] done in 304ms @ webpack-internal:///(app-pages-browser)/./node_modules/next/dist/next-devtools/shared/forward-logs-shared.js:44
[ 1767684ms] [LOG] [Fast Refresh] rebuilding @ webpack-internal:///(app-pages-browser)/./node_modules/next/dist/next-devtools/shared/forward-logs-shared.js:44
[ 1769028ms] [LOG] [Fast Refresh] done in 1344ms @ webpack-internal:///(app-pages-browser)/./node_modules/next/dist/next-devtools/shared/forward-logs-shared.js:44
[ 1769717ms] [LOG] [Fast Refresh] rebuilding @ webpack-internal:///(app-pages-browser)/./node_modules/next/dist/next-devtools/shared/forward-logs-shared.js:44
[ 1769922ms] [LOG] [Fast Refresh] done in 204ms @ webpack-internal:///(app-pages-browser)/./node_modules/next/dist/next-devtools/shared/forward-logs-shared.js:44
[ 1770699ms] [LOG] [Fast Refresh] rebuilding @ webpack-internal:///(app-pages-browser)/./node_modules/next/dist/next-devtools/shared/forward-logs-shared.js:44
[ 1771005ms] [LOG] [Fast Refresh] done in 306ms @ webpack-internal:///(app-pages-browser)/./node_modules/next/dist/next-devtools/shared/forward-logs-shared.js:44
[ 1771796ms] [LOG] [Fast Refresh] rebuilding @ webpack-internal:///(app-pages-browser)/./node_modules/next/dist/next-devtools/shared/forward-logs-shared.js:44
[ 1772089ms] [LOG] [Fast Refresh] done in 293ms @ webpack-internal:///(app-pages-browser)/./node_modules/next/dist/next-devtools/shared/forward-logs-shared.js:44
[ 1772716ms] [LOG] [Fast Refresh] rebuilding @ webpack-internal:///(app-pages-browser)/./node_modules/next/dist/next-devtools/shared/forward-logs-shared.js:44
[ 1772919ms] [LOG] [Fast Refresh] done in 202ms @ webpack-internal:///(app-pages-browser)/./node_modules/next/dist/next-devtools/shared/forward-logs-shared.js:44
[ 1774152ms] [LOG] [Fast Refresh] rebuilding @ webpack-internal:///(app-pages-browser)/./node_modules/next/dist/next-devtools/shared/forward-logs-shared.js:44
[ 1774993ms] [LOG] [Fast Refresh] done in 842ms @ webpack-internal:///(app-pages-browser)/./node_modules/next/dist/next-devtools/shared/forward-logs-shared.js:44
[ 1775320ms] [LOG] [Fast Refresh] rebuilding @ webpack-internal:///(app-pages-browser)/./node_modules/next/dist/next-devtools/shared/forward-logs-shared.js:44
[ 1775595ms] [LOG] [Fast Refresh] done in 266ms @ webpack-internal:///(app-pages-browser)/./node_modules/next/dist/next-devtools/shared/forward-logs-shared.js:44
[ 1776306ms] [LOG] [Fast Refresh] rebuilding @ webpack-internal:///(app-pages-browser)/./node_modules/next/dist/next-devtools/shared/forward-logs-shared.js:44
[ 1776565ms] [LOG] [Fast Refresh] done in 258ms @ webpack-internal:///(app-pages-browser)/./node_modules/next/dist/next-devtools/shared/forward-logs-shared.js:44
[ 1777352ms] [LOG] [Fast Refresh] rebuilding @ webpack-internal:///(app-pages-browser)/./node_modules/next/dist/next-devtools/shared/forward-logs-shared.js:44
[ 1777639ms] [LOG] [Fast Refresh] done in 288ms @ webpack-internal:///(app-pages-browser)/./node_modules/next/dist/next-devtools/shared/forward-logs-shared.js:44
[ 1778407ms] [LOG] [Fast Refresh] rebuilding @ webpack-internal:///(app-pages-browser)/./node_modules/next/dist/next-devtools/shared/forward-logs-shared.js:44
[ 1778668ms] [LOG] [Fast Refresh] done in 261ms @ webpack-internal:///(app-pages-browser)/./node_modules/next/dist/next-devtools/shared/forward-logs-shared.js:44
[ 1779283ms] [LOG] [Fast Refresh] rebuilding @ webpack-internal:///(app-pages-browser)/./node_modules/next/dist/next-devtools/shared/forward-logs-shared.js:44
[ 1779485ms] [LOG] [Fast Refresh] done in 202ms @ webpack-internal:///(app-pages-browser)/./node_modules/next/dist/next-devtools/shared/forward-logs-shared.js:44
[ 1780235ms] [LOG] [Fast Refresh] rebuilding @ webpack-internal:///(app-pages-browser)/./node_modules/next/dist/next-devtools/shared/forward-logs-shared.js:44
[ 1780486ms] [LOG] [Fast Refresh] done in 252ms @ webpack-internal:///(app-pages-browser)/./node_modules/next/dist/next-devtools/shared/forward-logs-shared.js:44
[ 1781270ms] [LOG] [Fast Refresh] rebuilding @ webpack-internal:///(app-pages-browser)/./node_modules/next/dist/next-devtools/shared/forward-logs-shared.js:44
[ 1781553ms] [LOG] [Fast Refresh] done in 282ms @ webpack-internal:///(app-pages-browser)/./node_modules/next/dist/next-devtools/shared/forward-logs-shared.js:44
[ 1782328ms] [LOG] [Fast Refresh] rebuilding @ webpack-internal:///(app-pages-browser)/./node_modules/next/dist/next-devtools/shared/forward-logs-shared.js:44
[ 1782610ms] [LOG] [Fast Refresh] done in 282ms @ webpack-internal:///(app-pages-browser)/./node_modules/next/dist/next-devtools/shared/forward-logs-shared.js:44
[ 1783485ms] [LOG] [Fast Refresh] rebuilding @ webpack-internal:///(app-pages-browser)/./node_modules/next/dist/next-devtools/shared/forward-logs-shared.js:44
[ 1783681ms] [LOG] [Fast Refresh] done in 196ms @ webpack-internal:///(app-pages-browser)/./node_modules/next/dist/next-devtools/shared/forward-logs-shared.js:44
[ 1784694ms] [LOG] [Fast Refresh] rebuilding @ webpack-internal:///(app-pages-browser)/./node_modules/next/dist/next-devtools/shared/forward-logs-shared.js:44
[ 1785040ms] [LOG] [Fast Refresh] done in 346ms @ webpack-internal:///(app-pages-browser)/./node_modules/next/dist/next-devtools/shared/forward-logs-shared.js:44
[ 1785898ms] [LOG] [Fast Refresh] rebuilding @ webpack-internal:///(app-pages-browser)/./node_modules/next/dist/next-devtools/shared/forward-logs-shared.js:44
[ 1786294ms] [LOG] [Fast Refresh] done in 397ms @ webpack-internal:///(app-pages-browser)/./node_modules/next/dist/next-devtools/shared/forward-logs-shared.js:44
[ 1787109ms] [LOG] [Fast Refresh] rebuilding @ webpack-internal:///(app-pages-browser)/./node_modules/next/dist/next-devtools/shared/forward-logs-shared.js:44
[ 1787490ms] [LOG] [Fast Refresh] done in 382ms @ webpack-internal:///(app-pages-browser)/./node_modules/next/dist/next-devtools/shared/forward-logs-shared.js:44
[ 1788617ms] [LOG] [Fast Refresh] rebuilding @ webpack-internal:///(app-pages-browser)/./node_modules/next/dist/next-devtools/shared/forward-logs-shared.js:44
[ 1789489ms] [LOG] [Fast Refresh] done in 875ms @ webpack-internal:///(app-pages-browser)/./node_modules/next/dist/next-devtools/shared/forward-logs-shared.js:44
[ 1790015ms] [LOG] [Fast Refresh] rebuilding @ webpack-internal:///(app-pages-browser)/./node_modules/next/dist/next-devtools/shared/forward-logs-shared.js:44
[ 1790813ms] [LOG] [Fast Refresh] done in 798ms @ webpack-internal:///(app-pages-browser)/./node_modules/next/dist/next-devtools/shared/forward-logs-shared.js:44
[ 1791249ms] [LOG] [Fast Refresh] rebuilding @ webpack-internal:///(app-pages-browser)/./node_modules/next/dist/next-devtools/shared/forward-logs-shared.js:44
[ 1791537ms] [LOG] [Fast Refresh] done in 288ms @ webpack-internal:///(app-pages-browser)/./node_modules/next/dist/next-devtools/shared/forward-logs-shared.js:44
[ 1792302ms] [LOG] [Fast Refresh] rebuilding @ webpack-internal:///(app-pages-browser)/./node_modules/next/dist/next-devtools/shared/forward-logs-shared.js:44
[ 1792628ms] [LOG] [Fast Refresh] done in 326ms @ webpack-internal:///(app-pages-browser)/./node_modules/next/dist/next-devtools/shared/forward-logs-shared.js:44
[ 1793466ms] [LOG] [Fast Refresh] rebuilding @ webpack-internal:///(app-pages-browser)/./node_modules/next/dist/next-devtools/shared/forward-logs-shared.js:44
[ 1793813ms] [LOG] [Fast Refresh] done in 347ms @ webpack-internal:///(app-pages-browser)/./node_modules/next/dist/next-devtools/shared/forward-logs-shared.js:44
[ 1794649ms] [LOG] [Fast Refresh] rebuilding @ webpack-internal:///(app-pages-browser)/./node_modules/next/dist/next-devtools/shared/forward-logs-shared.js:44
[ 1794901ms] [LOG] [Fast Refresh] done in 252ms @ webpack-internal:///(app-pages-browser)/./node_modules/next/dist/next-devtools/shared/forward-logs-shared.js:44
[ 1795572ms] [LOG] [Fast Refresh] rebuilding @ webpack-internal:///(app-pages-browser)/./node_modules/next/dist/next-devtools/shared/forward-logs-shared.js:44
[ 1795783ms] [LOG] [Fast Refresh] done in 211ms @ webpack-internal:///(app-pages-browser)/./node_modules/next/dist/next-devtools/shared/forward-logs-shared.js:44
[ 1796577ms] [LOG] [Fast Refresh] rebuilding @ webpack-internal:///(app-pages-browser)/./node_modules/next/dist/next-devtools/shared/forward-logs-shared.js:44
[ 1797198ms] [LOG] [Fast Refresh] done in 620ms @ webpack-internal:///(app-pages-browser)/./node_modules/next/dist/next-devtools/shared/forward-logs-shared.js:44
[ 1799147ms] [LOG] [Fast Refresh] rebuilding @ webpack-internal:///(app-pages-browser)/./node_modules/next/dist/next-devtools/shared/forward-logs-shared.js:44
[ 1799505ms] [LOG] [Fast Refresh] done in 358ms @ webpack-internal:///(app-pages-browser)/./node_modules/next/dist/next-devtools/shared/forward-logs-shared.js:44
[ 1800281ms] [LOG] [Fast Refresh] rebuilding @ webpack-internal:///(app-pages-browser)/./node_modules/next/dist/next-devtools/shared/forward-logs-shared.js:44
[ 1800539ms] [LOG] [Fast Refresh] done in 257ms @ webpack-internal:///(app-pages-browser)/./node_modules/next/dist/next-devtools/shared/forward-logs-shared.js:44
[ 1801416ms] [LOG] [Fast Refresh] rebuilding @ webpack-internal:///(app-pages-browser)/./node_modules/next/dist/next-devtools/shared/forward-logs-shared.js:44
[ 1801789ms] [LOG] [Fast Refresh] done in 372ms @ webpack-internal:///(app-pages-browser)/./node_modules/next/dist/next-devtools/shared/forward-logs-shared.js:44
[ 1802496ms] [LOG] [Fast Refresh] rebuilding @ webpack-internal:///(app-pages-browser)/./node_modules/next/dist/next-devtools/shared/forward-logs-shared.js:44
[ 1802843ms] [LOG] [Fast Refresh] done in 346ms @ webpack-internal:///(app-pages-browser)/./node_modules/next/dist/next-devtools/shared/forward-logs-shared.js:44
[ 1804179ms] [LOG] [Fast Refresh] rebuilding @ webpack-internal:///(app-pages-browser)/./node_modules/next/dist/next-devtools/shared/forward-logs-shared.js:44
[ 1805162ms] [LOG] [Fast Refresh] done in 982ms @ webpack-internal:///(app-pages-browser)/./node_modules/next/dist/next-devtools/shared/forward-logs-shared.js:44
[ 1805762ms] [LOG] [Fast Refresh] rebuilding @ webpack-internal:///(app-pages-browser)/./node_modules/next/dist/next-devtools/shared/forward-logs-shared.js:44
[ 1806327ms] [LOG] [Fast Refresh] done in 564ms @ webpack-internal:///(app-pages-browser)/./node_modules/next/dist/next-devtools/shared/forward-logs-shared.js:44
[ 1806996ms] [LOG] [Fast Refresh] rebuilding @ webpack-internal:///(app-pages-browser)/./node_modules/next/dist/next-devtools/shared/forward-logs-shared.js:44
[ 1807699ms] [LOG] [Fast Refresh] done in 703ms @ webpack-internal:///(app-pages-browser)/./node_modules/next/dist/next-devtools/shared/forward-logs-shared.js:44
[ 1808378ms] [LOG] [Fast Refresh] rebuilding @ webpack-internal:///(app-pages-browser)/./node_modules/next/dist/next-devtools/shared/forward-logs-shared.js:44
[ 1808617ms] [LOG] [Fast Refresh] done in 239ms @ webpack-internal:///(app-pages-browser)/./node_modules/next/dist/next-devtools/shared/forward-logs-shared.js:44
[ 1809407ms] [LOG] [Fast Refresh] rebuilding @ webpack-internal:///(app-pages-browser)/./node_modules/next/dist/next-devtools/shared/forward-logs-shared.js:44
[ 1809702ms] [LOG] [Fast Refresh] done in 295ms @ webpack-internal:///(app-pages-browser)/./node_modules/next/dist/next-devtools/shared/forward-logs-shared.js:44
[ 1810649ms] [LOG] [Fast Refresh] rebuilding @ webpack-internal:///(app-pages-browser)/./node_modules/next/dist/next-devtools/shared/forward-logs-shared.js:44
[ 1811108ms] [LOG] [Fast Refresh] done in 459ms @ webpack-internal:///(app-pages-browser)/./node_modules/next/dist/next-devtools/shared/forward-logs-shared.js:44
[ 1811933ms] [LOG] [Fast Refresh] rebuilding @ webpack-internal:///(app-pages-browser)/./node_modules/next/dist/next-devtools/shared/forward-logs-shared.js:44
[ 1812192ms] [LOG] [Fast Refresh] done in 259ms @ webpack-internal:///(app-pages-browser)/./node_modules/next/dist/next-devtools/shared/forward-logs-shared.js:44
[ 1813089ms] [LOG] [Fast Refresh] rebuilding @ webpack-internal:///(app-pages-browser)/./node_modules/next/dist/next-devtools/shared/forward-logs-shared.js:44
[ 1813413ms] [LOG] [Fast Refresh] done in 326ms @ webpack-internal:///(app-pages-browser)/./node_modules/next/dist/next-devtools/shared/forward-logs-shared.js:44
[ 1814325ms] [LOG] [Fast Refresh] rebuilding @ webpack-internal:///(app-pages-browser)/./node_modules/next/dist/next-devtools/shared/forward-logs-shared.js:44
[ 1814622ms] [LOG] [Fast Refresh] done in 297ms @ webpack-internal:///(app-pages-browser)/./node_modules/next/dist/next-devtools/shared/forward-logs-shared.js:44
[ 1815454ms] [LOG] [Fast Refresh] rebuilding @ webpack-internal:///(app-pages-browser)/./node_modules/next/dist/next-devtools/shared/forward-logs-shared.js:44
[ 1815752ms] [LOG] [Fast Refresh] done in 298ms @ webpack-internal:///(app-pages-browser)/./node_modules/next/dist/next-devtools/shared/forward-logs-shared.js:44
[ 1816677ms] [LOG] [Fast Refresh] rebuilding @ webpack-internal:///(app-pages-browser)/./node_modules/next/dist/next-devtools/shared/forward-logs-shared.js:44
[ 1816996ms] [LOG] [Fast Refresh] done in 318ms @ webpack-internal:///(app-pages-browser)/./node_modules/next/dist/next-devtools/shared/forward-logs-shared.js:44
[ 1817800ms] [LOG] [Fast Refresh] rebuilding @ webpack-internal:///(app-pages-browser)/./node_modules/next/dist/next-devtools/shared/forward-logs-shared.js:44
[ 1818058ms] [LOG] [Fast Refresh] done in 258ms @ webpack-internal:///(app-pages-browser)/./node_modules/next/dist/next-devtools/shared/forward-logs-shared.js:44
[ 1819108ms] [LOG] [Fast Refresh] rebuilding @ webpack-internal:///(app-pages-browser)/./node_modules/next/dist/next-devtools/shared/forward-logs-shared.js:44
[ 1819600ms] [LOG] [Fast Refresh] done in 491ms @ webpack-internal:///(app-pages-browser)/./node_modules/next/dist/next-devtools/shared/forward-logs-shared.js:44
[ 1820411ms] [LOG] [Fast Refresh] rebuilding @ webpack-internal:///(app-pages-browser)/./node_modules/next/dist/next-devtools/shared/forward-logs-shared.js:44
[ 1820696ms] [LOG] [Fast Refresh] done in 284ms @ webpack-internal:///(app-pages-browser)/./node_modules/next/dist/next-devtools/shared/forward-logs-shared.js:44
[ 1821455ms] [LOG] [Fast Refresh] rebuilding @ webpack-internal:///(app-pages-browser)/./node_modules/next/dist/next-devtools/shared/forward-logs-shared.js:44
[ 1821758ms] [LOG] [Fast Refresh] done in 303ms @ webpack-internal:///(app-pages-browser)/./node_modules/next/dist/next-devtools/shared/forward-logs-shared.js:44
[ 1822585ms] [LOG] [Fast Refresh] rebuilding @ webpack-internal:///(app-pages-browser)/./node_modules/next/dist/next-devtools/shared/forward-logs-shared.js:44
[ 1822919ms] [LOG] [Fast Refresh] done in 333ms @ webpack-internal:///(app-pages-browser)/./node_modules/next/dist/next-devtools/shared/forward-logs-shared.js:44
[ 1823793ms] [LOG] [Fast Refresh] rebuilding @ webpack-internal:///(app-pages-browser)/./node_modules/next/dist/next-devtools/shared/forward-logs-shared.js:44
[ 1824107ms] [LOG] [Fast Refresh] done in 313ms @ webpack-internal:///(app-pages-browser)/./node_modules/next/dist/next-devtools/shared/forward-logs-shared.js:44
[ 1824860ms] [LOG] [Fast Refresh] rebuilding @ webpack-internal:///(app-pages-browser)/./node_modules/next/dist/next-devtools/shared/forward-logs-shared.js:44
[ 1825159ms] [LOG] [Fast Refresh] done in 299ms @ webpack-internal:///(app-pages-browser)/./node_modules/next/dist/next-devtools/shared/forward-logs-shared.js:44
[ 1826051ms] [LOG] [Fast Refresh] rebuilding @ webpack-internal:///(app-pages-browser)/./node_modules/next/dist/next-devtools/shared/forward-logs-shared.js:44
[ 1826380ms] [LOG] [Fast Refresh] done in 329ms @ webpack-internal:///(app-pages-browser)/./node_modules/next/dist/next-devtools/shared/forward-logs-shared.js:44
[ 1827447ms] [LOG] [Fast Refresh] rebuilding @ webpack-internal:///(app-pages-browser)/./node_modules/next/dist/next-devtools/shared/forward-logs-shared.js:44
[ 1827725ms] [LOG] [Fast Refresh] done in 279ms @ webpack-internal:///(app-pages-browser)/./node_modules/next/dist/next-devtools/shared/forward-logs-shared.js:44
[ 1828595ms] [LOG] [Fast Refresh] rebuilding @ webpack-internal:///(app-pages-browser)/./node_modules/next/dist/next-devtools/shared/forward-logs-shared.js:44
[ 1828794ms] [LOG] [Fast Refresh] done in 198ms @ webpack-internal:///(app-pages-browser)/./node_modules/next/dist/next-devtools/shared/forward-logs-shared.js:44
[ 1830889ms] [LOG] [Fast Refresh] rebuilding @ webpack-internal:///(app-pages-browser)/./node_modules/next/dist/next-devtools/shared/forward-logs-shared.js:44
[ 1831191ms] [LOG] [Fast Refresh] done in 302ms @ webpack-internal:///(app-pages-browser)/./node_modules/next/dist/next-devtools/shared/forward-logs-shared.js:44
[ 1831960ms] [LOG] [Fast Refresh] rebuilding @ webpack-internal:///(app-pages-browser)/./node_modules/next/dist/next-devtools/shared/forward-logs-shared.js:44
[ 1832260ms] [LOG] [Fast Refresh] done in 300ms @ webpack-internal:///(app-pages-browser)/./node_modules/next/dist/next-devtools/shared/forward-logs-shared.js:44
[ 1833141ms] [LOG] [Fast Refresh] rebuilding @ webpack-internal:///(app-pages-browser)/./node_modules/next/dist/next-devtools/shared/forward-logs-shared.js:44
[ 1833652ms] [LOG] [Fast Refresh] done in 511ms @ webpack-internal:///(app-pages-browser)/./node_modules/next/dist/next-devtools/shared/forward-logs-shared.js:44
[ 1834568ms] [LOG] [Fast Refresh] rebuilding @ webpack-internal:///(app-pages-browser)/./node_modules/next/dist/next-devtools/shared/forward-logs-shared.js:44
[ 1834891ms] [LOG] [Fast Refresh] done in 322ms @ webpack-internal:///(app-pages-browser)/./node_modules/next/dist/next-devtools/shared/forward-logs-shared.js:44
[ 1835629ms] [LOG] [Fast Refresh] rebuilding @ webpack-internal:///(app-pages-browser)/./node_modules/next/dist/next-devtools/shared/forward-logs-shared.js:44
[ 1835907ms] [LOG] [Fast Refresh] done in 278ms @ webpack-internal:///(app-pages-browser)/./node_modules/next/dist/next-devtools/shared/forward-logs-shared.js:44
[ 1836604ms] [LOG] [Fast Refresh] rebuilding @ webpack-internal:///(app-pages-browser)/./node_modules/next/dist/next-devtools/shared/forward-logs-shared.js:44
[ 1836814ms] [LOG] [Fast Refresh] done in 210ms @ webpack-internal:///(app-pages-browser)/./node_modules/next/dist/next-devtools/shared/forward-logs-shared.js:44
[ 1837949ms] [LOG] [Fast Refresh] rebuilding @ webpack-internal:///(app-pages-browser)/./node_modules/next/dist/next-devtools/shared/forward-logs-shared.js:44
[ 1838762ms] [LOG] [Fast Refresh] done in 813ms @ webpack-internal:///(app-pages-browser)/./node_modules/next/dist/next-devtools/shared/forward-logs-shared.js:44
[ 1839741ms] [LOG] [Fast Refresh] rebuilding @ webpack-internal:///(app-pages-browser)/./node_modules/next/dist/next-devtools/shared/forward-logs-shared.js:44
[ 1840068ms] [LOG] [Fast Refresh] done in 326ms @ webpack-internal:///(app-pages-browser)/./node_modules/next/dist/next-devtools/shared/forward-logs-shared.js:44
[ 1841086ms] [LOG] [Fast Refresh] rebuilding @ webpack-internal:///(app-pages-browser)/./node_modules/next/dist/next-devtools/shared/forward-logs-shared.js:44
[ 1841427ms] [LOG] [Fast Refresh] done in 340ms @ webpack-internal:///(app-pages-browser)/./node_modules/next/dist/next-devtools/shared/forward-logs-shared.js:44
[ 1842438ms] [LOG] [Fast Refresh] rebuilding @ webpack-internal:///(app-pages-browser)/./node_modules/next/dist/next-devtools/shared/forward-logs-shared.js:44
[ 1842763ms] [LOG] [Fast Refresh] done in 326ms @ webpack-internal:///(app-pages-browser)/./node_modules/next/dist/next-devtools/shared/forward-logs-shared.js:44
[ 1843545ms] [LOG] [Fast Refresh] rebuilding @ webpack-internal:///(app-pages-browser)/./node_modules/next/dist/next-devtools/shared/forward-logs-shared.js:44
[ 1843844ms] [LOG] [Fast Refresh] done in 299ms @ webpack-internal:///(app-pages-browser)/./node_modules/next/dist/next-devtools/shared/forward-logs-shared.js:44
[ 1844638ms] [LOG] [Fast Refresh] rebuilding @ webpack-internal:///(app-pages-browser)/./node_modules/next/dist/next-devtools/shared/forward-logs-shared.js:44
[ 1844949ms] [LOG] [Fast Refresh] done in 311ms @ webpack-internal:///(app-pages-browser)/./node_modules/next/dist/next-devtools/shared/forward-logs-shared.js:44
[ 1845680ms] [LOG] [Fast Refresh] rebuilding @ webpack-internal:///(app-pages-browser)/./node_modules/next/dist/next-devtools/shared/forward-logs-shared.js:44
[ 1845988ms] [LOG] [Fast Refresh] done in 308ms @ webpack-internal:///(app-pages-browser)/./node_modules/next/dist/next-devtools/shared/forward-logs-shared.js:44
[ 1847954ms] [LOG] [Fast Refresh] rebuilding @ webpack-internal:///(app-pages-browser)/./node_modules/next/dist/next-devtools/shared/forward-logs-shared.js:44
[ 1848292ms] [LOG] [Fast Refresh] done in 338ms @ webpack-internal:///(app-pages-browser)/./node_modules/next/dist/next-devtools/shared/forward-logs-shared.js:44
[ 1849906ms] [LOG] [Fast Refresh] rebuilding @ webpack-internal:///(app-pages-browser)/./node_modules/next/dist/next-devtools/shared/forward-logs-shared.js:44
[ 1850810ms] [LOG] [Fast Refresh] done in 904ms @ webpack-internal:///(app-pages-browser)/./node_modules/next/dist/next-devtools/shared/forward-logs-shared.js:44
[ 1851271ms] [LOG] [Fast Refresh] rebuilding @ webpack-internal:///(app-pages-browser)/./node_modules/next/dist/next-devtools/shared/forward-logs-shared.js:44
[ 1851600ms] [LOG] [Fast Refresh] done in 328ms @ webpack-internal:///(app-pages-browser)/./node_modules/next/dist/next-devtools/shared/forward-logs-shared.js:44
[ 1852747ms] [LOG] [Fast Refresh] rebuilding @ webpack-internal:///(app-pages-browser)/./node_modules/next/dist/next-devtools/shared/forward-logs-shared.js:44
[ 1853513ms] [LOG] [Fast Refresh] done in 767ms @ webpack-internal:///(app-pages-browser)/./node_modules/next/dist/next-devtools/shared/forward-logs-shared.js:44
[ 1853989ms] [LOG] [Fast Refresh] rebuilding @ webpack-internal:///(app-pages-browser)/./node_modules/next/dist/next-devtools/shared/forward-logs-shared.js:44
[ 1854277ms] [LOG] [Fast Refresh] done in 288ms @ webpack-internal:///(app-pages-browser)/./node_modules/next/dist/next-devtools/shared/forward-logs-shared.js:44
[ 1855065ms] [LOG] [Fast Refresh] rebuilding @ webpack-internal:///(app-pages-browser)/./node_modules/next/dist/next-devtools/shared/forward-logs-shared.js:44
[ 1855294ms] [LOG] [Fast Refresh] done in 230ms @ webpack-internal:///(app-pages-browser)/./node_modules/next/dist/next-devtools/shared/forward-logs-shared.js:44
[ 1856059ms] [LOG] [Fast Refresh] rebuilding @ webpack-internal:///(app-pages-browser)/./node_modules/next/dist/next-devtools/shared/forward-logs-shared.js:44
[ 1856305ms] [LOG] [Fast Refresh] done in 246ms @ webpack-internal:///(app-pages-browser)/./node_modules/next/dist/next-devtools/shared/forward-logs-shared.js:44
[ 1856952ms] [LOG] [Fast Refresh] rebuilding @ webpack-internal:///(app-pages-browser)/./node_modules/next/dist/next-devtools/shared/forward-logs-shared.js:44
[ 1857212ms] [LOG] [Fast Refresh] done in 260ms @ webpack-internal:///(app-pages-browser)/./node_modules/next/dist/next-devtools/shared/forward-logs-shared.js:44
[ 1857971ms] [LOG] [Fast Refresh] rebuilding @ webpack-internal:///(app-pages-browser)/./node_modules/next/dist/next-devtools/shared/forward-logs-shared.js:44
[ 1858239ms] [LOG] [Fast Refresh] done in 268ms @ webpack-internal:///(app-pages-browser)/./node_modules/next/dist/next-devtools/shared/forward-logs-shared.js:44
[ 1858877ms] [LOG] [Fast Refresh] rebuilding @ webpack-internal:///(app-pages-browser)/./node_modules/next/dist/next-devtools/shared/forward-logs-shared.js:44
[ 1859098ms] [LOG] [Fast Refresh] done in 220ms @ webpack-internal:///(app-pages-browser)/./node_modules/next/dist/next-devtools/shared/forward-logs-shared.js:44
[ 1859846ms] [LOG] [Fast Refresh] rebuilding @ webpack-internal:///(app-pages-browser)/./node_modules/next/dist/next-devtools/shared/forward-logs-shared.js:44
[ 1860074ms] [LOG] [Fast Refresh] done in 227ms @ webpack-internal:///(app-pages-browser)/./node_modules/next/dist/next-devtools/shared/forward-logs-shared.js:44
[ 1860856ms] [LOG] [Fast Refresh] rebuilding @ webpack-internal:///(app-pages-browser)/./node_modules/next/dist/next-devtools/shared/forward-logs-shared.js:44
[ 1861128ms] [LOG] [Fast Refresh] done in 272ms @ webpack-internal:///(app-pages-browser)/./node_modules/next/dist/next-devtools/shared/forward-logs-shared.js:44
[ 1862042ms] [LOG] [Fast Refresh] rebuilding @ webpack-internal:///(app-pages-browser)/./node_modules/next/dist/next-devtools/shared/forward-logs-shared.js:44
[ 1862395ms] [LOG] [Fast Refresh] done in 353ms @ webpack-internal:///(app-pages-browser)/./node_modules/next/dist/next-devtools/shared/forward-logs-shared.js:44
[ 1863125ms] [LOG] [Fast Refresh] rebuilding @ webpack-internal:///(app-pages-browser)/./node_modules/next/dist/next-devtools/shared/forward-logs-shared.js:44
[ 1863486ms] [LOG] [Fast Refresh] done in 360ms @ webpack-internal:///(app-pages-browser)/./node_modules/next/dist/next-devtools/shared/forward-logs-shared.js:44
[ 1864640ms] [LOG] [Fast Refresh] rebuilding @ webpack-internal:///(app-pages-browser)/./node_modules/next/dist/next-devtools/shared/forward-logs-shared.js:44
[ 1865046ms] [LOG] [Fast Refresh] done in 406ms @ webpack-internal:///(app-pages-browser)/./node_modules/next/dist/next-devtools/shared/forward-logs-shared.js:44
[ 1868379ms] [LOG] [Fast Refresh] rebuilding @ webpack-internal:///(app-pages-browser)/./node_modules/next/dist/next-devtools/shared/forward-logs-shared.js:44
[ 1868392ms] [LOG] [Fast Refresh] done in 12ms @ webpack-internal:///(app-pages-browser)/./node_modules/next/dist/next-devtools/shared/forward-logs-shared.js:44
[ 1868414ms] [LOG] [Fast Refresh] rebuilding @ webpack-internal:///(app-pages-browser)/./node_modules/next/dist/next-devtools/shared/forward-logs-shared.js:44
[ 1869454ms] [LOG] [Fast Refresh] done in 1041ms @ webpack-internal:///(app-pages-browser)/./node_modules/next/dist/next-devtools/shared/forward-logs-shared.js:44
[ 1869456ms] [LOG] [Fast Refresh] rebuilding @ webpack-internal:///(app-pages-browser)/./node_modules/next/dist/next-devtools/shared/forward-logs-shared.js:44
[ 1869832ms] [LOG] [Fast Refresh] done in 376ms @ webpack-internal:///(app-pages-browser)/./node_modules/next/dist/next-devtools/shared/forward-logs-shared.js:44
[ 1870870ms] [LOG] [Fast Refresh] rebuilding @ webpack-internal:///(app-pages-browser)/./node_modules/next/dist/next-devtools/shared/forward-logs-shared.js:44
[ 1871228ms] [LOG] [Fast Refresh] done in 357ms @ webpack-internal:///(app-pages-browser)/./node_modules/next/dist/next-devtools/shared/forward-logs-shared.js:44
[ 1872131ms] [LOG] [Fast Refresh] rebuilding @ webpack-internal:///(app-pages-browser)/./node_modules/next/dist/next-devtools/shared/forward-logs-shared.js:44
[ 1872492ms] [LOG] [Fast Refresh] done in 360ms @ webpack-internal:///(app-pages-browser)/./node_modules/next/dist/next-devtools/shared/forward-logs-shared.js:44
[ 1873158ms] [LOG] [Fast Refresh] rebuilding @ webpack-internal:///(app-pages-browser)/./node_modules/next/dist/next-devtools/shared/forward-logs-shared.js:44
[ 1873395ms] [LOG] [Fast Refresh] done in 237ms @ webpack-internal:///(app-pages-browser)/./node_modules/next/dist/next-devtools/shared/forward-logs-shared.js:44
[ 1874204ms] [LOG] [Fast Refresh] rebuilding @ webpack-internal:///(app-pages-browser)/./node_modules/next/dist/next-devtools/shared/forward-logs-shared.js:44
[ 1874487ms] [LOG] [Fast Refresh] done in 283ms @ webpack-internal:///(app-pages-browser)/./node_modules/next/dist/next-devtools/shared/forward-logs-shared.js:44
[ 1875231ms] [LOG] [Fast Refresh] rebuilding @ webpack-internal:///(app-pages-browser)/./node_modules/next/dist/next-devtools/shared/forward-logs-shared.js:44
[ 1875501ms] [LOG] [Fast Refresh] done in 271ms @ webpack-internal:///(app-pages-browser)/./node_modules/next/dist/next-devtools/shared/forward-logs-shared.js:44
[ 1876266ms] [LOG] [Fast Refresh] rebuilding @ webpack-internal:///(app-pages-browser)/./node_modules/next/dist/next-devtools/shared/forward-logs-shared.js:44
[ 1876526ms] [LOG] [Fast Refresh] done in 261ms @ webpack-internal:///(app-pages-browser)/./node_modules/next/dist/next-devtools/shared/forward-logs-shared.js:44
[ 1877308ms] [LOG] [Fast Refresh] rebuilding @ webpack-internal:///(app-pages-browser)/./node_modules/next/dist/next-devtools/shared/forward-logs-shared.js:44
[ 1877738ms] [LOG] [Fast Refresh] done in 430ms @ webpack-internal:///(app-pages-browser)/./node_modules/next/dist/next-devtools/shared/forward-logs-shared.js:44
[ 1880368ms] [LOG] [Fast Refresh] rebuilding @ webpack-internal:///(app-pages-browser)/./node_modules/next/dist/next-devtools/shared/forward-logs-shared.js:44
[ 1880557ms] [LOG] [Fast Refresh] done in 189ms @ webpack-internal:///(app-pages-browser)/./node_modules/next/dist/next-devtools/shared/forward-logs-shared.js:44
[ 1881502ms] [LOG] [Fast Refresh] rebuilding @ webpack-internal:///(app-pages-browser)/./node_modules/next/dist/next-devtools/shared/forward-logs-shared.js:44
[ 1881851ms] [LOG] [Fast Refresh] done in 350ms @ webpack-internal:///(app-pages-browser)/./node_modules/next/dist/next-devtools/shared/forward-logs-shared.js:44
[ 1882765ms] [LOG] [Fast Refresh] rebuilding @ webpack-internal:///(app-pages-browser)/./node_modules/next/dist/next-devtools/shared/forward-logs-shared.js:44
[ 1883073ms] [LOG] [Fast Refresh] done in 309ms @ webpack-internal:///(app-pages-browser)/./node_modules/next/dist/next-devtools/shared/forward-logs-shared.js:44
[ 1883719ms] [LOG] [Fast Refresh] rebuilding @ webpack-internal:///(app-pages-browser)/./node_modules/next/dist/next-devtools/shared/forward-logs-shared.js:44
[ 1883978ms] [LOG] [Fast Refresh] done in 260ms @ webpack-internal:///(app-pages-browser)/./node_modules/next/dist/next-devtools/shared/forward-logs-shared.js:44
[ 1884965ms] [LOG] [Fast Refresh] rebuilding @ webpack-internal:///(app-pages-browser)/./node_modules/next/dist/next-devtools/shared/forward-logs-shared.js:44
[ 1885313ms] [LOG] [Fast Refresh] done in 348ms @ webpack-internal:///(app-pages-browser)/./node_modules/next/dist/next-devtools/shared/forward-logs-shared.js:44
[ 1885996ms] [LOG] [Fast Refresh] rebuilding @ webpack-internal:///(app-pages-browser)/./node_modules/next/dist/next-devtools/shared/forward-logs-shared.js:44
[ 1886197ms] [LOG] [Fast Refresh] done in 200ms @ webpack-internal:///(app-pages-browser)/./node_modules/next/dist/next-devtools/shared/forward-logs-shared.js:44
[ 1888161ms] [LOG] [Fast Refresh] rebuilding @ webpack-internal:///(app-pages-browser)/./node_modules/next/dist/next-devtools/shared/forward-logs-shared.js:44
[ 1888438ms] [LOG] [Fast Refresh] done in 277ms @ webpack-internal:///(app-pages-browser)/./node_modules/next/dist/next-devtools/shared/forward-logs-shared.js:44
[ 1889232ms] [LOG] [Fast Refresh] rebuilding @ webpack-internal:///(app-pages-browser)/./node_modules/next/dist/next-devtools/shared/forward-logs-shared.js:44
[ 1889523ms] [LOG] [Fast Refresh] done in 291ms @ webpack-internal:///(app-pages-browser)/./node_modules/next/dist/next-devtools/shared/forward-logs-shared.js:44
[ 1890325ms] [LOG] [Fast Refresh] rebuilding @ webpack-internal:///(app-pages-browser)/./node_modules/next/dist/next-devtools/shared/forward-logs-shared.js:44
[ 1890534ms] [LOG] [Fast Refresh] done in 209ms @ webpack-internal:///(app-pages-browser)/./node_modules/next/dist/next-devtools/shared/forward-logs-shared.js:44
[ 1891831ms] [LOG] [Fast Refresh] rebuilding @ webpack-internal:///(app-pages-browser)/./node_modules/next/dist/next-devtools/shared/forward-logs-shared.js:44
[ 1892709ms] [LOG] [Fast Refresh] done in 879ms @ webpack-internal:///(app-pages-browser)/./node_modules/next/dist/next-devtools/shared/forward-logs-shared.js:44
[ 1893342ms] [LOG] [Fast Refresh] rebuilding @ webpack-internal:///(app-pages-browser)/./node_modules/next/dist/next-devtools/shared/forward-logs-shared.js:44
[ 1894705ms] [LOG] [Fast Refresh] done in 1363ms @ webpack-internal:///(app-pages-browser)/./node_modules/next/dist/next-devtools/shared/forward-logs-shared.js:44
[ 1895358ms] [LOG] [Fast Refresh] rebuilding @ webpack-internal:///(app-pages-browser)/./node_modules/next/dist/next-devtools/shared/forward-logs-shared.js:44
[ 1895718ms] [LOG] [Fast Refresh] done in 360ms @ webpack-internal:///(app-pages-browser)/./node_modules/next/dist/next-devtools/shared/forward-logs-shared.js:44
[ 1897176ms] [LOG] [Fast Refresh] rebuilding @ webpack-internal:///(app-pages-browser)/./node_modules/next/dist/next-devtools/shared/forward-logs-shared.js:44
[ 1898091ms] [LOG] [Fast Refresh] done in 915ms @ webpack-internal:///(app-pages-browser)/./node_modules/next/dist/next-devtools/shared/forward-logs-shared.js:44
[ 1899035ms] [LOG] [Fast Refresh] rebuilding @ webpack-internal:///(app-pages-browser)/./node_modules/next/dist/next-devtools/shared/forward-logs-shared.js:44
[ 1899294ms] [LOG] [Fast Refresh] done in 259ms @ webpack-internal:///(app-pages-browser)/./node_modules/next/dist/next-devtools/shared/forward-logs-shared.js:44
[ 1900115ms] [LOG] [Fast Refresh] rebuilding @ webpack-internal:///(app-pages-browser)/./node_modules/next/dist/next-devtools/shared/forward-logs-shared.js:44
[ 1900383ms] [LOG] [Fast Refresh] done in 268ms @ webpack-internal:///(app-pages-browser)/./node_modules/next/dist/next-devtools/shared/forward-logs-shared.js:44
[ 1901060ms] [LOG] [Fast Refresh] rebuilding @ webpack-internal:///(app-pages-browser)/./node_modules/next/dist/next-devtools/shared/forward-logs-shared.js:44
[ 1901323ms] [LOG] [Fast Refresh] done in 264ms @ webpack-internal:///(app-pages-browser)/./node_modules/next/dist/next-devtools/shared/forward-logs-shared.js:44
[ 1902349ms] [LOG] [Fast Refresh] rebuilding @ webpack-internal:///(app-pages-browser)/./node_modules/next/dist/next-devtools/shared/forward-logs-shared.js:44
[ 1902652ms] [LOG] [Fast Refresh] done in 303ms @ webpack-internal:///(app-pages-browser)/./node_modules/next/dist/next-devtools/shared/forward-logs-shared.js:44
[ 1903759ms] [LOG] [Fast Refresh] rebuilding @ webpack-internal:///(app-pages-browser)/./node_modules/next/dist/next-devtools/shared/forward-logs-shared.js:44
[ 1904105ms] [LOG] [Fast Refresh] done in 345ms @ webpack-internal:///(app-pages-browser)/./node_modules/next/dist/next-devtools/shared/forward-logs-shared.js:44
[ 1905025ms] [LOG] [Fast Refresh] rebuilding @ webpack-internal:///(app-pages-browser)/./node_modules/next/dist/next-devtools/shared/forward-logs-shared.js:44
[ 1905733ms] [LOG] [Fast Refresh] done in 708ms @ webpack-internal:///(app-pages-browser)/./node_modules/next/dist/next-devtools/shared/forward-logs-shared.js:44
[ 1906223ms] [LOG] [Fast Refresh] rebuilding @ webpack-internal:///(app-pages-browser)/./node_modules/next/dist/next-devtools/shared/forward-logs-shared.js:44
[ 1906449ms] [LOG] [Fast Refresh] done in 226ms @ webpack-internal:///(app-pages-browser)/./node_modules/next/dist/next-devtools/shared/forward-logs-shared.js:44
[ 1907371ms] [LOG] [Fast Refresh] rebuilding @ webpack-internal:///(app-pages-browser)/./node_modules/next/dist/next-devtools/shared/forward-logs-shared.js:44
[ 1907754ms] [LOG] [Fast Refresh] done in 383ms @ webpack-internal:///(app-pages-browser)/./node_modules/next/dist/next-devtools/shared/forward-logs-shared.js:44
[ 1908999ms] [LOG] [Fast Refresh] rebuilding @ webpack-internal:///(app-pages-browser)/./node_modules/next/dist/next-devtools/shared/forward-logs-shared.js:44
[ 1909596ms] [LOG] [Fast Refresh] done in 597ms @ webpack-internal:///(app-pages-browser)/./node_modules/next/dist/next-devtools/shared/forward-logs-shared.js:44
[ 1911467ms] [LOG] [Fast Refresh] rebuilding @ webpack-internal:///(app-pages-browser)/./node_modules/next/dist/next-devtools/shared/forward-logs-shared.js:44
[ 1912258ms] [LOG] [Fast Refresh] done in 790ms @ webpack-internal:///(app-pages-browser)/./node_modules/next/dist/next-devtools/shared/forward-logs-shared.js:44
[ 1913424ms] [LOG] [Fast Refresh] rebuilding @ webpack-internal:///(app-pages-browser)/./node_modules/next/dist/next-devtools/shared/forward-logs-shared.js:44
[ 1914225ms] [LOG] [Fast Refresh] done in 801ms @ webpack-internal:///(app-pages-browser)/./node_modules/next/dist/next-devtools/shared/forward-logs-shared.js:44
[ 1914704ms] [LOG] [Fast Refresh] rebuilding @ webpack-internal:///(app-pages-browser)/./node_modules/next/dist/next-devtools/shared/forward-logs-shared.js:44
[ 1914998ms] [LOG] [Fast Refresh] done in 294ms @ webpack-internal:///(app-pages-browser)/./node_modules/next/dist/next-devtools/shared/forward-logs-shared.js:44
[ 1915954ms] [LOG] [Fast Refresh] rebuilding @ webpack-internal:///(app-pages-browser)/./node_modules/next/dist/next-devtools/shared/forward-logs-shared.js:44
[ 1916453ms] [LOG] [Fast Refresh] done in 499ms @ webpack-internal:///(app-pages-browser)/./node_modules/next/dist/next-devtools/shared/forward-logs-shared.js:44
[ 1917473ms] [LOG] [Fast Refresh] rebuilding @ webpack-internal:///(app-pages-browser)/./node_modules/next/dist/next-devtools/shared/forward-logs-shared.js:44
[ 1917901ms] [LOG] [Fast Refresh] done in 427ms @ webpack-internal:///(app-pages-browser)/./node_modules/next/dist/next-devtools/shared/forward-logs-shared.js:44
[ 1919233ms] [LOG] [Fast Refresh] rebuilding @ webpack-internal:///(app-pages-browser)/./node_modules/next/dist/next-devtools/shared/forward-logs-shared.js:44
[ 1920090ms] [LOG] [Fast Refresh] done in 856ms @ webpack-internal:///(app-pages-browser)/./node_modules/next/dist/next-devtools/shared/forward-logs-shared.js:44
[ 1920964ms] [LOG] [Fast Refresh] rebuilding @ webpack-internal:///(app-pages-browser)/./node_modules/next/dist/next-devtools/shared/forward-logs-shared.js:44
[ 1921867ms] [LOG] [Fast Refresh] done in 904ms @ webpack-internal:///(app-pages-browser)/./node_modules/next/dist/next-devtools/shared/forward-logs-shared.js:44
[ 1922606ms] [LOG] [Fast Refresh] rebuilding @ webpack-internal:///(app-pages-browser)/./node_modules/next/dist/next-devtools/shared/forward-logs-shared.js:44
[ 1923278ms] [LOG] [Fast Refresh] done in 671ms @ webpack-internal:///(app-pages-browser)/./node_modules/next/dist/next-devtools/shared/forward-logs-shared.js:44
[ 1924747ms] [LOG] [Fast Refresh] rebuilding @ webpack-internal:///(app-pages-browser)/./node_modules/next/dist/next-devtools/shared/forward-logs-shared.js:44
[ 1925650ms] [LOG] [Fast Refresh] done in 901ms @ webpack-internal:///(app-pages-browser)/./node_modules/next/dist/next-devtools/shared/forward-logs-shared.js:44
[ 1926143ms] [LOG] [Fast Refresh] rebuilding @ webpack-internal:///(app-pages-browser)/./node_modules/next/dist/next-devtools/shared/forward-logs-shared.js:44
[ 1926561ms] [LOG] [Fast Refresh] done in 418ms @ webpack-internal:///(app-pages-browser)/./node_modules/next/dist/next-devtools/shared/forward-logs-shared.js:44
[ 1927468ms] [LOG] [Fast Refresh] rebuilding @ webpack-internal:///(app-pages-browser)/./node_modules/next/dist/next-devtools/shared/forward-logs-shared.js:44
[ 1927833ms] [LOG] [Fast Refresh] done in 365ms @ webpack-internal:///(app-pages-browser)/./node_modules/next/dist/next-devtools/shared/forward-logs-shared.js:44
[ 1928804ms] [LOG] [Fast Refresh] rebuilding @ webpack-internal:///(app-pages-browser)/./node_modules/next/dist/next-devtools/shared/forward-logs-shared.js:44
[ 1929060ms] [LOG] [Fast Refresh] done in 256ms @ webpack-internal:///(app-pages-browser)/./node_modules/next/dist/next-devtools/shared/forward-logs-shared.js:44
[ 1929825ms] [LOG] [Fast Refresh] rebuilding @ webpack-internal:///(app-pages-browser)/./node_modules/next/dist/next-devtools/shared/forward-logs-shared.js:44
[ 1930251ms] [LOG] [Fast Refresh] done in 426ms @ webpack-internal:///(app-pages-browser)/./node_modules/next/dist/next-devtools/shared/forward-logs-shared.js:44
[ 1931383ms] [LOG] [Fast Refresh] rebuilding @ webpack-internal:///(app-pages-browser)/./node_modules/next/dist/next-devtools/shared/forward-logs-shared.js:44
[ 1931672ms] [LOG] [Fast Refresh] done in 289ms @ webpack-internal:///(app-pages-browser)/./node_modules/next/dist/next-devtools/shared/forward-logs-shared.js:44
[ 1932539ms] [LOG] [Fast Refresh] rebuilding @ webpack-internal:///(app-pages-browser)/./node_modules/next/dist/next-devtools/shared/forward-logs-shared.js:44
[ 1932927ms] [LOG] [Fast Refresh] done in 388ms @ webpack-internal:///(app-pages-browser)/./node_modules/next/dist/next-devtools/shared/forward-logs-shared.js:44
[ 1933589ms] [LOG] [Fast Refresh] rebuilding @ webpack-internal:///(app-pages-browser)/./node_modules/next/dist/next-devtools/shared/forward-logs-shared.js:44
[ 1934389ms] [LOG] [Fast Refresh] done in 800ms @ webpack-internal:///(app-pages-browser)/./node_modules/next/dist/next-devtools/shared/forward-logs-shared.js:44
[ 1936454ms] [LOG] [Fast Refresh] rebuilding @ webpack-internal:///(app-pages-browser)/./node_modules/next/dist/next-devtools/shared/forward-logs-shared.js:44
[ 1936729ms] [LOG] [Fast Refresh] done in 276ms @ webpack-internal:///(app-pages-browser)/./node_modules/next/dist/next-devtools/shared/forward-logs-shared.js:44
[ 1937803ms] [LOG] [Fast Refresh] rebuilding @ webpack-internal:///(app-pages-browser)/./node_modules/next/dist/next-devtools/shared/forward-logs-shared.js:44
[ 1938097ms] [LOG] [Fast Refresh] done in 294ms @ webpack-internal:///(app-pages-browser)/./node_modules/next/dist/next-devtools/shared/forward-logs-shared.js:44
[ 1939133ms] [LOG] [Fast Refresh] rebuilding @ webpack-internal:///(app-pages-browser)/./node_modules/next/dist/next-devtools/shared/forward-logs-shared.js:44
[ 1939778ms] [LOG] [Fast Refresh] done in 645ms @ webpack-internal:///(app-pages-browser)/./node_modules/next/dist/next-devtools/shared/forward-logs-shared.js:44
[ 1941046ms] [LOG] [Fast Refresh] rebuilding @ webpack-internal:///(app-pages-browser)/./node_modules/next/dist/next-devtools/shared/forward-logs-shared.js:44
[ 1941526ms] [LOG] [Fast Refresh] done in 497ms @ webpack-internal:///(app-pages-browser)/./node_modules/next/dist/next-devtools/shared/forward-logs-shared.js:44
[ 1942270ms] [LOG] [Fast Refresh] rebuilding @ webpack-internal:///(app-pages-browser)/./node_modules/next/dist/next-devtools/shared/forward-logs-shared.js:44
[ 1942598ms] [LOG] [Fast Refresh] done in 327ms @ webpack-internal:///(app-pages-browser)/./node_modules/next/dist/next-devtools/shared/forward-logs-shared.js:44
[ 1943282ms] [LOG] [Fast Refresh] rebuilding @ webpack-internal:///(app-pages-browser)/./node_modules/next/dist/next-devtools/shared/forward-logs-shared.js:44
[ 1943585ms] [LOG] [Fast Refresh] done in 302ms @ webpack-internal:///(app-pages-browser)/./node_modules/next/dist/next-devtools/shared/forward-logs-shared.js:44
[ 1944327ms] [LOG] [Fast Refresh] rebuilding @ webpack-internal:///(app-pages-browser)/./node_modules/next/dist/next-devtools/shared/forward-logs-shared.js:44
[ 1944598ms] [LOG] [Fast Refresh] done in 271ms @ webpack-internal:///(app-pages-browser)/./node_modules/next/dist/next-devtools/shared/forward-logs-shared.js:44
[ 1945357ms] [LOG] [Fast Refresh] rebuilding @ webpack-internal:///(app-pages-browser)/./node_modules/next/dist/next-devtools/shared/forward-logs-shared.js:44
[ 1945669ms] [LOG] [Fast Refresh] done in 312ms @ webpack-internal:///(app-pages-browser)/./node_modules/next/dist/next-devtools/shared/forward-logs-shared.js:44
[ 1946364ms] [LOG] [Fast Refresh] rebuilding @ webpack-internal:///(app-pages-browser)/./node_modules/next/dist/next-devtools/shared/forward-logs-shared.js:44
[ 1946613ms] [LOG] [Fast Refresh] done in 249ms @ webpack-internal:///(app-pages-browser)/./node_modules/next/dist/next-devtools/shared/forward-logs-shared.js:44
[ 1947461ms] [LOG] [Fast Refresh] rebuilding @ webpack-internal:///(app-pages-browser)/./node_modules/next/dist/next-devtools/shared/forward-logs-shared.js:44
[ 1947833ms] [LOG] [Fast Refresh] done in 371ms @ webpack-internal:///(app-pages-browser)/./node_modules/next/dist/next-devtools/shared/forward-logs-shared.js:44
[ 1948568ms] [LOG] [Fast Refresh] rebuilding @ webpack-internal:///(app-pages-browser)/./node_modules/next/dist/next-devtools/shared/forward-logs-shared.js:44
[ 1948861ms] [LOG] [Fast Refresh] done in 293ms @ webpack-internal:///(app-pages-browser)/./node_modules/next/dist/next-devtools/shared/forward-logs-shared.js:44
[ 1949969ms] [LOG] [Fast Refresh] rebuilding @ webpack-internal:///(app-pages-browser)/./node_modules/next/dist/next-devtools/shared/forward-logs-shared.js:44
[ 1950309ms] [LOG] [Fast Refresh] done in 341ms @ webpack-internal:///(app-pages-browser)/./node_modules/next/dist/next-devtools/shared/forward-logs-shared.js:44
[ 1950994ms] [LOG] [Fast Refresh] rebuilding @ webpack-internal:///(app-pages-browser)/./node_modules/next/dist/next-devtools/shared/forward-logs-shared.js:44
[ 1951207ms] [LOG] [Fast Refresh] done in 214ms @ webpack-internal:///(app-pages-browser)/./node_modules/next/dist/next-devtools/shared/forward-logs-shared.js:44
[ 1952016ms] [LOG] [Fast Refresh] rebuilding @ webpack-internal:///(app-pages-browser)/./node_modules/next/dist/next-devtools/shared/forward-logs-shared.js:44
[ 1952289ms] [LOG] [Fast Refresh] done in 272ms @ webpack-internal:///(app-pages-browser)/./node_modules/next/dist/next-devtools/shared/forward-logs-shared.js:44
[ 1953060ms] [LOG] [Fast Refresh] rebuilding @ webpack-internal:///(app-pages-browser)/./node_modules/next/dist/next-devtools/shared/forward-logs-shared.js:44
[ 1953349ms] [LOG] [Fast Refresh] done in 289ms @ webpack-internal:///(app-pages-browser)/./node_modules/next/dist/next-devtools/shared/forward-logs-shared.js:44
[ 1954286ms] [LOG] [Fast Refresh] rebuilding @ webpack-internal:///(app-pages-browser)/./node_modules/next/dist/next-devtools/shared/forward-logs-shared.js:44
[ 1955204ms] [LOG] [Fast Refresh] done in 917ms @ webpack-internal:///(app-pages-browser)/./node_modules/next/dist/next-devtools/shared/forward-logs-shared.js:44
[ 1955613ms] [LOG] [Fast Refresh] rebuilding @ webpack-internal:///(app-pages-browser)/./node_modules/next/dist/next-devtools/shared/forward-logs-shared.js:44
[ 1955884ms] [LOG] [Fast Refresh] done in 270ms @ webpack-internal:///(app-pages-browser)/./node_modules/next/dist/next-devtools/shared/forward-logs-shared.js:44
[ 1956719ms] [LOG] [Fast Refresh] rebuilding @ webpack-internal:///(app-pages-browser)/./node_modules/next/dist/next-devtools/shared/forward-logs-shared.js:44
[ 1957073ms] [LOG] [Fast Refresh] done in 355ms @ webpack-internal:///(app-pages-browser)/./node_modules/next/dist/next-devtools/shared/forward-logs-shared.js:44
[ 1957958ms] [LOG] [Fast Refresh] rebuilding @ webpack-internal:///(app-pages-browser)/./node_modules/next/dist/next-devtools/shared/forward-logs-shared.js:44
[ 1958773ms] [LOG] [Fast Refresh] done in 815ms @ webpack-internal:///(app-pages-browser)/./node_modules/next/dist/next-devtools/shared/forward-logs-shared.js:44
[ 1959413ms] [LOG] [Fast Refresh] rebuilding @ webpack-internal:///(app-pages-browser)/./node_modules/next/dist/next-devtools/shared/forward-logs-shared.js:44
[ 1960063ms] [LOG] [Fast Refresh] done in 650ms @ webpack-internal:///(app-pages-browser)/./node_modules/next/dist/next-devtools/shared/forward-logs-shared.js:44
[ 1961309ms] [LOG] [Fast Refresh] rebuilding @ webpack-internal:///(app-pages-browser)/./node_modules/next/dist/next-devtools/shared/forward-logs-shared.js:44
[ 1961646ms] [LOG] [Fast Refresh] done in 337ms @ webpack-internal:///(app-pages-browser)/./node_modules/next/dist/next-devtools/shared/forward-logs-shared.js:44
[ 1962664ms] [LOG] [Fast Refresh] rebuilding @ webpack-internal:///(app-pages-browser)/./node_modules/next/dist/next-devtools/shared/forward-logs-shared.js:44
[ 1963034ms] [LOG] [Fast Refresh] done in 369ms @ webpack-internal:///(app-pages-browser)/./node_modules/next/dist/next-devtools/shared/forward-logs-shared.js:44
[ 1963909ms] [LOG] [Fast Refresh] rebuilding @ webpack-internal:///(app-pages-browser)/./node_modules/next/dist/next-devtools/shared/forward-logs-shared.js:44
[ 1964199ms] [LOG] [Fast Refresh] done in 289ms @ webpack-internal:///(app-pages-browser)/./node_modules/next/dist/next-devtools/shared/forward-logs-shared.js:44
[ 1965025ms] [LOG] [Fast Refresh] rebuilding @ webpack-internal:///(app-pages-browser)/./node_modules/next/dist/next-devtools/shared/forward-logs-shared.js:44
[ 1965379ms] [LOG] [Fast Refresh] done in 355ms @ webpack-internal:///(app-pages-browser)/./node_modules/next/dist/next-devtools/shared/forward-logs-shared.js:44
[ 1966127ms] [LOG] [Fast Refresh] rebuilding @ webpack-internal:///(app-pages-browser)/./node_modules/next/dist/next-devtools/shared/forward-logs-shared.js:44
[ 1969847ms] [LOG] [Fast Refresh] done in 3720ms @ webpack-internal:///(app-pages-browser)/./node_modules/next/dist/next-devtools/shared/forward-logs-shared.js:44
[ 1969850ms] [WARNING] The resource http://localhost:3000/_next/static/css/app/layout.css?v=1786516891046 was preloaded using link preload but not used within a few seconds from the window's load event. Please make sure it has an appropriate `as` value and it is preloaded intentionally. @ http://localhost:3000/sales-executive/u4:0
[ 1969853ms] [WARNING] The resource http://localhost:3000/_next/static/css/app/layout.css?v=1786515891904 was preloaded using link preload but not used within a few seconds from the window's load event. Please make sure it has an appropriate `as` value and it is preloaded intentionally. @ http://localhost:3000/sales-executive/u4:0
[ 1969854ms] [WARNING] The resource http://localhost:3000/_next/static/css/app/layout.css?v=1786516180392 was preloaded using link preload but not used within a few seconds from the window's load event. Please make sure it has an appropriate `as` value and it is preloaded intentionally. @ http://localhost:3000/sales-executive/u4:0
[ 1969854ms] [WARNING] The resource http://localhost:3000/_next/static/css/app/layout.css?v=1786517248004 was preloaded using link preload but not used within a few seconds from the window's load event. Please make sure it has an appropriate `as` value and it is preloaded intentionally. @ http://localhost:3000/sales-executive/u4:0
[ 1969854ms] [WARNING] The resource http://localhost:3000/_next/static/css/app/layout.css?v=1786517248765 was preloaded using link preload but not used within a few seconds from the window's load event. Please make sure it has an appropriate `as` value and it is preloaded intentionally. @ http://localhost:3000/sales-executive/u4:0
[ 1969854ms] [WARNING] The resource http://localhost:3000/_next/static/css/app/layout.css?v=1786516994543 was preloaded using link preload but not used within a few seconds from the window's load event. Please make sure it has an appropriate `as` value and it is preloaded intentionally. @ http://localhost:3000/sales-executive/u4:0
[ 1969854ms] [WARNING] The resource http://localhost:3000/_next/static/css/app/layout.css?v=1786516182671 was preloaded using link preload but not used within a few seconds from the window's load event. Please make sure it has an appropriate `as` value and it is preloaded intentionally. @ http://localhost:3000/sales-executive/u4:0
[ 1969854ms] [WARNING] The resource http://localhost:3000/_next/static/css/app/layout.css?v=1786517346356 was preloaded using link preload but not used within a few seconds from the window's load event. Please make sure it has an appropriate `as` value and it is preloaded intentionally. @ http://localhost:3000/sales-executive/u4:0
[ 1972359ms] [LOG] [Fast Refresh] rebuilding @ webpack-internal:///(app-pages-browser)/./node_modules/next/dist/next-devtools/shared/forward-logs-shared.js:44
[ 1973217ms] [LOG] [Fast Refresh] done in 857ms @ webpack-internal:///(app-pages-browser)/./node_modules/next/dist/next-devtools/shared/forward-logs-shared.js:44
[ 1973675ms] [LOG] [Fast Refresh] rebuilding @ webpack-internal:///(app-pages-browser)/./node_modules/next/dist/next-devtools/shared/forward-logs-shared.js:44
[ 1974075ms] [LOG] [Fast Refresh] done in 400ms @ webpack-internal:///(app-pages-browser)/./node_modules/next/dist/next-devtools/shared/forward-logs-shared.js:44
[ 1974879ms] [LOG] [Fast Refresh] rebuilding @ webpack-internal:///(app-pages-browser)/./node_modules/next/dist/next-devtools/shared/forward-logs-shared.js:44
[ 1975230ms] [LOG] [Fast Refresh] done in 350ms @ webpack-internal:///(app-pages-browser)/./node_modules/next/dist/next-devtools/shared/forward-logs-shared.js:44
[ 1975934ms] [LOG] [Fast Refresh] rebuilding @ webpack-internal:///(app-pages-browser)/./node_modules/next/dist/next-devtools/shared/forward-logs-shared.js:44
[ 1976258ms] [LOG] [Fast Refresh] done in 323ms @ webpack-internal:///(app-pages-browser)/./node_modules/next/dist/next-devtools/shared/forward-logs-shared.js:44
[ 1977563ms] [LOG] [Fast Refresh] rebuilding @ webpack-internal:///(app-pages-browser)/./node_modules/next/dist/next-devtools/shared/forward-logs-shared.js:44
[ 1978789ms] [LOG] [Fast Refresh] done in 1226ms @ webpack-internal:///(app-pages-browser)/./node_modules/next/dist/next-devtools/shared/forward-logs-shared.js:44
[ 1979311ms] [LOG] [Fast Refresh] rebuilding @ webpack-internal:///(app-pages-browser)/./node_modules/next/dist/next-devtools/shared/forward-logs-shared.js:44
[ 1979808ms] [LOG] [Fast Refresh] done in 497ms @ webpack-internal:///(app-pages-browser)/./node_modules/next/dist/next-devtools/shared/forward-logs-shared.js:44
[ 1981016ms] [LOG] [Fast Refresh] rebuilding @ webpack-internal:///(app-pages-browser)/./node_modules/next/dist/next-devtools/shared/forward-logs-shared.js:44
[ 1982828ms] [LOG] [Fast Refresh] done in 1812ms @ webpack-internal:///(app-pages-browser)/./node_modules/next/dist/next-devtools/shared/forward-logs-shared.js:44
[ 1983423ms] [LOG] [Fast Refresh] rebuilding @ webpack-internal:///(app-pages-browser)/./node_modules/next/dist/next-devtools/shared/forward-logs-shared.js:44
[ 1986642ms] [LOG] [Fast Refresh] done in 3219ms @ webpack-internal:///(app-pages-browser)/./node_modules/next/dist/next-devtools/shared/forward-logs-shared.js:44
[ 1986644ms] [LOG] [Fast Refresh] rebuilding @ webpack-internal:///(app-pages-browser)/./node_modules/next/dist/next-devtools/shared/forward-logs-shared.js:44
[ 1987995ms] [LOG] [Fast Refresh] done in 1351ms @ webpack-internal:///(app-pages-browser)/./node_modules/next/dist/next-devtools/shared/forward-logs-shared.js:44
[ 1989698ms] [LOG] [Fast Refresh] rebuilding @ webpack-internal:///(app-pages-browser)/./node_modules/next/dist/next-devtools/shared/forward-logs-shared.js:44
[ 2006413ms] [WARNING] The resource http://localhost:3000/_next/static/css/app/layout.css?v=1786516891046 was preloaded using link preload but not used within a few seconds from the window's load event. Please make sure it has an appropriate `as` value and it is preloaded intentionally. @ http://localhost:3000/sales-executive/u4:0
[ 2006416ms] [WARNING] The resource http://localhost:3000/_next/static/css/app/layout.css?v=1786517364042 was preloaded using link preload but not used within a few seconds from the window's load event. Please make sure it has an appropriate `as` value and it is preloaded intentionally. @ http://localhost:3000/sales-executive/u4:0
[ 2006416ms] [WARNING] The resource http://localhost:3000/_next/static/css/app/layout.css?v=1786517361017 was preloaded using link preload but not used within a few seconds from the window's load event. Please make sure it has an appropriate `as` value and it is preloaded intentionally. @ http://localhost:3000/sales-executive/u4:0
[ 2006416ms] [WARNING] The resource http://localhost:3000/_next/static/css/app/layout.css?v=1786517367126 was preloaded using link preload but not used within a few seconds from the window's load event. Please make sure it has an appropriate `as` value and it is preloaded intentionally. @ http://localhost:3000/sales-executive/u4:0
[ 2006417ms] [WARNING] The resource http://localhost:3000/_next/static/css/app/layout.css?v=1786515891904 was preloaded using link preload but not used within a few seconds from the window's load event. Please make sure it has an appropriate `as` value and it is preloaded intentionally. @ http://localhost:3000/sales-executive/u4:0
[ 2006417ms] [WARNING] The resource http://localhost:3000/_next/static/css/app/layout.css?v=1786516180392 was preloaded using link preload but not used within a few seconds from the window's load event. Please make sure it has an appropriate `as` value and it is preloaded intentionally. @ http://localhost:3000/sales-executive/u4:0
[ 2006417ms] [WARNING] The resource http://localhost:3000/_next/static/css/app/layout.css?v=1786517248004 was preloaded using link preload but not used within a few seconds from the window's load event. Please make sure it has an appropriate `as` value and it is preloaded intentionally. @ http://localhost:3000/sales-executive/u4:0
[ 2006417ms] [WARNING] The resource http://localhost:3000/_next/static/css/app/layout.css?v=1786517370214 was preloaded using link preload but not used within a few seconds from the window's load event. Please make sure it has an appropriate `as` value and it is preloaded intentionally. @ http://localhost:3000/sales-executive/u4:0
[ 2006417ms] [WARNING] The resource http://localhost:3000/_next/static/css/app/layout.css?v=1786517248765 was preloaded using link preload but not used within a few seconds from the window's load event. Please make sure it has an appropriate `as` value and it is preloaded intentionally. @ http://localhost:3000/sales-executive/u4:0
[ 2006420ms] [WARNING] The resource http://localhost:3000/_next/static/css/app/layout.css?v=1786516994543 was preloaded using link preload but not used within a few seconds from the window's load event. Please make sure it has an appropriate `as` value and it is preloaded intentionally. @ http://localhost:3000/sales-executive/u4:0
[ 2006422ms] [WARNING] The resource http://localhost:3000/_next/static/css/app/layout.css?v=1786516182671 was preloaded using link preload but not used within a few seconds from the window's load event. Please make sure it has an appropriate `as` value and it is preloaded intentionally. @ http://localhost:3000/sales-executive/u4:0
[ 2006758ms] [LOG] [Fast Refresh] done in 17059ms @ webpack-internal:///(app-pages-browser)/./node_modules/next/dist/next-devtools/shared/forward-logs-shared.js:44
[ 2006763ms] [LOG] [Fast Refresh] rebuilding @ webpack-internal:///(app-pages-browser)/./node_modules/next/dist/next-devtools/shared/forward-logs-shared.js:44
[ 2007032ms] [LOG] [Fast Refresh] done in 268ms @ webpack-internal:///(app-pages-browser)/./node_modules/next/dist/next-devtools/shared/forward-logs-shared.js:44
[ 2007161ms] [LOG] [Fast Refresh] rebuilding @ webpack-internal:///(app-pages-browser)/./node_modules/next/dist/next-devtools/shared/forward-logs-shared.js:44
[ 2008809ms] [LOG] [Fast Refresh] done in 1647ms @ webpack-internal:///(app-pages-browser)/./node_modules/next/dist/next-devtools/shared/forward-logs-shared.js:44
[ 2012382ms] [WARNING] The resource http://localhost:3000/_next/static/css/app/layout.css?v=1786516891046 was preloaded using link preload but not used within a few seconds from the window's load event. Please make sure it has an appropriate `as` value and it is preloaded intentionally. @ http://localhost:3000/sales-executive/u4:0
[ 2012382ms] [WARNING] The resource http://localhost:3000/_next/static/css/app/layout.css?v=1786517364042 was preloaded using link preload but not used within a few seconds from the window's load event. Please make sure it has an appropriate `as` value and it is preloaded intentionally. @ http://localhost:3000/sales-executive/u4:0
[ 2012382ms] [WARNING] The resource http://localhost:3000/_next/static/css/app/layout.css?v=1786517361017 was preloaded using link preload but not used within a few seconds from the window's load event. Please make sure it has an appropriate `as` value and it is preloaded intentionally. @ http://localhost:3000/sales-executive/u4:0
[ 2012382ms] [WARNING] The resource http://localhost:3000/_next/static/css/app/layout.css?v=1786517367126 was preloaded using link preload but not used within a few seconds from the window's load event. Please make sure it has an appropriate `as` value and it is preloaded intentionally. @ http://localhost:3000/sales-executive/u4:0
[ 2012382ms] [WARNING] The resource http://localhost:3000/_next/static/css/app/layout.css?v=1786515891904 was preloaded using link preload but not used within a few seconds from the window's load event. Please make sure it has an appropriate `as` value and it is preloaded intentionally. @ http://localhost:3000/sales-executive/u4:0
[ 2012382ms] [WARNING] The resource http://localhost:3000/_next/static/css/app/layout.css?v=1786516180392 was preloaded using link preload but not used within a few seconds from the window's load event. Please make sure it has an appropriate `as` value and it is preloaded intentionally. @ http://localhost:3000/sales-executive/u4:0
[ 2012382ms] [WARNING] The resource http://localhost:3000/_next/static/css/app/layout.css?v=1786517387764 was preloaded using link preload but not used within a few seconds from the window's load event. Please make sure it has an appropriate `as` value and it is preloaded intentionally. @ http://localhost:3000/sales-executive/u4:0
[ 2012382ms] [WARNING] The resource http://localhost:3000/_next/static/css/app/layout.css?v=1786517248004 was preloaded using link preload but not used within a few seconds from the window's load event. Please make sure it has an appropriate `as` value and it is preloaded intentionally. @ http://localhost:3000/sales-executive/u4:0
[ 2012384ms] [WARNING] The resource http://localhost:3000/_next/static/css/app/layout.css?v=1786517370214 was preloaded using link preload but not used within a few seconds from the window's load event. Please make sure it has an appropriate `as` value and it is preloaded intentionally. @ http://localhost:3000/sales-executive/u4:0
[ 2012384ms] [WARNING] The resource http://localhost:3000/_next/static/css/app/layout.css?v=1786517248765 was preloaded using link preload but not used within a few seconds from the window's load event. Please make sure it has an appropriate `as` value and it is preloaded intentionally. @ http://localhost:3000/sales-executive/u4:0
[ 2012384ms] [WARNING] The resource http://localhost:3000/_next/static/css/app/layout.css?v=1786516994543 was preloaded using link preload but not used within a few seconds from the window's load event. Please make sure it has an appropriate `as` value and it is preloaded intentionally. @ http://localhost:3000/sales-executive/u4:0
[ 2012384ms] [WARNING] The resource http://localhost:3000/_next/static/css/app/layout.css?v=1786516182671 was preloaded using link preload but not used within a few seconds from the window's load event. Please make sure it has an appropriate `as` value and it is preloaded intentionally. @ http://localhost:3000/sales-executive/u4:0
[ 2012384ms] [WARNING] The resource http://localhost:3000/_next/static/css/app/layout.css?v=1786517388240 was preloaded using link preload but not used within a few seconds from the window's load event. Please make sure it has an appropriate `as` value and it is preloaded intentionally. @ http://localhost:3000/sales-executive/u4:0
[ 2013969ms] [LOG] [Fast Refresh] rebuilding @ webpack-internal:///(app-pages-browser)/./node_modules/next/dist/next-devtools/shared/forward-logs-shared.js:44
[ 2016540ms] [LOG] [Fast Refresh] done in 2572ms @ webpack-internal:///(app-pages-browser)/./node_modules/next/dist/next-devtools/shared/forward-logs-shared.js:44
[ 2017850ms] [LOG] [Fast Refresh] rebuilding @ webpack-internal:///(app-pages-browser)/./node_modules/next/dist/next-devtools/shared/forward-logs-shared.js:44
[ 2019972ms] [LOG] [Fast Refresh] done in 2122ms @ webpack-internal:///(app-pages-browser)/./node_modules/next/dist/next-devtools/shared/forward-logs-shared.js:44
[ 2022176ms] [LOG] [Fast Refresh] rebuilding @ webpack-internal:///(app-pages-browser)/./node_modules/next/dist/next-devtools/shared/forward-logs-shared.js:44
[ 2023224ms] [WARNING] The resource http://localhost:3000/_next/static/css/app/layout.css?v=1786516891046 was preloaded using link preload but not used within a few seconds from the window's load event. Please make sure it has an appropriate `as` value and it is preloaded intentionally. @ http://localhost:3000/sales-executive/u4:0
[ 2023224ms] [WARNING] The resource http://localhost:3000/_next/static/css/app/layout.css?v=1786517364042 was preloaded using link preload but not used within a few seconds from the window's load event. Please make sure it has an appropriate `as` value and it is preloaded intentionally. @ http://localhost:3000/sales-executive/u4:0
[ 2023225ms] [WARNING] The resource http://localhost:3000/_next/static/css/app/layout.css?v=1786517361017 was preloaded using link preload but not used within a few seconds from the window's load event. Please make sure it has an appropriate `as` value and it is preloaded intentionally. @ http://localhost:3000/sales-executive/u4:0
[ 2023225ms] [WARNING] The resource http://localhost:3000/_next/static/css/app/layout.css?v=1786517367126 was preloaded using link preload but not used within a few seconds from the window's load event. Please make sure it has an appropriate `as` value and it is preloaded intentionally. @ http://localhost:3000/sales-executive/u4:0
[ 2023225ms] [WARNING] The resource http://localhost:3000/_next/static/css/app/layout.css?v=1786515891904 was preloaded using link preload but not used within a few seconds from the window's load event. Please make sure it has an appropriate `as` value and it is preloaded intentionally. @ http://localhost:3000/sales-executive/u4:0
[ 2023225ms] [WARNING] The resource http://localhost:3000/_next/static/css/app/layout.css?v=1786516180392 was preloaded using link preload but not used within a few seconds from the window's load event. Please make sure it has an appropriate `as` value and it is preloaded intentionally. @ http://localhost:3000/sales-executive/u4:0
[ 2023225ms] [WARNING] The resource http://localhost:3000/_next/static/css/app/layout.css?v=1786517387764 was preloaded using link preload but not used within a few seconds from the window's load event. Please make sure it has an appropriate `as` value and it is preloaded intentionally. @ http://localhost:3000/sales-executive/u4:0
[ 2023225ms] [WARNING] The resource http://localhost:3000/_next/static/css/app/layout.css?v=1786517248004 was preloaded using link preload but not used within a few seconds from the window's load event. Please make sure it has an appropriate `as` value and it is preloaded intentionally. @ http://localhost:3000/sales-executive/u4:0
[ 2023225ms] [WARNING] The resource http://localhost:3000/_next/static/css/app/layout.css?v=1786517370214 was preloaded using link preload but not used within a few seconds from the window's load event. Please make sure it has an appropriate `as` value and it is preloaded intentionally. @ http://localhost:3000/sales-executive/u4:0
[ 2023225ms] [WARNING] The resource http://localhost:3000/_next/static/css/app/layout.css?v=1786517248765 was preloaded using link preload but not used within a few seconds from the window's load event. Please make sure it has an appropriate `as` value and it is preloaded intentionally. @ http://localhost:3000/sales-executive/u4:0
[ 2023226ms] [WARNING] The resource http://localhost:3000/_next/static/css/app/layout.css?v=1786516994543 was preloaded using link preload but not used within a few seconds from the window's load event. Please make sure it has an appropriate `as` value and it is preloaded intentionally. @ http://localhost:3000/sales-executive/u4:0
[ 2023226ms] [WARNING] The resource http://localhost:3000/_next/static/css/app/layout.css?v=1786516182671 was preloaded using link preload but not used within a few seconds from the window's load event. Please make sure it has an appropriate `as` value and it is preloaded intentionally. @ http://localhost:3000/sales-executive/u4:0
[ 2024036ms] [LOG] [Fast Refresh] done in 1861ms @ webpack-internal:///(app-pages-browser)/./node_modules/next/dist/next-devtools/shared/forward-logs-shared.js:44
[ 2025006ms] [LOG] [Fast Refresh] rebuilding @ webpack-internal:///(app-pages-browser)/./node_modules/next/dist/next-devtools/shared/forward-logs-shared.js:44
[ 2025755ms] [LOG] [Fast Refresh] done in 749ms @ webpack-internal:///(app-pages-browser)/./node_modules/next/dist/next-devtools/shared/forward-logs-shared.js:44
[ 2026354ms] [LOG] [Fast Refresh] rebuilding @ webpack-internal:///(app-pages-browser)/./node_modules/next/dist/next-devtools/shared/forward-logs-shared.js:44
[ 2027008ms] [LOG] [Fast Refresh] done in 656ms @ webpack-internal:///(app-pages-browser)/./node_modules/next/dist/next-devtools/shared/forward-logs-shared.js:44
[ 2028064ms] [LOG] [Fast Refresh] rebuilding @ webpack-internal:///(app-pages-browser)/./node_modules/next/dist/next-devtools/shared/forward-logs-shared.js:44
[ 2028516ms] [LOG] [Fast Refresh] done in 451ms @ webpack-internal:///(app-pages-browser)/./node_modules/next/dist/next-devtools/shared/forward-logs-shared.js:44
[ 2030122ms] [LOG] [Fast Refresh] rebuilding @ webpack-internal:///(app-pages-browser)/./node_modules/next/dist/next-devtools/shared/forward-logs-shared.js:44
[ 2031707ms] [LOG] [Fast Refresh] done in 1585ms @ webpack-internal:///(app-pages-browser)/./node_modules/next/dist/next-devtools/shared/forward-logs-shared.js:44
[ 2032238ms] [LOG] [Fast Refresh] rebuilding @ webpack-internal:///(app-pages-browser)/./node_modules/next/dist/next-devtools/shared/forward-logs-shared.js:44
[ 2033131ms] [LOG] [Fast Refresh] done in 892ms @ webpack-internal:///(app-pages-browser)/./node_modules/next/dist/next-devtools/shared/forward-logs-shared.js:44
[ 2033850ms] [LOG] [Fast Refresh] rebuilding @ webpack-internal:///(app-pages-browser)/./node_modules/next/dist/next-devtools/shared/forward-logs-shared.js:44
[ 2034559ms] [LOG] [Fast Refresh] done in 708ms @ webpack-internal:///(app-pages-browser)/./node_modules/next/dist/next-devtools/shared/forward-logs-shared.js:44
[ 2035870ms] [LOG] [Fast Refresh] rebuilding @ webpack-internal:///(app-pages-browser)/./node_modules/next/dist/next-devtools/shared/forward-logs-shared.js:44
[ 2036116ms] [LOG] [Fast Refresh] done in 248ms @ webpack-internal:///(app-pages-browser)/./node_modules/next/dist/next-devtools/shared/forward-logs-shared.js:44
[ 2037288ms] [LOG] [Fast Refresh] rebuilding @ webpack-internal:///(app-pages-browser)/./node_modules/next/dist/next-devtools/shared/forward-logs-shared.js:44
[ 2037780ms] [LOG] [Fast Refresh] done in 492ms @ webpack-internal:///(app-pages-browser)/./node_modules/next/dist/next-devtools/shared/forward-logs-shared.js:44
[ 2038845ms] [LOG] [Fast Refresh] rebuilding @ webpack-internal:///(app-pages-browser)/./node_modules/next/dist/next-devtools/shared/forward-logs-shared.js:44
[ 2039228ms] [LOG] [Fast Refresh] done in 382ms @ webpack-internal:///(app-pages-browser)/./node_modules/next/dist/next-devtools/shared/forward-logs-shared.js:44
[ 2040095ms] [LOG] [Fast Refresh] rebuilding @ webpack-internal:///(app-pages-browser)/./node_modules/next/dist/next-devtools/shared/forward-logs-shared.js:44
[ 2040379ms] [LOG] [Fast Refresh] done in 283ms @ webpack-internal:///(app-pages-browser)/./node_modules/next/dist/next-devtools/shared/forward-logs-shared.js:44
[ 2041205ms] [LOG] [Fast Refresh] rebuilding @ webpack-internal:///(app-pages-browser)/./node_modules/next/dist/next-devtools/shared/forward-logs-shared.js:44
[ 2041507ms] [LOG] [Fast Refresh] done in 301ms @ webpack-internal:///(app-pages-browser)/./node_modules/next/dist/next-devtools/shared/forward-logs-shared.js:44
[ 2042767ms] [LOG] [Fast Refresh] rebuilding @ webpack-internal:///(app-pages-browser)/./node_modules/next/dist/next-devtools/shared/forward-logs-shared.js:44
[ 2042970ms] [LOG] [Fast Refresh] done in 202ms @ webpack-internal:///(app-pages-browser)/./node_modules/next/dist/next-devtools/shared/forward-logs-shared.js:44
[ 2043797ms] [LOG] [Fast Refresh] rebuilding @ webpack-internal:///(app-pages-browser)/./node_modules/next/dist/next-devtools/shared/forward-logs-shared.js:44
[ 2044279ms] [LOG] [Fast Refresh] done in 482ms @ webpack-internal:///(app-pages-browser)/./node_modules/next/dist/next-devtools/shared/forward-logs-shared.js:44
[ 2046698ms] [LOG] [Fast Refresh] rebuilding @ webpack-internal:///(app-pages-browser)/./node_modules/next/dist/next-devtools/shared/forward-logs-shared.js:44
[ 2047000ms] [LOG] [Fast Refresh] done in 301ms @ webpack-internal:///(app-pages-browser)/./node_modules/next/dist/next-devtools/shared/forward-logs-shared.js:44
[ 2047998ms] [LOG] [Fast Refresh] rebuilding @ webpack-internal:///(app-pages-browser)/./node_modules/next/dist/next-devtools/shared/forward-logs-shared.js:44
[ 2048371ms] [LOG] [Fast Refresh] done in 373ms @ webpack-internal:///(app-pages-browser)/./node_modules/next/dist/next-devtools/shared/forward-logs-shared.js:44
[ 2049212ms] [LOG] [Fast Refresh] rebuilding @ webpack-internal:///(app-pages-browser)/./node_modules/next/dist/next-devtools/shared/forward-logs-shared.js:44
[ 2049528ms] [LOG] [Fast Refresh] done in 317ms @ webpack-internal:///(app-pages-browser)/./node_modules/next/dist/next-devtools/shared/forward-logs-shared.js:44
[ 2050397ms] [LOG] [Fast Refresh] rebuilding @ webpack-internal:///(app-pages-browser)/./node_modules/next/dist/next-devtools/shared/forward-logs-shared.js:44
[ 2050734ms] [LOG] [Fast Refresh] done in 338ms @ webpack-internal:///(app-pages-browser)/./node_modules/next/dist/next-devtools/shared/forward-logs-shared.js:44
[ 2051484ms] [LOG] [Fast Refresh] rebuilding @ webpack-internal:///(app-pages-browser)/./node_modules/next/dist/next-devtools/shared/forward-logs-shared.js:44
[ 2051797ms] [LOG] [Fast Refresh] done in 312ms @ webpack-internal:///(app-pages-browser)/./node_modules/next/dist/next-devtools/shared/forward-logs-shared.js:44
[ 2052537ms] [LOG] [Fast Refresh] rebuilding @ webpack-internal:///(app-pages-browser)/./node_modules/next/dist/next-devtools/shared/forward-logs-shared.js:44
[ 2052930ms] [LOG] [Fast Refresh] done in 392ms @ webpack-internal:///(app-pages-browser)/./node_modules/next/dist/next-devtools/shared/forward-logs-shared.js:44
[ 2053812ms] [LOG] [Fast Refresh] rebuilding @ webpack-internal:///(app-pages-browser)/./node_modules/next/dist/next-devtools/shared/forward-logs-shared.js:44
[ 2054110ms] [LOG] [Fast Refresh] done in 298ms @ webpack-internal:///(app-pages-browser)/./node_modules/next/dist/next-devtools/shared/forward-logs-shared.js:44
[ 2054860ms] [LOG] [Fast Refresh] rebuilding @ webpack-internal:///(app-pages-browser)/./node_modules/next/dist/next-devtools/shared/forward-logs-shared.js:44
[ 2055161ms] [LOG] [Fast Refresh] done in 300ms @ webpack-internal:///(app-pages-browser)/./node_modules/next/dist/next-devtools/shared/forward-logs-shared.js:44
[ 2056003ms] [LOG] [Fast Refresh] rebuilding @ webpack-internal:///(app-pages-browser)/./node_modules/next/dist/next-devtools/shared/forward-logs-shared.js:44
[ 2056404ms] [LOG] [Fast Refresh] done in 402ms @ webpack-internal:///(app-pages-browser)/./node_modules/next/dist/next-devtools/shared/forward-logs-shared.js:44
[ 2057266ms] [LOG] [Fast Refresh] rebuilding @ webpack-internal:///(app-pages-browser)/./node_modules/next/dist/next-devtools/shared/forward-logs-shared.js:44
[ 2057565ms] [LOG] [Fast Refresh] done in 298ms @ webpack-internal:///(app-pages-browser)/./node_modules/next/dist/next-devtools/shared/forward-logs-shared.js:44
[ 2058313ms] [LOG] [Fast Refresh] rebuilding @ webpack-internal:///(app-pages-browser)/./node_modules/next/dist/next-devtools/shared/forward-logs-shared.js:44
[ 2058611ms] [LOG] [Fast Refresh] done in 298ms @ webpack-internal:///(app-pages-browser)/./node_modules/next/dist/next-devtools/shared/forward-logs-shared.js:44
[ 2059590ms] [LOG] [Fast Refresh] rebuilding @ webpack-internal:///(app-pages-browser)/./node_modules/next/dist/next-devtools/shared/forward-logs-shared.js:44
[ 2060227ms] [LOG] [Fast Refresh] done in 636ms @ webpack-internal:///(app-pages-browser)/./node_modules/next/dist/next-devtools/shared/forward-logs-shared.js:44
[ 2060781ms] [LOG] [Fast Refresh] rebuilding @ webpack-internal:///(app-pages-browser)/./node_modules/next/dist/next-devtools/shared/forward-logs-shared.js:44
[ 2061180ms] [LOG] [Fast Refresh] done in 399ms @ webpack-internal:///(app-pages-browser)/./node_modules/next/dist/next-devtools/shared/forward-logs-shared.js:44
[ 2061987ms] [LOG] [Fast Refresh] rebuilding @ webpack-internal:///(app-pages-browser)/./node_modules/next/dist/next-devtools/shared/forward-logs-shared.js:44
[ 2062667ms] [LOG] [Fast Refresh] done in 680ms @ webpack-internal:///(app-pages-browser)/./node_modules/next/dist/next-devtools/shared/forward-logs-shared.js:44
[ 2063203ms] [LOG] [Fast Refresh] rebuilding @ webpack-internal:///(app-pages-browser)/./node_modules/next/dist/next-devtools/shared/forward-logs-shared.js:44
[ 2063561ms] [LOG] [Fast Refresh] done in 357ms @ webpack-internal:///(app-pages-browser)/./node_modules/next/dist/next-devtools/shared/forward-logs-shared.js:44
[ 2064589ms] [LOG] [Fast Refresh] rebuilding @ webpack-internal:///(app-pages-browser)/./node_modules/next/dist/next-devtools/shared/forward-logs-shared.js:44
[ 2065088ms] [LOG] [Fast Refresh] done in 498ms @ webpack-internal:///(app-pages-browser)/./node_modules/next/dist/next-devtools/shared/forward-logs-shared.js:44
[ 2066213ms] [LOG] [Fast Refresh] rebuilding @ webpack-internal:///(app-pages-browser)/./node_modules/next/dist/next-devtools/shared/forward-logs-shared.js:44
[ 2067187ms] [LOG] [Fast Refresh] done in 973ms @ webpack-internal:///(app-pages-browser)/./node_modules/next/dist/next-devtools/shared/forward-logs-shared.js:44
[ 2067949ms] [LOG] [Fast Refresh] rebuilding @ webpack-internal:///(app-pages-browser)/./node_modules/next/dist/next-devtools/shared/forward-logs-shared.js:44
[ 2068413ms] [LOG] [Fast Refresh] done in 465ms @ webpack-internal:///(app-pages-browser)/./node_modules/next/dist/next-devtools/shared/forward-logs-shared.js:44
[ 2069511ms] [LOG] [Fast Refresh] rebuilding @ webpack-internal:///(app-pages-browser)/./node_modules/next/dist/next-devtools/shared/forward-logs-shared.js:44
[ 2069899ms] [LOG] [Fast Refresh] done in 387ms @ webpack-internal:///(app-pages-browser)/./node_modules/next/dist/next-devtools/shared/forward-logs-shared.js:44
[ 2070906ms] [LOG] [Fast Refresh] rebuilding @ webpack-internal:///(app-pages-browser)/./node_modules/next/dist/next-devtools/shared/forward-logs-shared.js:44
[ 2071317ms] [LOG] [Fast Refresh] done in 411ms @ webpack-internal:///(app-pages-browser)/./node_modules/next/dist/next-devtools/shared/forward-logs-shared.js:44
[ 2072316ms] [LOG] [Fast Refresh] rebuilding @ webpack-internal:///(app-pages-browser)/./node_modules/next/dist/next-devtools/shared/forward-logs-shared.js:44
[ 2072741ms] [LOG] [Fast Refresh] done in 425ms @ webpack-internal:///(app-pages-browser)/./node_modules/next/dist/next-devtools/shared/forward-logs-shared.js:44
[ 2073586ms] [LOG] [Fast Refresh] rebuilding @ webpack-internal:///(app-pages-browser)/./node_modules/next/dist/next-devtools/shared/forward-logs-shared.js:44
[ 2073851ms] [LOG] [Fast Refresh] done in 266ms @ webpack-internal:///(app-pages-browser)/./node_modules/next/dist/next-devtools/shared/forward-logs-shared.js:44
[ 2076085ms] [LOG] [Fast Refresh] rebuilding @ webpack-internal:///(app-pages-browser)/./node_modules/next/dist/next-devtools/shared/forward-logs-shared.js:44
[ 2077177ms] [LOG] [Fast Refresh] done in 1092ms @ webpack-internal:///(app-pages-browser)/./node_modules/next/dist/next-devtools/shared/forward-logs-shared.js:44
[ 2079026ms] [LOG] [Fast Refresh] rebuilding @ webpack-internal:///(app-pages-browser)/./node_modules/next/dist/next-devtools/shared/forward-logs-shared.js:44
[ 2079300ms] [LOG] [Fast Refresh] done in 273ms @ webpack-internal:///(app-pages-browser)/./node_modules/next/dist/next-devtools/shared/forward-logs-shared.js:44
[ 2080460ms] [LOG] [Fast Refresh] rebuilding @ webpack-internal:///(app-pages-browser)/./node_modules/next/dist/next-devtools/shared/forward-logs-shared.js:44
[ 2080725ms] [LOG] [Fast Refresh] done in 265ms @ webpack-internal:///(app-pages-browser)/./node_modules/next/dist/next-devtools/shared/forward-logs-shared.js:44
[ 2082351ms] [LOG] [Fast Refresh] rebuilding @ webpack-internal:///(app-pages-browser)/./node_modules/next/dist/next-devtools/shared/forward-logs-shared.js:44
[ 2083677ms] [LOG] [Fast Refresh] done in 1326ms @ webpack-internal:///(app-pages-browser)/./node_modules/next/dist/next-devtools/shared/forward-logs-shared.js:44
[ 2084968ms] [LOG] [Fast Refresh] rebuilding @ webpack-internal:///(app-pages-browser)/./node_modules/next/dist/next-devtools/shared/forward-logs-shared.js:44
[ 2085877ms] [LOG] [Fast Refresh] done in 909ms @ webpack-internal:///(app-pages-browser)/./node_modules/next/dist/next-devtools/shared/forward-logs-shared.js:44
[ 2086497ms] [LOG] [Fast Refresh] rebuilding @ webpack-internal:///(app-pages-browser)/./node_modules/next/dist/next-devtools/shared/forward-logs-shared.js:44
[ 2086952ms] [LOG] [Fast Refresh] done in 455ms @ webpack-internal:///(app-pages-browser)/./node_modules/next/dist/next-devtools/shared/forward-logs-shared.js:44
[ 2087880ms] [LOG] [Fast Refresh] rebuilding @ webpack-internal:///(app-pages-browser)/./node_modules/next/dist/next-devtools/shared/forward-logs-shared.js:44
[ 2088302ms] [LOG] [Fast Refresh] done in 422ms @ webpack-internal:///(app-pages-browser)/./node_modules/next/dist/next-devtools/shared/forward-logs-shared.js:44
[ 2089171ms] [LOG] [Fast Refresh] rebuilding @ webpack-internal:///(app-pages-browser)/./node_modules/next/dist/next-devtools/shared/forward-logs-shared.js:44
[ 2089625ms] [LOG] [Fast Refresh] done in 456ms @ webpack-internal:///(app-pages-browser)/./node_modules/next/dist/next-devtools/shared/forward-logs-shared.js:44
[ 2091232ms] [LOG] [Fast Refresh] rebuilding @ webpack-internal:///(app-pages-browser)/./node_modules/next/dist/next-devtools/shared/forward-logs-shared.js:44
[ 2091668ms] [LOG] [Fast Refresh] done in 437ms @ webpack-internal:///(app-pages-browser)/./node_modules/next/dist/next-devtools/shared/forward-logs-shared.js:44
[ 2093001ms] [LOG] [Fast Refresh] rebuilding @ webpack-internal:///(app-pages-browser)/./node_modules/next/dist/next-devtools/shared/forward-logs-shared.js:44
[ 2093405ms] [LOG] [Fast Refresh] done in 405ms @ webpack-internal:///(app-pages-browser)/./node_modules/next/dist/next-devtools/shared/forward-logs-shared.js:44
[ 2094518ms] [LOG] [Fast Refresh] rebuilding @ webpack-internal:///(app-pages-browser)/./node_modules/next/dist/next-devtools/shared/forward-logs-shared.js:44
[ 2095354ms] [LOG] [Fast Refresh] done in 836ms @ webpack-internal:///(app-pages-browser)/./node_modules/next/dist/next-devtools/shared/forward-logs-shared.js:44
[ 2095925ms] [LOG] [Fast Refresh] rebuilding @ webpack-internal:///(app-pages-browser)/./node_modules/next/dist/next-devtools/shared/forward-logs-shared.js:44
[ 2096575ms] [LOG] [Fast Refresh] done in 650ms @ webpack-internal:///(app-pages-browser)/./node_modules/next/dist/next-devtools/shared/forward-logs-shared.js:44
[ 2097425ms] [LOG] [Fast Refresh] rebuilding @ webpack-internal:///(app-pages-browser)/./node_modules/next/dist/next-devtools/shared/forward-logs-shared.js:44
[ 2098001ms] [LOG] [Fast Refresh] done in 576ms @ webpack-internal:///(app-pages-browser)/./node_modules/next/dist/next-devtools/shared/forward-logs-shared.js:44
[ 2100039ms] [LOG] [Fast Refresh] rebuilding @ webpack-internal:///(app-pages-browser)/./node_modules/next/dist/next-devtools/shared/forward-logs-shared.js:44
[ 2101129ms] [LOG] [Fast Refresh] done in 1089ms @ webpack-internal:///(app-pages-browser)/./node_modules/next/dist/next-devtools/shared/forward-logs-shared.js:44
[ 2101411ms] [LOG] [Fast Refresh] rebuilding @ webpack-internal:///(app-pages-browser)/./node_modules/next/dist/next-devtools/shared/forward-logs-shared.js:44
[ 2101674ms] [LOG] [Fast Refresh] done in 262ms @ webpack-internal:///(app-pages-browser)/./node_modules/next/dist/next-devtools/shared/forward-logs-shared.js:44
[ 2102414ms] [LOG] [Fast Refresh] rebuilding @ webpack-internal:///(app-pages-browser)/./node_modules/next/dist/next-devtools/shared/forward-logs-shared.js:44
[ 2102655ms] [LOG] [Fast Refresh] done in 241ms @ webpack-internal:///(app-pages-browser)/./node_modules/next/dist/next-devtools/shared/forward-logs-shared.js:44
[ 2103376ms] [LOG] [Fast Refresh] rebuilding @ webpack-internal:///(app-pages-browser)/./node_modules/next/dist/next-devtools/shared/forward-logs-shared.js:44
[ 2103612ms] [LOG] [Fast Refresh] done in 235ms @ webpack-internal:///(app-pages-browser)/./node_modules/next/dist/next-devtools/shared/forward-logs-shared.js:44
[ 2104629ms] [LOG] [Fast Refresh] rebuilding @ webpack-internal:///(app-pages-browser)/./node_modules/next/dist/next-devtools/shared/forward-logs-shared.js:44
[ 2105440ms] [LOG] [Fast Refresh] done in 811ms @ webpack-internal:///(app-pages-browser)/./node_modules/next/dist/next-devtools/shared/forward-logs-shared.js:44
[ 2105899ms] [LOG] [Fast Refresh] rebuilding @ webpack-internal:///(app-pages-browser)/./node_modules/next/dist/next-devtools/shared/forward-logs-shared.js:44
[ 2106244ms] [LOG] [Fast Refresh] done in 346ms @ webpack-internal:///(app-pages-browser)/./node_modules/next/dist/next-devtools/shared/forward-logs-shared.js:44
[ 2107023ms] [LOG] [Fast Refresh] rebuilding @ webpack-internal:///(app-pages-browser)/./node_modules/next/dist/next-devtools/shared/forward-logs-shared.js:44
[ 2107366ms] [LOG] [Fast Refresh] done in 342ms @ webpack-internal:///(app-pages-browser)/./node_modules/next/dist/next-devtools/shared/forward-logs-shared.js:44
[ 2108154ms] [LOG] [Fast Refresh] rebuilding @ webpack-internal:///(app-pages-browser)/./node_modules/next/dist/next-devtools/shared/forward-logs-shared.js:44
[ 2108489ms] [LOG] [Fast Refresh] done in 334ms @ webpack-internal:///(app-pages-browser)/./node_modules/next/dist/next-devtools/shared/forward-logs-shared.js:44
[ 2109297ms] [LOG] [Fast Refresh] rebuilding @ webpack-internal:///(app-pages-browser)/./node_modules/next/dist/next-devtools/shared/forward-logs-shared.js:44
[ 2109572ms] [LOG] [Fast Refresh] done in 276ms @ webpack-internal:///(app-pages-browser)/./node_modules/next/dist/next-devtools/shared/forward-logs-shared.js:44
[ 2110400ms] [LOG] [Fast Refresh] rebuilding @ webpack-internal:///(app-pages-browser)/./node_modules/next/dist/next-devtools/shared/forward-logs-shared.js:44
[ 2110738ms] [LOG] [Fast Refresh] done in 338ms @ webpack-internal:///(app-pages-browser)/./node_modules/next/dist/next-devtools/shared/forward-logs-shared.js:44
[ 2111490ms] [LOG] [Fast Refresh] rebuilding @ webpack-internal:///(app-pages-browser)/./node_modules/next/dist/next-devtools/shared/forward-logs-shared.js:44
[ 2111893ms] [LOG] [Fast Refresh] done in 402ms @ webpack-internal:///(app-pages-browser)/./node_modules/next/dist/next-devtools/shared/forward-logs-shared.js:44
[ 2112410ms] [LOG] [Fast Refresh] rebuilding @ webpack-internal:///(app-pages-browser)/./node_modules/next/dist/next-devtools/shared/forward-logs-shared.js:44
[ 2112689ms] [LOG] [Fast Refresh] done in 279ms @ webpack-internal:///(app-pages-browser)/./node_modules/next/dist/next-devtools/shared/forward-logs-shared.js:44
[ 2113505ms] [LOG] [Fast Refresh] rebuilding @ webpack-internal:///(app-pages-browser)/./node_modules/next/dist/next-devtools/shared/forward-logs-shared.js:44
[ 2113714ms] [LOG] [Fast Refresh] done in 210ms @ webpack-internal:///(app-pages-browser)/./node_modules/next/dist/next-devtools/shared/forward-logs-shared.js:44
[ 2114638ms] [LOG] [Fast Refresh] rebuilding @ webpack-internal:///(app-pages-browser)/./node_modules/next/dist/next-devtools/shared/forward-logs-shared.js:44
[ 2115240ms] [LOG] [Fast Refresh] done in 602ms @ webpack-internal:///(app-pages-browser)/./node_modules/next/dist/next-devtools/shared/forward-logs-shared.js:44
[ 2115734ms] [LOG] [Fast Refresh] rebuilding @ webpack-internal:///(app-pages-browser)/./node_modules/next/dist/next-devtools/shared/forward-logs-shared.js:44
[ 2116048ms] [LOG] [Fast Refresh] done in 315ms @ webpack-internal:///(app-pages-browser)/./node_modules/next/dist/next-devtools/shared/forward-logs-shared.js:44
[ 2116753ms] [LOG] [Fast Refresh] rebuilding @ webpack-internal:///(app-pages-browser)/./node_modules/next/dist/next-devtools/shared/forward-logs-shared.js:44
[ 2120337ms] [WARNING] The resource http://localhost:3000/_next/static/css/app/layout.css?v=1786516891046 was preloaded using link preload but not used within a few seconds from the window's load event. Please make sure it has an appropriate `as` value and it is preloaded intentionally. @ http://localhost:3000/sales-executive/u4:0
[ 2120338ms] [WARNING] The resource http://localhost:3000/_next/static/css/app/layout.css?v=1786517364042 was preloaded using link preload but not used within a few seconds from the window's load event. Please make sure it has an appropriate `as` value and it is preloaded intentionally. @ http://localhost:3000/sales-executive/u4:0
[ 2120338ms] [WARNING] The resource http://localhost:3000/_next/static/css/app/layout.css?v=1786517361017 was preloaded using link preload but not used within a few seconds from the window's load event. Please make sure it has an appropriate `as` value and it is preloaded intentionally. @ http://localhost:3000/sales-executive/u4:0
[ 2120338ms] [WARNING] The resource http://localhost:3000/_next/static/css/app/layout.css?v=1786517367126 was preloaded using link preload but not used within a few seconds from the window's load event. Please make sure it has an appropriate `as` value and it is preloaded intentionally. @ http://localhost:3000/sales-executive/u4:0
[ 2120338ms] [WARNING] The resource http://localhost:3000/_next/static/css/app/layout.css?v=1786515891904 was preloaded using link preload but not used within a few seconds from the window's load event. Please make sure it has an appropriate `as` value and it is preloaded intentionally. @ http://localhost:3000/sales-executive/u4:0
[ 2120338ms] [WARNING] The resource http://localhost:3000/_next/static/css/app/layout.css?v=1786516180392 was preloaded using link preload but not used within a few seconds from the window's load event. Please make sure it has an appropriate `as` value and it is preloaded intentionally. @ http://localhost:3000/sales-executive/u4:0
[ 2120338ms] [WARNING] The resource http://localhost:3000/_next/static/css/app/layout.css?v=1786517370214 was preloaded using link preload but not used within a few seconds from the window's load event. Please make sure it has an appropriate `as` value and it is preloaded intentionally. @ http://localhost:3000/sales-executive/u4:0
[ 2120338ms] [WARNING] The resource http://localhost:3000/_next/static/css/app/layout.css?v=1786517497196 was preloaded using link preload but not used within a few seconds from the window's load event. Please make sure it has an appropriate `as` value and it is preloaded intentionally. @ http://localhost:3000/sales-executive/u4:0
[ 2120338ms] [WARNING] The resource http://localhost:3000/_next/static/css/app/layout.css?v=1786517411192 was preloaded using link preload but not used within a few seconds from the window's load event. Please make sure it has an appropriate `as` value and it is preloaded intentionally. @ http://localhost:3000/sales-executive/u4:0
[ 2120338ms] [WARNING] The resource http://localhost:3000/_next/static/css/app/layout.css?v=1786517387764 was preloaded using link preload but not used within a few seconds from the window's load event. Please make sure it has an appropriate `as` value and it is preloaded intentionally. @ http://localhost:3000/sales-executive/u4:0
[ 2120339ms] [WARNING] The resource http://localhost:3000/_next/static/css/app/layout.css?v=1786517248004 was preloaded using link preload but not used within a few seconds from the window's load event. Please make sure it has an appropriate `as` value and it is preloaded intentionally. @ http://localhost:3000/sales-executive/u4:0
[ 2120339ms] [WARNING] The resource http://localhost:3000/_next/static/css/app/layout.css?v=1786517248765 was preloaded using link preload but not used within a few seconds from the window's load event. Please make sure it has an appropriate `as` value and it is preloaded intentionally. @ http://localhost:3000/sales-executive/u4:0
[ 2120339ms] [WARNING] The resource http://localhost:3000/_next/static/css/app/layout.css?v=1786516994543 was preloaded using link preload but not used within a few seconds from the window's load event. Please make sure it has an appropriate `as` value and it is preloaded intentionally. @ http://localhost:3000/sales-executive/u4:0
[ 2120339ms] [WARNING] The resource http://localhost:3000/_next/static/css/app/layout.css?v=1786516182671 was preloaded using link preload but not used within a few seconds from the window's load event. Please make sure it has an appropriate `as` value and it is preloaded intentionally. @ http://localhost:3000/sales-executive/u4:0
[ 2120346ms] [LOG] [Fast Refresh] done in 3591ms @ webpack-internal:///(app-pages-browser)/./node_modules/next/dist/next-devtools/shared/forward-logs-shared.js:44
[ 2120386ms] [LOG] [Fast Refresh] rebuilding @ webpack-internal:///(app-pages-browser)/./node_modules/next/dist/next-devtools/shared/forward-logs-shared.js:44
[ 2120395ms] [LOG] [Fast Refresh] done in 9ms @ webpack-internal:///(app-pages-browser)/./node_modules/next/dist/next-devtools/shared/forward-logs-shared.js:44
[ 2120397ms] [LOG] [Fast Refresh] rebuilding @ webpack-internal:///(app-pages-browser)/./node_modules/next/dist/next-devtools/shared/forward-logs-shared.js:44
[ 2121676ms] [LOG] [Fast Refresh] done in 1279ms @ webpack-internal:///(app-pages-browser)/./node_modules/next/dist/next-devtools/shared/forward-logs-shared.js:44
[ 2122285ms] [LOG] [Fast Refresh] rebuilding @ webpack-internal:///(app-pages-browser)/./node_modules/next/dist/next-devtools/shared/forward-logs-shared.js:44
[ 2122637ms] [LOG] [Fast Refresh] done in 353ms @ webpack-internal:///(app-pages-browser)/./node_modules/next/dist/next-devtools/shared/forward-logs-shared.js:44
[ 2123539ms] [LOG] [Fast Refresh] rebuilding @ webpack-internal:///(app-pages-browser)/./node_modules/next/dist/next-devtools/shared/forward-logs-shared.js:44
[ 2123954ms] [LOG] [Fast Refresh] done in 414ms @ webpack-internal:///(app-pages-browser)/./node_modules/next/dist/next-devtools/shared/forward-logs-shared.js:44
[ 2124848ms] [LOG] [Fast Refresh] rebuilding @ webpack-internal:///(app-pages-browser)/./node_modules/next/dist/next-devtools/shared/forward-logs-shared.js:44
[ 2125096ms] [LOG] [Fast Refresh] done in 249ms @ webpack-internal:///(app-pages-browser)/./node_modules/next/dist/next-devtools/shared/forward-logs-shared.js:44
[ 2125778ms] [LOG] [Fast Refresh] rebuilding @ webpack-internal:///(app-pages-browser)/./node_modules/next/dist/next-devtools/shared/forward-logs-shared.js:44
[ 2126102ms] [LOG] [Fast Refresh] done in 324ms @ webpack-internal:///(app-pages-browser)/./node_modules/next/dist/next-devtools/shared/forward-logs-shared.js:44
[ 2126770ms] [LOG] [Fast Refresh] rebuilding @ webpack-internal:///(app-pages-browser)/./node_modules/next/dist/next-devtools/shared/forward-logs-shared.js:44
[ 2126971ms] [LOG] [Fast Refresh] done in 200ms @ webpack-internal:///(app-pages-browser)/./node_modules/next/dist/next-devtools/shared/forward-logs-shared.js:44
[ 2127717ms] [LOG] [Fast Refresh] rebuilding @ webpack-internal:///(app-pages-browser)/./node_modules/next/dist/next-devtools/shared/forward-logs-shared.js:44
[ 2127962ms] [LOG] [Fast Refresh] done in 245ms @ webpack-internal:///(app-pages-browser)/./node_modules/next/dist/next-devtools/shared/forward-logs-shared.js:44
[ 2128611ms] [LOG] [Fast Refresh] rebuilding @ webpack-internal:///(app-pages-browser)/./node_modules/next/dist/next-devtools/shared/forward-logs-shared.js:44
[ 2128879ms] [LOG] [Fast Refresh] done in 267ms @ webpack-internal:///(app-pages-browser)/./node_modules/next/dist/next-devtools/shared/forward-logs-shared.js:44
[ 2129495ms] [LOG] [Fast Refresh] rebuilding @ webpack-internal:///(app-pages-browser)/./node_modules/next/dist/next-devtools/shared/forward-logs-shared.js:44
[ 2129747ms] [LOG] [Fast Refresh] done in 251ms @ webpack-internal:///(app-pages-browser)/./node_modules/next/dist/next-devtools/shared/forward-logs-shared.js:44
[ 2130404ms] [LOG] [Fast Refresh] rebuilding @ webpack-internal:///(app-pages-browser)/./node_modules/next/dist/next-devtools/shared/forward-logs-shared.js:44
[ 2130763ms] [LOG] [Fast Refresh] done in 359ms @ webpack-internal:///(app-pages-browser)/./node_modules/next/dist/next-devtools/shared/forward-logs-shared.js:44
[ 2131495ms] [LOG] [Fast Refresh] rebuilding @ webpack-internal:///(app-pages-browser)/./node_modules/next/dist/next-devtools/shared/forward-logs-shared.js:44
[ 2131764ms] [LOG] [Fast Refresh] done in 269ms @ webpack-internal:///(app-pages-browser)/./node_modules/next/dist/next-devtools/shared/forward-logs-shared.js:44
[ 2132632ms] [LOG] [Fast Refresh] rebuilding @ webpack-internal:///(app-pages-browser)/./node_modules/next/dist/next-devtools/shared/forward-logs-shared.js:44
[ 2132899ms] [LOG] [Fast Refresh] done in 267ms @ webpack-internal:///(app-pages-browser)/./node_modules/next/dist/next-devtools/shared/forward-logs-shared.js:44
[ 2133756ms] [LOG] [Fast Refresh] rebuilding @ webpack-internal:///(app-pages-browser)/./node_modules/next/dist/next-devtools/shared/forward-logs-shared.js:44
[ 2134042ms] [LOG] [Fast Refresh] done in 285ms @ webpack-internal:///(app-pages-browser)/./node_modules/next/dist/next-devtools/shared/forward-logs-shared.js:44
[ 2135258ms] [LOG] [Fast Refresh] rebuilding @ webpack-internal:///(app-pages-browser)/./node_modules/next/dist/next-devtools/shared/forward-logs-shared.js:44
[ 2135653ms] [LOG] [Fast Refresh] done in 395ms @ webpack-internal:///(app-pages-browser)/./node_modules/next/dist/next-devtools/shared/forward-logs-shared.js:44
[ 2136486ms] [LOG] [Fast Refresh] rebuilding @ webpack-internal:///(app-pages-browser)/./node_modules/next/dist/next-devtools/shared/forward-logs-shared.js:44
[ 2137096ms] [LOG] [Fast Refresh] done in 610ms @ webpack-internal:///(app-pages-browser)/./node_modules/next/dist/next-devtools/shared/forward-logs-shared.js:44
[ 2137538ms] [LOG] [Fast Refresh] rebuilding @ webpack-internal:///(app-pages-browser)/./node_modules/next/dist/next-devtools/shared/forward-logs-shared.js:44
[ 2137860ms] [LOG] [Fast Refresh] done in 323ms @ webpack-internal:///(app-pages-browser)/./node_modules/next/dist/next-devtools/shared/forward-logs-shared.js:44
[ 2138687ms] [LOG] [Fast Refresh] rebuilding @ webpack-internal:///(app-pages-browser)/./node_modules/next/dist/next-devtools/shared/forward-logs-shared.js:44
[ 2138954ms] [LOG] [Fast Refresh] done in 268ms @ webpack-internal:///(app-pages-browser)/./node_modules/next/dist/next-devtools/shared/forward-logs-shared.js:44
[ 2139770ms] [LOG] [Fast Refresh] rebuilding @ webpack-internal:///(app-pages-browser)/./node_modules/next/dist/next-devtools/shared/forward-logs-shared.js:44
[ 2139990ms] [LOG] [Fast Refresh] done in 220ms @ webpack-internal:///(app-pages-browser)/./node_modules/next/dist/next-devtools/shared/forward-logs-shared.js:44
[ 2140814ms] [LOG] [Fast Refresh] rebuilding @ webpack-internal:///(app-pages-browser)/./node_modules/next/dist/next-devtools/shared/forward-logs-shared.js:44
[ 2141081ms] [LOG] [Fast Refresh] done in 266ms @ webpack-internal:///(app-pages-browser)/./node_modules/next/dist/next-devtools/shared/forward-logs-shared.js:44
[ 2141765ms] [LOG] [Fast Refresh] rebuilding @ webpack-internal:///(app-pages-browser)/./node_modules/next/dist/next-devtools/shared/forward-logs-shared.js:44
[ 2142063ms] [LOG] [Fast Refresh] done in 297ms @ webpack-internal:///(app-pages-browser)/./node_modules/next/dist/next-devtools/shared/forward-logs-shared.js:44
[ 2142792ms] [LOG] [Fast Refresh] rebuilding @ webpack-internal:///(app-pages-browser)/./node_modules/next/dist/next-devtools/shared/forward-logs-shared.js:44
[ 2143071ms] [LOG] [Fast Refresh] done in 280ms @ webpack-internal:///(app-pages-browser)/./node_modules/next/dist/next-devtools/shared/forward-logs-shared.js:44
[ 2143860ms] [LOG] [Fast Refresh] rebuilding @ webpack-internal:///(app-pages-browser)/./node_modules/next/dist/next-devtools/shared/forward-logs-shared.js:44
[ 2144048ms] [LOG] [Fast Refresh] done in 188ms @ webpack-internal:///(app-pages-browser)/./node_modules/next/dist/next-devtools/shared/forward-logs-shared.js:44
[ 2144975ms] [LOG] [Fast Refresh] rebuilding @ webpack-internal:///(app-pages-browser)/./node_modules/next/dist/next-devtools/shared/forward-logs-shared.js:44
[ 2145267ms] [LOG] [Fast Refresh] done in 293ms @ webpack-internal:///(app-pages-browser)/./node_modules/next/dist/next-devtools/shared/forward-logs-shared.js:44
[ 2145984ms] [LOG] [Fast Refresh] rebuilding @ webpack-internal:///(app-pages-browser)/./node_modules/next/dist/next-devtools/shared/forward-logs-shared.js:44
[ 2146657ms] [LOG] [Fast Refresh] done in 673ms @ webpack-internal:///(app-pages-browser)/./node_modules/next/dist/next-devtools/shared/forward-logs-shared.js:44
[ 2148189ms] [LOG] [Fast Refresh] rebuilding @ webpack-internal:///(app-pages-browser)/./node_modules/next/dist/next-devtools/shared/forward-logs-shared.js:44
[ 2148397ms] [LOG] [Fast Refresh] done in 208ms @ webpack-internal:///(app-pages-browser)/./node_modules/next/dist/next-devtools/shared/forward-logs-shared.js:44
[ 2149110ms] [LOG] [Fast Refresh] rebuilding @ webpack-internal:///(app-pages-browser)/./node_modules/next/dist/next-devtools/shared/forward-logs-shared.js:44
[ 2149370ms] [LOG] [Fast Refresh] done in 260ms @ webpack-internal:///(app-pages-browser)/./node_modules/next/dist/next-devtools/shared/forward-logs-shared.js:44
[ 2150889ms] [LOG] [Fast Refresh] rebuilding @ webpack-internal:///(app-pages-browser)/./node_modules/next/dist/next-devtools/shared/forward-logs-shared.js:44
[ 2151441ms] [LOG] [Fast Refresh] done in 553ms @ webpack-internal:///(app-pages-browser)/./node_modules/next/dist/next-devtools/shared/forward-logs-shared.js:44
[ 2151820ms] [LOG] [Fast Refresh] rebuilding @ webpack-internal:///(app-pages-browser)/./node_modules/next/dist/next-devtools/shared/forward-logs-shared.js:44
[ 2152076ms] [LOG] [Fast Refresh] done in 255ms @ webpack-internal:///(app-pages-browser)/./node_modules/next/dist/next-devtools/shared/forward-logs-shared.js:44
[ 2152870ms] [LOG] [Fast Refresh] rebuilding @ webpack-internal:///(app-pages-browser)/./node_modules/next/dist/next-devtools/shared/forward-logs-shared.js:44
[ 2153173ms] [LOG] [Fast Refresh] done in 303ms @ webpack-internal:///(app-pages-browser)/./node_modules/next/dist/next-devtools/shared/forward-logs-shared.js:44
[ 2153986ms] [LOG] [Fast Refresh] rebuilding @ webpack-internal:///(app-pages-browser)/./node_modules/next/dist/next-devtools/shared/forward-logs-shared.js:44
[ 2154186ms] [LOG] [Fast Refresh] done in 199ms @ webpack-internal:///(app-pages-browser)/./node_modules/next/dist/next-devtools/shared/forward-logs-shared.js:44
[ 2155051ms] [LOG] [Fast Refresh] rebuilding @ webpack-internal:///(app-pages-browser)/./node_modules/next/dist/next-devtools/shared/forward-logs-shared.js:44
[ 2155309ms] [LOG] [Fast Refresh] done in 258ms @ webpack-internal:///(app-pages-browser)/./node_modules/next/dist/next-devtools/shared/forward-logs-shared.js:44
[ 2155950ms] [LOG] [Fast Refresh] rebuilding @ webpack-internal:///(app-pages-browser)/./node_modules/next/dist/next-devtools/shared/forward-logs-shared.js:44
[ 2156132ms] [LOG] [Fast Refresh] done in 182ms @ webpack-internal:///(app-pages-browser)/./node_modules/next/dist/next-devtools/shared/forward-logs-shared.js:44
[ 2156839ms] [LOG] [Fast Refresh] rebuilding @ webpack-internal:///(app-pages-browser)/./node_modules/next/dist/next-devtools/shared/forward-logs-shared.js:44
[ 2157071ms] [LOG] [Fast Refresh] done in 233ms @ webpack-internal:///(app-pages-browser)/./node_modules/next/dist/next-devtools/shared/forward-logs-shared.js:44
[ 2157714ms] [LOG] [Fast Refresh] rebuilding @ webpack-internal:///(app-pages-browser)/./node_modules/next/dist/next-devtools/shared/forward-logs-shared.js:44
[ 2157921ms] [LOG] [Fast Refresh] done in 207ms @ webpack-internal:///(app-pages-browser)/./node_modules/next/dist/next-devtools/shared/forward-logs-shared.js:44
[ 2158601ms] [LOG] [Fast Refresh] rebuilding @ webpack-internal:///(app-pages-browser)/./node_modules/next/dist/next-devtools/shared/forward-logs-shared.js:44
[ 2158828ms] [LOG] [Fast Refresh] done in 227ms @ webpack-internal:///(app-pages-browser)/./node_modules/next/dist/next-devtools/shared/forward-logs-shared.js:44
[ 2159433ms] [LOG] [Fast Refresh] rebuilding @ webpack-internal:///(app-pages-browser)/./node_modules/next/dist/next-devtools/shared/forward-logs-shared.js:44
[ 2159620ms] [LOG] [Fast Refresh] done in 187ms @ webpack-internal:///(app-pages-browser)/./node_modules/next/dist/next-devtools/shared/forward-logs-shared.js:44
[ 2160340ms] [LOG] [Fast Refresh] rebuilding @ webpack-internal:///(app-pages-browser)/./node_modules/next/dist/next-devtools/shared/forward-logs-shared.js:44
[ 2160581ms] [LOG] [Fast Refresh] done in 241ms @ webpack-internal:///(app-pages-browser)/./node_modules/next/dist/next-devtools/shared/forward-logs-shared.js:44
[ 2161229ms] [LOG] [Fast Refresh] rebuilding @ webpack-internal:///(app-pages-browser)/./node_modules/next/dist/next-devtools/shared/forward-logs-shared.js:44
[ 2161480ms] [LOG] [Fast Refresh] done in 251ms @ webpack-internal:///(app-pages-browser)/./node_modules/next/dist/next-devtools/shared/forward-logs-shared.js:44
[ 2162299ms] [LOG] [Fast Refresh] rebuilding @ webpack-internal:///(app-pages-browser)/./node_modules/next/dist/next-devtools/shared/forward-logs-shared.js:44
[ 2162602ms] [LOG] [Fast Refresh] done in 303ms @ webpack-internal:///(app-pages-browser)/./node_modules/next/dist/next-devtools/shared/forward-logs-shared.js:44
[ 2163356ms] [LOG] [Fast Refresh] rebuilding @ webpack-internal:///(app-pages-browser)/./node_modules/next/dist/next-devtools/shared/forward-logs-shared.js:44
[ 2163542ms] [LOG] [Fast Refresh] done in 186ms @ webpack-internal:///(app-pages-browser)/./node_modules/next/dist/next-devtools/shared/forward-logs-shared.js:44
[ 2164374ms] [LOG] [Fast Refresh] rebuilding @ webpack-internal:///(app-pages-browser)/./node_modules/next/dist/next-devtools/shared/forward-logs-shared.js:44
[ 2165268ms] [LOG] [Fast Refresh] done in 894ms @ webpack-internal:///(app-pages-browser)/./node_modules/next/dist/next-devtools/shared/forward-logs-shared.js:44
[ 2165809ms] [LOG] [Fast Refresh] rebuilding @ webpack-internal:///(app-pages-browser)/./node_modules/next/dist/next-devtools/shared/forward-logs-shared.js:44
[ 2166127ms] [LOG] [Fast Refresh] done in 319ms @ webpack-internal:///(app-pages-browser)/./node_modules/next/dist/next-devtools/shared/forward-logs-shared.js:44
[ 2166986ms] [LOG] [Fast Refresh] rebuilding @ webpack-internal:///(app-pages-browser)/./node_modules/next/dist/next-devtools/shared/forward-logs-shared.js:44
[ 2167236ms] [LOG] [Fast Refresh] done in 250ms @ webpack-internal:///(app-pages-browser)/./node_modules/next/dist/next-devtools/shared/forward-logs-shared.js:44
[ 2167870ms] [LOG] [Fast Refresh] rebuilding @ webpack-internal:///(app-pages-browser)/./node_modules/next/dist/next-devtools/shared/forward-logs-shared.js:44
[ 2168128ms] [LOG] [Fast Refresh] done in 258ms @ webpack-internal:///(app-pages-browser)/./node_modules/next/dist/next-devtools/shared/forward-logs-shared.js:44
[ 2168785ms] [LOG] [Fast Refresh] rebuilding @ webpack-internal:///(app-pages-browser)/./node_modules/next/dist/next-devtools/shared/forward-logs-shared.js:44
[ 2168975ms] [LOG] [Fast Refresh] done in 190ms @ webpack-internal:///(app-pages-browser)/./node_modules/next/dist/next-devtools/shared/forward-logs-shared.js:44
[ 2169628ms] [LOG] [Fast Refresh] rebuilding @ webpack-internal:///(app-pages-browser)/./node_modules/next/dist/next-devtools/shared/forward-logs-shared.js:44
[ 2169905ms] [LOG] [Fast Refresh] done in 277ms @ webpack-internal:///(app-pages-browser)/./node_modules/next/dist/next-devtools/shared/forward-logs-shared.js:44
[ 2170674ms] [LOG] [Fast Refresh] rebuilding @ webpack-internal:///(app-pages-browser)/./node_modules/next/dist/next-devtools/shared/forward-logs-shared.js:44
[ 2170895ms] [LOG] [Fast Refresh] done in 220ms @ webpack-internal:///(app-pages-browser)/./node_modules/next/dist/next-devtools/shared/forward-logs-shared.js:44
[ 2171627ms] [LOG] [Fast Refresh] rebuilding @ webpack-internal:///(app-pages-browser)/./node_modules/next/dist/next-devtools/shared/forward-logs-shared.js:44
[ 2171867ms] [LOG] [Fast Refresh] done in 240ms @ webpack-internal:///(app-pages-browser)/./node_modules/next/dist/next-devtools/shared/forward-logs-shared.js:44
[ 2172699ms] [LOG] [Fast Refresh] rebuilding @ webpack-internal:///(app-pages-browser)/./node_modules/next/dist/next-devtools/shared/forward-logs-shared.js:44
[ 2173263ms] [LOG] [Fast Refresh] done in 563ms @ webpack-internal:///(app-pages-browser)/./node_modules/next/dist/next-devtools/shared/forward-logs-shared.js:44
[ 2174969ms] [LOG] [Fast Refresh] rebuilding @ webpack-internal:///(app-pages-browser)/./node_modules/next/dist/next-devtools/shared/forward-logs-shared.js:44
[ 2175189ms] [LOG] [Fast Refresh] done in 220ms @ webpack-internal:///(app-pages-browser)/./node_modules/next/dist/next-devtools/shared/forward-logs-shared.js:44
[ 2175983ms] [LOG] [Fast Refresh] rebuilding @ webpack-internal:///(app-pages-browser)/./node_modules/next/dist/next-devtools/shared/forward-logs-shared.js:44
[ 2176252ms] [LOG] [Fast Refresh] done in 268ms @ webpack-internal:///(app-pages-browser)/./node_modules/next/dist/next-devtools/shared/forward-logs-shared.js:44
[ 2176956ms] [LOG] [Fast Refresh] rebuilding @ webpack-internal:///(app-pages-browser)/./node_modules/next/dist/next-devtools/shared/forward-logs-shared.js:44
[ 2177222ms] [LOG] [Fast Refresh] done in 267ms @ webpack-internal:///(app-pages-browser)/./node_modules/next/dist/next-devtools/shared/forward-logs-shared.js:44
[ 2177872ms] [LOG] [Fast Refresh] rebuilding @ webpack-internal:///(app-pages-browser)/./node_modules/next/dist/next-devtools/shared/forward-logs-shared.js:44
[ 2178046ms] [LOG] [Fast Refresh] done in 174ms @ webpack-internal:///(app-pages-browser)/./node_modules/next/dist/next-devtools/shared/forward-logs-shared.js:44
[ 2178731ms] [LOG] [Fast Refresh] rebuilding @ webpack-internal:///(app-pages-browser)/./node_modules/next/dist/next-devtools/shared/forward-logs-shared.js:44
[ 2179009ms] [LOG] [Fast Refresh] done in 279ms @ webpack-internal:///(app-pages-browser)/./node_modules/next/dist/next-devtools/shared/forward-logs-shared.js:44
[ 2180049ms] [LOG] [Fast Refresh] rebuilding @ webpack-internal:///(app-pages-browser)/./node_modules/next/dist/next-devtools/shared/forward-logs-shared.js:44
[ 2180388ms] [LOG] [Fast Refresh] done in 338ms @ webpack-internal:///(app-pages-browser)/./node_modules/next/dist/next-devtools/shared/forward-logs-shared.js:44
[ 2181396ms] [LOG] [Fast Refresh] rebuilding @ webpack-internal:///(app-pages-browser)/./node_modules/next/dist/next-devtools/shared/forward-logs-shared.js:44
[ 2181746ms] [LOG] [Fast Refresh] done in 350ms @ webpack-internal:///(app-pages-browser)/./node_modules/next/dist/next-devtools/shared/forward-logs-shared.js:44
[ 2182678ms] [LOG] [Fast Refresh] rebuilding @ webpack-internal:///(app-pages-browser)/./node_modules/next/dist/next-devtools/shared/forward-logs-shared.js:44
[ 2183374ms] [LOG] [Fast Refresh] done in 697ms @ webpack-internal:///(app-pages-browser)/./node_modules/next/dist/next-devtools/shared/forward-logs-shared.js:44
[ 2183915ms] [LOG] [Fast Refresh] rebuilding @ webpack-internal:///(app-pages-browser)/./node_modules/next/dist/next-devtools/shared/forward-logs-shared.js:44
[ 2184303ms] [LOG] [Fast Refresh] done in 389ms @ webpack-internal:///(app-pages-browser)/./node_modules/next/dist/next-devtools/shared/forward-logs-shared.js:44
[ 2185281ms] [LOG] [Fast Refresh] rebuilding @ webpack-internal:///(app-pages-browser)/./node_modules/next/dist/next-devtools/shared/forward-logs-shared.js:44
[ 2185689ms] [LOG] [Fast Refresh] done in 407ms @ webpack-internal:///(app-pages-browser)/./node_modules/next/dist/next-devtools/shared/forward-logs-shared.js:44
[ 2186596ms] [LOG] [Fast Refresh] rebuilding @ webpack-internal:///(app-pages-browser)/./node_modules/next/dist/next-devtools/shared/forward-logs-shared.js:44
[ 2186888ms] [LOG] [Fast Refresh] done in 292ms @ webpack-internal:///(app-pages-browser)/./node_modules/next/dist/next-devtools/shared/forward-logs-shared.js:44
[ 2187880ms] [LOG] [Fast Refresh] rebuilding @ webpack-internal:///(app-pages-browser)/./node_modules/next/dist/next-devtools/shared/forward-logs-shared.js:44
[ 2188178ms] [LOG] [Fast Refresh] done in 298ms @ webpack-internal:///(app-pages-browser)/./node_modules/next/dist/next-devtools/shared/forward-logs-shared.js:44
[ 2188876ms] [LOG] [Fast Refresh] rebuilding @ webpack-internal:///(app-pages-browser)/./node_modules/next/dist/next-devtools/shared/forward-logs-shared.js:44
[ 2189097ms] [LOG] [Fast Refresh] done in 220ms @ webpack-internal:///(app-pages-browser)/./node_modules/next/dist/next-devtools/shared/forward-logs-shared.js:44
[ 2189867ms] [LOG] [Fast Refresh] rebuilding @ webpack-internal:///(app-pages-browser)/./node_modules/next/dist/next-devtools/shared/forward-logs-shared.js:44
[ 2190127ms] [LOG] [Fast Refresh] done in 261ms @ webpack-internal:///(app-pages-browser)/./node_modules/next/dist/next-devtools/shared/forward-logs-shared.js:44
[ 2190870ms] [LOG] [Fast Refresh] rebuilding @ webpack-internal:///(app-pages-browser)/./node_modules/next/dist/next-devtools/shared/forward-logs-shared.js:44
[ 2191232ms] [LOG] [Fast Refresh] done in 363ms @ webpack-internal:///(app-pages-browser)/./node_modules/next/dist/next-devtools/shared/forward-logs-shared.js:44
[ 2191884ms] [LOG] [Fast Refresh] rebuilding @ webpack-internal:///(app-pages-browser)/./node_modules/next/dist/next-devtools/shared/forward-logs-shared.js:44
[ 2192119ms] [LOG] [Fast Refresh] done in 235ms @ webpack-internal:///(app-pages-browser)/./node_modules/next/dist/next-devtools/shared/forward-logs-shared.js:44
[ 2192846ms] [LOG] [Fast Refresh] rebuilding @ webpack-internal:///(app-pages-browser)/./node_modules/next/dist/next-devtools/shared/forward-logs-shared.js:44
[ 2193146ms] [LOG] [Fast Refresh] done in 299ms @ webpack-internal:///(app-pages-browser)/./node_modules/next/dist/next-devtools/shared/forward-logs-shared.js:44
[ 2193864ms] [LOG] [Fast Refresh] rebuilding @ webpack-internal:///(app-pages-browser)/./node_modules/next/dist/next-devtools/shared/forward-logs-shared.js:44
[ 2194100ms] [LOG] [Fast Refresh] done in 236ms @ webpack-internal:///(app-pages-browser)/./node_modules/next/dist/next-devtools/shared/forward-logs-shared.js:44
[ 2196047ms] [LOG] [Fast Refresh] rebuilding @ webpack-internal:///(app-pages-browser)/./node_modules/next/dist/next-devtools/shared/forward-logs-shared.js:44
[ 2197052ms] [LOG] [Fast Refresh] done in 1005ms @ webpack-internal:///(app-pages-browser)/./node_modules/next/dist/next-devtools/shared/forward-logs-shared.js:44
[ 2197692ms] [LOG] [Fast Refresh] rebuilding @ webpack-internal:///(app-pages-browser)/./node_modules/next/dist/next-devtools/shared/forward-logs-shared.js:44
[ 2197939ms] [LOG] [Fast Refresh] done in 249ms @ webpack-internal:///(app-pages-browser)/./node_modules/next/dist/next-devtools/shared/forward-logs-shared.js:44
[ 2198818ms] [LOG] [Fast Refresh] rebuilding @ webpack-internal:///(app-pages-browser)/./node_modules/next/dist/next-devtools/shared/forward-logs-shared.js:44
[ 2199075ms] [LOG] [Fast Refresh] done in 258ms @ webpack-internal:///(app-pages-browser)/./node_modules/next/dist/next-devtools/shared/forward-logs-shared.js:44
[ 2200210ms] [LOG] [Fast Refresh] rebuilding @ webpack-internal:///(app-pages-browser)/./node_modules/next/dist/next-devtools/shared/forward-logs-shared.js:44
[ 2200512ms] [LOG] [Fast Refresh] done in 302ms @ webpack-internal:///(app-pages-browser)/./node_modules/next/dist/next-devtools/shared/forward-logs-shared.js:44
[ 2201189ms] [LOG] [Fast Refresh] rebuilding @ webpack-internal:///(app-pages-browser)/./node_modules/next/dist/next-devtools/shared/forward-logs-shared.js:44
[ 2201517ms] [LOG] [Fast Refresh] done in 329ms @ webpack-internal:///(app-pages-browser)/./node_modules/next/dist/next-devtools/shared/forward-logs-shared.js:44
[ 2202243ms] [LOG] [Fast Refresh] rebuilding @ webpack-internal:///(app-pages-browser)/./node_modules/next/dist/next-devtools/shared/forward-logs-shared.js:44
[ 2202511ms] [LOG] [Fast Refresh] done in 268ms @ webpack-internal:///(app-pages-browser)/./node_modules/next/dist/next-devtools/shared/forward-logs-shared.js:44
[ 2203234ms] [LOG] [Fast Refresh] rebuilding @ webpack-internal:///(app-pages-browser)/./node_modules/next/dist/next-devtools/shared/forward-logs-shared.js:44
[ 2203724ms] [LOG] [Fast Refresh] done in 490ms @ webpack-internal:///(app-pages-browser)/./node_modules/next/dist/next-devtools/shared/forward-logs-shared.js:44
[ 2205447ms] [LOG] [Fast Refresh] rebuilding @ webpack-internal:///(app-pages-browser)/./node_modules/next/dist/next-devtools/shared/forward-logs-shared.js:44
[ 2205756ms] [LOG] [Fast Refresh] done in 304ms @ webpack-internal:///(app-pages-browser)/./node_modules/next/dist/next-devtools/shared/forward-logs-shared.js:44
[ 2206681ms] [LOG] [Fast Refresh] rebuilding @ webpack-internal:///(app-pages-browser)/./node_modules/next/dist/next-devtools/shared/forward-logs-shared.js:44
[ 2207000ms] [LOG] [Fast Refresh] done in 319ms @ webpack-internal:///(app-pages-browser)/./node_modules/next/dist/next-devtools/shared/forward-logs-shared.js:44
[ 2207774ms] [LOG] [Fast Refresh] rebuilding @ webpack-internal:///(app-pages-browser)/./node_modules/next/dist/next-devtools/shared/forward-logs-shared.js:44
[ 2208075ms] [LOG] [Fast Refresh] done in 301ms @ webpack-internal:///(app-pages-browser)/./node_modules/next/dist/next-devtools/shared/forward-logs-shared.js:44
[ 2208819ms] [LOG] [Fast Refresh] rebuilding @ webpack-internal:///(app-pages-browser)/./node_modules/next/dist/next-devtools/shared/forward-logs-shared.js:44
[ 2209099ms] [LOG] [Fast Refresh] done in 280ms @ webpack-internal:///(app-pages-browser)/./node_modules/next/dist/next-devtools/shared/forward-logs-shared.js:44
[ 2210184ms] [LOG] [Fast Refresh] rebuilding @ webpack-internal:///(app-pages-browser)/./node_modules/next/dist/next-devtools/shared/forward-logs-shared.js:44
[ 2210547ms] [LOG] [Fast Refresh] done in 364ms @ webpack-internal:///(app-pages-browser)/./node_modules/next/dist/next-devtools/shared/forward-logs-shared.js:44
[ 2211356ms] [LOG] [Fast Refresh] rebuilding @ webpack-internal:///(app-pages-browser)/./node_modules/next/dist/next-devtools/shared/forward-logs-shared.js:44
[ 2211510ms] [LOG] [Fast Refresh] done in 153ms @ webpack-internal:///(app-pages-browser)/./node_modules/next/dist/next-devtools/shared/forward-logs-shared.js:44
[ 2212404ms] [LOG] [Fast Refresh] rebuilding @ webpack-internal:///(app-pages-browser)/./node_modules/next/dist/next-devtools/shared/forward-logs-shared.js:44
[ 2212676ms] [LOG] [Fast Refresh] done in 272ms @ webpack-internal:///(app-pages-browser)/./node_modules/next/dist/next-devtools/shared/forward-logs-shared.js:44
[ 2213302ms] [LOG] [Fast Refresh] rebuilding @ webpack-internal:///(app-pages-browser)/./node_modules/next/dist/next-devtools/shared/forward-logs-shared.js:44
[ 2213501ms] [LOG] [Fast Refresh] done in 198ms @ webpack-internal:///(app-pages-browser)/./node_modules/next/dist/next-devtools/shared/forward-logs-shared.js:44
[ 2214293ms] [LOG] [Fast Refresh] rebuilding @ webpack-internal:///(app-pages-browser)/./node_modules/next/dist/next-devtools/shared/forward-logs-shared.js:44
[ 2214529ms] [LOG] [Fast Refresh] done in 235ms @ webpack-internal:///(app-pages-browser)/./node_modules/next/dist/next-devtools/shared/forward-logs-shared.js:44
[ 2215292ms] [LOG] [Fast Refresh] rebuilding @ webpack-internal:///(app-pages-browser)/./node_modules/next/dist/next-devtools/shared/forward-logs-shared.js:44
[ 2215590ms] [LOG] [Fast Refresh] done in 297ms @ webpack-internal:///(app-pages-browser)/./node_modules/next/dist/next-devtools/shared/forward-logs-shared.js:44
[ 2216285ms] [LOG] [Fast Refresh] rebuilding @ webpack-internal:///(app-pages-browser)/./node_modules/next/dist/next-devtools/shared/forward-logs-shared.js:44
[ 2216495ms] [LOG] [Fast Refresh] done in 210ms @ webpack-internal:///(app-pages-browser)/./node_modules/next/dist/next-devtools/shared/forward-logs-shared.js:44
[ 2217236ms] [LOG] [Fast Refresh] rebuilding @ webpack-internal:///(app-pages-browser)/./node_modules/next/dist/next-devtools/shared/forward-logs-shared.js:44
[ 2217462ms] [LOG] [Fast Refresh] done in 225ms @ webpack-internal:///(app-pages-browser)/./node_modules/next/dist/next-devtools/shared/forward-logs-shared.js:44
[ 2218111ms] [LOG] [Fast Refresh] rebuilding @ webpack-internal:///(app-pages-browser)/./node_modules/next/dist/next-devtools/shared/forward-logs-shared.js:44
[ 2218327ms] [LOG] [Fast Refresh] done in 217ms @ webpack-internal:///(app-pages-browser)/./node_modules/next/dist/next-devtools/shared/forward-logs-shared.js:44
[ 2219072ms] [LOG] [Fast Refresh] rebuilding @ webpack-internal:///(app-pages-browser)/./node_modules/next/dist/next-devtools/shared/forward-logs-shared.js:44
[ 2219373ms] [LOG] [Fast Refresh] done in 301ms @ webpack-internal:///(app-pages-browser)/./node_modules/next/dist/next-devtools/shared/forward-logs-shared.js:44
[ 2220232ms] [LOG] [Fast Refresh] rebuilding @ webpack-internal:///(app-pages-browser)/./node_modules/next/dist/next-devtools/shared/forward-logs-shared.js:44
[ 2220543ms] [LOG] [Fast Refresh] done in 311ms @ webpack-internal:///(app-pages-browser)/./node_modules/next/dist/next-devtools/shared/forward-logs-shared.js:44
[ 2221309ms] [LOG] [Fast Refresh] rebuilding @ webpack-internal:///(app-pages-browser)/./node_modules/next/dist/next-devtools/shared/forward-logs-shared.js:44
[ 2221592ms] [LOG] [Fast Refresh] done in 284ms @ webpack-internal:///(app-pages-browser)/./node_modules/next/dist/next-devtools/shared/forward-logs-shared.js:44
[ 2222227ms] [LOG] [Fast Refresh] rebuilding @ webpack-internal:///(app-pages-browser)/./node_modules/next/dist/next-devtools/shared/forward-logs-shared.js:44
[ 2222425ms] [LOG] [Fast Refresh] done in 196ms @ webpack-internal:///(app-pages-browser)/./node_modules/next/dist/next-devtools/shared/forward-logs-shared.js:44
[ 2223080ms] [LOG] [Fast Refresh] rebuilding @ webpack-internal:///(app-pages-browser)/./node_modules/next/dist/next-devtools/shared/forward-logs-shared.js:44
[ 2223321ms] [LOG] [Fast Refresh] done in 241ms @ webpack-internal:///(app-pages-browser)/./node_modules/next/dist/next-devtools/shared/forward-logs-shared.js:44
[ 2223945ms] [LOG] [Fast Refresh] rebuilding @ webpack-internal:///(app-pages-browser)/./node_modules/next/dist/next-devtools/shared/forward-logs-shared.js:44
[ 2224147ms] [LOG] [Fast Refresh] done in 201ms @ webpack-internal:///(app-pages-browser)/./node_modules/next/dist/next-devtools/shared/forward-logs-shared.js:44
[ 2225153ms] [LOG] [Fast Refresh] rebuilding @ webpack-internal:///(app-pages-browser)/./node_modules/next/dist/next-devtools/shared/forward-logs-shared.js:44
[ 2225446ms] [LOG] [Fast Refresh] done in 294ms @ webpack-internal:///(app-pages-browser)/./node_modules/next/dist/next-devtools/shared/forward-logs-shared.js:44
[ 2226253ms] [LOG] [Fast Refresh] rebuilding @ webpack-internal:///(app-pages-browser)/./node_modules/next/dist/next-devtools/shared/forward-logs-shared.js:44
[ 2226487ms] [LOG] [Fast Refresh] done in 234ms @ webpack-internal:///(app-pages-browser)/./node_modules/next/dist/next-devtools/shared/forward-logs-shared.js:44
[ 2227240ms] [LOG] [Fast Refresh] rebuilding @ webpack-internal:///(app-pages-browser)/./node_modules/next/dist/next-devtools/shared/forward-logs-shared.js:44
[ 2227561ms] [LOG] [Fast Refresh] done in 320ms @ webpack-internal:///(app-pages-browser)/./node_modules/next/dist/next-devtools/shared/forward-logs-shared.js:44
[ 2228177ms] [LOG] [Fast Refresh] rebuilding @ webpack-internal:///(app-pages-browser)/./node_modules/next/dist/next-devtools/shared/forward-logs-shared.js:44
[ 2228373ms] [LOG] [Fast Refresh] done in 196ms @ webpack-internal:///(app-pages-browser)/./node_modules/next/dist/next-devtools/shared/forward-logs-shared.js:44
[ 2229115ms] [LOG] [Fast Refresh] rebuilding @ webpack-internal:///(app-pages-browser)/./node_modules/next/dist/next-devtools/shared/forward-logs-shared.js:44
[ 2229459ms] [LOG] [Fast Refresh] done in 344ms @ webpack-internal:///(app-pages-browser)/./node_modules/next/dist/next-devtools/shared/forward-logs-shared.js:44
[ 2230359ms] [LOG] [Fast Refresh] rebuilding @ webpack-internal:///(app-pages-browser)/./node_modules/next/dist/next-devtools/shared/forward-logs-shared.js:44
[ 2231089ms] [LOG] [Fast Refresh] done in 730ms @ webpack-internal:///(app-pages-browser)/./node_modules/next/dist/next-devtools/shared/forward-logs-shared.js:44
[ 2233108ms] [LOG] [Fast Refresh] rebuilding @ webpack-internal:///(app-pages-browser)/./node_modules/next/dist/next-devtools/shared/forward-logs-shared.js:44
[ 2233555ms] [LOG] [Fast Refresh] done in 446ms @ webpack-internal:///(app-pages-browser)/./node_modules/next/dist/next-devtools/shared/forward-logs-shared.js:44
[ 2234793ms] [LOG] [Fast Refresh] rebuilding @ webpack-internal:///(app-pages-browser)/./node_modules/next/dist/next-devtools/shared/forward-logs-shared.js:44
[ 2235180ms] [LOG] [Fast Refresh] done in 386ms @ webpack-internal:///(app-pages-browser)/./node_modules/next/dist/next-devtools/shared/forward-logs-shared.js:44
[ 2236251ms] [LOG] [Fast Refresh] rebuilding @ webpack-internal:///(app-pages-browser)/./node_modules/next/dist/next-devtools/shared/forward-logs-shared.js:44
[ 2236601ms] [LOG] [Fast Refresh] done in 351ms @ webpack-internal:///(app-pages-browser)/./node_modules/next/dist/next-devtools/shared/forward-logs-shared.js:44
[ 2237493ms] [LOG] [Fast Refresh] rebuilding @ webpack-internal:///(app-pages-browser)/./node_modules/next/dist/next-devtools/shared/forward-logs-shared.js:44
[ 2237780ms] [LOG] [Fast Refresh] done in 287ms @ webpack-internal:///(app-pages-browser)/./node_modules/next/dist/next-devtools/shared/forward-logs-shared.js:44
[ 2238547ms] [LOG] [Fast Refresh] rebuilding @ webpack-internal:///(app-pages-browser)/./node_modules/next/dist/next-devtools/shared/forward-logs-shared.js:44
[ 2238952ms] [LOG] [Fast Refresh] done in 405ms @ webpack-internal:///(app-pages-browser)/./node_modules/next/dist/next-devtools/shared/forward-logs-shared.js:44
[ 2240027ms] [LOG] [Fast Refresh] rebuilding @ webpack-internal:///(app-pages-browser)/./node_modules/next/dist/next-devtools/shared/forward-logs-shared.js:44
[ 2241615ms] [LOG] [Fast Refresh] done in 1589ms @ webpack-internal:///(app-pages-browser)/./node_modules/next/dist/next-devtools/shared/forward-logs-shared.js:44
[ 2241617ms] [LOG] [Fast Refresh] rebuilding @ webpack-internal:///(app-pages-browser)/./node_modules/next/dist/next-devtools/shared/forward-logs-shared.js:44
[ 2242343ms] [LOG] [Fast Refresh] done in 725ms @ webpack-internal:///(app-pages-browser)/./node_modules/next/dist/next-devtools/shared/forward-logs-shared.js:44
[ 2243253ms] [LOG] [Fast Refresh] rebuilding @ webpack-internal:///(app-pages-browser)/./node_modules/next/dist/next-devtools/shared/forward-logs-shared.js:44
[ 2244096ms] [LOG] [Fast Refresh] done in 842ms @ webpack-internal:///(app-pages-browser)/./node_modules/next/dist/next-devtools/shared/forward-logs-shared.js:44
[ 2244547ms] [LOG] [Fast Refresh] rebuilding @ webpack-internal:///(app-pages-browser)/./node_modules/next/dist/next-devtools/shared/forward-logs-shared.js:44
[ 2244852ms] [LOG] [Fast Refresh] done in 305ms @ webpack-internal:///(app-pages-browser)/./node_modules/next/dist/next-devtools/shared/forward-logs-shared.js:44
[ 2245670ms] [LOG] [Fast Refresh] rebuilding @ webpack-internal:///(app-pages-browser)/./node_modules/next/dist/next-devtools/shared/forward-logs-shared.js:44
[ 2245940ms] [LOG] [Fast Refresh] done in 269ms @ webpack-internal:///(app-pages-browser)/./node_modules/next/dist/next-devtools/shared/forward-logs-shared.js:44
[ 2246704ms] [LOG] [Fast Refresh] rebuilding @ webpack-internal:///(app-pages-browser)/./node_modules/next/dist/next-devtools/shared/forward-logs-shared.js:44
[ 2248314ms] [LOG] [Fast Refresh] done in 1610ms @ webpack-internal:///(app-pages-browser)/./node_modules/next/dist/next-devtools/shared/forward-logs-shared.js:44
[ 2248790ms] [LOG] [Fast Refresh] rebuilding @ webpack-internal:///(app-pages-browser)/./node_modules/next/dist/next-devtools/shared/forward-logs-shared.js:44
[ 2252060ms] [WARNING] The resource http://localhost:3000/_next/static/css/app/layout.css?v=1786516891046 was preloaded using link preload but not used within a few seconds from the window's load event. Please make sure it has an appropriate `as` value and it is preloaded intentionally. @ http://localhost:3000/sales-executive/u4:0
[ 2252088ms] [WARNING] The resource http://localhost:3000/_next/static/css/app/layout.css?v=1786517364042 was preloaded using link preload but not used within a few seconds from the window's load event. Please make sure it has an appropriate `as` value and it is preloaded intentionally. @ http://localhost:3000/sales-executive/u4:0
[ 2252088ms] [WARNING] The resource http://localhost:3000/_next/static/css/app/layout.css?v=1786517361017 was preloaded using link preload but not used within a few seconds from the window's load event. Please make sure it has an appropriate `as` value and it is preloaded intentionally. @ http://localhost:3000/sales-executive/u4:0
[ 2252088ms] [WARNING] The resource http://localhost:3000/_next/static/css/app/layout.css?v=1786517367126 was preloaded using link preload but not used within a few seconds from the window's load event. Please make sure it has an appropriate `as` value and it is preloaded intentionally. @ http://localhost:3000/sales-executive/u4:0
[ 2252088ms] [WARNING] The resource http://localhost:3000/_next/static/css/app/layout.css?v=1786515891904 was preloaded using link preload but not used within a few seconds from the window's load event. Please make sure it has an appropriate `as` value and it is preloaded intentionally. @ http://localhost:3000/sales-executive/u4:0
[ 2252088ms] [WARNING] The resource http://localhost:3000/_next/static/css/app/layout.css?v=1786516180392 was preloaded using link preload but not used within a few seconds from the window's load event. Please make sure it has an appropriate `as` value and it is preloaded intentionally. @ http://localhost:3000/sales-executive/u4:0
[ 2252088ms] [WARNING] The resource http://localhost:3000/_next/static/css/app/layout.css?v=1786517500301 was preloaded using link preload but not used within a few seconds from the window's load event. Please make sure it has an appropriate `as` value and it is preloaded intentionally. @ http://localhost:3000/sales-executive/u4:0
[ 2252088ms] [WARNING] The resource http://localhost:3000/_next/static/css/app/layout.css?v=1786517370214 was preloaded using link preload but not used within a few seconds from the window's load event. Please make sure it has an appropriate `as` value and it is preloaded intentionally. @ http://localhost:3000/sales-executive/u4:0
[ 2252088ms] [WARNING] The resource http://localhost:3000/_next/static/css/app/layout.css?v=1786517497196 was preloaded using link preload but not used within a few seconds from the window's load event. Please make sure it has an appropriate `as` value and it is preloaded intentionally. @ http://localhost:3000/sales-executive/u4:0
[ 2252088ms] [WARNING] The resource http://localhost:3000/_next/static/css/app/layout.css?v=1786517411192 was preloaded using link preload but not used within a few seconds from the window's load event. Please make sure it has an appropriate `as` value and it is preloaded intentionally. @ http://localhost:3000/sales-executive/u4:0
[ 2252088ms] [WARNING] The resource http://localhost:3000/_next/static/css/app/layout.css?v=1786517387764 was preloaded using link preload but not used within a few seconds from the window's load event. Please make sure it has an appropriate `as` value and it is preloaded intentionally. @ http://localhost:3000/sales-executive/u4:0
[ 2252088ms] [WARNING] The resource http://localhost:3000/_next/static/css/app/layout.css?v=1786517620066 was preloaded using link preload but not used within a few seconds from the window's load event. Please make sure it has an appropriate `as` value and it is preloaded intentionally. @ http://localhost:3000/sales-executive/u4:0
[ 2252088ms] [WARNING] The resource http://localhost:3000/_next/static/css/app/layout.css?v=1786517248004 was preloaded using link preload but not used within a few seconds from the window's load event. Please make sure it has an appropriate `as` value and it is preloaded intentionally. @ http://localhost:3000/sales-executive/u4:0
[ 2252088ms] [WARNING] The resource http://localhost:3000/_next/static/css/app/layout.css?v=1786517248765 was preloaded using link preload but not used within a few seconds from the window's load event. Please make sure it has an appropriate `as` value and it is preloaded intentionally. @ http://localhost:3000/sales-executive/u4:0
[ 2252088ms] [WARNING] The resource http://localhost:3000/_next/static/css/app/layout.css?v=1786516994543 was preloaded using link preload but not used within a few seconds from the window's load event. Please make sure it has an appropriate `as` value and it is preloaded intentionally. @ http://localhost:3000/sales-executive/u4:0
[ 2252089ms] [WARNING] The resource http://localhost:3000/_next/static/css/app/layout.css?v=1786516182671 was preloaded using link preload but not used within a few seconds from the window's load event. Please make sure it has an appropriate `as` value and it is preloaded intentionally. @ http://localhost:3000/sales-executive/u4:0
[ 2252089ms] [WARNING] The resource http://localhost:3000/_next/static/css/app/layout.css?v=1786517627000 was preloaded using link preload but not used within a few seconds from the window's load event. Please make sure it has an appropriate `as` value and it is preloaded intentionally. @ http://localhost:3000/sales-executive/u4:0
[ 2252242ms] [LOG] [Fast Refresh] done in 3451ms @ webpack-internal:///(app-pages-browser)/./node_modules/next/dist/next-devtools/shared/forward-logs-shared.js:44
[ 2252243ms] [LOG] [Fast Refresh] rebuilding @ webpack-internal:///(app-pages-browser)/./node_modules/next/dist/next-devtools/shared/forward-logs-shared.js:44
[ 2253177ms] [LOG] [Fast Refresh] done in 935ms @ webpack-internal:///(app-pages-browser)/./node_modules/next/dist/next-devtools/shared/forward-logs-shared.js:44
[ 2256192ms] [WARNING] The resource http://localhost:3000/_next/static/css/app/layout.css?v=1786516891046 was preloaded using link preload but not used within a few seconds from the window's load event. Please make sure it has an appropriate `as` value and it is preloaded intentionally. @ http://localhost:3000/sales-executive/u4:0
[ 2256192ms] [WARNING] The resource http://localhost:3000/_next/static/css/app/layout.css?v=1786517364042 was preloaded using link preload but not used within a few seconds from the window's load event. Please make sure it has an appropriate `as` value and it is preloaded intentionally. @ http://localhost:3000/sales-executive/u4:0
[ 2256193ms] [WARNING] The resource http://localhost:3000/_next/static/css/app/layout.css?v=1786517361017 was preloaded using link preload but not used within a few seconds from the window's load event. Please make sure it has an appropriate `as` value and it is preloaded intentionally. @ http://localhost:3000/sales-executive/u4:0
[ 2256193ms] [WARNING] The resource http://localhost:3000/_next/static/css/app/layout.css?v=1786517367126 was preloaded using link preload but not used within a few seconds from the window's load event. Please make sure it has an appropriate `as` value and it is preloaded intentionally. @ http://localhost:3000/sales-executive/u4:0
[ 2256193ms] [WARNING] The resource http://localhost:3000/_next/static/css/app/layout.css?v=1786515891904 was preloaded using link preload but not used within a few seconds from the window's load event. Please make sure it has an appropriate `as` value and it is preloaded intentionally. @ http://localhost:3000/sales-executive/u4:0
[ 2256193ms] [WARNING] The resource http://localhost:3000/_next/static/css/app/layout.css?v=1786516180392 was preloaded using link preload but not used within a few seconds from the window's load event. Please make sure it has an appropriate `as` value and it is preloaded intentionally. @ http://localhost:3000/sales-executive/u4:0
[ 2256193ms] [WARNING] The resource http://localhost:3000/_next/static/css/app/layout.css?v=1786517500301 was preloaded using link preload but not used within a few seconds from the window's load event. Please make sure it has an appropriate `as` value and it is preloaded intentionally. @ http://localhost:3000/sales-executive/u4:0
[ 2256193ms] [WARNING] The resource http://localhost:3000/_next/static/css/app/layout.css?v=1786517370214 was preloaded using link preload but not used within a few seconds from the window's load event. Please make sure it has an appropriate `as` value and it is preloaded intentionally. @ http://localhost:3000/sales-executive/u4:0
[ 2256193ms] [WARNING] The resource http://localhost:3000/_next/static/css/app/layout.css?v=1786517497196 was preloaded using link preload but not used within a few seconds from the window's load event. Please make sure it has an appropriate `as` value and it is preloaded intentionally. @ http://localhost:3000/sales-executive/u4:0
[ 2256193ms] [WARNING] The resource http://localhost:3000/_next/static/css/app/layout.css?v=1786517411192 was preloaded using link preload but not used within a few seconds from the window's load event. Please make sure it has an appropriate `as` value and it is preloaded intentionally. @ http://localhost:3000/sales-executive/u4:0
[ 2256193ms] [WARNING] The resource http://localhost:3000/_next/static/css/app/layout.css?v=1786517387764 was preloaded using link preload but not used within a few seconds from the window's load event. Please make sure it has an appropriate `as` value and it is preloaded intentionally. @ http://localhost:3000/sales-executive/u4:0
[ 2256193ms] [WARNING] The resource http://localhost:3000/_next/static/css/app/layout.css?v=1786517620066 was preloaded using link preload but not used within a few seconds from the window's load event. Please make sure it has an appropriate `as` value and it is preloaded intentionally. @ http://localhost:3000/sales-executive/u4:0
[ 2256193ms] [WARNING] The resource http://localhost:3000/_next/static/css/app/layout.css?v=1786517248004 was preloaded using link preload but not used within a few seconds from the window's load event. Please make sure it has an appropriate `as` value and it is preloaded intentionally. @ http://localhost:3000/sales-executive/u4:0
[ 2256193ms] [WARNING] The resource http://localhost:3000/_next/static/css/app/layout.css?v=1786517248765 was preloaded using link preload but not used within a few seconds from the window's load event. Please make sure it has an appropriate `as` value and it is preloaded intentionally. @ http://localhost:3000/sales-executive/u4:0
[ 2256193ms] [WARNING] The resource http://localhost:3000/_next/static/css/app/layout.css?v=1786516994543 was preloaded using link preload but not used within a few seconds from the window's load event. Please make sure it has an appropriate `as` value and it is preloaded intentionally. @ http://localhost:3000/sales-executive/u4:0
[ 2256193ms] [WARNING] The resource http://localhost:3000/_next/static/css/app/layout.css?v=1786516182671 was preloaded using link preload but not used within a few seconds from the window's load event. Please make sure it has an appropriate `as` value and it is preloaded intentionally. @ http://localhost:3000/sales-executive/u4:0
[ 2256193ms] [WARNING] The resource http://localhost:3000/_next/static/css/app/layout.css?v=1786517627000 was preloaded using link preload but not used within a few seconds from the window's load event. Please make sure it has an appropriate `as` value and it is preloaded intentionally. @ http://localhost:3000/sales-executive/u4:0
[ 2257453ms] [LOG] [Fast Refresh] rebuilding @ webpack-internal:///(app-pages-browser)/./node_modules/next/dist/next-devtools/shared/forward-logs-shared.js:44
[ 2257471ms] [LOG] [Fast Refresh] rebuilding @ webpack-internal:///(app-pages-browser)/./node_modules/next/dist/next-devtools/shared/forward-logs-shared.js:44
[ 2258317ms] [LOG] [Fast Refresh] done in 846ms @ webpack-internal:///(app-pages-browser)/./node_modules/next/dist/next-devtools/shared/forward-logs-shared.js:44
[ 2259354ms] [LOG] [Fast Refresh] done in 1883ms @ webpack-internal:///(app-pages-browser)/./node_modules/next/dist/next-devtools/shared/forward-logs-shared.js:44
[ 2261222ms] [ERROR] Failed to load resource: the server responded with a status of 500 (Internal Server Error) @ http://localhost:3000/sales-executive/u4?_rsc=YtxuKjvRMkV035gv:0
[ 2264284ms] [WARNING] The resource http://localhost:3000/_next/static/css/app/layout.css?v=1786516891046 was preloaded using link preload but not used within a few seconds from the window's load event. Please make sure it has an appropriate `as` value and it is preloaded intentionally. @ http://localhost:3000/sales-executive/u4:0
[ 2264285ms] [WARNING] The resource http://localhost:3000/_next/static/css/app/layout.css?v=1786517364042 was preloaded using link preload but not used within a few seconds from the window's load event. Please make sure it has an appropriate `as` value and it is preloaded intentionally. @ http://localhost:3000/sales-executive/u4:0
[ 2264285ms] [WARNING] The resource http://localhost:3000/_next/static/css/app/layout.css?v=1786517361017 was preloaded using link preload but not used within a few seconds from the window's load event. Please make sure it has an appropriate `as` value and it is preloaded intentionally. @ http://localhost:3000/sales-executive/u4:0
[ 2264285ms] [WARNING] The resource http://localhost:3000/_next/static/css/app/layout.css?v=1786517367126 was preloaded using link preload but not used within a few seconds from the window's load event. Please make sure it has an appropriate `as` value and it is preloaded intentionally. @ http://localhost:3000/sales-executive/u4:0
[ 2264285ms] [WARNING] The resource http://localhost:3000/_next/static/css/app/layout.css?v=1786515891904 was preloaded using link preload but not used within a few seconds from the window's load event. Please make sure it has an appropriate `as` value and it is preloaded intentionally. @ http://localhost:3000/sales-executive/u4:0
[ 2264285ms] [WARNING] The resource http://localhost:3000/_next/static/css/app/layout.css?v=1786516180392 was preloaded using link preload but not used within a few seconds from the window's load event. Please make sure it has an appropriate `as` value and it is preloaded intentionally. @ http://localhost:3000/sales-executive/u4:0
[ 2264285ms] [WARNING] The resource http://localhost:3000/_next/static/css/app/layout.css?v=1786517500301 was preloaded using link preload but not used within a few seconds from the window's load event. Please make sure it has an appropriate `as` value and it is preloaded intentionally. @ http://localhost:3000/sales-executive/u4:0
[ 2264285ms] [WARNING] The resource http://localhost:3000/_next/static/css/app/layout.css?v=1786517370214 was preloaded using link preload but not used within a few seconds from the window's load event. Please make sure it has an appropriate `as` value and it is preloaded intentionally. @ http://localhost:3000/sales-executive/u4:0
[ 2264285ms] [WARNING] The resource http://localhost:3000/_next/static/css/app/layout.css?v=1786517641371 was preloaded using link preload but not used within a few seconds from the window's load event. Please make sure it has an appropriate `as` value and it is preloaded intentionally. @ http://localhost:3000/sales-executive/u4:0
[ 2264285ms] [WARNING] The resource http://localhost:3000/_next/static/css/app/layout.css?v=1786517497196 was preloaded using link preload but not used within a few seconds from the window's load event. Please make sure it has an appropriate `as` value and it is preloaded intentionally. @ http://localhost:3000/sales-executive/u4:0
[ 2264285ms] [WARNING] The resource http://localhost:3000/_next/static/css/app/layout.css?v=1786517411192 was preloaded using link preload but not used within a few seconds from the window's load event. Please make sure it has an appropriate `as` value and it is preloaded intentionally. @ http://localhost:3000/sales-executive/u4:0
[ 2264285ms] [WARNING] The resource http://localhost:3000/_next/static/css/app/layout.css?v=1786517387764 was preloaded using link preload but not used within a few seconds from the window's load event. Please make sure it has an appropriate `as` value and it is preloaded intentionally. @ http://localhost:3000/sales-executive/u4:0
[ 2264285ms] [WARNING] The resource http://localhost:3000/_next/static/css/app/layout.css?v=1786517620066 was preloaded using link preload but not used within a few seconds from the window's load event. Please make sure it has an appropriate `as` value and it is preloaded intentionally. @ http://localhost:3000/sales-executive/u4:0
[ 2264285ms] [WARNING] The resource http://localhost:3000/_next/static/css/app/layout.css?v=1786517248004 was preloaded using link preload but not used within a few seconds from the window's load event. Please make sure it has an appropriate `as` value and it is preloaded intentionally. @ http://localhost:3000/sales-executive/u4:0
[ 2264285ms] [WARNING] The resource http://localhost:3000/_next/static/css/app/layout.css?v=1786517248765 was preloaded using link preload but not used within a few seconds from the window's load event. Please make sure it has an appropriate `as` value and it is preloaded intentionally. @ http://localhost:3000/sales-executive/u4:0
[ 2264285ms] [WARNING] The resource http://localhost:3000/_next/static/css/app/layout.css?v=1786516994543 was preloaded using link preload but not used within a few seconds from the window's load event. Please make sure it has an appropriate `as` value and it is preloaded intentionally. @ http://localhost:3000/sales-executive/u4:0
[ 2264285ms] [WARNING] The resource http://localhost:3000/_next/static/css/app/layout.css?v=1786516182671 was preloaded using link preload but not used within a few seconds from the window's load event. Please make sure it has an appropriate `as` value and it is preloaded intentionally. @ http://localhost:3000/sales-executive/u4:0
[ 2264285ms] [WARNING] The resource http://localhost:3000/_next/static/css/app/layout.css?v=1786517627000 was preloaded using link preload but not used within a few seconds from the window's load event. Please make sure it has an appropriate `as` value and it is preloaded intentionally. @ http://localhost:3000/sales-executive/u4:0
[ 2295070ms] [INFO] %cDownload the React DevTools for a better development experience: https://react.dev/link/react-devtools font-weight:bold @ webpack-internal:///(app-pages-browser)/./node_modules/next/dist/next-devtools/shared/forward-logs-shared.js:44
[ 2295845ms] [LOG] [HMR] connected @ webpack-internal:///(app-pages-browser)/./node_modules/next/dist/next-devtools/shared/forward-logs-shared.js:44
[ 2298027ms] [LOG] [Fast Refresh] rebuilding @ webpack-internal:///(app-pages-browser)/./node_modules/next/dist/next-devtools/shared/forward-logs-shared.js:44
[ 2298736ms] [LOG] [Fast Refresh] done in 708ms @ webpack-internal:///(app-pages-browser)/./node_modules/next/dist/next-devtools/shared/forward-logs-shared.js:44
[ 2299163ms] [LOG] [Fast Refresh] rebuilding @ webpack-internal:///(app-pages-browser)/./node_modules/next/dist/next-devtools/shared/forward-logs-shared.js:44
[ 2301976ms] [LOG] [Fast Refresh] done in 2813ms @ webpack-internal:///(app-pages-browser)/./node_modules/next/dist/next-devtools/shared/forward-logs-shared.js:44
[ 2301978ms] [LOG] [Fast Refresh] rebuilding @ webpack-internal:///(app-pages-browser)/./node_modules/next/dist/next-devtools/shared/forward-logs-shared.js:44
[ 2302007ms] [LOG] [Fast Refresh] done in 29ms @ webpack-internal:///(app-pages-browser)/./node_modules/next/dist/next-devtools/shared/forward-logs-shared.js:44
[ 2302016ms] [LOG] [Fast Refresh] rebuilding @ webpack-internal:///(app-pages-browser)/./node_modules/next/dist/next-devtools/shared/forward-logs-shared.js:44
[ 2302860ms] [LOG] [Fast Refresh] done in 844ms @ webpack-internal:///(app-pages-browser)/./node_modules/next/dist/next-devtools/shared/forward-logs-shared.js:44
[ 2303427ms] [LOG] [Fast Refresh] rebuilding @ webpack-internal:///(app-pages-browser)/./node_modules/next/dist/next-devtools/shared/forward-logs-shared.js:44
[ 2303977ms] [LOG] [Fast Refresh] done in 550ms @ webpack-internal:///(app-pages-browser)/./node_modules/next/dist/next-devtools/shared/forward-logs-shared.js:44
[ 2305078ms] [LOG] [Fast Refresh] rebuilding @ webpack-internal:///(app-pages-browser)/./node_modules/next/dist/next-devtools/shared/forward-logs-shared.js:44
[ 2305331ms] [LOG] [Fast Refresh] done in 252ms @ webpack-internal:///(app-pages-browser)/./node_modules/next/dist/next-devtools/shared/forward-logs-shared.js:44
[ 2306567ms] [LOG] [Fast Refresh] rebuilding @ webpack-internal:///(app-pages-browser)/./node_modules/next/dist/next-devtools/shared/forward-logs-shared.js:44
[ 2306876ms] [LOG] [Fast Refresh] done in 309ms @ webpack-internal:///(app-pages-browser)/./node_modules/next/dist/next-devtools/shared/forward-logs-shared.js:44
[ 2308582ms] [LOG] [Fast Refresh] rebuilding @ webpack-internal:///(app-pages-browser)/./node_modules/next/dist/next-devtools/shared/forward-logs-shared.js:44
[ 2309613ms] [LOG] [Fast Refresh] done in 1032ms @ webpack-internal:///(app-pages-browser)/./node_modules/next/dist/next-devtools/shared/forward-logs-shared.js:44
[ 2310434ms] [LOG] [Fast Refresh] rebuilding @ webpack-internal:///(app-pages-browser)/./node_modules/next/dist/next-devtools/shared/forward-logs-shared.js:44
[ 2311350ms] [LOG] [Fast Refresh] done in 917ms @ webpack-internal:///(app-pages-browser)/./node_modules/next/dist/next-devtools/shared/forward-logs-shared.js:44
[ 2312170ms] [LOG] [Fast Refresh] rebuilding @ webpack-internal:///(app-pages-browser)/./node_modules/next/dist/next-devtools/shared/forward-logs-shared.js:44
[ 2312785ms] [LOG] [Fast Refresh] done in 615ms @ webpack-internal:///(app-pages-browser)/./node_modules/next/dist/next-devtools/shared/forward-logs-shared.js:44
[ 2313286ms] [LOG] [Fast Refresh] rebuilding @ webpack-internal:///(app-pages-browser)/./node_modules/next/dist/next-devtools/shared/forward-logs-shared.js:44
[ 2313524ms] [LOG] [Fast Refresh] done in 238ms @ webpack-internal:///(app-pages-browser)/./node_modules/next/dist/next-devtools/shared/forward-logs-shared.js:44
[ 2314604ms] [LOG] [Fast Refresh] rebuilding @ webpack-internal:///(app-pages-browser)/./node_modules/next/dist/next-devtools/shared/forward-logs-shared.js:44
[ 2315010ms] [LOG] [Fast Refresh] done in 406ms @ webpack-internal:///(app-pages-browser)/./node_modules/next/dist/next-devtools/shared/forward-logs-shared.js:44
[ 2316138ms] [LOG] [Fast Refresh] rebuilding @ webpack-internal:///(app-pages-browser)/./node_modules/next/dist/next-devtools/shared/forward-logs-shared.js:44
[ 2316582ms] [LOG] [Fast Refresh] done in 444ms @ webpack-internal:///(app-pages-browser)/./node_modules/next/dist/next-devtools/shared/forward-logs-shared.js:44
[ 2318638ms] [LOG] [Fast Refresh] rebuilding @ webpack-internal:///(app-pages-browser)/./node_modules/next/dist/next-devtools/shared/forward-logs-shared.js:44
[ 2318845ms] [LOG] [Fast Refresh] done in 207ms @ webpack-internal:///(app-pages-browser)/./node_modules/next/dist/next-devtools/shared/forward-logs-shared.js:44
[ 2319805ms] [LOG] [Fast Refresh] rebuilding @ webpack-internal:///(app-pages-browser)/./node_modules/next/dist/next-devtools/shared/forward-logs-shared.js:44
[ 2320120ms] [LOG] [Fast Refresh] done in 315ms @ webpack-internal:///(app-pages-browser)/./node_modules/next/dist/next-devtools/shared/forward-logs-shared.js:44
[ 2321017ms] [LOG] [Fast Refresh] rebuilding @ webpack-internal:///(app-pages-browser)/./node_modules/next/dist/next-devtools/shared/forward-logs-shared.js:44
[ 2321231ms] [LOG] [Fast Refresh] done in 215ms @ webpack-internal:///(app-pages-browser)/./node_modules/next/dist/next-devtools/shared/forward-logs-shared.js:44
[ 2322714ms] [LOG] [Fast Refresh] rebuilding @ webpack-internal:///(app-pages-browser)/./node_modules/next/dist/next-devtools/shared/forward-logs-shared.js:44
[ 2323527ms] [LOG] [Fast Refresh] done in 813ms @ webpack-internal:///(app-pages-browser)/./node_modules/next/dist/next-devtools/shared/forward-logs-shared.js:44
[ 2324046ms] [LOG] [Fast Refresh] rebuilding @ webpack-internal:///(app-pages-browser)/./node_modules/next/dist/next-devtools/shared/forward-logs-shared.js:44
[ 2324295ms] [LOG] [Fast Refresh] done in 249ms @ webpack-internal:///(app-pages-browser)/./node_modules/next/dist/next-devtools/shared/forward-logs-shared.js:44
[ 2325202ms] [LOG] [Fast Refresh] rebuilding @ webpack-internal:///(app-pages-browser)/./node_modules/next/dist/next-devtools/shared/forward-logs-shared.js:44
[ 2325459ms] [LOG] [Fast Refresh] done in 257ms @ webpack-internal:///(app-pages-browser)/./node_modules/next/dist/next-devtools/shared/forward-logs-shared.js:44
[ 2326390ms] [LOG] [Fast Refresh] rebuilding @ webpack-internal:///(app-pages-browser)/./node_modules/next/dist/next-devtools/shared/forward-logs-shared.js:44
[ 2326619ms] [LOG] [Fast Refresh] done in 229ms @ webpack-internal:///(app-pages-browser)/./node_modules/next/dist/next-devtools/shared/forward-logs-shared.js:44
[ 2327310ms] [LOG] [Fast Refresh] rebuilding @ webpack-internal:///(app-pages-browser)/./node_modules/next/dist/next-devtools/shared/forward-logs-shared.js:44
[ 2327424ms] [LOG] [Fast Refresh] done in 113ms @ webpack-internal:///(app-pages-browser)/./node_modules/next/dist/next-devtools/shared/forward-logs-shared.js:44
[ 2328246ms] [LOG] [Fast Refresh] rebuilding @ webpack-internal:///(app-pages-browser)/./node_modules/next/dist/next-devtools/shared/forward-logs-shared.js:44
[ 2328407ms] [LOG] [Fast Refresh] done in 161ms @ webpack-internal:///(app-pages-browser)/./node_modules/next/dist/next-devtools/shared/forward-logs-shared.js:44
[ 2329146ms] [LOG] [Fast Refresh] rebuilding @ webpack-internal:///(app-pages-browser)/./node_modules/next/dist/next-devtools/shared/forward-logs-shared.js:44
[ 2329267ms] [LOG] [Fast Refresh] done in 121ms @ webpack-internal:///(app-pages-browser)/./node_modules/next/dist/next-devtools/shared/forward-logs-shared.js:44
[ 2330129ms] [LOG] [Fast Refresh] rebuilding @ webpack-internal:///(app-pages-browser)/./node_modules/next/dist/next-devtools/shared/forward-logs-shared.js:44
[ 2330345ms] [LOG] [Fast Refresh] done in 216ms @ webpack-internal:///(app-pages-browser)/./node_modules/next/dist/next-devtools/shared/forward-logs-shared.js:44
[ 2331194ms] [LOG] [Fast Refresh] rebuilding @ webpack-internal:///(app-pages-browser)/./node_modules/next/dist/next-devtools/shared/forward-logs-shared.js:44
[ 2331396ms] [LOG] [Fast Refresh] done in 201ms @ webpack-internal:///(app-pages-browser)/./node_modules/next/dist/next-devtools/shared/forward-logs-shared.js:44
[ 2332376ms] [LOG] [Fast Refresh] rebuilding @ webpack-internal:///(app-pages-browser)/./node_modules/next/dist/next-devtools/shared/forward-logs-shared.js:44
[ 2333032ms] [LOG] [Fast Refresh] done in 656ms @ webpack-internal:///(app-pages-browser)/./node_modules/next/dist/next-devtools/shared/forward-logs-shared.js:44
[ 2333432ms] [LOG] [Fast Refresh] rebuilding @ webpack-internal:///(app-pages-browser)/./node_modules/next/dist/next-devtools/shared/forward-logs-shared.js:44
[ 2333578ms] [LOG] [Fast Refresh] done in 146ms @ webpack-internal:///(app-pages-browser)/./node_modules/next/dist/next-devtools/shared/forward-logs-shared.js:44
[ 2334552ms] [LOG] [Fast Refresh] rebuilding @ webpack-internal:///(app-pages-browser)/./node_modules/next/dist/next-devtools/shared/forward-logs-shared.js:44
[ 2334757ms] [LOG] [Fast Refresh] done in 204ms @ webpack-internal:///(app-pages-browser)/./node_modules/next/dist/next-devtools/shared/forward-logs-shared.js:44
[ 2335890ms] [LOG] [Fast Refresh] rebuilding @ webpack-internal:///(app-pages-browser)/./node_modules/next/dist/next-devtools/shared/forward-logs-shared.js:44
[ 2336150ms] [LOG] [Fast Refresh] done in 259ms @ webpack-internal:///(app-pages-browser)/./node_modules/next/dist/next-devtools/shared/forward-logs-shared.js:44
[ 2337152ms] [LOG] [Fast Refresh] rebuilding @ webpack-internal:///(app-pages-browser)/./node_modules/next/dist/next-devtools/shared/forward-logs-shared.js:44
[ 2337500ms] [LOG] [Fast Refresh] done in 348ms @ webpack-internal:///(app-pages-browser)/./node_modules/next/dist/next-devtools/shared/forward-logs-shared.js:44
[ 2338650ms] [LOG] [Fast Refresh] rebuilding @ webpack-internal:///(app-pages-browser)/./node_modules/next/dist/next-devtools/shared/forward-logs-shared.js:44
[ 2338982ms] [LOG] [Fast Refresh] done in 333ms @ webpack-internal:///(app-pages-browser)/./node_modules/next/dist/next-devtools/shared/forward-logs-shared.js:44
[ 2340003ms] [LOG] [Fast Refresh] rebuilding @ webpack-internal:///(app-pages-browser)/./node_modules/next/dist/next-devtools/shared/forward-logs-shared.js:44
[ 2340198ms] [LOG] [Fast Refresh] done in 195ms @ webpack-internal:///(app-pages-browser)/./node_modules/next/dist/next-devtools/shared/forward-logs-shared.js:44
[ 2341208ms] [LOG] [Fast Refresh] rebuilding @ webpack-internal:///(app-pages-browser)/./node_modules/next/dist/next-devtools/shared/forward-logs-shared.js:44
[ 2341445ms] [LOG] [Fast Refresh] done in 238ms @ webpack-internal:///(app-pages-browser)/./node_modules/next/dist/next-devtools/shared/forward-logs-shared.js:44
[ 2342301ms] [LOG] [Fast Refresh] rebuilding @ webpack-internal:///(app-pages-browser)/./node_modules/next/dist/next-devtools/shared/forward-logs-shared.js:44
[ 2342513ms] [LOG] [Fast Refresh] done in 212ms @ webpack-internal:///(app-pages-browser)/./node_modules/next/dist/next-devtools/shared/forward-logs-shared.js:44
[ 2343585ms] [LOG] [Fast Refresh] rebuilding @ webpack-internal:///(app-pages-browser)/./node_modules/next/dist/next-devtools/shared/forward-logs-shared.js:44
[ 2345259ms] [LOG] [Fast Refresh] done in 1673ms @ webpack-internal:///(app-pages-browser)/./node_modules/next/dist/next-devtools/shared/forward-logs-shared.js:44
[ 2348494ms] [WARNING] The resource http://localhost:3000/_next/static/css/app/layout.css?v=1786517681873 was preloaded using link preload but not used within a few seconds from the window's load event. Please make sure it has an appropriate `as` value and it is preloaded intentionally. @ http://localhost:3000/sales-executive/u4:0
[ 2348687ms] [WARNING] The resource http://localhost:3000/_next/static/css/app/layout.css?v=1786517679067 was preloaded using link preload but not used within a few seconds from the window's load event. Please make sure it has an appropriate `as` value and it is preloaded intentionally. @ http://localhost:3000/sales-executive/u4:0
[ 2349036ms] [LOG] [Fast Refresh] rebuilding @ webpack-internal:///(app-pages-browser)/./node_modules/next/dist/next-devtools/shared/forward-logs-shared.js:44
[ 2349127ms] [LOG] [Fast Refresh] done in 90ms @ webpack-internal:///(app-pages-browser)/./node_modules/next/dist/next-devtools/shared/forward-logs-shared.js:44
[ 2349689ms] [LOG] [Fast Refresh] rebuilding @ webpack-internal:///(app-pages-browser)/./node_modules/next/dist/next-devtools/shared/forward-logs-shared.js:44
[ 2349790ms] [LOG] [Fast Refresh] done in 102ms @ webpack-internal:///(app-pages-browser)/./node_modules/next/dist/next-devtools/shared/forward-logs-shared.js:44
[ 2350422ms] [LOG] [Fast Refresh] rebuilding @ webpack-internal:///(app-pages-browser)/./node_modules/next/dist/next-devtools/shared/forward-logs-shared.js:44
[ 2350551ms] [LOG] [Fast Refresh] done in 128ms @ webpack-internal:///(app-pages-browser)/./node_modules/next/dist/next-devtools/shared/forward-logs-shared.js:44
[ 2351068ms] [LOG] [Fast Refresh] rebuilding @ webpack-internal:///(app-pages-browser)/./node_modules/next/dist/next-devtools/shared/forward-logs-shared.js:44
[ 2351138ms] [LOG] [Fast Refresh] done in 69ms @ webpack-internal:///(app-pages-browser)/./node_modules/next/dist/next-devtools/shared/forward-logs-shared.js:44
[ 2351913ms] [LOG] [Fast Refresh] rebuilding @ webpack-internal:///(app-pages-browser)/./node_modules/next/dist/next-devtools/shared/forward-logs-shared.js:44
[ 2352039ms] [LOG] [Fast Refresh] done in 126ms @ webpack-internal:///(app-pages-browser)/./node_modules/next/dist/next-devtools/shared/forward-logs-shared.js:44
[ 2353177ms] [LOG] [Fast Refresh] rebuilding @ webpack-internal:///(app-pages-browser)/./node_modules/next/dist/next-devtools/shared/forward-logs-shared.js:44
[ 2353837ms] [LOG] [Fast Refresh] done in 659ms @ webpack-internal:///(app-pages-browser)/./node_modules/next/dist/next-devtools/shared/forward-logs-shared.js:44
[ 2355309ms] [LOG] [Fast Refresh] rebuilding @ webpack-internal:///(app-pages-browser)/./node_modules/next/dist/next-devtools/shared/forward-logs-shared.js:44
[ 2355583ms] [LOG] [Fast Refresh] done in 273ms @ webpack-internal:///(app-pages-browser)/./node_modules/next/dist/next-devtools/shared/forward-logs-shared.js:44
[ 2356470ms] [LOG] [Fast Refresh] rebuilding @ webpack-internal:///(app-pages-browser)/./node_modules/next/dist/next-devtools/shared/forward-logs-shared.js:44
[ 2356659ms] [LOG] [Fast Refresh] done in 188ms @ webpack-internal:///(app-pages-browser)/./node_modules/next/dist/next-devtools/shared/forward-logs-shared.js:44
[ 2357438ms] [LOG] [Fast Refresh] rebuilding @ webpack-internal:///(app-pages-browser)/./node_modules/next/dist/next-devtools/shared/forward-logs-shared.js:44
[ 2357599ms] [LOG] [Fast Refresh] done in 161ms @ webpack-internal:///(app-pages-browser)/./node_modules/next/dist/next-devtools/shared/forward-logs-shared.js:44
[ 2358322ms] [LOG] [Fast Refresh] rebuilding @ webpack-internal:///(app-pages-browser)/./node_modules/next/dist/next-devtools/shared/forward-logs-shared.js:44
[ 2358450ms] [LOG] [Fast Refresh] done in 128ms @ webpack-internal:///(app-pages-browser)/./node_modules/next/dist/next-devtools/shared/forward-logs-shared.js:44
[ 2359864ms] [LOG] [Fast Refresh] rebuilding @ webpack-internal:///(app-pages-browser)/./node_modules/next/dist/next-devtools/shared/forward-logs-shared.js:44
[ 2360206ms] [LOG] [Fast Refresh] done in 342ms @ webpack-internal:///(app-pages-browser)/./node_modules/next/dist/next-devtools/shared/forward-logs-shared.js:44
[ 2360712ms] [LOG] [Fast Refresh] rebuilding @ webpack-internal:///(app-pages-browser)/./node_modules/next/dist/next-devtools/shared/forward-logs-shared.js:44
[ 2361426ms] [LOG] [Fast Refresh] done in 714ms @ webpack-internal:///(app-pages-browser)/./node_modules/next/dist/next-devtools/shared/forward-logs-shared.js:44
[ 2362193ms] [LOG] [Fast Refresh] rebuilding @ webpack-internal:///(app-pages-browser)/./node_modules/next/dist/next-devtools/shared/forward-logs-shared.js:44
[ 2362364ms] [LOG] [Fast Refresh] done in 171ms @ webpack-internal:///(app-pages-browser)/./node_modules/next/dist/next-devtools/shared/forward-logs-shared.js:44
[ 2363222ms] [LOG] [Fast Refresh] rebuilding @ webpack-internal:///(app-pages-browser)/./node_modules/next/dist/next-devtools/shared/forward-logs-shared.js:44
[ 2363401ms] [LOG] [Fast Refresh] done in 180ms @ webpack-internal:///(app-pages-browser)/./node_modules/next/dist/next-devtools/shared/forward-logs-shared.js:44
[ 2364252ms] [LOG] [Fast Refresh] rebuilding @ webpack-internal:///(app-pages-browser)/./node_modules/next/dist/next-devtools/shared/forward-logs-shared.js:44
[ 2364441ms] [LOG] [Fast Refresh] done in 189ms @ webpack-internal:///(app-pages-browser)/./node_modules/next/dist/next-devtools/shared/forward-logs-shared.js:44
[ 2365138ms] [LOG] [Fast Refresh] rebuilding @ webpack-internal:///(app-pages-browser)/./node_modules/next/dist/next-devtools/shared/forward-logs-shared.js:44
[ 2365266ms] [LOG] [Fast Refresh] done in 128ms @ webpack-internal:///(app-pages-browser)/./node_modules/next/dist/next-devtools/shared/forward-logs-shared.js:44
[ 2366000ms] [LOG] [Fast Refresh] rebuilding @ webpack-internal:///(app-pages-browser)/./node_modules/next/dist/next-devtools/shared/forward-logs-shared.js:44
[ 2366266ms] [LOG] [Fast Refresh] done in 265ms @ webpack-internal:///(app-pages-browser)/./node_modules/next/dist/next-devtools/shared/forward-logs-shared.js:44
[ 2366854ms] [LOG] [Fast Refresh] rebuilding @ webpack-internal:///(app-pages-browser)/./node_modules/next/dist/next-devtools/shared/forward-logs-shared.js:44
[ 2367047ms] [LOG] [Fast Refresh] done in 193ms @ webpack-internal:///(app-pages-browser)/./node_modules/next/dist/next-devtools/shared/forward-logs-shared.js:44
[ 2368176ms] [LOG] [Fast Refresh] rebuilding @ webpack-internal:///(app-pages-browser)/./node_modules/next/dist/next-devtools/shared/forward-logs-shared.js:44
[ 2368700ms] [LOG] [Fast Refresh] done in 524ms @ webpack-internal:///(app-pages-browser)/./node_modules/next/dist/next-devtools/shared/forward-logs-shared.js:44
[ 2369058ms] [LOG] [Fast Refresh] rebuilding @ webpack-internal:///(app-pages-browser)/./node_modules/next/dist/next-devtools/shared/forward-logs-shared.js:44
[ 2369612ms] [LOG] [Fast Refresh] done in 554ms @ webpack-internal:///(app-pages-browser)/./node_modules/next/dist/next-devtools/shared/forward-logs-shared.js:44
[ 2370104ms] [LOG] [Fast Refresh] rebuilding @ webpack-internal:///(app-pages-browser)/./node_modules/next/dist/next-devtools/shared/forward-logs-shared.js:44
[ 2370727ms] [LOG] [Fast Refresh] done in 623ms @ webpack-internal:///(app-pages-browser)/./node_modules/next/dist/next-devtools/shared/forward-logs-shared.js:44
[ 2371178ms] [LOG] [Fast Refresh] rebuilding @ webpack-internal:///(app-pages-browser)/./node_modules/next/dist/next-devtools/shared/forward-logs-shared.js:44
[ 2371392ms] [LOG] [Fast Refresh] done in 213ms @ webpack-internal:///(app-pages-browser)/./node_modules/next/dist/next-devtools/shared/forward-logs-shared.js:44
[ 2372158ms] [LOG] [Fast Refresh] rebuilding @ webpack-internal:///(app-pages-browser)/./node_modules/next/dist/next-devtools/shared/forward-logs-shared.js:44
[ 2372327ms] [LOG] [Fast Refresh] done in 168ms @ webpack-internal:///(app-pages-browser)/./node_modules/next/dist/next-devtools/shared/forward-logs-shared.js:44
[ 2373099ms] [LOG] [Fast Refresh] rebuilding @ webpack-internal:///(app-pages-browser)/./node_modules/next/dist/next-devtools/shared/forward-logs-shared.js:44
[ 2373223ms] [LOG] [Fast Refresh] done in 124ms @ webpack-internal:///(app-pages-browser)/./node_modules/next/dist/next-devtools/shared/forward-logs-shared.js:44
[ 2373997ms] [LOG] [Fast Refresh] rebuilding @ webpack-internal:///(app-pages-browser)/./node_modules/next/dist/next-devtools/shared/forward-logs-shared.js:44
[ 2374142ms] [LOG] [Fast Refresh] done in 145ms @ webpack-internal:///(app-pages-browser)/./node_modules/next/dist/next-devtools/shared/forward-logs-shared.js:44
[ 2374802ms] [LOG] [Fast Refresh] rebuilding @ webpack-internal:///(app-pages-browser)/./node_modules/next/dist/next-devtools/shared/forward-logs-shared.js:44
[ 2374951ms] [LOG] [Fast Refresh] done in 148ms @ webpack-internal:///(app-pages-browser)/./node_modules/next/dist/next-devtools/shared/forward-logs-shared.js:44
[ 2375597ms] [LOG] [Fast Refresh] rebuilding @ webpack-internal:///(app-pages-browser)/./node_modules/next/dist/next-devtools/shared/forward-logs-shared.js:44
[ 2375759ms] [LOG] [Fast Refresh] done in 162ms @ webpack-internal:///(app-pages-browser)/./node_modules/next/dist/next-devtools/shared/forward-logs-shared.js:44
[ 2376476ms] [LOG] [Fast Refresh] rebuilding @ webpack-internal:///(app-pages-browser)/./node_modules/next/dist/next-devtools/shared/forward-logs-shared.js:44
[ 2376606ms] [LOG] [Fast Refresh] done in 129ms @ webpack-internal:///(app-pages-browser)/./node_modules/next/dist/next-devtools/shared/forward-logs-shared.js:44
[ 2377216ms] [LOG] [Fast Refresh] rebuilding @ webpack-internal:///(app-pages-browser)/./node_modules/next/dist/next-devtools/shared/forward-logs-shared.js:44
[ 2377378ms] [LOG] [Fast Refresh] done in 163ms @ webpack-internal:///(app-pages-browser)/./node_modules/next/dist/next-devtools/shared/forward-logs-shared.js:44
[ 2378005ms] [LOG] [Fast Refresh] rebuilding @ webpack-internal:///(app-pages-browser)/./node_modules/next/dist/next-devtools/shared/forward-logs-shared.js:44
[ 2378141ms] [LOG] [Fast Refresh] done in 136ms @ webpack-internal:///(app-pages-browser)/./node_modules/next/dist/next-devtools/shared/forward-logs-shared.js:44
[ 2378871ms] [LOG] [Fast Refresh] rebuilding @ webpack-internal:///(app-pages-browser)/./node_modules/next/dist/next-devtools/shared/forward-logs-shared.js:44
[ 2379050ms] [LOG] [Fast Refresh] done in 181ms @ webpack-internal:///(app-pages-browser)/./node_modules/next/dist/next-devtools/shared/forward-logs-shared.js:44
[ 2379717ms] [LOG] [Fast Refresh] rebuilding @ webpack-internal:///(app-pages-browser)/./node_modules/next/dist/next-devtools/shared/forward-logs-shared.js:44
[ 2379829ms] [LOG] [Fast Refresh] done in 112ms @ webpack-internal:///(app-pages-browser)/./node_modules/next/dist/next-devtools/shared/forward-logs-shared.js:44
[ 2380529ms] [LOG] [Fast Refresh] rebuilding @ webpack-internal:///(app-pages-browser)/./node_modules/next/dist/next-devtools/shared/forward-logs-shared.js:44
[ 2380683ms] [LOG] [Fast Refresh] done in 155ms @ webpack-internal:///(app-pages-browser)/./node_modules/next/dist/next-devtools/shared/forward-logs-shared.js:44
[ 2381306ms] [LOG] [Fast Refresh] rebuilding @ webpack-internal:///(app-pages-browser)/./node_modules/next/dist/next-devtools/shared/forward-logs-shared.js:44
[ 2382520ms] [LOG] [Fast Refresh] done in 1214ms @ webpack-internal:///(app-pages-browser)/./node_modules/next/dist/next-devtools/shared/forward-logs-shared.js:44
[ 2383905ms] [LOG] [Fast Refresh] rebuilding @ webpack-internal:///(app-pages-browser)/./node_modules/next/dist/next-devtools/shared/forward-logs-shared.js:44
[ 2384207ms] [LOG] [Fast Refresh] done in 302ms @ webpack-internal:///(app-pages-browser)/./node_modules/next/dist/next-devtools/shared/forward-logs-shared.js:44
[ 2384861ms] [LOG] [Fast Refresh] rebuilding @ webpack-internal:///(app-pages-browser)/./node_modules/next/dist/next-devtools/shared/forward-logs-shared.js:44
[ 2385056ms] [LOG] [Fast Refresh] done in 195ms @ webpack-internal:///(app-pages-browser)/./node_modules/next/dist/next-devtools/shared/forward-logs-shared.js:44
[ 2385792ms] [LOG] [Fast Refresh] rebuilding @ webpack-internal:///(app-pages-browser)/./node_modules/next/dist/next-devtools/shared/forward-logs-shared.js:44
[ 2385954ms] [LOG] [Fast Refresh] done in 162ms @ webpack-internal:///(app-pages-browser)/./node_modules/next/dist/next-devtools/shared/forward-logs-shared.js:44
[ 2386670ms] [LOG] [Fast Refresh] rebuilding @ webpack-internal:///(app-pages-browser)/./node_modules/next/dist/next-devtools/shared/forward-logs-shared.js:44
[ 2386839ms] [LOG] [Fast Refresh] done in 169ms @ webpack-internal:///(app-pages-browser)/./node_modules/next/dist/next-devtools/shared/forward-logs-shared.js:44
[ 2387635ms] [LOG] [Fast Refresh] rebuilding @ webpack-internal:///(app-pages-browser)/./node_modules/next/dist/next-devtools/shared/forward-logs-shared.js:44
[ 2388209ms] [LOG] [Fast Refresh] done in 574ms @ webpack-internal:///(app-pages-browser)/./node_modules/next/dist/next-devtools/shared/forward-logs-shared.js:44
[ 2388649ms] [LOG] [Fast Refresh] rebuilding @ webpack-internal:///(app-pages-browser)/./node_modules/next/dist/next-devtools/shared/forward-logs-shared.js:44
[ 2389058ms] [LOG] [Fast Refresh] done in 408ms @ webpack-internal:///(app-pages-browser)/./node_modules/next/dist/next-devtools/shared/forward-logs-shared.js:44
[ 2390511ms] [LOG] [Fast Refresh] rebuilding @ webpack-internal:///(app-pages-browser)/./node_modules/next/dist/next-devtools/shared/forward-logs-shared.js:44
[ 2390724ms] [LOG] [Fast Refresh] done in 213ms @ webpack-internal:///(app-pages-browser)/./node_modules/next/dist/next-devtools/shared/forward-logs-shared.js:44
[ 2391477ms] [LOG] [Fast Refresh] rebuilding @ webpack-internal:///(app-pages-browser)/./node_modules/next/dist/next-devtools/shared/forward-logs-shared.js:44
[ 2392060ms] [LOG] [Fast Refresh] done in 583ms @ webpack-internal:///(app-pages-browser)/./node_modules/next/dist/next-devtools/shared/forward-logs-shared.js:44
[ 2392615ms] [LOG] [Fast Refresh] rebuilding @ webpack-internal:///(app-pages-browser)/./node_modules/next/dist/next-devtools/shared/forward-logs-shared.js:44
[ 2393172ms] [LOG] [Fast Refresh] done in 557ms @ webpack-internal:///(app-pages-browser)/./node_modules/next/dist/next-devtools/shared/forward-logs-shared.js:44
[ 2393558ms] [LOG] [Fast Refresh] rebuilding @ webpack-internal:///(app-pages-browser)/./node_modules/next/dist/next-devtools/shared/forward-logs-shared.js:44
[ 2393689ms] [LOG] [Fast Refresh] done in 131ms @ webpack-internal:///(app-pages-browser)/./node_modules/next/dist/next-devtools/shared/forward-logs-shared.js:44
[ 2394434ms] [LOG] [Fast Refresh] rebuilding @ webpack-internal:///(app-pages-browser)/./node_modules/next/dist/next-devtools/shared/forward-logs-shared.js:44
[ 2394587ms] [LOG] [Fast Refresh] done in 153ms @ webpack-internal:///(app-pages-browser)/./node_modules/next/dist/next-devtools/shared/forward-logs-shared.js:44
[ 2395366ms] [LOG] [Fast Refresh] rebuilding @ webpack-internal:///(app-pages-browser)/./node_modules/next/dist/next-devtools/shared/forward-logs-shared.js:44
[ 2395533ms] [LOG] [Fast Refresh] done in 167ms @ webpack-internal:///(app-pages-browser)/./node_modules/next/dist/next-devtools/shared/forward-logs-shared.js:44
[ 2396321ms] [LOG] [Fast Refresh] rebuilding @ webpack-internal:///(app-pages-browser)/./node_modules/next/dist/next-devtools/shared/forward-logs-shared.js:44
[ 2396503ms] [LOG] [Fast Refresh] done in 183ms @ webpack-internal:///(app-pages-browser)/./node_modules/next/dist/next-devtools/shared/forward-logs-shared.js:44
[ 2397156ms] [LOG] [Fast Refresh] rebuilding @ webpack-internal:///(app-pages-browser)/./node_modules/next/dist/next-devtools/shared/forward-logs-shared.js:44
[ 2397507ms] [LOG] [Fast Refresh] done in 351ms @ webpack-internal:///(app-pages-browser)/./node_modules/next/dist/next-devtools/shared/forward-logs-shared.js:44
[ 2398433ms] [LOG] [Fast Refresh] rebuilding @ webpack-internal:///(app-pages-browser)/./node_modules/next/dist/next-devtools/shared/forward-logs-shared.js:44
[ 2399003ms] [LOG] [Fast Refresh] done in 570ms @ webpack-internal:///(app-pages-browser)/./node_modules/next/dist/next-devtools/shared/forward-logs-shared.js:44
[ 2399473ms] [LOG] [Fast Refresh] rebuilding @ webpack-internal:///(app-pages-browser)/./node_modules/next/dist/next-devtools/shared/forward-logs-shared.js:44
[ 2400009ms] [LOG] [Fast Refresh] done in 537ms @ webpack-internal:///(app-pages-browser)/./node_modules/next/dist/next-devtools/shared/forward-logs-shared.js:44
[ 2400361ms] [LOG] [Fast Refresh] rebuilding @ webpack-internal:///(app-pages-browser)/./node_modules/next/dist/next-devtools/shared/forward-logs-shared.js:44
[ 2401207ms] [LOG] [Fast Refresh] done in 846ms @ webpack-internal:///(app-pages-browser)/./node_modules/next/dist/next-devtools/shared/forward-logs-shared.js:44
[ 2401219ms] [LOG] [Fast Refresh] rebuilding @ webpack-internal:///(app-pages-browser)/./node_modules/next/dist/next-devtools/shared/forward-logs-shared.js:44
[ 2402196ms] [LOG] [Fast Refresh] done in 976ms @ webpack-internal:///(app-pages-browser)/./node_modules/next/dist/next-devtools/shared/forward-logs-shared.js:44
[ 2402207ms] [LOG] [Fast Refresh] rebuilding @ webpack-internal:///(app-pages-browser)/./node_modules/next/dist/next-devtools/shared/forward-logs-shared.js:44
[ 2402767ms] [LOG] [Fast Refresh] done in 560ms @ webpack-internal:///(app-pages-browser)/./node_modules/next/dist/next-devtools/shared/forward-logs-shared.js:44
[ 2403566ms] [LOG] [Fast Refresh] rebuilding @ webpack-internal:///(app-pages-browser)/./node_modules/next/dist/next-devtools/shared/forward-logs-shared.js:44
[ 2404134ms] [LOG] [Fast Refresh] done in 568ms @ webpack-internal:///(app-pages-browser)/./node_modules/next/dist/next-devtools/shared/forward-logs-shared.js:44
[ 2404862ms] [LOG] [Fast Refresh] rebuilding @ webpack-internal:///(app-pages-browser)/./node_modules/next/dist/next-devtools/shared/forward-logs-shared.js:44
[ 2405169ms] [LOG] [Fast Refresh] done in 308ms @ webpack-internal:///(app-pages-browser)/./node_modules/next/dist/next-devtools/shared/forward-logs-shared.js:44
[ 2406521ms] [LOG] [Fast Refresh] rebuilding @ webpack-internal:///(app-pages-browser)/./node_modules/next/dist/next-devtools/shared/forward-logs-shared.js:44
[ 2406848ms] [LOG] [Fast Refresh] done in 327ms @ webpack-internal:///(app-pages-browser)/./node_modules/next/dist/next-devtools/shared/forward-logs-shared.js:44
[ 2406916ms] [LOG] [Fast Refresh] rebuilding @ webpack-internal:///(app-pages-browser)/./node_modules/next/dist/next-devtools/shared/forward-logs-shared.js:44
[ 2407894ms] [LOG] [Fast Refresh] done in 977ms @ webpack-internal:///(app-pages-browser)/./node_modules/next/dist/next-devtools/shared/forward-logs-shared.js:44
[ 2408098ms] [LOG] [Fast Refresh] rebuilding @ webpack-internal:///(app-pages-browser)/./node_modules/next/dist/next-devtools/shared/forward-logs-shared.js:44
[ 2408864ms] [LOG] [Fast Refresh] done in 766ms @ webpack-internal:///(app-pages-browser)/./node_modules/next/dist/next-devtools/shared/forward-logs-shared.js:44
[ 2408873ms] [LOG] [Fast Refresh] rebuilding @ webpack-internal:///(app-pages-browser)/./node_modules/next/dist/next-devtools/shared/forward-logs-shared.js:44
[ 2409595ms] [LOG] [Fast Refresh] done in 723ms @ webpack-internal:///(app-pages-browser)/./node_modules/next/dist/next-devtools/shared/forward-logs-shared.js:44
[ 2409609ms] [LOG] [Fast Refresh] rebuilding @ webpack-internal:///(app-pages-browser)/./node_modules/next/dist/next-devtools/shared/forward-logs-shared.js:44
[ 2410637ms] [LOG] [Fast Refresh] done in 1029ms @ webpack-internal:///(app-pages-browser)/./node_modules/next/dist/next-devtools/shared/forward-logs-shared.js:44
[ 2410671ms] [LOG] [Fast Refresh] rebuilding @ webpack-internal:///(app-pages-browser)/./node_modules/next/dist/next-devtools/shared/forward-logs-shared.js:44
[ 2411474ms] [LOG] [Fast Refresh] done in 804ms @ webpack-internal:///(app-pages-browser)/./node_modules/next/dist/next-devtools/shared/forward-logs-shared.js:44
[ 2414655ms] [WARNING] The resource http://localhost:3000/_next/static/css/app/layout.css?v=1786517781510 was preloaded using link preload but not used within a few seconds from the window's load event. Please make sure it has an appropriate `as` value and it is preloaded intentionally. @ http://localhost:3000/sales-executive/u4:0
[ 2414656ms] [WARNING] The resource http://localhost:3000/_next/static/css/app/layout.css?v=1786517679067 was preloaded using link preload but not used within a few seconds from the window's load event. Please make sure it has an appropriate `as` value and it is preloaded intentionally. @ http://localhost:3000/sales-executive/u4:0
[ 2414656ms] [WARNING] The resource http://localhost:3000/_next/static/css/app/layout.css?v=1786517786351 was preloaded using link preload but not used within a few seconds from the window's load event. Please make sure it has an appropriate `as` value and it is preloaded intentionally. @ http://localhost:3000/sales-executive/u4:0
[ 2414656ms] [WARNING] The resource http://localhost:3000/_next/static/css/app/layout.css?v=1786517681873 was preloaded using link preload but not used within a few seconds from the window's load event. Please make sure it has an appropriate `as` value and it is preloaded intentionally. @ http://localhost:3000/sales-executive/u4:0
[ 2414661ms] [WARNING] The resource http://localhost:3000/_next/static/css/app/layout.css?v=1786517786876 was preloaded using link preload but not used within a few seconds from the window's load event. Please make sure it has an appropriate `as` value and it is preloaded intentionally. @ http://localhost:3000/sales-executive/u4:0
[ 2414661ms] [WARNING] The resource http://localhost:3000/_next/static/css/app/layout.css?v=1786517780219 was preloaded using link preload but not used within a few seconds from the window's load event. Please make sure it has an appropriate `as` value and it is preloaded intentionally. @ http://localhost:3000/sales-executive/u4:0
[ 2414670ms] [LOG] [Fast Refresh] rebuilding @ webpack-internal:///(app-pages-browser)/./node_modules/next/dist/next-devtools/shared/forward-logs-shared.js:44
[ 2415094ms] [LOG] [Fast Refresh] rebuilding @ webpack-internal:///(app-pages-browser)/./node_modules/next/dist/next-devtools/shared/forward-logs-shared.js:44
[ 2415224ms] [LOG] [Fast Refresh] done in 130ms @ webpack-internal:///(app-pages-browser)/./node_modules/next/dist/next-devtools/shared/forward-logs-shared.js:44
[ 2415600ms] [LOG] [Fast Refresh] rebuilding @ webpack-internal:///(app-pages-browser)/./node_modules/next/dist/next-devtools/shared/forward-logs-shared.js:44
[ 2415601ms] [ERROR] Failed to load resource: the server responded with a status of 500 (Internal Server Error) @ http://localhost:3000/sales-executive/u4?_rsc=YtxuKjvRMkV035gv:0
[ 2415631ms] [LOG] [Fast Refresh] done in 31ms @ webpack-internal:///(app-pages-browser)/./node_modules/next/dist/next-devtools/shared/forward-logs-shared.js:44
[ 2425040ms] [INFO] %cDownload the React DevTools for a better development experience: https://react.dev/link/react-devtools font-weight:bold @ webpack-internal:///(app-pages-browser)/./node_modules/next/dist/next-devtools/shared/forward-logs-shared.js:44
[ 2425596ms] [LOG] [HMR] connected @ webpack-internal:///(app-pages-browser)/./node_modules/next/dist/next-devtools/shared/forward-logs-shared.js:44
[ 2426036ms] [ERROR] Can't perform a React state update on a component that hasn't mounted yet. This indicates that you have a side-effect in your render function that asynchronously tries to update the component. Move this work to useEffect instead. @ webpack-internal:///(app-pages-browser)/./node_modules/next/dist/next-devtools/userspace/app/errors/intercept-console-error.js:57
[ 2426057ms] [LOG] [Fast Refresh] rebuilding @ webpack-internal:///(app-pages-browser)/./node_modules/next/dist/next-devtools/shared/forward-logs-shared.js:44
[ 2427205ms] [LOG] [Fast Refresh] done in 1147ms @ webpack-internal:///(app-pages-browser)/./node_modules/next/dist/next-devtools/shared/forward-logs-shared.js:44
[ 2427209ms] [LOG] [Fast Refresh] rebuilding @ webpack-internal:///(app-pages-browser)/./node_modules/next/dist/next-devtools/shared/forward-logs-shared.js:44
[ 2428651ms] [LOG] [Fast Refresh] done in 1441ms @ webpack-internal:///(app-pages-browser)/./node_modules/next/dist/next-devtools/shared/forward-logs-shared.js:44
[ 2428654ms] [LOG] [Fast Refresh] rebuilding @ webpack-internal:///(app-pages-browser)/./node_modules/next/dist/next-devtools/shared/forward-logs-shared.js:44
[ 2429383ms] [LOG] [Fast Refresh] done in 728ms @ webpack-internal:///(app-pages-browser)/./node_modules/next/dist/next-devtools/shared/forward-logs-shared.js:44
[ 2429908ms] [LOG] [Fast Refresh] rebuilding @ webpack-internal:///(app-pages-browser)/./node_modules/next/dist/next-devtools/shared/forward-logs-shared.js:44
[ 2430110ms] [LOG] [Fast Refresh] done in 203ms @ webpack-internal:///(app-pages-browser)/./node_modules/next/dist/next-devtools/shared/forward-logs-shared.js:44
[ 2431055ms] [LOG] [Fast Refresh] rebuilding @ webpack-internal:///(app-pages-browser)/./node_modules/next/dist/next-devtools/shared/forward-logs-shared.js:44
[ 2431270ms] [LOG] [Fast Refresh] done in 216ms @ webpack-internal:///(app-pages-browser)/./node_modules/next/dist/next-devtools/shared/forward-logs-shared.js:44
[ 2432112ms] [LOG] [Fast Refresh] rebuilding @ webpack-internal:///(app-pages-browser)/./node_modules/next/dist/next-devtools/shared/forward-logs-shared.js:44
[ 2432291ms] [LOG] [Fast Refresh] done in 179ms @ webpack-internal:///(app-pages-browser)/./node_modules/next/dist/next-devtools/shared/forward-logs-shared.js:44
[ 2433025ms] [LOG] [Fast Refresh] rebuilding @ webpack-internal:///(app-pages-browser)/./node_modules/next/dist/next-devtools/shared/forward-logs-shared.js:44
[ 2433207ms] [LOG] [Fast Refresh] done in 181ms @ webpack-internal:///(app-pages-browser)/./node_modules/next/dist/next-devtools/shared/forward-logs-shared.js:44
[ 2434008ms] [LOG] [Fast Refresh] rebuilding @ webpack-internal:///(app-pages-browser)/./node_modules/next/dist/next-devtools/shared/forward-logs-shared.js:44
[ 2434192ms] [LOG] [Fast Refresh] done in 185ms @ webpack-internal:///(app-pages-browser)/./node_modules/next/dist/next-devtools/shared/forward-logs-shared.js:44
[ 2434956ms] [LOG] [Fast Refresh] rebuilding @ webpack-internal:///(app-pages-browser)/./node_modules/next/dist/next-devtools/shared/forward-logs-shared.js:44
[ 2435139ms] [LOG] [Fast Refresh] done in 182ms @ webpack-internal:///(app-pages-browser)/./node_modules/next/dist/next-devtools/shared/forward-logs-shared.js:44
[ 2435929ms] [LOG] [Fast Refresh] rebuilding @ webpack-internal:///(app-pages-browser)/./node_modules/next/dist/next-devtools/shared/forward-logs-shared.js:44
[ 2436111ms] [LOG] [Fast Refresh] done in 182ms @ webpack-internal:///(app-pages-browser)/./node_modules/next/dist/next-devtools/shared/forward-logs-shared.js:44
[ 2436903ms] [LOG] [Fast Refresh] rebuilding @ webpack-internal:///(app-pages-browser)/./node_modules/next/dist/next-devtools/shared/forward-logs-shared.js:44
[ 2437065ms] [LOG] [Fast Refresh] done in 162ms @ webpack-internal:///(app-pages-browser)/./node_modules/next/dist/next-devtools/shared/forward-logs-shared.js:44
[ 2437790ms] [LOG] [Fast Refresh] rebuilding @ webpack-internal:///(app-pages-browser)/./node_modules/next/dist/next-devtools/shared/forward-logs-shared.js:44
[ 2438261ms] [LOG] [Fast Refresh] done in 471ms @ webpack-internal:///(app-pages-browser)/./node_modules/next/dist/next-devtools/shared/forward-logs-shared.js:44
[ 2438636ms] [LOG] [Fast Refresh] rebuilding @ webpack-internal:///(app-pages-browser)/./node_modules/next/dist/next-devtools/shared/forward-logs-shared.js:44
[ 2438742ms] [LOG] [Fast Refresh] done in 105ms @ webpack-internal:///(app-pages-browser)/./node_modules/next/dist/next-devtools/shared/forward-logs-shared.js:44
[ 2439524ms] [LOG] [Fast Refresh] rebuilding @ webpack-internal:///(app-pages-browser)/./node_modules/next/dist/next-devtools/shared/forward-logs-shared.js:44
[ 2439728ms] [LOG] [Fast Refresh] done in 205ms @ webpack-internal:///(app-pages-browser)/./node_modules/next/dist/next-devtools/shared/forward-logs-shared.js:44
[ 2440465ms] [LOG] [Fast Refresh] rebuilding @ webpack-internal:///(app-pages-browser)/./node_modules/next/dist/next-devtools/shared/forward-logs-shared.js:44
[ 2440649ms] [LOG] [Fast Refresh] done in 184ms @ webpack-internal:///(app-pages-browser)/./node_modules/next/dist/next-devtools/shared/forward-logs-shared.js:44
[ 2441358ms] [LOG] [Fast Refresh] rebuilding @ webpack-internal:///(app-pages-browser)/./node_modules/next/dist/next-devtools/shared/forward-logs-shared.js:44
[ 2441529ms] [LOG] [Fast Refresh] done in 171ms @ webpack-internal:///(app-pages-browser)/./node_modules/next/dist/next-devtools/shared/forward-logs-shared.js:44
[ 2442259ms] [LOG] [Fast Refresh] rebuilding @ webpack-internal:///(app-pages-browser)/./node_modules/next/dist/next-devtools/shared/forward-logs-shared.js:44
[ 2442545ms] [LOG] [Fast Refresh] done in 287ms @ webpack-internal:///(app-pages-browser)/./node_modules/next/dist/next-devtools/shared/forward-logs-shared.js:44
[ 2443888ms] [LOG] [Fast Refresh] rebuilding @ webpack-internal:///(app-pages-browser)/./node_modules/next/dist/next-devtools/shared/forward-logs-shared.js:44
[ 2444123ms] [LOG] [Fast Refresh] done in 235ms @ webpack-internal:///(app-pages-browser)/./node_modules/next/dist/next-devtools/shared/forward-logs-shared.js:44
[ 2445016ms] [LOG] [Fast Refresh] rebuilding @ webpack-internal:///(app-pages-browser)/./node_modules/next/dist/next-devtools/shared/forward-logs-shared.js:44
[ 2445341ms] [LOG] [Fast Refresh] done in 325ms @ webpack-internal:///(app-pages-browser)/./node_modules/next/dist/next-devtools/shared/forward-logs-shared.js:44
[ 2446081ms] [LOG] [Fast Refresh] rebuilding @ webpack-internal:///(app-pages-browser)/./node_modules/next/dist/next-devtools/shared/forward-logs-shared.js:44
[ 2446268ms] [LOG] [Fast Refresh] done in 187ms @ webpack-internal:///(app-pages-browser)/./node_modules/next/dist/next-devtools/shared/forward-logs-shared.js:44
[ 2447084ms] [LOG] [Fast Refresh] rebuilding @ webpack-internal:///(app-pages-browser)/./node_modules/next/dist/next-devtools/shared/forward-logs-shared.js:44
[ 2447325ms] [LOG] [Fast Refresh] done in 240ms @ webpack-internal:///(app-pages-browser)/./node_modules/next/dist/next-devtools/shared/forward-logs-shared.js:44
[ 2448167ms] [LOG] [Fast Refresh] rebuilding @ webpack-internal:///(app-pages-browser)/./node_modules/next/dist/next-devtools/shared/forward-logs-shared.js:44
[ 2448400ms] [LOG] [Fast Refresh] done in 234ms @ webpack-internal:///(app-pages-browser)/./node_modules/next/dist/next-devtools/shared/forward-logs-shared.js:44
[ 2449086ms] [LOG] [Fast Refresh] rebuilding @ webpack-internal:///(app-pages-browser)/./node_modules/next/dist/next-devtools/shared/forward-logs-shared.js:44
[ 2449259ms] [LOG] [Fast Refresh] done in 173ms @ webpack-internal:///(app-pages-browser)/./node_modules/next/dist/next-devtools/shared/forward-logs-shared.js:44
[ 2450619ms] [LOG] [Fast Refresh] rebuilding @ webpack-internal:///(app-pages-browser)/./node_modules/next/dist/next-devtools/shared/forward-logs-shared.js:44
[ 2451580ms] [LOG] [Fast Refresh] done in 961ms @ webpack-internal:///(app-pages-browser)/./node_modules/next/dist/next-devtools/shared/forward-logs-shared.js:44
[ 2452566ms] [LOG] [Fast Refresh] rebuilding @ webpack-internal:///(app-pages-browser)/./node_modules/next/dist/next-devtools/shared/forward-logs-shared.js:44
[ 2452755ms] [LOG] [Fast Refresh] done in 188ms @ webpack-internal:///(app-pages-browser)/./node_modules/next/dist/next-devtools/shared/forward-logs-shared.js:44
[ 2453614ms] [LOG] [Fast Refresh] rebuilding @ webpack-internal:///(app-pages-browser)/./node_modules/next/dist/next-devtools/shared/forward-logs-shared.js:44
[ 2453818ms] [LOG] [Fast Refresh] done in 203ms @ webpack-internal:///(app-pages-browser)/./node_modules/next/dist/next-devtools/shared/forward-logs-shared.js:44
[ 2454677ms] [LOG] [Fast Refresh] rebuilding @ webpack-internal:///(app-pages-browser)/./node_modules/next/dist/next-devtools/shared/forward-logs-shared.js:44
[ 2454875ms] [LOG] [Fast Refresh] done in 198ms @ webpack-internal:///(app-pages-browser)/./node_modules/next/dist/next-devtools/shared/forward-logs-shared.js:44
[ 2455734ms] [LOG] [Fast Refresh] rebuilding @ webpack-internal:///(app-pages-browser)/./node_modules/next/dist/next-devtools/shared/forward-logs-shared.js:44
[ 2455918ms] [LOG] [Fast Refresh] done in 184ms @ webpack-internal:///(app-pages-browser)/./node_modules/next/dist/next-devtools/shared/forward-logs-shared.js:44
[ 2456775ms] [LOG] [Fast Refresh] rebuilding @ webpack-internal:///(app-pages-browser)/./node_modules/next/dist/next-devtools/shared/forward-logs-shared.js:44
[ 2456979ms] [LOG] [Fast Refresh] done in 204ms @ webpack-internal:///(app-pages-browser)/./node_modules/next/dist/next-devtools/shared/forward-logs-shared.js:44
[ 2457904ms] [LOG] [Fast Refresh] rebuilding @ webpack-internal:///(app-pages-browser)/./node_modules/next/dist/next-devtools/shared/forward-logs-shared.js:44
[ 2458088ms] [LOG] [Fast Refresh] done in 185ms @ webpack-internal:///(app-pages-browser)/./node_modules/next/dist/next-devtools/shared/forward-logs-shared.js:44
[ 2459043ms] [LOG] [Fast Refresh] rebuilding @ webpack-internal:///(app-pages-browser)/./node_modules/next/dist/next-devtools/shared/forward-logs-shared.js:44
[ 2459217ms] [LOG] [Fast Refresh] done in 173ms @ webpack-internal:///(app-pages-browser)/./node_modules/next/dist/next-devtools/shared/forward-logs-shared.js:44
[ 2459908ms] [LOG] [Fast Refresh] rebuilding @ webpack-internal:///(app-pages-browser)/./node_modules/next/dist/next-devtools/shared/forward-logs-shared.js:44
[ 2460046ms] [LOG] [Fast Refresh] done in 139ms @ webpack-internal:///(app-pages-browser)/./node_modules/next/dist/next-devtools/shared/forward-logs-shared.js:44
[ 2460785ms] [LOG] [Fast Refresh] rebuilding @ webpack-internal:///(app-pages-browser)/./node_modules/next/dist/next-devtools/shared/forward-logs-shared.js:44
[ 2460967ms] [LOG] [Fast Refresh] done in 182ms @ webpack-internal:///(app-pages-browser)/./node_modules/next/dist/next-devtools/shared/forward-logs-shared.js:44
[ 2461630ms] [LOG] [Fast Refresh] rebuilding @ webpack-internal:///(app-pages-browser)/./node_modules/next/dist/next-devtools/shared/forward-logs-shared.js:44
[ 2461800ms] [LOG] [Fast Refresh] done in 170ms @ webpack-internal:///(app-pages-browser)/./node_modules/next/dist/next-devtools/shared/forward-logs-shared.js:44
[ 2462474ms] [LOG] [Fast Refresh] rebuilding @ webpack-internal:///(app-pages-browser)/./node_modules/next/dist/next-devtools/shared/forward-logs-shared.js:44
[ 2462677ms] [LOG] [Fast Refresh] done in 203ms @ webpack-internal:///(app-pages-browser)/./node_modules/next/dist/next-devtools/shared/forward-logs-shared.js:44
[ 2463439ms] [LOG] [Fast Refresh] rebuilding @ webpack-internal:///(app-pages-browser)/./node_modules/next/dist/next-devtools/shared/forward-logs-shared.js:44
[ 2463648ms] [LOG] [Fast Refresh] done in 209ms @ webpack-internal:///(app-pages-browser)/./node_modules/next/dist/next-devtools/shared/forward-logs-shared.js:44
[ 2464363ms] [LOG] [Fast Refresh] rebuilding @ webpack-internal:///(app-pages-browser)/./node_modules/next/dist/next-devtools/shared/forward-logs-shared.js:44
[ 2464484ms] [LOG] [Fast Refresh] done in 122ms @ webpack-internal:///(app-pages-browser)/./node_modules/next/dist/next-devtools/shared/forward-logs-shared.js:44
[ 2465288ms] [LOG] [Fast Refresh] rebuilding @ webpack-internal:///(app-pages-browser)/./node_modules/next/dist/next-devtools/shared/forward-logs-shared.js:44
[ 2465483ms] [LOG] [Fast Refresh] done in 196ms @ webpack-internal:///(app-pages-browser)/./node_modules/next/dist/next-devtools/shared/forward-logs-shared.js:44
[ 2466408ms] [LOG] [Fast Refresh] rebuilding @ webpack-internal:///(app-pages-browser)/./node_modules/next/dist/next-devtools/shared/forward-logs-shared.js:44
[ 2466643ms] [LOG] [Fast Refresh] done in 236ms @ webpack-internal:///(app-pages-browser)/./node_modules/next/dist/next-devtools/shared/forward-logs-shared.js:44
[ 2467552ms] [LOG] [Fast Refresh] rebuilding @ webpack-internal:///(app-pages-browser)/./node_modules/next/dist/next-devtools/shared/forward-logs-shared.js:44
[ 2467741ms] [LOG] [Fast Refresh] done in 189ms @ webpack-internal:///(app-pages-browser)/./node_modules/next/dist/next-devtools/shared/forward-logs-shared.js:44
[ 2468607ms] [LOG] [Fast Refresh] rebuilding @ webpack-internal:///(app-pages-browser)/./node_modules/next/dist/next-devtools/shared/forward-logs-shared.js:44
[ 2468796ms] [LOG] [Fast Refresh] done in 189ms @ webpack-internal:///(app-pages-browser)/./node_modules/next/dist/next-devtools/shared/forward-logs-shared.js:44
[ 2469559ms] [LOG] [Fast Refresh] rebuilding @ webpack-internal:///(app-pages-browser)/./node_modules/next/dist/next-devtools/shared/forward-logs-shared.js:44
[ 2469739ms] [LOG] [Fast Refresh] done in 179ms @ webpack-internal:///(app-pages-browser)/./node_modules/next/dist/next-devtools/shared/forward-logs-shared.js:44
[ 2470482ms] [LOG] [Fast Refresh] rebuilding @ webpack-internal:///(app-pages-browser)/./node_modules/next/dist/next-devtools/shared/forward-logs-shared.js:44
[ 2470634ms] [LOG] [Fast Refresh] done in 153ms @ webpack-internal:///(app-pages-browser)/./node_modules/next/dist/next-devtools/shared/forward-logs-shared.js:44
[ 2471480ms] [LOG] [Fast Refresh] rebuilding @ webpack-internal:///(app-pages-browser)/./node_modules/next/dist/next-devtools/shared/forward-logs-shared.js:44
[ 2471747ms] [LOG] [Fast Refresh] done in 267ms @ webpack-internal:///(app-pages-browser)/./node_modules/next/dist/next-devtools/shared/forward-logs-shared.js:44
[ 2472822ms] [LOG] [Fast Refresh] rebuilding @ webpack-internal:///(app-pages-browser)/./node_modules/next/dist/next-devtools/shared/forward-logs-shared.js:44
[ 2473149ms] [LOG] [Fast Refresh] done in 327ms @ webpack-internal:///(app-pages-browser)/./node_modules/next/dist/next-devtools/shared/forward-logs-shared.js:44
[ 2474482ms] [LOG] [Fast Refresh] rebuilding @ webpack-internal:///(app-pages-browser)/./node_modules/next/dist/next-devtools/shared/forward-logs-shared.js:44
[ 2475089ms] [LOG] [Fast Refresh] done in 608ms @ webpack-internal:///(app-pages-browser)/./node_modules/next/dist/next-devtools/shared/forward-logs-shared.js:44
[ 2475638ms] [LOG] [Fast Refresh] rebuilding @ webpack-internal:///(app-pages-browser)/./node_modules/next/dist/next-devtools/shared/forward-logs-shared.js:44
[ 2476084ms] [LOG] [Fast Refresh] done in 446ms @ webpack-internal:///(app-pages-browser)/./node_modules/next/dist/next-devtools/shared/forward-logs-shared.js:44
[ 2476563ms] [LOG] [Fast Refresh] rebuilding @ webpack-internal:///(app-pages-browser)/./node_modules/next/dist/next-devtools/shared/forward-logs-shared.js:44
[ 2476797ms] [LOG] [Fast Refresh] done in 234ms @ webpack-internal:///(app-pages-browser)/./node_modules/next/dist/next-devtools/shared/forward-logs-shared.js:44
[ 2477706ms] [LOG] [Fast Refresh] rebuilding @ webpack-internal:///(app-pages-browser)/./node_modules/next/dist/next-devtools/shared/forward-logs-shared.js:44
[ 2477877ms] [LOG] [Fast Refresh] done in 171ms @ webpack-internal:///(app-pages-browser)/./node_modules/next/dist/next-devtools/shared/forward-logs-shared.js:44
[ 2478802ms] [LOG] [Fast Refresh] rebuilding @ webpack-internal:///(app-pages-browser)/./node_modules/next/dist/next-devtools/shared/forward-logs-shared.js:44
[ 2479044ms] [LOG] [Fast Refresh] done in 242ms @ webpack-internal:///(app-pages-browser)/./node_modules/next/dist/next-devtools/shared/forward-logs-shared.js:44
[ 2479895ms] [LOG] [Fast Refresh] rebuilding @ webpack-internal:///(app-pages-browser)/./node_modules/next/dist/next-devtools/shared/forward-logs-shared.js:44
[ 2480134ms] [LOG] [Fast Refresh] done in 238ms @ webpack-internal:///(app-pages-browser)/./node_modules/next/dist/next-devtools/shared/forward-logs-shared.js:44
[ 2481445ms] [LOG] [Fast Refresh] rebuilding @ webpack-internal:///(app-pages-browser)/./node_modules/next/dist/next-devtools/shared/forward-logs-shared.js:44
[ 2482127ms] [LOG] [Fast Refresh] done in 682ms @ webpack-internal:///(app-pages-browser)/./node_modules/next/dist/next-devtools/shared/forward-logs-shared.js:44
[ 2483078ms] [LOG] [Fast Refresh] rebuilding @ webpack-internal:///(app-pages-browser)/./node_modules/next/dist/next-devtools/shared/forward-logs-shared.js:44
[ 2483235ms] [LOG] [Fast Refresh] done in 158ms @ webpack-internal:///(app-pages-browser)/./node_modules/next/dist/next-devtools/shared/forward-logs-shared.js:44
[ 2484075ms] [LOG] [Fast Refresh] rebuilding @ webpack-internal:///(app-pages-browser)/./node_modules/next/dist/next-devtools/shared/forward-logs-shared.js:44
[ 2484586ms] [LOG] [Fast Refresh] done in 510ms @ webpack-internal:///(app-pages-browser)/./node_modules/next/dist/next-devtools/shared/forward-logs-shared.js:44
[ 2485027ms] [LOG] [Fast Refresh] rebuilding @ webpack-internal:///(app-pages-browser)/./node_modules/next/dist/next-devtools/shared/forward-logs-shared.js:44
[ 2485242ms] [LOG] [Fast Refresh] done in 214ms @ webpack-internal:///(app-pages-browser)/./node_modules/next/dist/next-devtools/shared/forward-logs-shared.js:44
[ 2485945ms] [LOG] [Fast Refresh] rebuilding @ webpack-internal:///(app-pages-browser)/./node_modules/next/dist/next-devtools/shared/forward-logs-shared.js:44
[ 2486130ms] [LOG] [Fast Refresh] done in 184ms @ webpack-internal:///(app-pages-browser)/./node_modules/next/dist/next-devtools/shared/forward-logs-shared.js:44
[ 2486863ms] [LOG] [Fast Refresh] rebuilding @ webpack-internal:///(app-pages-browser)/./node_modules/next/dist/next-devtools/shared/forward-logs-shared.js:44
[ 2487176ms] [LOG] [Fast Refresh] done in 313ms @ webpack-internal:///(app-pages-browser)/./node_modules/next/dist/next-devtools/shared/forward-logs-shared.js:44
[ 2488216ms] [LOG] [Fast Refresh] rebuilding @ webpack-internal:///(app-pages-browser)/./node_modules/next/dist/next-devtools/shared/forward-logs-shared.js:44
[ 2488465ms] [LOG] [Fast Refresh] done in 250ms @ webpack-internal:///(app-pages-browser)/./node_modules/next/dist/next-devtools/shared/forward-logs-shared.js:44
[ 2489419ms] [LOG] [Fast Refresh] rebuilding @ webpack-internal:///(app-pages-browser)/./node_modules/next/dist/next-devtools/shared/forward-logs-shared.js:44
[ 2489956ms] [LOG] [Fast Refresh] done in 538ms @ webpack-internal:///(app-pages-browser)/./node_modules/next/dist/next-devtools/shared/forward-logs-shared.js:44
[ 2490303ms] [LOG] [Fast Refresh] rebuilding @ webpack-internal:///(app-pages-browser)/./node_modules/next/dist/next-devtools/shared/forward-logs-shared.js:44
[ 2490493ms] [LOG] [Fast Refresh] done in 190ms @ webpack-internal:///(app-pages-browser)/./node_modules/next/dist/next-devtools/shared/forward-logs-shared.js:44
[ 2491235ms] [LOG] [Fast Refresh] rebuilding @ webpack-internal:///(app-pages-browser)/./node_modules/next/dist/next-devtools/shared/forward-logs-shared.js:44
[ 2491426ms] [LOG] [Fast Refresh] done in 191ms @ webpack-internal:///(app-pages-browser)/./node_modules/next/dist/next-devtools/shared/forward-logs-shared.js:44
[ 2492117ms] [LOG] [Fast Refresh] rebuilding @ webpack-internal:///(app-pages-browser)/./node_modules/next/dist/next-devtools/shared/forward-logs-shared.js:44
[ 2492246ms] [LOG] [Fast Refresh] done in 129ms @ webpack-internal:///(app-pages-browser)/./node_modules/next/dist/next-devtools/shared/forward-logs-shared.js:44
[ 2492971ms] [LOG] [Fast Refresh] rebuilding @ webpack-internal:///(app-pages-browser)/./node_modules/next/dist/next-devtools/shared/forward-logs-shared.js:44
[ 2493160ms] [LOG] [Fast Refresh] done in 189ms @ webpack-internal:///(app-pages-browser)/./node_modules/next/dist/next-devtools/shared/forward-logs-shared.js:44
[ 2493866ms] [LOG] [Fast Refresh] rebuilding @ webpack-internal:///(app-pages-browser)/./node_modules/next/dist/next-devtools/shared/forward-logs-shared.js:44
[ 2494008ms] [LOG] [Fast Refresh] done in 142ms @ webpack-internal:///(app-pages-browser)/./node_modules/next/dist/next-devtools/shared/forward-logs-shared.js:44
[ 2494759ms] [LOG] [Fast Refresh] rebuilding @ webpack-internal:///(app-pages-browser)/./node_modules/next/dist/next-devtools/shared/forward-logs-shared.js:44
[ 2494971ms] [LOG] [Fast Refresh] done in 212ms @ webpack-internal:///(app-pages-browser)/./node_modules/next/dist/next-devtools/shared/forward-logs-shared.js:44
[ 2495794ms] [LOG] [Fast Refresh] rebuilding @ webpack-internal:///(app-pages-browser)/./node_modules/next/dist/next-devtools/shared/forward-logs-shared.js:44
[ 2495954ms] [LOG] [Fast Refresh] done in 161ms @ webpack-internal:///(app-pages-browser)/./node_modules/next/dist/next-devtools/shared/forward-logs-shared.js:44
[ 2496789ms] [LOG] [Fast Refresh] rebuilding @ webpack-internal:///(app-pages-browser)/./node_modules/next/dist/next-devtools/shared/forward-logs-shared.js:44
[ 2496978ms] [LOG] [Fast Refresh] done in 188ms @ webpack-internal:///(app-pages-browser)/./node_modules/next/dist/next-devtools/shared/forward-logs-shared.js:44
[ 2497803ms] [LOG] [Fast Refresh] rebuilding @ webpack-internal:///(app-pages-browser)/./node_modules/next/dist/next-devtools/shared/forward-logs-shared.js:44
[ 2498003ms] [LOG] [Fast Refresh] done in 199ms @ webpack-internal:///(app-pages-browser)/./node_modules/next/dist/next-devtools/shared/forward-logs-shared.js:44
[ 2498768ms] [LOG] [Fast Refresh] rebuilding @ webpack-internal:///(app-pages-browser)/./node_modules/next/dist/next-devtools/shared/forward-logs-shared.js:44
[ 2498970ms] [LOG] [Fast Refresh] done in 203ms @ webpack-internal:///(app-pages-browser)/./node_modules/next/dist/next-devtools/shared/forward-logs-shared.js:44
[ 2499633ms] [LOG] [Fast Refresh] rebuilding @ webpack-internal:///(app-pages-browser)/./node_modules/next/dist/next-devtools/shared/forward-logs-shared.js:44
[ 2499777ms] [LOG] [Fast Refresh] done in 144ms @ webpack-internal:///(app-pages-browser)/./node_modules/next/dist/next-devtools/shared/forward-logs-shared.js:44
[ 2500528ms] [LOG] [Fast Refresh] rebuilding @ webpack-internal:///(app-pages-browser)/./node_modules/next/dist/next-devtools/shared/forward-logs-shared.js:44
[ 2500680ms] [LOG] [Fast Refresh] done in 153ms @ webpack-internal:///(app-pages-browser)/./node_modules/next/dist/next-devtools/shared/forward-logs-shared.js:44
[ 2501327ms] [LOG] [Fast Refresh] rebuilding @ webpack-internal:///(app-pages-browser)/./node_modules/next/dist/next-devtools/shared/forward-logs-shared.js:44
[ 2501473ms] [LOG] [Fast Refresh] done in 147ms @ webpack-internal:///(app-pages-browser)/./node_modules/next/dist/next-devtools/shared/forward-logs-shared.js:44
[ 2502266ms] [LOG] [Fast Refresh] rebuilding @ webpack-internal:///(app-pages-browser)/./node_modules/next/dist/next-devtools/shared/forward-logs-shared.js:44
[ 2502430ms] [LOG] [Fast Refresh] done in 164ms @ webpack-internal:///(app-pages-browser)/./node_modules/next/dist/next-devtools/shared/forward-logs-shared.js:44
[ 2503502ms] [LOG] [Fast Refresh] rebuilding @ webpack-internal:///(app-pages-browser)/./node_modules/next/dist/next-devtools/shared/forward-logs-shared.js:44
[ 2503732ms] [LOG] [Fast Refresh] done in 230ms @ webpack-internal:///(app-pages-browser)/./node_modules/next/dist/next-devtools/shared/forward-logs-shared.js:44
[ 2504546ms] [LOG] [Fast Refresh] rebuilding @ webpack-internal:///(app-pages-browser)/./node_modules/next/dist/next-devtools/shared/forward-logs-shared.js:44
[ 2504696ms] [LOG] [Fast Refresh] done in 150ms @ webpack-internal:///(app-pages-browser)/./node_modules/next/dist/next-devtools/shared/forward-logs-shared.js:44
[ 2505460ms] [LOG] [Fast Refresh] rebuilding @ webpack-internal:///(app-pages-browser)/./node_modules/next/dist/next-devtools/shared/forward-logs-shared.js:44
[ 2505670ms] [LOG] [Fast Refresh] done in 210ms @ webpack-internal:///(app-pages-browser)/./node_modules/next/dist/next-devtools/shared/forward-logs-shared.js:44
[ 2506485ms] [LOG] [Fast Refresh] rebuilding @ webpack-internal:///(app-pages-browser)/./node_modules/next/dist/next-devtools/shared/forward-logs-shared.js:44
[ 2506629ms] [LOG] [Fast Refresh] done in 144ms @ webpack-internal:///(app-pages-browser)/./node_modules/next/dist/next-devtools/shared/forward-logs-shared.js:44
[ 2507379ms] [LOG] [Fast Refresh] rebuilding @ webpack-internal:///(app-pages-browser)/./node_modules/next/dist/next-devtools/shared/forward-logs-shared.js:44
[ 2507544ms] [LOG] [Fast Refresh] done in 166ms @ webpack-internal:///(app-pages-browser)/./node_modules/next/dist/next-devtools/shared/forward-logs-shared.js:44
[ 2508295ms] [LOG] [Fast Refresh] rebuilding @ webpack-internal:///(app-pages-browser)/./node_modules/next/dist/next-devtools/shared/forward-logs-shared.js:44
[ 2508422ms] [LOG] [Fast Refresh] done in 126ms @ webpack-internal:///(app-pages-browser)/./node_modules/next/dist/next-devtools/shared/forward-logs-shared.js:44
[ 2509163ms] [LOG] [Fast Refresh] rebuilding @ webpack-internal:///(app-pages-browser)/./node_modules/next/dist/next-devtools/shared/forward-logs-shared.js:44
[ 2509480ms] [LOG] [Fast Refresh] done in 317ms @ webpack-internal:///(app-pages-browser)/./node_modules/next/dist/next-devtools/shared/forward-logs-shared.js:44
[ 2511315ms] [LOG] [Fast Refresh] rebuilding @ webpack-internal:///(app-pages-browser)/./node_modules/next/dist/next-devtools/shared/forward-logs-shared.js:44
[ 2511490ms] [LOG] [Fast Refresh] done in 175ms @ webpack-internal:///(app-pages-browser)/./node_modules/next/dist/next-devtools/shared/forward-logs-shared.js:44
[ 2512329ms] [LOG] [Fast Refresh] rebuilding @ webpack-internal:///(app-pages-browser)/./node_modules/next/dist/next-devtools/shared/forward-logs-shared.js:44
[ 2512514ms] [LOG] [Fast Refresh] done in 186ms @ webpack-internal:///(app-pages-browser)/./node_modules/next/dist/next-devtools/shared/forward-logs-shared.js:44
[ 2513297ms] [LOG] [Fast Refresh] rebuilding @ webpack-internal:///(app-pages-browser)/./node_modules/next/dist/next-devtools/shared/forward-logs-shared.js:44
[ 2513474ms] [LOG] [Fast Refresh] done in 177ms @ webpack-internal:///(app-pages-browser)/./node_modules/next/dist/next-devtools/shared/forward-logs-shared.js:44
[ 2514130ms] [LOG] [Fast Refresh] rebuilding @ webpack-internal:///(app-pages-browser)/./node_modules/next/dist/next-devtools/shared/forward-logs-shared.js:44
[ 2514241ms] [LOG] [Fast Refresh] done in 112ms @ webpack-internal:///(app-pages-browser)/./node_modules/next/dist/next-devtools/shared/forward-logs-shared.js:44
[ 2514993ms] [LOG] [Fast Refresh] rebuilding @ webpack-internal:///(app-pages-browser)/./node_modules/next/dist/next-devtools/shared/forward-logs-shared.js:44
[ 2515240ms] [LOG] [Fast Refresh] done in 246ms @ webpack-internal:///(app-pages-browser)/./node_modules/next/dist/next-devtools/shared/forward-logs-shared.js:44
[ 2516045ms] [LOG] [Fast Refresh] rebuilding @ webpack-internal:///(app-pages-browser)/./node_modules/next/dist/next-devtools/shared/forward-logs-shared.js:44
[ 2516614ms] [LOG] [Fast Refresh] done in 569ms @ webpack-internal:///(app-pages-browser)/./node_modules/next/dist/next-devtools/shared/forward-logs-shared.js:44
[ 2517039ms] [LOG] [Fast Refresh] rebuilding @ webpack-internal:///(app-pages-browser)/./node_modules/next/dist/next-devtools/shared/forward-logs-shared.js:44
[ 2517390ms] [LOG] [Fast Refresh] done in 350ms @ webpack-internal:///(app-pages-browser)/./node_modules/next/dist/next-devtools/shared/forward-logs-shared.js:44
[ 2518432ms] [LOG] [Fast Refresh] rebuilding @ webpack-internal:///(app-pages-browser)/./node_modules/next/dist/next-devtools/shared/forward-logs-shared.js:44
[ 2518932ms] [LOG] [Fast Refresh] done in 500ms @ webpack-internal:///(app-pages-browser)/./node_modules/next/dist/next-devtools/shared/forward-logs-shared.js:44
[ 2519897ms] [LOG] [Fast Refresh] rebuilding @ webpack-internal:///(app-pages-browser)/./node_modules/next/dist/next-devtools/shared/forward-logs-shared.js:44
[ 2520493ms] [LOG] [Fast Refresh] done in 596ms @ webpack-internal:///(app-pages-browser)/./node_modules/next/dist/next-devtools/shared/forward-logs-shared.js:44
[ 2520942ms] [LOG] [Fast Refresh] rebuilding @ webpack-internal:///(app-pages-browser)/./node_modules/next/dist/next-devtools/shared/forward-logs-shared.js:44
[ 2521164ms] [LOG] [Fast Refresh] done in 221ms @ webpack-internal:///(app-pages-browser)/./node_modules/next/dist/next-devtools/shared/forward-logs-shared.js:44
[ 2522026ms] [LOG] [Fast Refresh] rebuilding @ webpack-internal:///(app-pages-browser)/./node_modules/next/dist/next-devtools/shared/forward-logs-shared.js:44
[ 2522194ms] [LOG] [Fast Refresh] done in 169ms @ webpack-internal:///(app-pages-browser)/./node_modules/next/dist/next-devtools/shared/forward-logs-shared.js:44
[ 2523061ms] [LOG] [Fast Refresh] rebuilding @ webpack-internal:///(app-pages-browser)/./node_modules/next/dist/next-devtools/shared/forward-logs-shared.js:44
[ 2523270ms] [LOG] [Fast Refresh] done in 208ms @ webpack-internal:///(app-pages-browser)/./node_modules/next/dist/next-devtools/shared/forward-logs-shared.js:44
[ 2524159ms] [LOG] [Fast Refresh] rebuilding @ webpack-internal:///(app-pages-browser)/./node_modules/next/dist/next-devtools/shared/forward-logs-shared.js:44
[ 2524351ms] [LOG] [Fast Refresh] done in 192ms @ webpack-internal:///(app-pages-browser)/./node_modules/next/dist/next-devtools/shared/forward-logs-shared.js:44
[ 2525018ms] [LOG] [Fast Refresh] rebuilding @ webpack-internal:///(app-pages-browser)/./node_modules/next/dist/next-devtools/shared/forward-logs-shared.js:44
[ 2525173ms] [LOG] [Fast Refresh] done in 155ms @ webpack-internal:///(app-pages-browser)/./node_modules/next/dist/next-devtools/shared/forward-logs-shared.js:44
[ 2525885ms] [LOG] [Fast Refresh] rebuilding @ webpack-internal:///(app-pages-browser)/./node_modules/next/dist/next-devtools/shared/forward-logs-shared.js:44
[ 2526501ms] [LOG] [Fast Refresh] done in 617ms @ webpack-internal:///(app-pages-browser)/./node_modules/next/dist/next-devtools/shared/forward-logs-shared.js:44
[ 2526870ms] [LOG] [Fast Refresh] rebuilding @ webpack-internal:///(app-pages-browser)/./node_modules/next/dist/next-devtools/shared/forward-logs-shared.js:44
[ 2527066ms] [LOG] [Fast Refresh] done in 197ms @ webpack-internal:///(app-pages-browser)/./node_modules/next/dist/next-devtools/shared/forward-logs-shared.js:44
[ 2527805ms] [LOG] [Fast Refresh] rebuilding @ webpack-internal:///(app-pages-browser)/./node_modules/next/dist/next-devtools/shared/forward-logs-shared.js:44
[ 2527991ms] [LOG] [Fast Refresh] done in 185ms @ webpack-internal:///(app-pages-browser)/./node_modules/next/dist/next-devtools/shared/forward-logs-shared.js:44
[ 2528833ms] [LOG] [Fast Refresh] rebuilding @ webpack-internal:///(app-pages-browser)/./node_modules/next/dist/next-devtools/shared/forward-logs-shared.js:44
[ 2529029ms] [LOG] [Fast Refresh] done in 195ms @ webpack-internal:///(app-pages-browser)/./node_modules/next/dist/next-devtools/shared/forward-logs-shared.js:44
[ 2529887ms] [LOG] [Fast Refresh] rebuilding @ webpack-internal:///(app-pages-browser)/./node_modules/next/dist/next-devtools/shared/forward-logs-shared.js:44
[ 2530131ms] [LOG] [Fast Refresh] done in 244ms @ webpack-internal:///(app-pages-browser)/./node_modules/next/dist/next-devtools/shared/forward-logs-shared.js:44
[ 2530992ms] [LOG] [Fast Refresh] rebuilding @ webpack-internal:///(app-pages-browser)/./node_modules/next/dist/next-devtools/shared/forward-logs-shared.js:44
[ 2531182ms] [LOG] [Fast Refresh] done in 190ms @ webpack-internal:///(app-pages-browser)/./node_modules/next/dist/next-devtools/shared/forward-logs-shared.js:44
[ 2531975ms] [LOG] [Fast Refresh] rebuilding @ webpack-internal:///(app-pages-browser)/./node_modules/next/dist/next-devtools/shared/forward-logs-shared.js:44
[ 2532248ms] [LOG] [Fast Refresh] done in 272ms @ webpack-internal:///(app-pages-browser)/./node_modules/next/dist/next-devtools/shared/forward-logs-shared.js:44
[ 2533515ms] [LOG] [Fast Refresh] rebuilding @ webpack-internal:///(app-pages-browser)/./node_modules/next/dist/next-devtools/shared/forward-logs-shared.js:44
[ 2533960ms] [LOG] [Fast Refresh] done in 444ms @ webpack-internal:///(app-pages-browser)/./node_modules/next/dist/next-devtools/shared/forward-logs-shared.js:44
[ 2534583ms] [LOG] [Fast Refresh] rebuilding @ webpack-internal:///(app-pages-browser)/./node_modules/next/dist/next-devtools/shared/forward-logs-shared.js:44
[ 2535133ms] [LOG] [Fast Refresh] done in 550ms @ webpack-internal:///(app-pages-browser)/./node_modules/next/dist/next-devtools/shared/forward-logs-shared.js:44
[ 2535507ms] [LOG] [Fast Refresh] rebuilding @ webpack-internal:///(app-pages-browser)/./node_modules/next/dist/next-devtools/shared/forward-logs-shared.js:44
[ 2535715ms] [LOG] [Fast Refresh] done in 209ms @ webpack-internal:///(app-pages-browser)/./node_modules/next/dist/next-devtools/shared/forward-logs-shared.js:44
[ 2536563ms] [LOG] [Fast Refresh] rebuilding @ webpack-internal:///(app-pages-browser)/./node_modules/next/dist/next-devtools/shared/forward-logs-shared.js:44
[ 2536753ms] [LOG] [Fast Refresh] done in 191ms @ webpack-internal:///(app-pages-browser)/./node_modules/next/dist/next-devtools/shared/forward-logs-shared.js:44
[ 2537505ms] [LOG] [Fast Refresh] rebuilding @ webpack-internal:///(app-pages-browser)/./node_modules/next/dist/next-devtools/shared/forward-logs-shared.js:44
[ 2537690ms] [LOG] [Fast Refresh] done in 185ms @ webpack-internal:///(app-pages-browser)/./node_modules/next/dist/next-devtools/shared/forward-logs-shared.js:44
[ 2538497ms] [LOG] [Fast Refresh] rebuilding @ webpack-internal:///(app-pages-browser)/./node_modules/next/dist/next-devtools/shared/forward-logs-shared.js:44
[ 2538709ms] [LOG] [Fast Refresh] done in 211ms @ webpack-internal:///(app-pages-browser)/./node_modules/next/dist/next-devtools/shared/forward-logs-shared.js:44
[ 2539476ms] [LOG] [Fast Refresh] rebuilding @ webpack-internal:///(app-pages-browser)/./node_modules/next/dist/next-devtools/shared/forward-logs-shared.js:44
[ 2539858ms] [LOG] [Fast Refresh] done in 382ms @ webpack-internal:///(app-pages-browser)/./node_modules/next/dist/next-devtools/shared/forward-logs-shared.js:44
[ 2541555ms] [LOG] [Fast Refresh] rebuilding @ webpack-internal:///(app-pages-browser)/./node_modules/next/dist/next-devtools/shared/forward-logs-shared.js:44
[ 2541711ms] [LOG] [Fast Refresh] done in 156ms @ webpack-internal:///(app-pages-browser)/./node_modules/next/dist/next-devtools/shared/forward-logs-shared.js:44
[ 2542548ms] [LOG] [Fast Refresh] rebuilding @ webpack-internal:///(app-pages-browser)/./node_modules/next/dist/next-devtools/shared/forward-logs-shared.js:44
[ 2542735ms] [LOG] [Fast Refresh] done in 187ms @ webpack-internal:///(app-pages-browser)/./node_modules/next/dist/next-devtools/shared/forward-logs-shared.js:44
[ 2543543ms] [LOG] [Fast Refresh] rebuilding @ webpack-internal:///(app-pages-browser)/./node_modules/next/dist/next-devtools/shared/forward-logs-shared.js:44
[ 2543737ms] [LOG] [Fast Refresh] done in 194ms @ webpack-internal:///(app-pages-browser)/./node_modules/next/dist/next-devtools/shared/forward-logs-shared.js:44
[ 2544527ms] [LOG] [Fast Refresh] rebuilding @ webpack-internal:///(app-pages-browser)/./node_modules/next/dist/next-devtools/shared/forward-logs-shared.js:44
[ 2544750ms] [LOG] [Fast Refresh] done in 222ms @ webpack-internal:///(app-pages-browser)/./node_modules/next/dist/next-devtools/shared/forward-logs-shared.js:44
[ 2545225ms] ChunkLoadError: Loading chunk app/layout failed.
(timeout: http://localhost:3000/_next/static/chunks/app/layout.js)
    at __webpack_require__.f.j (http://localhost:3000/_next/static/chunks/webpack.js?v=1786517796370:865:29)
    at http://localhost:3000/_next/static/chunks/webpack.js?v=1786517796370:145:40
    at Array.reduce (<anonymous>)
    at __webpack_require__.e (http://localhost:3000/_next/static/chunks/webpack.js?v=1786517796370:144:67)
    at fn.e (http://localhost:3000/_next/static/chunks/webpack.js?v=1786517796370:381:50)
    at loadChunk (webpack-internal:///(app-pages-browser)/./node_modules/next/dist/compiled/react-server-dom-webpack/cjs/react-server-dom-webpack-client.browser.development.js:125:34)
    at preloadModule (webpack-internal:///(app-pages-browser)/./node_modules/next/dist/compiled/react-server-dom-webpack/cjs/react-server-dom-webpack-client.browser.development.js:94:31)
    at resolveModule (webpack-internal:///(app-pages-browser)/./node_modules/next/dist/compiled/react-server-dom-webpack/cjs/react-server-dom-webpack-client.browser.development.js:2986:20)
    at processFullStringRow (webpack-internal:///(app-pages-browser)/./node_modules/next/dist/compiled/react-server-dom-webpack/cjs/react-server-dom-webpack-client.browser.development.js:4436:11)
    at processFullBinaryRow (webpack-internal:///(app-pages-browser)/./node_modules/next/dist/compiled/react-server-dom-webpack/cjs/react-server-dom-webpack-client.browser.development.js:4431:7)
    at processBinaryChunk (webpack-internal:///(app-pages-browser)/./node_modules/next/dist/compiled/react-server-dom-webpack/cjs/react-server-dom-webpack-client.browser.development.js:4654:19)
    at progress (webpack-internal:///(app-pages-browser)/./node_modules/next/dist/compiled/react-server-dom-webpack/cjs/react-server-dom-webpack-client.browser.development.js:4986:9)
[ 2545834ms] [LOG] [Fast Refresh] rebuilding @ webpack-internal:///(app-pages-browser)/./node_modules/next/dist/next-devtools/shared/forward-logs-shared.js:44
[ 2546006ms] [WARNING] [Fast Refresh] performing full reload because your application had an unrecoverable error @ webpack-internal:///(app-pages-browser)/./node_modules/next/dist/next-devtools/shared/forward-logs-shared.js:44
[ 2549140ms] [INFO] %cDownload the React DevTools for a better development experience: https://react.dev/link/react-devtools font-weight:bold @ webpack-internal:///(app-pages-browser)/./node_modules/next/dist/next-devtools/shared/forward-logs-shared.js:44
[ 2549631ms] [LOG] [HMR] connected @ webpack-internal:///(app-pages-browser)/./node_modules/next/dist/next-devtools/shared/forward-logs-shared.js:44
[ 2549698ms] Error: Internal Next.js error: Router action dispatched before initialization.
    at dispatchAppRouterAction (webpack-internal:///(app-pages-browser)/./node_modules/next/dist/client/components/use-action-queue.js:50:37)
    at eval (webpack-internal:///(app-pages-browser)/./node_modules/next/dist/client/components/app-router-instance.js:328:61)
    at startTransition (webpack-internal:///(app-pages-browser)/./node_modules/next/dist/compiled/react/cjs/react.development.js:556:27)
    at Object.hmrRefresh (webpack-internal:///(app-pages-browser)/./node_modules/next/dist/client/components/app-router-instance.js:327:40)
    at eval (webpack-internal:///(app-pages-browser)/./node_modules/next/dist/client/dev/hot-reloader/app/hot-reloader-app.js:301:64)
    at startTransition (webpack-internal:///(app-pages-browser)/./node_modules/next/dist/compiled/react/cjs/react.development.js:556:27)
    at processMessage (webpack-internal:///(app-pages-browser)/./node_modules/next/dist/client/dev/hot-reloader/app/hot-reloader-app.js:300:44)
    at WebSocket.handleMessage (webpack-internal:///(app-pages-browser)/./node_modules/next/dist/client/dev/hot-reloader/app/web-socket.js:91:52)
[ 2549700ms] [LOG] [Fast Refresh] rebuilding @ webpack-internal:///(app-pages-browser)/./node_modules/next/dist/next-devtools/shared/forward-logs-shared.js:44
[ 2550435ms] [LOG] [Fast Refresh] done in 735ms @ webpack-internal:///(app-pages-browser)/./node_modules/next/dist/next-devtools/shared/forward-logs-shared.js:44
[ 2550436ms] [LOG] [Fast Refresh] rebuilding @ webpack-internal:///(app-pages-browser)/./node_modules/next/dist/next-devtools/shared/forward-logs-shared.js:44
[ 2550795ms] [LOG] [Fast Refresh] done in 359ms @ webpack-internal:///(app-pages-browser)/./node_modules/next/dist/next-devtools/shared/forward-logs-shared.js:44
[ 2551048ms] [LOG] [Fast Refresh] rebuilding @ webpack-internal:///(app-pages-browser)/./node_modules/next/dist/next-devtools/shared/forward-logs-shared.js:44
[ 2551172ms] [LOG] [Fast Refresh] done in 124ms @ webpack-internal:///(app-pages-browser)/./node_modules/next/dist/next-devtools/shared/forward-logs-shared.js:44
[ 2551828ms] [LOG] [Fast Refresh] rebuilding @ webpack-internal:///(app-pages-browser)/./node_modules/next/dist/next-devtools/shared/forward-logs-shared.js:44
[ 2552178ms] [LOG] [Fast Refresh] done in 350ms @ webpack-internal:///(app-pages-browser)/./node_modules/next/dist/next-devtools/shared/forward-logs-shared.js:44
[ 2552773ms] [LOG] [Fast Refresh] rebuilding @ webpack-internal:///(app-pages-browser)/./node_modules/next/dist/next-devtools/shared/forward-logs-shared.js:44
[ 2552898ms] [LOG] [Fast Refresh] done in 125ms @ webpack-internal:///(app-pages-browser)/./node_modules/next/dist/next-devtools/shared/forward-logs-shared.js:44
[ 2553587ms] [LOG] [Fast Refresh] rebuilding @ webpack-internal:///(app-pages-browser)/./node_modules/next/dist/next-devtools/shared/forward-logs-shared.js:44
[ 2553694ms] [LOG] [Fast Refresh] done in 108ms @ webpack-internal:///(app-pages-browser)/./node_modules/next/dist/next-devtools/shared/forward-logs-shared.js:44
[ 2554373ms] [LOG] [Fast Refresh] rebuilding @ webpack-internal:///(app-pages-browser)/./node_modules/next/dist/next-devtools/shared/forward-logs-shared.js:44
[ 2554846ms] [LOG] [Fast Refresh] done in 473ms @ webpack-internal:///(app-pages-browser)/./node_modules/next/dist/next-devtools/shared/forward-logs-shared.js:44
[ 2555203ms] [LOG] [Fast Refresh] rebuilding @ webpack-internal:///(app-pages-browser)/./node_modules/next/dist/next-devtools/shared/forward-logs-shared.js:44
[ 2555336ms] [LOG] [Fast Refresh] done in 133ms @ webpack-internal:///(app-pages-browser)/./node_modules/next/dist/next-devtools/shared/forward-logs-shared.js:44
[ 2555995ms] [LOG] [Fast Refresh] rebuilding @ webpack-internal:///(app-pages-browser)/./node_modules/next/dist/next-devtools/shared/forward-logs-shared.js:44
[ 2556267ms] [LOG] [Fast Refresh] done in 272ms @ webpack-internal:///(app-pages-browser)/./node_modules/next/dist/next-devtools/shared/forward-logs-shared.js:44
[ 2556858ms] [LOG] [Fast Refresh] rebuilding @ webpack-internal:///(app-pages-browser)/./node_modules/next/dist/next-devtools/shared/forward-logs-shared.js:44
[ 2556962ms] [LOG] [Fast Refresh] done in 104ms @ webpack-internal:///(app-pages-browser)/./node_modules/next/dist/next-devtools/shared/forward-logs-shared.js:44
[ 2557576ms] [LOG] [Fast Refresh] rebuilding @ webpack-internal:///(app-pages-browser)/./node_modules/next/dist/next-devtools/shared/forward-logs-shared.js:44
[ 2557709ms] [LOG] [Fast Refresh] done in 132ms @ webpack-internal:///(app-pages-browser)/./node_modules/next/dist/next-devtools/shared/forward-logs-shared.js:44
[ 2558376ms] [LOG] [Fast Refresh] rebuilding @ webpack-internal:///(app-pages-browser)/./node_modules/next/dist/next-devtools/shared/forward-logs-shared.js:44
[ 2558466ms] [LOG] [Fast Refresh] done in 89ms @ webpack-internal:///(app-pages-browser)/./node_modules/next/dist/next-devtools/shared/forward-logs-shared.js:44
[ 2559139ms] [LOG] [Fast Refresh] rebuilding @ webpack-internal:///(app-pages-browser)/./node_modules/next/dist/next-devtools/shared/forward-logs-shared.js:44
[ 2559272ms] [LOG] [Fast Refresh] done in 134ms @ webpack-internal:///(app-pages-browser)/./node_modules/next/dist/next-devtools/shared/forward-logs-shared.js:44
[ 2559921ms] [LOG] [Fast Refresh] rebuilding @ webpack-internal:///(app-pages-browser)/./node_modules/next/dist/next-devtools/shared/forward-logs-shared.js:44
[ 2560011ms] [LOG] [Fast Refresh] done in 91ms @ webpack-internal:///(app-pages-browser)/./node_modules/next/dist/next-devtools/shared/forward-logs-shared.js:44
[ 2560684ms] [LOG] [Fast Refresh] rebuilding @ webpack-internal:///(app-pages-browser)/./node_modules/next/dist/next-devtools/shared/forward-logs-shared.js:44
[ 2560846ms] [LOG] [Fast Refresh] done in 163ms @ webpack-internal:///(app-pages-browser)/./node_modules/next/dist/next-devtools/shared/forward-logs-shared.js:44
[ 2561477ms] [LOG] [Fast Refresh] rebuilding @ webpack-internal:///(app-pages-browser)/./node_modules/next/dist/next-devtools/shared/forward-logs-shared.js:44
[ 2562006ms] [LOG] [Fast Refresh] done in 528ms @ webpack-internal:///(app-pages-browser)/./node_modules/next/dist/next-devtools/shared/forward-logs-shared.js:44
[ 2562351ms] [LOG] [Fast Refresh] rebuilding @ webpack-internal:///(app-pages-browser)/./node_modules/next/dist/next-devtools/shared/forward-logs-shared.js:44
[ 2562496ms] [LOG] [Fast Refresh] done in 146ms @ webpack-internal:///(app-pages-browser)/./node_modules/next/dist/next-devtools/shared/forward-logs-shared.js:44
[ 2563483ms] [LOG] [Fast Refresh] rebuilding @ webpack-internal:///(app-pages-browser)/./node_modules/next/dist/next-devtools/shared/forward-logs-shared.js:44
[ 2563694ms] [LOG] [Fast Refresh] done in 211ms @ webpack-internal:///(app-pages-browser)/./node_modules/next/dist/next-devtools/shared/forward-logs-shared.js:44
[ 2564493ms] [LOG] [Fast Refresh] rebuilding @ webpack-internal:///(app-pages-browser)/./node_modules/next/dist/next-devtools/shared/forward-logs-shared.js:44
[ 2564627ms] [LOG] [Fast Refresh] done in 135ms @ webpack-internal:///(app-pages-browser)/./node_modules/next/dist/next-devtools/shared/forward-logs-shared.js:44
[ 2565270ms] [LOG] [Fast Refresh] rebuilding @ webpack-internal:///(app-pages-browser)/./node_modules/next/dist/next-devtools/shared/forward-logs-shared.js:44
[ 2566522ms] [LOG] [Fast Refresh] done in 1252ms @ webpack-internal:///(app-pages-browser)/./node_modules/next/dist/next-devtools/shared/forward-logs-shared.js:44
[ 2567183ms] [LOG] [Fast Refresh] rebuilding @ webpack-internal:///(app-pages-browser)/./node_modules/next/dist/next-devtools/shared/forward-logs-shared.js:44
[ 2567345ms] [LOG] [Fast Refresh] done in 161ms @ webpack-internal:///(app-pages-browser)/./node_modules/next/dist/next-devtools/shared/forward-logs-shared.js:44
[ 2568112ms] [LOG] [Fast Refresh] rebuilding @ webpack-internal:///(app-pages-browser)/./node_modules/next/dist/next-devtools/shared/forward-logs-shared.js:44
[ 2568288ms] [LOG] [Fast Refresh] done in 177ms @ webpack-internal:///(app-pages-browser)/./node_modules/next/dist/next-devtools/shared/forward-logs-shared.js:44
[ 2569044ms] [LOG] [Fast Refresh] rebuilding @ webpack-internal:///(app-pages-browser)/./node_modules/next/dist/next-devtools/shared/forward-logs-shared.js:44
[ 2569190ms] [LOG] [Fast Refresh] done in 146ms @ webpack-internal:///(app-pages-browser)/./node_modules/next/dist/next-devtools/shared/forward-logs-shared.js:44
[ 2569880ms] [LOG] [Fast Refresh] rebuilding @ webpack-internal:///(app-pages-browser)/./node_modules/next/dist/next-devtools/shared/forward-logs-shared.js:44
[ 2569994ms] [LOG] [Fast Refresh] done in 114ms @ webpack-internal:///(app-pages-browser)/./node_modules/next/dist/next-devtools/shared/forward-logs-shared.js:44
[ 2570656ms] [LOG] [Fast Refresh] rebuilding @ webpack-internal:///(app-pages-browser)/./node_modules/next/dist/next-devtools/shared/forward-logs-shared.js:44
[ 2570807ms] [LOG] [Fast Refresh] done in 152ms @ webpack-internal:///(app-pages-browser)/./node_modules/next/dist/next-devtools/shared/forward-logs-shared.js:44
[ 2571422ms] [LOG] [Fast Refresh] rebuilding @ webpack-internal:///(app-pages-browser)/./node_modules/next/dist/next-devtools/shared/forward-logs-shared.js:44
[ 2571526ms] [LOG] [Fast Refresh] done in 103ms @ webpack-internal:///(app-pages-browser)/./node_modules/next/dist/next-devtools/shared/forward-logs-shared.js:44
[ 2572258ms] [LOG] [Fast Refresh] rebuilding @ webpack-internal:///(app-pages-browser)/./node_modules/next/dist/next-devtools/shared/forward-logs-shared.js:44
[ 2572399ms] [LOG] [Fast Refresh] done in 141ms @ webpack-internal:///(app-pages-browser)/./node_modules/next/dist/next-devtools/shared/forward-logs-shared.js:44
[ 2573055ms] [LOG] [Fast Refresh] rebuilding @ webpack-internal:///(app-pages-browser)/./node_modules/next/dist/next-devtools/shared/forward-logs-shared.js:44
[ 2573162ms] [LOG] [Fast Refresh] done in 107ms @ webpack-internal:///(app-pages-browser)/./node_modules/next/dist/next-devtools/shared/forward-logs-shared.js:44
[ 2573814ms] [LOG] [Fast Refresh] rebuilding @ webpack-internal:///(app-pages-browser)/./node_modules/next/dist/next-devtools/shared/forward-logs-shared.js:44
[ 2574023ms] [LOG] [Fast Refresh] done in 208ms @ webpack-internal:///(app-pages-browser)/./node_modules/next/dist/next-devtools/shared/forward-logs-shared.js:44
[ 2574645ms] [LOG] [Fast Refresh] rebuilding @ webpack-internal:///(app-pages-browser)/./node_modules/next/dist/next-devtools/shared/forward-logs-shared.js:44
[ 2574737ms] [LOG] [Fast Refresh] done in 91ms @ webpack-internal:///(app-pages-browser)/./node_modules/next/dist/next-devtools/shared/forward-logs-shared.js:44
[ 2575530ms] [LOG] [Fast Refresh] rebuilding @ webpack-internal:///(app-pages-browser)/./node_modules/next/dist/next-devtools/shared/forward-logs-shared.js:44
[ 2576074ms] [LOG] [Fast Refresh] done in 544ms @ webpack-internal:///(app-pages-browser)/./node_modules/next/dist/next-devtools/shared/forward-logs-shared.js:44
[ 2576429ms] [LOG] [Fast Refresh] rebuilding @ webpack-internal:///(app-pages-browser)/./node_modules/next/dist/next-devtools/shared/forward-logs-shared.js:44
[ 2576582ms] [LOG] [Fast Refresh] done in 153ms @ webpack-internal:///(app-pages-browser)/./node_modules/next/dist/next-devtools/shared/forward-logs-shared.js:44
[ 2577223ms] [LOG] [Fast Refresh] rebuilding @ webpack-internal:///(app-pages-browser)/./node_modules/next/dist/next-devtools/shared/forward-logs-shared.js:44
[ 2577340ms] [LOG] [Fast Refresh] done in 117ms @ webpack-internal:///(app-pages-browser)/./node_modules/next/dist/next-devtools/shared/forward-logs-shared.js:44
[ 2578312ms] [LOG] [Fast Refresh] rebuilding @ webpack-internal:///(app-pages-browser)/./node_modules/next/dist/next-devtools/shared/forward-logs-shared.js:44
[ 2578994ms] [LOG] [Fast Refresh] done in 681ms @ webpack-internal:///(app-pages-browser)/./node_modules/next/dist/next-devtools/shared/forward-logs-shared.js:44
[ 2579454ms] [LOG] [Fast Refresh] rebuilding @ webpack-internal:///(app-pages-browser)/./node_modules/next/dist/next-devtools/shared/forward-logs-shared.js:44
[ 2579640ms] [LOG] [Fast Refresh] done in 185ms @ webpack-internal:///(app-pages-browser)/./node_modules/next/dist/next-devtools/shared/forward-logs-shared.js:44
[ 2580473ms] [LOG] [Fast Refresh] rebuilding @ webpack-internal:///(app-pages-browser)/./node_modules/next/dist/next-devtools/shared/forward-logs-shared.js:44
[ 2580743ms] [LOG] [Fast Refresh] done in 271ms @ webpack-internal:///(app-pages-browser)/./node_modules/next/dist/next-devtools/shared/forward-logs-shared.js:44
[ 2581366ms] [LOG] [Fast Refresh] rebuilding @ webpack-internal:///(app-pages-browser)/./node_modules/next/dist/next-devtools/shared/forward-logs-shared.js:44
[ 2581525ms] [LOG] [Fast Refresh] done in 158ms @ webpack-internal:///(app-pages-browser)/./node_modules/next/dist/next-devtools/shared/forward-logs-shared.js:44
[ 2582340ms] [LOG] [Fast Refresh] rebuilding @ webpack-internal:///(app-pages-browser)/./node_modules/next/dist/next-devtools/shared/forward-logs-shared.js:44
[ 2582497ms] [LOG] [Fast Refresh] done in 156ms @ webpack-internal:///(app-pages-browser)/./node_modules/next/dist/next-devtools/shared/forward-logs-shared.js:44
[ 2583349ms] [LOG] [Fast Refresh] rebuilding @ webpack-internal:///(app-pages-browser)/./node_modules/next/dist/next-devtools/shared/forward-logs-shared.js:44
[ 2583678ms] [LOG] [Fast Refresh] done in 328ms @ webpack-internal:///(app-pages-browser)/./node_modules/next/dist/next-devtools/shared/forward-logs-shared.js:44
[ 2584776ms] [LOG] [Fast Refresh] rebuilding @ webpack-internal:///(app-pages-browser)/./node_modules/next/dist/next-devtools/shared/forward-logs-shared.js:44
[ 2584995ms] [LOG] [Fast Refresh] done in 220ms @ webpack-internal:///(app-pages-browser)/./node_modules/next/dist/next-devtools/shared/forward-logs-shared.js:44
[ 2586047ms] [LOG] [Fast Refresh] rebuilding @ webpack-internal:///(app-pages-browser)/./node_modules/next/dist/next-devtools/shared/forward-logs-shared.js:44
[ 2586690ms] [LOG] [Fast Refresh] done in 643ms @ webpack-internal:///(app-pages-browser)/./node_modules/next/dist/next-devtools/shared/forward-logs-shared.js:44
[ 2587236ms] [LOG] [Fast Refresh] rebuilding @ webpack-internal:///(app-pages-browser)/./node_modules/next/dist/next-devtools/shared/forward-logs-shared.js:44
[ 2587546ms] [LOG] [Fast Refresh] done in 311ms @ webpack-internal:///(app-pages-browser)/./node_modules/next/dist/next-devtools/shared/forward-logs-shared.js:44
[ 2588436ms] [LOG] [Fast Refresh] rebuilding @ webpack-internal:///(app-pages-browser)/./node_modules/next/dist/next-devtools/shared/forward-logs-shared.js:44
[ 2588623ms] [LOG] [Fast Refresh] done in 187ms @ webpack-internal:///(app-pages-browser)/./node_modules/next/dist/next-devtools/shared/forward-logs-shared.js:44
[ 2589530ms] [LOG] [Fast Refresh] rebuilding @ webpack-internal:///(app-pages-browser)/./node_modules/next/dist/next-devtools/shared/forward-logs-shared.js:44
[ 2589811ms] [LOG] [Fast Refresh] done in 280ms @ webpack-internal:///(app-pages-browser)/./node_modules/next/dist/next-devtools/shared/forward-logs-shared.js:44
[ 2590744ms] [LOG] [Fast Refresh] rebuilding @ webpack-internal:///(app-pages-browser)/./node_modules/next/dist/next-devtools/shared/forward-logs-shared.js:44
[ 2590929ms] [LOG] [Fast Refresh] done in 185ms @ webpack-internal:///(app-pages-browser)/./node_modules/next/dist/next-devtools/shared/forward-logs-shared.js:44
[ 2591698ms] [LOG] [Fast Refresh] rebuilding @ webpack-internal:///(app-pages-browser)/./node_modules/next/dist/next-devtools/shared/forward-logs-shared.js:44
[ 2591874ms] [LOG] [Fast Refresh] done in 176ms @ webpack-internal:///(app-pages-browser)/./node_modules/next/dist/next-devtools/shared/forward-logs-shared.js:44
[ 2592678ms] [LOG] [Fast Refresh] rebuilding @ webpack-internal:///(app-pages-browser)/./node_modules/next/dist/next-devtools/shared/forward-logs-shared.js:44
[ 2592963ms] [LOG] [Fast Refresh] done in 286ms @ webpack-internal:///(app-pages-browser)/./node_modules/next/dist/next-devtools/shared/forward-logs-shared.js:44
[ 2593955ms] [LOG] [Fast Refresh] rebuilding @ webpack-internal:///(app-pages-browser)/./node_modules/next/dist/next-devtools/shared/forward-logs-shared.js:44
[ 2594750ms] [LOG] [Fast Refresh] done in 797ms @ webpack-internal:///(app-pages-browser)/./node_modules/next/dist/next-devtools/shared/forward-logs-shared.js:44
[ 2596185ms] [LOG] [Fast Refresh] rebuilding @ webpack-internal:///(app-pages-browser)/./node_modules/next/dist/next-devtools/shared/forward-logs-shared.js:44
[ 2596372ms] [LOG] [Fast Refresh] done in 187ms @ webpack-internal:///(app-pages-browser)/./node_modules/next/dist/next-devtools/shared/forward-logs-shared.js:44
[ 2597254ms] [LOG] [Fast Refresh] rebuilding @ webpack-internal:///(app-pages-browser)/./node_modules/next/dist/next-devtools/shared/forward-logs-shared.js:44
[ 2597503ms] [LOG] [Fast Refresh] done in 250ms @ webpack-internal:///(app-pages-browser)/./node_modules/next/dist/next-devtools/shared/forward-logs-shared.js:44
[ 2598452ms] [LOG] [Fast Refresh] rebuilding @ webpack-internal:///(app-pages-browser)/./node_modules/next/dist/next-devtools/shared/forward-logs-shared.js:44
[ 2598577ms] [LOG] [Fast Refresh] done in 126ms @ webpack-internal:///(app-pages-browser)/./node_modules/next/dist/next-devtools/shared/forward-logs-shared.js:44
[ 2599538ms] [LOG] [Fast Refresh] rebuilding @ webpack-internal:///(app-pages-browser)/./node_modules/next/dist/next-devtools/shared/forward-logs-shared.js:44
[ 2599744ms] [LOG] [Fast Refresh] done in 206ms @ webpack-internal:///(app-pages-browser)/./node_modules/next/dist/next-devtools/shared/forward-logs-shared.js:44
[ 2600436ms] [LOG] [Fast Refresh] rebuilding @ webpack-internal:///(app-pages-browser)/./node_modules/next/dist/next-devtools/shared/forward-logs-shared.js:44
[ 2601001ms] [LOG] [Fast Refresh] done in 565ms @ webpack-internal:///(app-pages-browser)/./node_modules/next/dist/next-devtools/shared/forward-logs-shared.js:44
[ 2601283ms] [LOG] [Fast Refresh] rebuilding @ webpack-internal:///(app-pages-browser)/./node_modules/next/dist/next-devtools/shared/forward-logs-shared.js:44
[ 2601475ms] [LOG] [Fast Refresh] done in 192ms @ webpack-internal:///(app-pages-browser)/./node_modules/next/dist/next-devtools/shared/forward-logs-shared.js:44
[ 2602363ms] [LOG] [Fast Refresh] rebuilding @ webpack-internal:///(app-pages-browser)/./node_modules/next/dist/next-devtools/shared/forward-logs-shared.js:44
[ 2603124ms] [LOG] [Fast Refresh] done in 762ms @ webpack-internal:///(app-pages-browser)/./node_modules/next/dist/next-devtools/shared/forward-logs-shared.js:44
[ 2604470ms] [LOG] [Fast Refresh] rebuilding @ webpack-internal:///(app-pages-browser)/./node_modules/next/dist/next-devtools/shared/forward-logs-shared.js:44
[ 2604593ms] [LOG] [Fast Refresh] done in 124ms @ webpack-internal:///(app-pages-browser)/./node_modules/next/dist/next-devtools/shared/forward-logs-shared.js:44
[ 2605433ms] [LOG] [Fast Refresh] rebuilding @ webpack-internal:///(app-pages-browser)/./node_modules/next/dist/next-devtools/shared/forward-logs-shared.js:44
[ 2605620ms] [LOG] [Fast Refresh] done in 187ms @ webpack-internal:///(app-pages-browser)/./node_modules/next/dist/next-devtools/shared/forward-logs-shared.js:44
[ 2606243ms] [LOG] [Fast Refresh] rebuilding @ webpack-internal:///(app-pages-browser)/./node_modules/next/dist/next-devtools/shared/forward-logs-shared.js:44
[ 2606348ms] [LOG] [Fast Refresh] done in 105ms @ webpack-internal:///(app-pages-browser)/./node_modules/next/dist/next-devtools/shared/forward-logs-shared.js:44
[ 2607087ms] [LOG] [Fast Refresh] rebuilding @ webpack-internal:///(app-pages-browser)/./node_modules/next/dist/next-devtools/shared/forward-logs-shared.js:44
[ 2607256ms] [LOG] [Fast Refresh] done in 170ms @ webpack-internal:///(app-pages-browser)/./node_modules/next/dist/next-devtools/shared/forward-logs-shared.js:44
[ 2608077ms] [LOG] [Fast Refresh] rebuilding @ webpack-internal:///(app-pages-browser)/./node_modules/next/dist/next-devtools/shared/forward-logs-shared.js:44
[ 2608294ms] [LOG] [Fast Refresh] done in 217ms @ webpack-internal:///(app-pages-browser)/./node_modules/next/dist/next-devtools/shared/forward-logs-shared.js:44
[ 2609150ms] [LOG] [Fast Refresh] rebuilding @ webpack-internal:///(app-pages-browser)/./node_modules/next/dist/next-devtools/shared/forward-logs-shared.js:44
[ 2609654ms] [LOG] [Fast Refresh] done in 503ms @ webpack-internal:///(app-pages-browser)/./node_modules/next/dist/next-devtools/shared/forward-logs-shared.js:44
[ 2610189ms] [LOG] [Fast Refresh] rebuilding @ webpack-internal:///(app-pages-browser)/./node_modules/next/dist/next-devtools/shared/forward-logs-shared.js:44
[ 2610297ms] [LOG] [Fast Refresh] done in 107ms @ webpack-internal:///(app-pages-browser)/./node_modules/next/dist/next-devtools/shared/forward-logs-shared.js:44
[ 2611987ms] [LOG] [Fast Refresh] rebuilding @ webpack-internal:///(app-pages-browser)/./node_modules/next/dist/next-devtools/shared/forward-logs-shared.js:44
[ 2612105ms] [LOG] [Fast Refresh] done in 119ms @ webpack-internal:///(app-pages-browser)/./node_modules/next/dist/next-devtools/shared/forward-logs-shared.js:44
[ 2612877ms] [LOG] [Fast Refresh] rebuilding @ webpack-internal:///(app-pages-browser)/./node_modules/next/dist/next-devtools/shared/forward-logs-shared.js:44
[ 2613016ms] [LOG] [Fast Refresh] done in 140ms @ webpack-internal:///(app-pages-browser)/./node_modules/next/dist/next-devtools/shared/forward-logs-shared.js:44
[ 2613703ms] [LOG] [Fast Refresh] rebuilding @ webpack-internal:///(app-pages-browser)/./node_modules/next/dist/next-devtools/shared/forward-logs-shared.js:44
[ 2613861ms] [LOG] [Fast Refresh] done in 157ms @ webpack-internal:///(app-pages-browser)/./node_modules/next/dist/next-devtools/shared/forward-logs-shared.js:44
[ 2614518ms] [LOG] [Fast Refresh] rebuilding @ webpack-internal:///(app-pages-browser)/./node_modules/next/dist/next-devtools/shared/forward-logs-shared.js:44
[ 2614674ms] [LOG] [Fast Refresh] done in 156ms @ webpack-internal:///(app-pages-browser)/./node_modules/next/dist/next-devtools/shared/forward-logs-shared.js:44
[ 2615369ms] [LOG] [Fast Refresh] rebuilding @ webpack-internal:///(app-pages-browser)/./node_modules/next/dist/next-devtools/shared/forward-logs-shared.js:44
[ 2615529ms] [LOG] [Fast Refresh] done in 159ms @ webpack-internal:///(app-pages-browser)/./node_modules/next/dist/next-devtools/shared/forward-logs-shared.js:44
[ 2616304ms] [LOG] [Fast Refresh] rebuilding @ webpack-internal:///(app-pages-browser)/./node_modules/next/dist/next-devtools/shared/forward-logs-shared.js:44
[ 2616464ms] [LOG] [Fast Refresh] done in 160ms @ webpack-internal:///(app-pages-browser)/./node_modules/next/dist/next-devtools/shared/forward-logs-shared.js:44
[ 2617244ms] [LOG] [Fast Refresh] rebuilding @ webpack-internal:///(app-pages-browser)/./node_modules/next/dist/next-devtools/shared/forward-logs-shared.js:44
[ 2617420ms] [LOG] [Fast Refresh] done in 177ms @ webpack-internal:///(app-pages-browser)/./node_modules/next/dist/next-devtools/shared/forward-logs-shared.js:44
[ 2619124ms] [LOG] [Fast Refresh] rebuilding @ webpack-internal:///(app-pages-browser)/./node_modules/next/dist/next-devtools/shared/forward-logs-shared.js:44
[ 2619226ms] [LOG] [Fast Refresh] done in 102ms @ webpack-internal:///(app-pages-browser)/./node_modules/next/dist/next-devtools/shared/forward-logs-shared.js:44
[ 2620001ms] [LOG] [Fast Refresh] rebuilding @ webpack-internal:///(app-pages-browser)/./node_modules/next/dist/next-devtools/shared/forward-logs-shared.js:44
[ 2620123ms] [LOG] [Fast Refresh] done in 123ms @ webpack-internal:///(app-pages-browser)/./node_modules/next/dist/next-devtools/shared/forward-logs-shared.js:44
[ 2620871ms] [LOG] [Fast Refresh] rebuilding @ webpack-internal:///(app-pages-browser)/./node_modules/next/dist/next-devtools/shared/forward-logs-shared.js:44
[ 2620988ms] [LOG] [Fast Refresh] done in 116ms @ webpack-internal:///(app-pages-browser)/./node_modules/next/dist/next-devtools/shared/forward-logs-shared.js:44
[ 2621606ms] [LOG] [Fast Refresh] rebuilding @ webpack-internal:///(app-pages-browser)/./node_modules/next/dist/next-devtools/shared/forward-logs-shared.js:44
[ 2621714ms] [LOG] [Fast Refresh] done in 108ms @ webpack-internal:///(app-pages-browser)/./node_modules/next/dist/next-devtools/shared/forward-logs-shared.js:44
[ 2622338ms] [LOG] [Fast Refresh] rebuilding @ webpack-internal:///(app-pages-browser)/./node_modules/next/dist/next-devtools/shared/forward-logs-shared.js:44
[ 2622511ms] [LOG] [Fast Refresh] done in 174ms @ webpack-internal:///(app-pages-browser)/./node_modules/next/dist/next-devtools/shared/forward-logs-shared.js:44
[ 2623463ms] [LOG] [Fast Refresh] rebuilding @ webpack-internal:///(app-pages-browser)/./node_modules/next/dist/next-devtools/shared/forward-logs-shared.js:44
[ 2623637ms] [LOG] [Fast Refresh] done in 174ms @ webpack-internal:///(app-pages-browser)/./node_modules/next/dist/next-devtools/shared/forward-logs-shared.js:44
[ 2624440ms] [LOG] [Fast Refresh] rebuilding @ webpack-internal:///(app-pages-browser)/./node_modules/next/dist/next-devtools/shared/forward-logs-shared.js:44
[ 2624590ms] [LOG] [Fast Refresh] done in 150ms @ webpack-internal:///(app-pages-browser)/./node_modules/next/dist/next-devtools/shared/forward-logs-shared.js:44
[ 2625466ms] [LOG] [Fast Refresh] rebuilding @ webpack-internal:///(app-pages-browser)/./node_modules/next/dist/next-devtools/shared/forward-logs-shared.js:44
[ 2625881ms] [LOG] [Fast Refresh] done in 415ms @ webpack-internal:///(app-pages-browser)/./node_modules/next/dist/next-devtools/shared/forward-logs-shared.js:44
[ 2626837ms] [LOG] [Fast Refresh] rebuilding @ webpack-internal:///(app-pages-browser)/./node_modules/next/dist/next-devtools/shared/forward-logs-shared.js:44
[ 2627085ms] [LOG] [Fast Refresh] done in 247ms @ webpack-internal:///(app-pages-browser)/./node_modules/next/dist/next-devtools/shared/forward-logs-shared.js:44
[ 2627825ms] [LOG] [Fast Refresh] rebuilding @ webpack-internal:///(app-pages-browser)/./node_modules/next/dist/next-devtools/shared/forward-logs-shared.js:44
[ 2627982ms] [LOG] [Fast Refresh] done in 157ms @ webpack-internal:///(app-pages-browser)/./node_modules/next/dist/next-devtools/shared/forward-logs-shared.js:44
[ 2628748ms] [LOG] [Fast Refresh] rebuilding @ webpack-internal:///(app-pages-browser)/./node_modules/next/dist/next-devtools/shared/forward-logs-shared.js:44
[ 2628912ms] [LOG] [Fast Refresh] done in 165ms @ webpack-internal:///(app-pages-browser)/./node_modules/next/dist/next-devtools/shared/forward-logs-shared.js:44
[ 2629530ms] [LOG] [Fast Refresh] rebuilding @ webpack-internal:///(app-pages-browser)/./node_modules/next/dist/next-devtools/shared/forward-logs-shared.js:44
[ 2629630ms] [LOG] [Fast Refresh] done in 101ms @ webpack-internal:///(app-pages-browser)/./node_modules/next/dist/next-devtools/shared/forward-logs-shared.js:44
[ 2630396ms] [LOG] [Fast Refresh] rebuilding @ webpack-internal:///(app-pages-browser)/./node_modules/next/dist/next-devtools/shared/forward-logs-shared.js:44
[ 2630525ms] [LOG] [Fast Refresh] done in 128ms @ webpack-internal:///(app-pages-browser)/./node_modules/next/dist/next-devtools/shared/forward-logs-shared.js:44
[ 2631162ms] [LOG] [Fast Refresh] rebuilding @ webpack-internal:///(app-pages-browser)/./node_modules/next/dist/next-devtools/shared/forward-logs-shared.js:44
[ 2631297ms] [LOG] [Fast Refresh] done in 135ms @ webpack-internal:///(app-pages-browser)/./node_modules/next/dist/next-devtools/shared/forward-logs-shared.js:44
[ 2631983ms] [LOG] [Fast Refresh] rebuilding @ webpack-internal:///(app-pages-browser)/./node_modules/next/dist/next-devtools/shared/forward-logs-shared.js:44
[ 2632130ms] [LOG] [Fast Refresh] done in 147ms @ webpack-internal:///(app-pages-browser)/./node_modules/next/dist/next-devtools/shared/forward-logs-shared.js:44
[ 2632744ms] [LOG] [Fast Refresh] rebuilding @ webpack-internal:///(app-pages-browser)/./node_modules/next/dist/next-devtools/shared/forward-logs-shared.js:44
[ 2632904ms] [LOG] [Fast Refresh] done in 161ms @ webpack-internal:///(app-pages-browser)/./node_modules/next/dist/next-devtools/shared/forward-logs-shared.js:44
[ 2633530ms] [LOG] [Fast Refresh] rebuilding @ webpack-internal:///(app-pages-browser)/./node_modules/next/dist/next-devtools/shared/forward-logs-shared.js:44
[ 2633683ms] [LOG] [Fast Refresh] done in 153ms @ webpack-internal:///(app-pages-browser)/./node_modules/next/dist/next-devtools/shared/forward-logs-shared.js:44
[ 2634268ms] [LOG] [Fast Refresh] rebuilding @ webpack-internal:///(app-pages-browser)/./node_modules/next/dist/next-devtools/shared/forward-logs-shared.js:44
[ 2634349ms] [LOG] [Fast Refresh] done in 81ms @ webpack-internal:///(app-pages-browser)/./node_modules/next/dist/next-devtools/shared/forward-logs-shared.js:44
[ 2634998ms] [LOG] [Fast Refresh] rebuilding @ webpack-internal:///(app-pages-browser)/./node_modules/next/dist/next-devtools/shared/forward-logs-shared.js:44
[ 2635141ms] [LOG] [Fast Refresh] done in 143ms @ webpack-internal:///(app-pages-browser)/./node_modules/next/dist/next-devtools/shared/forward-logs-shared.js:44
[ 2635802ms] [LOG] [Fast Refresh] rebuilding @ webpack-internal:///(app-pages-browser)/./node_modules/next/dist/next-devtools/shared/forward-logs-shared.js:44
[ 2635915ms] [LOG] [Fast Refresh] done in 112ms @ webpack-internal:///(app-pages-browser)/./node_modules/next/dist/next-devtools/shared/forward-logs-shared.js:44
[ 2636529ms] [LOG] [Fast Refresh] rebuilding @ webpack-internal:///(app-pages-browser)/./node_modules/next/dist/next-devtools/shared/forward-logs-shared.js:44
[ 2636711ms] [LOG] [Fast Refresh] done in 181ms @ webpack-internal:///(app-pages-browser)/./node_modules/next/dist/next-devtools/shared/forward-logs-shared.js:44
[ 2637293ms] [LOG] [Fast Refresh] rebuilding @ webpack-internal:///(app-pages-browser)/./node_modules/next/dist/next-devtools/shared/forward-logs-shared.js:44
[ 2637440ms] [LOG] [Fast Refresh] done in 147ms @ webpack-internal:///(app-pages-browser)/./node_modules/next/dist/next-devtools/shared/forward-logs-shared.js:44
[ 2638348ms] [LOG] [Fast Refresh] rebuilding @ webpack-internal:///(app-pages-browser)/./node_modules/next/dist/next-devtools/shared/forward-logs-shared.js:44
[ 2638549ms] [LOG] [Fast Refresh] done in 200ms @ webpack-internal:///(app-pages-browser)/./node_modules/next/dist/next-devtools/shared/forward-logs-shared.js:44
[ 2639336ms] [LOG] [Fast Refresh] rebuilding @ webpack-internal:///(app-pages-browser)/./node_modules/next/dist/next-devtools/shared/forward-logs-shared.js:44
[ 2639497ms] [LOG] [Fast Refresh] done in 161ms @ webpack-internal:///(app-pages-browser)/./node_modules/next/dist/next-devtools/shared/forward-logs-shared.js:44
[ 2640205ms] [LOG] [Fast Refresh] rebuilding @ webpack-internal:///(app-pages-browser)/./node_modules/next/dist/next-devtools/shared/forward-logs-shared.js:44
[ 2640354ms] [LOG] [Fast Refresh] done in 149ms @ webpack-internal:///(app-pages-browser)/./node_modules/next/dist/next-devtools/shared/forward-logs-shared.js:44
[ 2641037ms] [LOG] [Fast Refresh] rebuilding @ webpack-internal:///(app-pages-browser)/./node_modules/next/dist/next-devtools/shared/forward-logs-shared.js:44
[ 2641144ms] [LOG] [Fast Refresh] done in 107ms @ webpack-internal:///(app-pages-browser)/./node_modules/next/dist/next-devtools/shared/forward-logs-shared.js:44
[ 2641868ms] [LOG] [Fast Refresh] rebuilding @ webpack-internal:///(app-pages-browser)/./node_modules/next/dist/next-devtools/shared/forward-logs-shared.js:44
[ 2642020ms] [LOG] [Fast Refresh] done in 152ms @ webpack-internal:///(app-pages-browser)/./node_modules/next/dist/next-devtools/shared/forward-logs-shared.js:44
[ 2642614ms] [LOG] [Fast Refresh] rebuilding @ webpack-internal:///(app-pages-browser)/./node_modules/next/dist/next-devtools/shared/forward-logs-shared.js:44
[ 2642762ms] [LOG] [Fast Refresh] done in 147ms @ webpack-internal:///(app-pages-browser)/./node_modules/next/dist/next-devtools/shared/forward-logs-shared.js:44
[ 2643941ms] [LOG] [Fast Refresh] rebuilding @ webpack-internal:///(app-pages-browser)/./node_modules/next/dist/next-devtools/shared/forward-logs-shared.js:44
[ 2644650ms] [LOG] [Fast Refresh] done in 710ms @ webpack-internal:///(app-pages-browser)/./node_modules/next/dist/next-devtools/shared/forward-logs-shared.js:44
[ 2645397ms] [LOG] [Fast Refresh] rebuilding @ webpack-internal:///(app-pages-browser)/./node_modules/next/dist/next-devtools/shared/forward-logs-shared.js:44
[ 2645514ms] [LOG] [Fast Refresh] done in 117ms @ webpack-internal:///(app-pages-browser)/./node_modules/next/dist/next-devtools/shared/forward-logs-shared.js:44
[ 2646279ms] [LOG] [Fast Refresh] rebuilding @ webpack-internal:///(app-pages-browser)/./node_modules/next/dist/next-devtools/shared/forward-logs-shared.js:44
[ 2646407ms] [LOG] [Fast Refresh] done in 127ms @ webpack-internal:///(app-pages-browser)/./node_modules/next/dist/next-devtools/shared/forward-logs-shared.js:44
[ 2647169ms] [LOG] [Fast Refresh] rebuilding @ webpack-internal:///(app-pages-browser)/./node_modules/next/dist/next-devtools/shared/forward-logs-shared.js:44
[ 2647657ms] [LOG] [Fast Refresh] done in 487ms @ webpack-internal:///(app-pages-browser)/./node_modules/next/dist/next-devtools/shared/forward-logs-shared.js:44
[ 2648071ms] [LOG] [Fast Refresh] rebuilding @ webpack-internal:///(app-pages-browser)/./node_modules/next/dist/next-devtools/shared/forward-logs-shared.js:44
[ 2648279ms] [LOG] [Fast Refresh] done in 208ms @ webpack-internal:///(app-pages-browser)/./node_modules/next/dist/next-devtools/shared/forward-logs-shared.js:44
[ 2649221ms] [LOG] [Fast Refresh] rebuilding @ webpack-internal:///(app-pages-browser)/./node_modules/next/dist/next-devtools/shared/forward-logs-shared.js:44
[ 2649706ms] [LOG] [Fast Refresh] done in 486ms @ webpack-internal:///(app-pages-browser)/./node_modules/next/dist/next-devtools/shared/forward-logs-shared.js:44
[ 2650042ms] [LOG] [Fast Refresh] rebuilding @ webpack-internal:///(app-pages-browser)/./node_modules/next/dist/next-devtools/shared/forward-logs-shared.js:44
[ 2650191ms] [LOG] [Fast Refresh] done in 150ms @ webpack-internal:///(app-pages-browser)/./node_modules/next/dist/next-devtools/shared/forward-logs-shared.js:44
[ 2650887ms] [LOG] [Fast Refresh] rebuilding @ webpack-internal:///(app-pages-browser)/./node_modules/next/dist/next-devtools/shared/forward-logs-shared.js:44
[ 2651006ms] [LOG] [Fast Refresh] done in 119ms @ webpack-internal:///(app-pages-browser)/./node_modules/next/dist/next-devtools/shared/forward-logs-shared.js:44
[ 2651704ms] [LOG] [Fast Refresh] rebuilding @ webpack-internal:///(app-pages-browser)/./node_modules/next/dist/next-devtools/shared/forward-logs-shared.js:44
[ 2651825ms] [LOG] [Fast Refresh] done in 121ms @ webpack-internal:///(app-pages-browser)/./node_modules/next/dist/next-devtools/shared/forward-logs-shared.js:44
[ 2652515ms] [LOG] [Fast Refresh] rebuilding @ webpack-internal:///(app-pages-browser)/./node_modules/next/dist/next-devtools/shared/forward-logs-shared.js:44
[ 2652659ms] [LOG] [Fast Refresh] done in 143ms @ webpack-internal:///(app-pages-browser)/./node_modules/next/dist/next-devtools/shared/forward-logs-shared.js:44
[ 2654073ms] [LOG] [Fast Refresh] rebuilding @ webpack-internal:///(app-pages-browser)/./node_modules/next/dist/next-devtools/shared/forward-logs-shared.js:44
[ 2654478ms] [LOG] [Fast Refresh] done in 406ms @ webpack-internal:///(app-pages-browser)/./node_modules/next/dist/next-devtools/shared/forward-logs-shared.js:44
[ 2655317ms] [LOG] [Fast Refresh] rebuilding @ webpack-internal:///(app-pages-browser)/./node_modules/next/dist/next-devtools/shared/forward-logs-shared.js:44
[ 2655842ms] [LOG] [Fast Refresh] done in 525ms @ webpack-internal:///(app-pages-browser)/./node_modules/next/dist/next-devtools/shared/forward-logs-shared.js:44
[ 2656365ms] [LOG] [Fast Refresh] rebuilding @ webpack-internal:///(app-pages-browser)/./node_modules/next/dist/next-devtools/shared/forward-logs-shared.js:44
[ 2656552ms] [LOG] [Fast Refresh] done in 188ms @ webpack-internal:///(app-pages-browser)/./node_modules/next/dist/next-devtools/shared/forward-logs-shared.js:44
[ 2657333ms] [LOG] [Fast Refresh] rebuilding @ webpack-internal:///(app-pages-browser)/./node_modules/next/dist/next-devtools/shared/forward-logs-shared.js:44
[ 2657497ms] [LOG] [Fast Refresh] done in 163ms @ webpack-internal:///(app-pages-browser)/./node_modules/next/dist/next-devtools/shared/forward-logs-shared.js:44
[ 2658215ms] [LOG] [Fast Refresh] rebuilding @ webpack-internal:///(app-pages-browser)/./node_modules/next/dist/next-devtools/shared/forward-logs-shared.js:44
[ 2658388ms] [LOG] [Fast Refresh] done in 173ms @ webpack-internal:///(app-pages-browser)/./node_modules/next/dist/next-devtools/shared/forward-logs-shared.js:44
[ 2659046ms] [LOG] [Fast Refresh] rebuilding @ webpack-internal:///(app-pages-browser)/./node_modules/next/dist/next-devtools/shared/forward-logs-shared.js:44
[ 2659199ms] [LOG] [Fast Refresh] done in 152ms @ webpack-internal:///(app-pages-browser)/./node_modules/next/dist/next-devtools/shared/forward-logs-shared.js:44
[ 2659827ms] [LOG] [Fast Refresh] rebuilding @ webpack-internal:///(app-pages-browser)/./node_modules/next/dist/next-devtools/shared/forward-logs-shared.js:44
[ 2659957ms] [LOG] [Fast Refresh] done in 130ms @ webpack-internal:///(app-pages-browser)/./node_modules/next/dist/next-devtools/shared/forward-logs-shared.js:44
[ 2660652ms] [LOG] [Fast Refresh] rebuilding @ webpack-internal:///(app-pages-browser)/./node_modules/next/dist/next-devtools/shared/forward-logs-shared.js:44
[ 2660810ms] [LOG] [Fast Refresh] done in 158ms @ webpack-internal:///(app-pages-browser)/./node_modules/next/dist/next-devtools/shared/forward-logs-shared.js:44
[ 2661448ms] [LOG] [Fast Refresh] rebuilding @ webpack-internal:///(app-pages-browser)/./node_modules/next/dist/next-devtools/shared/forward-logs-shared.js:44
[ 2661578ms] [LOG] [Fast Refresh] done in 130ms @ webpack-internal:///(app-pages-browser)/./node_modules/next/dist/next-devtools/shared/forward-logs-shared.js:44
[ 2662350ms] [LOG] [Fast Refresh] rebuilding @ webpack-internal:///(app-pages-browser)/./node_modules/next/dist/next-devtools/shared/forward-logs-shared.js:44
[ 2662501ms] [LOG] [Fast Refresh] done in 151ms @ webpack-internal:///(app-pages-browser)/./node_modules/next/dist/next-devtools/shared/forward-logs-shared.js:44
[ 2663115ms] [LOG] [Fast Refresh] rebuilding @ webpack-internal:///(app-pages-browser)/./node_modules/next/dist/next-devtools/shared/forward-logs-shared.js:44
[ 2663243ms] [LOG] [Fast Refresh] done in 128ms @ webpack-internal:///(app-pages-browser)/./node_modules/next/dist/next-devtools/shared/forward-logs-shared.js:44
[ 2664013ms] [LOG] [Fast Refresh] rebuilding @ webpack-internal:///(app-pages-browser)/./node_modules/next/dist/next-devtools/shared/forward-logs-shared.js:44
[ 2664165ms] [LOG] [Fast Refresh] done in 152ms @ webpack-internal:///(app-pages-browser)/./node_modules/next/dist/next-devtools/shared/forward-logs-shared.js:44
[ 2664821ms] [LOG] [Fast Refresh] rebuilding @ webpack-internal:///(app-pages-browser)/./node_modules/next/dist/next-devtools/shared/forward-logs-shared.js:44
[ 2664941ms] [LOG] [Fast Refresh] done in 120ms @ webpack-internal:///(app-pages-browser)/./node_modules/next/dist/next-devtools/shared/forward-logs-shared.js:44
[ 2665652ms] [LOG] [Fast Refresh] rebuilding @ webpack-internal:///(app-pages-browser)/./node_modules/next/dist/next-devtools/shared/forward-logs-shared.js:44
[ 2665842ms] [LOG] [Fast Refresh] done in 190ms @ webpack-internal:///(app-pages-browser)/./node_modules/next/dist/next-devtools/shared/forward-logs-shared.js:44
[ 2666800ms] [LOG] [Fast Refresh] rebuilding @ webpack-internal:///(app-pages-browser)/./node_modules/next/dist/next-devtools/shared/forward-logs-shared.js:44
[ 2667325ms] [LOG] [Fast Refresh] done in 527ms @ webpack-internal:///(app-pages-browser)/./node_modules/next/dist/next-devtools/shared/forward-logs-shared.js:44
[ 2669403ms] [LOG] [Fast Refresh] rebuilding @ webpack-internal:///(app-pages-browser)/./node_modules/next/dist/next-devtools/shared/forward-logs-shared.js:44
[ 2670015ms] [LOG] [Fast Refresh] done in 613ms @ webpack-internal:///(app-pages-browser)/./node_modules/next/dist/next-devtools/shared/forward-logs-shared.js:44
[ 2671601ms] [LOG] [Fast Refresh] rebuilding @ webpack-internal:///(app-pages-browser)/./node_modules/next/dist/next-devtools/shared/forward-logs-shared.js:44
[ 2672404ms] [LOG] [Fast Refresh] done in 801ms @ webpack-internal:///(app-pages-browser)/./node_modules/next/dist/next-devtools/shared/forward-logs-shared.js:44
[ 2673001ms] [LOG] [Fast Refresh] rebuilding @ webpack-internal:///(app-pages-browser)/./node_modules/next/dist/next-devtools/shared/forward-logs-shared.js:44
[ 2673219ms] [LOG] [Fast Refresh] done in 219ms @ webpack-internal:///(app-pages-browser)/./node_modules/next/dist/next-devtools/shared/forward-logs-shared.js:44
[ 2674447ms] [LOG] [Fast Refresh] rebuilding @ webpack-internal:///(app-pages-browser)/./node_modules/next/dist/next-devtools/shared/forward-logs-shared.js:44
[ 2676169ms] [LOG] [Fast Refresh] done in 1727ms @ webpack-internal:///(app-pages-browser)/./node_modules/next/dist/next-devtools/shared/forward-logs-shared.js:44
[ 2678165ms] [LOG] [Fast Refresh] rebuilding @ webpack-internal:///(app-pages-browser)/./node_modules/next/dist/next-devtools/shared/forward-logs-shared.js:44
[ 2678840ms] [LOG] [Fast Refresh] done in 675ms @ webpack-internal:///(app-pages-browser)/./node_modules/next/dist/next-devtools/shared/forward-logs-shared.js:44
[ 2680222ms] [LOG] [Fast Refresh] rebuilding @ webpack-internal:///(app-pages-browser)/./node_modules/next/dist/next-devtools/shared/forward-logs-shared.js:44
[ 2681448ms] [LOG] [Fast Refresh] done in 1226ms @ webpack-internal:///(app-pages-browser)/./node_modules/next/dist/next-devtools/shared/forward-logs-shared.js:44
[ 2681479ms] [LOG] [Fast Refresh] rebuilding @ webpack-internal:///(app-pages-browser)/./node_modules/next/dist/next-devtools/shared/forward-logs-shared.js:44
[ 2684995ms] [LOG] [Fast Refresh] done in 3401ms @ webpack-internal:///(app-pages-browser)/./node_modules/next/dist/next-devtools/shared/forward-logs-shared.js:44
[ 2685001ms] [LOG] [Fast Refresh] rebuilding @ webpack-internal:///(app-pages-browser)/./node_modules/next/dist/next-devtools/shared/forward-logs-shared.js:44
[ 2685045ms] [WARNING] The resource http://localhost:3000/_next/static/css/app/layout.css?v=1786518060386 was preloaded using link preload but not used within a few seconds from the window's load event. Please make sure it has an appropriate `as` value and it is preloaded intentionally. @ http://localhost:3000/sales-executive/u4:0
[ 2685563ms] [LOG] [Fast Refresh] done in 560ms @ webpack-internal:///(app-pages-browser)/./node_modules/next/dist/next-devtools/shared/forward-logs-shared.js:44
[ 2685568ms] [LOG] [Fast Refresh] rebuilding @ webpack-internal:///(app-pages-browser)/./node_modules/next/dist/next-devtools/shared/forward-logs-shared.js:44
[ 2686617ms] [LOG] [Fast Refresh] done in 1050ms @ webpack-internal:///(app-pages-browser)/./node_modules/next/dist/next-devtools/shared/forward-logs-shared.js:44
[ 2686628ms] [LOG] [Fast Refresh] rebuilding @ webpack-internal:///(app-pages-browser)/./node_modules/next/dist/next-devtools/shared/forward-logs-shared.js:44
[ 2687944ms] [LOG] [Fast Refresh] done in 1315ms @ webpack-internal:///(app-pages-browser)/./node_modules/next/dist/next-devtools/shared/forward-logs-shared.js:44
[ 2687955ms] [LOG] [Fast Refresh] rebuilding @ webpack-internal:///(app-pages-browser)/./node_modules/next/dist/next-devtools/shared/forward-logs-shared.js:44
[ 2688675ms] [LOG] [Fast Refresh] done in 721ms @ webpack-internal:///(app-pages-browser)/./node_modules/next/dist/next-devtools/shared/forward-logs-shared.js:44
[ 2689061ms] [LOG] [Fast Refresh] rebuilding @ webpack-internal:///(app-pages-browser)/./node_modules/next/dist/next-devtools/shared/forward-logs-shared.js:44
[ 2689255ms] [LOG] [Fast Refresh] done in 193ms @ webpack-internal:///(app-pages-browser)/./node_modules/next/dist/next-devtools/shared/forward-logs-shared.js:44
[ 2690216ms] [LOG] [Fast Refresh] rebuilding @ webpack-internal:///(app-pages-browser)/./node_modules/next/dist/next-devtools/shared/forward-logs-shared.js:44
[ 2690395ms] [LOG] [Fast Refresh] done in 179ms @ webpack-internal:///(app-pages-browser)/./node_modules/next/dist/next-devtools/shared/forward-logs-shared.js:44
[ 2691208ms] [LOG] [Fast Refresh] rebuilding @ webpack-internal:///(app-pages-browser)/./node_modules/next/dist/next-devtools/shared/forward-logs-shared.js:44
[ 2691399ms] [LOG] [Fast Refresh] done in 191ms @ webpack-internal:///(app-pages-browser)/./node_modules/next/dist/next-devtools/shared/forward-logs-shared.js:44
[ 2692335ms] [LOG] [Fast Refresh] rebuilding @ webpack-internal:///(app-pages-browser)/./node_modules/next/dist/next-devtools/shared/forward-logs-shared.js:44
[ 2692572ms] [LOG] [Fast Refresh] done in 238ms @ webpack-internal:///(app-pages-browser)/./node_modules/next/dist/next-devtools/shared/forward-logs-shared.js:44
[ 2693275ms] [LOG] [Fast Refresh] rebuilding @ webpack-internal:///(app-pages-browser)/./node_modules/next/dist/next-devtools/shared/forward-logs-shared.js:44
[ 2693428ms] [LOG] [Fast Refresh] done in 154ms @ webpack-internal:///(app-pages-browser)/./node_modules/next/dist/next-devtools/shared/forward-logs-shared.js:44
[ 2694170ms] [LOG] [Fast Refresh] rebuilding @ webpack-internal:///(app-pages-browser)/./node_modules/next/dist/next-devtools/shared/forward-logs-shared.js:44
[ 2694294ms] [LOG] [Fast Refresh] done in 125ms @ webpack-internal:///(app-pages-browser)/./node_modules/next/dist/next-devtools/shared/forward-logs-shared.js:44
[ 2695180ms] [LOG] [Fast Refresh] rebuilding @ webpack-internal:///(app-pages-browser)/./node_modules/next/dist/next-devtools/shared/forward-logs-shared.js:44
[ 2696034ms] [LOG] [Fast Refresh] done in 854ms @ webpack-internal:///(app-pages-browser)/./node_modules/next/dist/next-devtools/shared/forward-logs-shared.js:44
[ 2696644ms] [LOG] [Fast Refresh] rebuilding @ webpack-internal:///(app-pages-browser)/./node_modules/next/dist/next-devtools/shared/forward-logs-shared.js:44
[ 2697081ms] [LOG] [Fast Refresh] done in 438ms @ webpack-internal:///(app-pages-browser)/./node_modules/next/dist/next-devtools/shared/forward-logs-shared.js:44
[ 2699050ms] [LOG] [Fast Refresh] rebuilding @ webpack-internal:///(app-pages-browser)/./node_modules/next/dist/next-devtools/shared/forward-logs-shared.js:44
[ 2700403ms] [LOG] [Fast Refresh] done in 1354ms @ webpack-internal:///(app-pages-browser)/./node_modules/next/dist/next-devtools/shared/forward-logs-shared.js:44
[ 2700452ms] [LOG] [Fast Refresh] rebuilding @ webpack-internal:///(app-pages-browser)/./node_modules/next/dist/next-devtools/shared/forward-logs-shared.js:44
[ 2700520ms] [WARNING] The resource http://localhost:3000/_next/static/css/app/layout.css?v=1786518067126 was preloaded using link preload but not used within a few seconds from the window's load event. Please make sure it has an appropriate `as` value and it is preloaded intentionally. @ http://localhost:3000/sales-executive/u4:0
[ 2700521ms] [WARNING] The resource http://localhost:3000/_next/static/css/app/layout.css?v=1786518060386 was preloaded using link preload but not used within a few seconds from the window's load event. Please make sure it has an appropriate `as` value and it is preloaded intentionally. @ http://localhost:3000/sales-executive/u4:0
[ 2700521ms] [WARNING] The resource http://localhost:3000/_next/static/css/app/layout.css?v=1786518062127 was preloaded using link preload but not used within a few seconds from the window's load event. Please make sure it has an appropriate `as` value and it is preloaded intentionally. @ http://localhost:3000/sales-executive/u4:0
[ 2700521ms] [WARNING] The resource http://localhost:3000/_next/static/css/app/layout.css?v=1786518067276 was preloaded using link preload but not used within a few seconds from the window's load event. Please make sure it has an appropriate `as` value and it is preloaded intentionally. @ http://localhost:3000/sales-executive/u4:0
[ 2700521ms] [WARNING] The resource http://localhost:3000/_next/static/css/app/layout.css?v=1786518066981 was preloaded using link preload but not used within a few seconds from the window's load event. Please make sure it has an appropriate `as` value and it is preloaded intentionally. @ http://localhost:3000/sales-executive/u4:0
[ 2702598ms] [LOG] [Fast Refresh] done in 2145ms @ webpack-internal:///(app-pages-browser)/./node_modules/next/dist/next-devtools/shared/forward-logs-shared.js:44
[ 2702600ms] [LOG] [Fast Refresh] rebuilding @ webpack-internal:///(app-pages-browser)/./node_modules/next/dist/next-devtools/shared/forward-logs-shared.js:44
[ 2703078ms] [LOG] [Fast Refresh] done in 478ms @ webpack-internal:///(app-pages-browser)/./node_modules/next/dist/next-devtools/shared/forward-logs-shared.js:44
[ 2703079ms] [LOG] [Fast Refresh] rebuilding @ webpack-internal:///(app-pages-browser)/./node_modules/next/dist/next-devtools/shared/forward-logs-shared.js:44
[ 2704270ms] [LOG] [Fast Refresh] done in 1191ms @ webpack-internal:///(app-pages-browser)/./node_modules/next/dist/next-devtools/shared/forward-logs-shared.js:44
[ 2704283ms] [LOG] [Fast Refresh] rebuilding @ webpack-internal:///(app-pages-browser)/./node_modules/next/dist/next-devtools/shared/forward-logs-shared.js:44
[ 2704505ms] [LOG] [Fast Refresh] done in 222ms @ webpack-internal:///(app-pages-browser)/./node_modules/next/dist/next-devtools/shared/forward-logs-shared.js:44
[ 2705357ms] [LOG] [Fast Refresh] rebuilding @ webpack-internal:///(app-pages-browser)/./node_modules/next/dist/next-devtools/shared/forward-logs-shared.js:44
[ 2705522ms] [LOG] [Fast Refresh] done in 165ms @ webpack-internal:///(app-pages-browser)/./node_modules/next/dist/next-devtools/shared/forward-logs-shared.js:44
[ 2706272ms] [LOG] [Fast Refresh] rebuilding @ webpack-internal:///(app-pages-browser)/./node_modules/next/dist/next-devtools/shared/forward-logs-shared.js:44
[ 2706407ms] [LOG] [Fast Refresh] done in 135ms @ webpack-internal:///(app-pages-browser)/./node_modules/next/dist/next-devtools/shared/forward-logs-shared.js:44
[ 2707269ms] [LOG] [Fast Refresh] rebuilding @ webpack-internal:///(app-pages-browser)/./node_modules/next/dist/next-devtools/shared/forward-logs-shared.js:44
[ 2707440ms] [LOG] [Fast Refresh] done in 171ms @ webpack-internal:///(app-pages-browser)/./node_modules/next/dist/next-devtools/shared/forward-logs-shared.js:44
[ 2708402ms] [LOG] [Fast Refresh] rebuilding @ webpack-internal:///(app-pages-browser)/./node_modules/next/dist/next-devtools/shared/forward-logs-shared.js:44
[ 2708641ms] [LOG] [Fast Refresh] done in 238ms @ webpack-internal:///(app-pages-browser)/./node_modules/next/dist/next-devtools/shared/forward-logs-shared.js:44
[ 2709467ms] [LOG] [Fast Refresh] rebuilding @ webpack-internal:///(app-pages-browser)/./node_modules/next/dist/next-devtools/shared/forward-logs-shared.js:44
[ 2709651ms] [LOG] [Fast Refresh] done in 184ms @ webpack-internal:///(app-pages-browser)/./node_modules/next/dist/next-devtools/shared/forward-logs-shared.js:44
[ 2710413ms] [LOG] [Fast Refresh] rebuilding @ webpack-internal:///(app-pages-browser)/./node_modules/next/dist/next-devtools/shared/forward-logs-shared.js:44
[ 2710591ms] [LOG] [Fast Refresh] done in 179ms @ webpack-internal:///(app-pages-browser)/./node_modules/next/dist/next-devtools/shared/forward-logs-shared.js:44
[ 2711333ms] [LOG] [Fast Refresh] rebuilding @ webpack-internal:///(app-pages-browser)/./node_modules/next/dist/next-devtools/shared/forward-logs-shared.js:44
[ 2711524ms] [LOG] [Fast Refresh] done in 191ms @ webpack-internal:///(app-pages-browser)/./node_modules/next/dist/next-devtools/shared/forward-logs-shared.js:44
[ 2712589ms] [LOG] [Fast Refresh] rebuilding @ webpack-internal:///(app-pages-browser)/./node_modules/next/dist/next-devtools/shared/forward-logs-shared.js:44
[ 2714659ms] [LOG] [Fast Refresh] done in 2071ms @ webpack-internal:///(app-pages-browser)/./node_modules/next/dist/next-devtools/shared/forward-logs-shared.js:44
[ 2715726ms] [LOG] [Fast Refresh] rebuilding @ webpack-internal:///(app-pages-browser)/./node_modules/next/dist/next-devtools/shared/forward-logs-shared.js:44
[ 2715937ms] [LOG] [Fast Refresh] done in 211ms @ webpack-internal:///(app-pages-browser)/./node_modules/next/dist/next-devtools/shared/forward-logs-shared.js:44
[ 2717074ms] [LOG] [Fast Refresh] rebuilding @ webpack-internal:///(app-pages-browser)/./node_modules/next/dist/next-devtools/shared/forward-logs-shared.js:44
[ 2717639ms] [LOG] [Fast Refresh] done in 565ms @ webpack-internal:///(app-pages-browser)/./node_modules/next/dist/next-devtools/shared/forward-logs-shared.js:44
[ 2718215ms] [LOG] [Fast Refresh] rebuilding @ webpack-internal:///(app-pages-browser)/./node_modules/next/dist/next-devtools/shared/forward-logs-shared.js:44
[ 2718395ms] [LOG] [Fast Refresh] done in 180ms @ webpack-internal:///(app-pages-browser)/./node_modules/next/dist/next-devtools/shared/forward-logs-shared.js:44
[ 2719079ms] [LOG] [Fast Refresh] rebuilding @ webpack-internal:///(app-pages-browser)/./node_modules/next/dist/next-devtools/shared/forward-logs-shared.js:44
[ 2719230ms] [LOG] [Fast Refresh] done in 150ms @ webpack-internal:///(app-pages-browser)/./node_modules/next/dist/next-devtools/shared/forward-logs-shared.js:44
[ 2719920ms] [LOG] [Fast Refresh] rebuilding @ webpack-internal:///(app-pages-browser)/./node_modules/next/dist/next-devtools/shared/forward-logs-shared.js:44
[ 2720083ms] [LOG] [Fast Refresh] done in 162ms @ webpack-internal:///(app-pages-browser)/./node_modules/next/dist/next-devtools/shared/forward-logs-shared.js:44
[ 2720789ms] [LOG] [Fast Refresh] rebuilding @ webpack-internal:///(app-pages-browser)/./node_modules/next/dist/next-devtools/shared/forward-logs-shared.js:44
[ 2720940ms] [LOG] [Fast Refresh] done in 150ms @ webpack-internal:///(app-pages-browser)/./node_modules/next/dist/next-devtools/shared/forward-logs-shared.js:44
[ 2721626ms] [LOG] [Fast Refresh] rebuilding @ webpack-internal:///(app-pages-browser)/./node_modules/next/dist/next-devtools/shared/forward-logs-shared.js:44
[ 2721816ms] [LOG] [Fast Refresh] done in 190ms @ webpack-internal:///(app-pages-browser)/./node_modules/next/dist/next-devtools/shared/forward-logs-shared.js:44
[ 2722548ms] [LOG] [Fast Refresh] rebuilding @ webpack-internal:///(app-pages-browser)/./node_modules/next/dist/next-devtools/shared/forward-logs-shared.js:44
[ 2722663ms] [LOG] [Fast Refresh] done in 114ms @ webpack-internal:///(app-pages-browser)/./node_modules/next/dist/next-devtools/shared/forward-logs-shared.js:44
[ 2723397ms] [LOG] [Fast Refresh] rebuilding @ webpack-internal:///(app-pages-browser)/./node_modules/next/dist/next-devtools/shared/forward-logs-shared.js:44
[ 2723535ms] [LOG] [Fast Refresh] done in 138ms @ webpack-internal:///(app-pages-browser)/./node_modules/next/dist/next-devtools/shared/forward-logs-shared.js:44
[ 2724169ms] [LOG] [Fast Refresh] rebuilding @ webpack-internal:///(app-pages-browser)/./node_modules/next/dist/next-devtools/shared/forward-logs-shared.js:44
[ 2724339ms] [LOG] [Fast Refresh] done in 170ms @ webpack-internal:///(app-pages-browser)/./node_modules/next/dist/next-devtools/shared/forward-logs-shared.js:44
[ 2725054ms] [LOG] [Fast Refresh] rebuilding @ webpack-internal:///(app-pages-browser)/./node_modules/next/dist/next-devtools/shared/forward-logs-shared.js:44
[ 2725171ms] [LOG] [Fast Refresh] done in 116ms @ webpack-internal:///(app-pages-browser)/./node_modules/next/dist/next-devtools/shared/forward-logs-shared.js:44
[ 2725895ms] [LOG] [Fast Refresh] rebuilding @ webpack-internal:///(app-pages-browser)/./node_modules/next/dist/next-devtools/shared/forward-logs-shared.js:44
[ 2726028ms] [LOG] [Fast Refresh] done in 134ms @ webpack-internal:///(app-pages-browser)/./node_modules/next/dist/next-devtools/shared/forward-logs-shared.js:44
[ 2726747ms] [LOG] [Fast Refresh] rebuilding @ webpack-internal:///(app-pages-browser)/./node_modules/next/dist/next-devtools/shared/forward-logs-shared.js:44
[ 2726868ms] [LOG] [Fast Refresh] done in 122ms @ webpack-internal:///(app-pages-browser)/./node_modules/next/dist/next-devtools/shared/forward-logs-shared.js:44
[ 2727524ms] [LOG] [Fast Refresh] rebuilding @ webpack-internal:///(app-pages-browser)/./node_modules/next/dist/next-devtools/shared/forward-logs-shared.js:44
[ 2727651ms] [LOG] [Fast Refresh] done in 127ms @ webpack-internal:///(app-pages-browser)/./node_modules/next/dist/next-devtools/shared/forward-logs-shared.js:44
[ 2729097ms] [LOG] [Fast Refresh] rebuilding @ webpack-internal:///(app-pages-browser)/./node_modules/next/dist/next-devtools/shared/forward-logs-shared.js:44
[ 2730018ms] [LOG] [Fast Refresh] done in 921ms @ webpack-internal:///(app-pages-browser)/./node_modules/next/dist/next-devtools/shared/forward-logs-shared.js:44
[ 2730658ms] [LOG] [Fast Refresh] rebuilding @ webpack-internal:///(app-pages-browser)/./node_modules/next/dist/next-devtools/shared/forward-logs-shared.js:44
[ 2730893ms] [LOG] [Fast Refresh] done in 234ms @ webpack-internal:///(app-pages-browser)/./node_modules/next/dist/next-devtools/shared/forward-logs-shared.js:44
[ 2732365ms] [LOG] [Fast Refresh] rebuilding @ webpack-internal:///(app-pages-browser)/./node_modules/next/dist/next-devtools/shared/forward-logs-shared.js:44
[ 2732649ms] [LOG] [Fast Refresh] done in 284ms @ webpack-internal:///(app-pages-browser)/./node_modules/next/dist/next-devtools/shared/forward-logs-shared.js:44
[ 2734028ms] [LOG] [Fast Refresh] rebuilding @ webpack-internal:///(app-pages-browser)/./node_modules/next/dist/next-devtools/shared/forward-logs-shared.js:44
[ 2734316ms] [LOG] [Fast Refresh] done in 287ms @ webpack-internal:///(app-pages-browser)/./node_modules/next/dist/next-devtools/shared/forward-logs-shared.js:44
[ 2735468ms] [LOG] [Fast Refresh] rebuilding @ webpack-internal:///(app-pages-browser)/./node_modules/next/dist/next-devtools/shared/forward-logs-shared.js:44
[ 2735696ms] [LOG] [Fast Refresh] done in 228ms @ webpack-internal:///(app-pages-browser)/./node_modules/next/dist/next-devtools/shared/forward-logs-shared.js:44
[ 2736505ms] [LOG] [Fast Refresh] rebuilding @ webpack-internal:///(app-pages-browser)/./node_modules/next/dist/next-devtools/shared/forward-logs-shared.js:44
[ 2736683ms] [LOG] [Fast Refresh] done in 178ms @ webpack-internal:///(app-pages-browser)/./node_modules/next/dist/next-devtools/shared/forward-logs-shared.js:44
[ 2737683ms] [LOG] [Fast Refresh] rebuilding @ webpack-internal:///(app-pages-browser)/./node_modules/next/dist/next-devtools/shared/forward-logs-shared.js:44
[ 2737878ms] [LOG] [Fast Refresh] done in 196ms @ webpack-internal:///(app-pages-browser)/./node_modules/next/dist/next-devtools/shared/forward-logs-shared.js:44
[ 2738993ms] [LOG] [Fast Refresh] rebuilding @ webpack-internal:///(app-pages-browser)/./node_modules/next/dist/next-devtools/shared/forward-logs-shared.js:44
[ 2739282ms] [LOG] [Fast Refresh] done in 250ms @ webpack-internal:///(app-pages-browser)/./node_modules/next/dist/next-devtools/shared/forward-logs-shared.js:44
[ 2740265ms] [LOG] [Fast Refresh] rebuilding @ webpack-internal:///(app-pages-browser)/./node_modules/next/dist/next-devtools/shared/forward-logs-shared.js:44
[ 2740461ms] [LOG] [Fast Refresh] done in 195ms @ webpack-internal:///(app-pages-browser)/./node_modules/next/dist/next-devtools/shared/forward-logs-shared.js:44
[ 2741307ms] [LOG] [Fast Refresh] rebuilding @ webpack-internal:///(app-pages-browser)/./node_modules/next/dist/next-devtools/shared/forward-logs-shared.js:44
[ 2741491ms] [LOG] [Fast Refresh] done in 183ms @ webpack-internal:///(app-pages-browser)/./node_modules/next/dist/next-devtools/shared/forward-logs-shared.js:44
[ 2742345ms] [LOG] [Fast Refresh] rebuilding @ webpack-internal:///(app-pages-browser)/./node_modules/next/dist/next-devtools/shared/forward-logs-shared.js:44
[ 2742557ms] [LOG] [Fast Refresh] done in 212ms @ webpack-internal:///(app-pages-browser)/./node_modules/next/dist/next-devtools/shared/forward-logs-shared.js:44
[ 2743648ms] [LOG] [Fast Refresh] rebuilding @ webpack-internal:///(app-pages-browser)/./node_modules/next/dist/next-devtools/shared/forward-logs-shared.js:44
[ 2743887ms] [LOG] [Fast Refresh] done in 239ms @ webpack-internal:///(app-pages-browser)/./node_modules/next/dist/next-devtools/shared/forward-logs-shared.js:44
[ 2745173ms] [LOG] [Fast Refresh] rebuilding @ webpack-internal:///(app-pages-browser)/./node_modules/next/dist/next-devtools/shared/forward-logs-shared.js:44
[ 2746092ms] [LOG] [Fast Refresh] done in 920ms @ webpack-internal:///(app-pages-browser)/./node_modules/next/dist/next-devtools/shared/forward-logs-shared.js:44
[ 2749363ms] [LOG] [Fast Refresh] rebuilding @ webpack-internal:///(app-pages-browser)/./node_modules/next/dist/next-devtools/shared/forward-logs-shared.js:44
[ 2750823ms] [LOG] [Fast Refresh] done in 1461ms @ webpack-internal:///(app-pages-browser)/./node_modules/next/dist/next-devtools/shared/forward-logs-shared.js:44
[ 2751426ms] [LOG] [Fast Refresh] rebuilding @ webpack-internal:///(app-pages-browser)/./node_modules/next/dist/next-devtools/shared/forward-logs-shared.js:44
[ 2751585ms] [LOG] [Fast Refresh] done in 160ms @ webpack-internal:///(app-pages-browser)/./node_modules/next/dist/next-devtools/shared/forward-logs-shared.js:44
[ 2752427ms] [LOG] [Fast Refresh] rebuilding @ webpack-internal:///(app-pages-browser)/./node_modules/next/dist/next-devtools/shared/forward-logs-shared.js:44
[ 2752614ms] [LOG] [Fast Refresh] done in 187ms @ webpack-internal:///(app-pages-browser)/./node_modules/next/dist/next-devtools/shared/forward-logs-shared.js:44
[ 2753489ms] [LOG] [Fast Refresh] rebuilding @ webpack-internal:///(app-pages-browser)/./node_modules/next/dist/next-devtools/shared/forward-logs-shared.js:44
[ 2753748ms] [LOG] [Fast Refresh] done in 257ms @ webpack-internal:///(app-pages-browser)/./node_modules/next/dist/next-devtools/shared/forward-logs-shared.js:44
[ 2754773ms] [LOG] [Fast Refresh] rebuilding @ webpack-internal:///(app-pages-browser)/./node_modules/next/dist/next-devtools/shared/forward-logs-shared.js:44
[ 2754985ms] [LOG] [Fast Refresh] done in 211ms @ webpack-internal:///(app-pages-browser)/./node_modules/next/dist/next-devtools/shared/forward-logs-shared.js:44
[ 2755914ms] [LOG] [Fast Refresh] rebuilding @ webpack-internal:///(app-pages-browser)/./node_modules/next/dist/next-devtools/shared/forward-logs-shared.js:44
[ 2756473ms] [LOG] [Fast Refresh] done in 558ms @ webpack-internal:///(app-pages-browser)/./node_modules/next/dist/next-devtools/shared/forward-logs-shared.js:44
[ 2756932ms] [LOG] [Fast Refresh] rebuilding @ webpack-internal:///(app-pages-browser)/./node_modules/next/dist/next-devtools/shared/forward-logs-shared.js:44
[ 2757118ms] [LOG] [Fast Refresh] done in 187ms @ webpack-internal:///(app-pages-browser)/./node_modules/next/dist/next-devtools/shared/forward-logs-shared.js:44
[ 2757987ms] [LOG] [Fast Refresh] rebuilding @ webpack-internal:///(app-pages-browser)/./node_modules/next/dist/next-devtools/shared/forward-logs-shared.js:44
[ 2758252ms] [LOG] [Fast Refresh] done in 266ms @ webpack-internal:///(app-pages-browser)/./node_modules/next/dist/next-devtools/shared/forward-logs-shared.js:44
[ 2759852ms] [LOG] [Fast Refresh] rebuilding @ webpack-internal:///(app-pages-browser)/./node_modules/next/dist/next-devtools/shared/forward-logs-shared.js:44
[ 2760435ms] [LOG] [Fast Refresh] done in 583ms @ webpack-internal:///(app-pages-browser)/./node_modules/next/dist/next-devtools/shared/forward-logs-shared.js:44
[ 2760972ms] [LOG] [Fast Refresh] rebuilding @ webpack-internal:///(app-pages-browser)/./node_modules/next/dist/next-devtools/shared/forward-logs-shared.js:44
[ 2761690ms] [LOG] [Fast Refresh] done in 717ms @ webpack-internal:///(app-pages-browser)/./node_modules/next/dist/next-devtools/shared/forward-logs-shared.js:44
[ 2762148ms] [LOG] [Fast Refresh] rebuilding @ webpack-internal:///(app-pages-browser)/./node_modules/next/dist/next-devtools/shared/forward-logs-shared.js:44
[ 2762401ms] [LOG] [Fast Refresh] done in 253ms @ webpack-internal:///(app-pages-browser)/./node_modules/next/dist/next-devtools/shared/forward-logs-shared.js:44
[ 2763279ms] [LOG] [Fast Refresh] rebuilding @ webpack-internal:///(app-pages-browser)/./node_modules/next/dist/next-devtools/shared/forward-logs-shared.js:44
[ 2763457ms] [LOG] [Fast Refresh] done in 178ms @ webpack-internal:///(app-pages-browser)/./node_modules/next/dist/next-devtools/shared/forward-logs-shared.js:44
[ 2764381ms] [LOG] [Fast Refresh] rebuilding @ webpack-internal:///(app-pages-browser)/./node_modules/next/dist/next-devtools/shared/forward-logs-shared.js:44
[ 2764670ms] [LOG] [Fast Refresh] done in 290ms @ webpack-internal:///(app-pages-browser)/./node_modules/next/dist/next-devtools/shared/forward-logs-shared.js:44
[ 2765575ms] [LOG] [Fast Refresh] rebuilding @ webpack-internal:///(app-pages-browser)/./node_modules/next/dist/next-devtools/shared/forward-logs-shared.js:44
[ 2765732ms] [LOG] [Fast Refresh] done in 156ms @ webpack-internal:///(app-pages-browser)/./node_modules/next/dist/next-devtools/shared/forward-logs-shared.js:44
[ 2766659ms] [LOG] [Fast Refresh] rebuilding @ webpack-internal:///(app-pages-browser)/./node_modules/next/dist/next-devtools/shared/forward-logs-shared.js:44
[ 2767161ms] [LOG] [Fast Refresh] done in 503ms @ webpack-internal:///(app-pages-browser)/./node_modules/next/dist/next-devtools/shared/forward-logs-shared.js:44
[ 2768603ms] [LOG] [Fast Refresh] rebuilding @ webpack-internal:///(app-pages-browser)/./node_modules/next/dist/next-devtools/shared/forward-logs-shared.js:44
[ 2769070ms] [LOG] [Fast Refresh] done in 468ms @ webpack-internal:///(app-pages-browser)/./node_modules/next/dist/next-devtools/shared/forward-logs-shared.js:44
[ 2769591ms] [LOG] [Fast Refresh] rebuilding @ webpack-internal:///(app-pages-browser)/./node_modules/next/dist/next-devtools/shared/forward-logs-shared.js:44
[ 2769835ms] [LOG] [Fast Refresh] done in 244ms @ webpack-internal:///(app-pages-browser)/./node_modules/next/dist/next-devtools/shared/forward-logs-shared.js:44
[ 2771451ms] [LOG] [Fast Refresh] rebuilding @ webpack-internal:///(app-pages-browser)/./node_modules/next/dist/next-devtools/shared/forward-logs-shared.js:44
[ 2771686ms] [LOG] [Fast Refresh] done in 235ms @ webpack-internal:///(app-pages-browser)/./node_modules/next/dist/next-devtools/shared/forward-logs-shared.js:44
[ 2772621ms] [LOG] [Fast Refresh] rebuilding @ webpack-internal:///(app-pages-browser)/./node_modules/next/dist/next-devtools/shared/forward-logs-shared.js:44
[ 2772839ms] [LOG] [Fast Refresh] done in 218ms @ webpack-internal:///(app-pages-browser)/./node_modules/next/dist/next-devtools/shared/forward-logs-shared.js:44
[ 2774383ms] [LOG] [Fast Refresh] rebuilding @ webpack-internal:///(app-pages-browser)/./node_modules/next/dist/next-devtools/shared/forward-logs-shared.js:44
[ 2774940ms] [LOG] [Fast Refresh] done in 557ms @ webpack-internal:///(app-pages-browser)/./node_modules/next/dist/next-devtools/shared/forward-logs-shared.js:44
[ 2776171ms] [LOG] [Fast Refresh] rebuilding @ webpack-internal:///(app-pages-browser)/./node_modules/next/dist/next-devtools/shared/forward-logs-shared.js:44
[ 2776603ms] [LOG] [Fast Refresh] done in 432ms @ webpack-internal:///(app-pages-browser)/./node_modules/next/dist/next-devtools/shared/forward-logs-shared.js:44
[ 2778015ms] [LOG] [Fast Refresh] rebuilding @ webpack-internal:///(app-pages-browser)/./node_modules/next/dist/next-devtools/shared/forward-logs-shared.js:44
[ 2778998ms] [LOG] [Fast Refresh] done in 983ms @ webpack-internal:///(app-pages-browser)/./node_modules/next/dist/next-devtools/shared/forward-logs-shared.js:44
[ 2779580ms] [LOG] [Fast Refresh] rebuilding @ webpack-internal:///(app-pages-browser)/./node_modules/next/dist/next-devtools/shared/forward-logs-shared.js:44
[ 2779814ms] [LOG] [Fast Refresh] done in 233ms @ webpack-internal:///(app-pages-browser)/./node_modules/next/dist/next-devtools/shared/forward-logs-shared.js:44
[ 2780682ms] [LOG] [Fast Refresh] rebuilding @ webpack-internal:///(app-pages-browser)/./node_modules/next/dist/next-devtools/shared/forward-logs-shared.js:44
[ 2780916ms] [LOG] [Fast Refresh] done in 234ms @ webpack-internal:///(app-pages-browser)/./node_modules/next/dist/next-devtools/shared/forward-logs-shared.js:44
[ 2781690ms] [LOG] [Fast Refresh] rebuilding @ webpack-internal:///(app-pages-browser)/./node_modules/next/dist/next-devtools/shared/forward-logs-shared.js:44
[ 2781881ms] [LOG] [Fast Refresh] done in 191ms @ webpack-internal:///(app-pages-browser)/./node_modules/next/dist/next-devtools/shared/forward-logs-shared.js:44
[ 2782772ms] [LOG] [Fast Refresh] rebuilding @ webpack-internal:///(app-pages-browser)/./node_modules/next/dist/next-devtools/shared/forward-logs-shared.js:44
[ 2782976ms] [LOG] [Fast Refresh] done in 203ms @ webpack-internal:///(app-pages-browser)/./node_modules/next/dist/next-devtools/shared/forward-logs-shared.js:44
[ 2783891ms] [LOG] [Fast Refresh] rebuilding @ webpack-internal:///(app-pages-browser)/./node_modules/next/dist/next-devtools/shared/forward-logs-shared.js:44
[ 2784048ms] [LOG] [Fast Refresh] done in 156ms @ webpack-internal:///(app-pages-browser)/./node_modules/next/dist/next-devtools/shared/forward-logs-shared.js:44
[ 2784980ms] [LOG] [Fast Refresh] rebuilding @ webpack-internal:///(app-pages-browser)/./node_modules/next/dist/next-devtools/shared/forward-logs-shared.js:44
[ 2785217ms] [LOG] [Fast Refresh] done in 236ms @ webpack-internal:///(app-pages-browser)/./node_modules/next/dist/next-devtools/shared/forward-logs-shared.js:44
[ 2786233ms] [LOG] [Fast Refresh] rebuilding @ webpack-internal:///(app-pages-browser)/./node_modules/next/dist/next-devtools/shared/forward-logs-shared.js:44
[ 2786821ms] [LOG] [Fast Refresh] done in 589ms @ webpack-internal:///(app-pages-browser)/./node_modules/next/dist/next-devtools/shared/forward-logs-shared.js:44
[ 2789373ms] [LOG] [Fast Refresh] rebuilding @ webpack-internal:///(app-pages-browser)/./node_modules/next/dist/next-devtools/shared/forward-logs-shared.js:44
[ 2790081ms] [LOG] [Fast Refresh] done in 707ms @ webpack-internal:///(app-pages-browser)/./node_modules/next/dist/next-devtools/shared/forward-logs-shared.js:44
[ 2790999ms] [LOG] [Fast Refresh] rebuilding @ webpack-internal:///(app-pages-browser)/./node_modules/next/dist/next-devtools/shared/forward-logs-shared.js:44
[ 2791306ms] [LOG] [Fast Refresh] done in 308ms @ webpack-internal:///(app-pages-browser)/./node_modules/next/dist/next-devtools/shared/forward-logs-shared.js:44
[ 2792410ms] [LOG] [Fast Refresh] rebuilding @ webpack-internal:///(app-pages-browser)/./node_modules/next/dist/next-devtools/shared/forward-logs-shared.js:44
[ 2792633ms] [LOG] [Fast Refresh] done in 224ms @ webpack-internal:///(app-pages-browser)/./node_modules/next/dist/next-devtools/shared/forward-logs-shared.js:44
[ 2793643ms] [LOG] [Fast Refresh] rebuilding @ webpack-internal:///(app-pages-browser)/./node_modules/next/dist/next-devtools/shared/forward-logs-shared.js:44
[ 2793867ms] [LOG] [Fast Refresh] done in 224ms @ webpack-internal:///(app-pages-browser)/./node_modules/next/dist/next-devtools/shared/forward-logs-shared.js:44
[ 2794721ms] [LOG] [Fast Refresh] rebuilding @ webpack-internal:///(app-pages-browser)/./node_modules/next/dist/next-devtools/shared/forward-logs-shared.js:44
[ 2794928ms] [LOG] [Fast Refresh] done in 207ms @ webpack-internal:///(app-pages-browser)/./node_modules/next/dist/next-devtools/shared/forward-logs-shared.js:44
[ 2796549ms] [LOG] [Fast Refresh] rebuilding @ webpack-internal:///(app-pages-browser)/./node_modules/next/dist/next-devtools/shared/forward-logs-shared.js:44
[ 2797112ms] [LOG] [Fast Refresh] done in 563ms @ webpack-internal:///(app-pages-browser)/./node_modules/next/dist/next-devtools/shared/forward-logs-shared.js:44
[ 2798353ms] [LOG] [Fast Refresh] rebuilding @ webpack-internal:///(app-pages-browser)/./node_modules/next/dist/next-devtools/shared/forward-logs-shared.js:44
[ 2799039ms] [LOG] [Fast Refresh] done in 686ms @ webpack-internal:///(app-pages-browser)/./node_modules/next/dist/next-devtools/shared/forward-logs-shared.js:44
[ 2799549ms] [LOG] [Fast Refresh] rebuilding @ webpack-internal:///(app-pages-browser)/./node_modules/next/dist/next-devtools/shared/forward-logs-shared.js:44
[ 2800035ms] [LOG] [Fast Refresh] done in 486ms @ webpack-internal:///(app-pages-browser)/./node_modules/next/dist/next-devtools/shared/forward-logs-shared.js:44
[ 2801716ms] [LOG] [Fast Refresh] rebuilding @ webpack-internal:///(app-pages-browser)/./node_modules/next/dist/next-devtools/shared/forward-logs-shared.js:44
[ 2801796ms] [LOG] [Fast Refresh] done in 80ms @ webpack-internal:///(app-pages-browser)/./node_modules/next/dist/next-devtools/shared/forward-logs-shared.js:44
[ 2802330ms] [LOG] [Fast Refresh] rebuilding @ webpack-internal:///(app-pages-browser)/./node_modules/next/dist/next-devtools/shared/forward-logs-shared.js:44
[ 2802464ms] [LOG] [Fast Refresh] done in 134ms @ webpack-internal:///(app-pages-browser)/./node_modules/next/dist/next-devtools/shared/forward-logs-shared.js:44
[ 2803000ms] [LOG] [Fast Refresh] rebuilding @ webpack-internal:///(app-pages-browser)/./node_modules/next/dist/next-devtools/shared/forward-logs-shared.js:44
[ 2803116ms] [LOG] [Fast Refresh] done in 116ms @ webpack-internal:///(app-pages-browser)/./node_modules/next/dist/next-devtools/shared/forward-logs-shared.js:44
[ 2804283ms] [LOG] [Fast Refresh] rebuilding @ webpack-internal:///(app-pages-browser)/./node_modules/next/dist/next-devtools/shared/forward-logs-shared.js:44
[ 2804498ms] [LOG] [Fast Refresh] done in 215ms @ webpack-internal:///(app-pages-browser)/./node_modules/next/dist/next-devtools/shared/forward-logs-shared.js:44
[ 2805560ms] [LOG] [Fast Refresh] rebuilding @ webpack-internal:///(app-pages-browser)/./node_modules/next/dist/next-devtools/shared/forward-logs-shared.js:44
[ 2805735ms] [LOG] [Fast Refresh] done in 174ms @ webpack-internal:///(app-pages-browser)/./node_modules/next/dist/next-devtools/shared/forward-logs-shared.js:44
[ 2806470ms] [LOG] [Fast Refresh] rebuilding @ webpack-internal:///(app-pages-browser)/./node_modules/next/dist/next-devtools/shared/forward-logs-shared.js:44
[ 2806613ms] [LOG] [Fast Refresh] done in 143ms @ webpack-internal:///(app-pages-browser)/./node_modules/next/dist/next-devtools/shared/forward-logs-shared.js:44
[ 2807313ms] [LOG] [Fast Refresh] rebuilding @ webpack-internal:///(app-pages-browser)/./node_modules/next/dist/next-devtools/shared/forward-logs-shared.js:44
[ 2807530ms] [LOG] [Fast Refresh] done in 218ms @ webpack-internal:///(app-pages-browser)/./node_modules/next/dist/next-devtools/shared/forward-logs-shared.js:44
[ 2808463ms] [LOG] [Fast Refresh] rebuilding @ webpack-internal:///(app-pages-browser)/./node_modules/next/dist/next-devtools/shared/forward-logs-shared.js:44
[ 2808951ms] [LOG] [Fast Refresh] done in 489ms @ webpack-internal:///(app-pages-browser)/./node_modules/next/dist/next-devtools/shared/forward-logs-shared.js:44
[ 2809866ms] [LOG] [Fast Refresh] rebuilding @ webpack-internal:///(app-pages-browser)/./node_modules/next/dist/next-devtools/shared/forward-logs-shared.js:44
[ 2811199ms] [LOG] [Fast Refresh] done in 1333ms @ webpack-internal:///(app-pages-browser)/./node_modules/next/dist/next-devtools/shared/forward-logs-shared.js:44
[ 2811221ms] [LOG] [Fast Refresh] rebuilding @ webpack-internal:///(app-pages-browser)/./node_modules/next/dist/next-devtools/shared/forward-logs-shared.js:44
[ 2811671ms] [LOG] [Fast Refresh] done in 449ms @ webpack-internal:///(app-pages-browser)/./node_modules/next/dist/next-devtools/shared/forward-logs-shared.js:44
[ 2812555ms] [LOG] [Fast Refresh] rebuilding @ webpack-internal:///(app-pages-browser)/./node_modules/next/dist/next-devtools/shared/forward-logs-shared.js:44
[ 2813213ms] [LOG] [Fast Refresh] done in 659ms @ webpack-internal:///(app-pages-browser)/./node_modules/next/dist/next-devtools/shared/forward-logs-shared.js:44
[ 2813547ms] [LOG] [Fast Refresh] rebuilding @ webpack-internal:///(app-pages-browser)/./node_modules/next/dist/next-devtools/shared/forward-logs-shared.js:44
[ 2813927ms] [LOG] [Fast Refresh] done in 380ms @ webpack-internal:///(app-pages-browser)/./node_modules/next/dist/next-devtools/shared/forward-logs-shared.js:44
[ 2814840ms] [LOG] [Fast Refresh] rebuilding @ webpack-internal:///(app-pages-browser)/./node_modules/next/dist/next-devtools/shared/forward-logs-shared.js:44
[ 2815573ms] [LOG] [Fast Refresh] done in 734ms @ webpack-internal:///(app-pages-browser)/./node_modules/next/dist/next-devtools/shared/forward-logs-shared.js:44
[ 2816140ms] [LOG] [Fast Refresh] rebuilding @ webpack-internal:///(app-pages-browser)/./node_modules/next/dist/next-devtools/shared/forward-logs-shared.js:44
[ 2816369ms] [LOG] [Fast Refresh] done in 229ms @ webpack-internal:///(app-pages-browser)/./node_modules/next/dist/next-devtools/shared/forward-logs-shared.js:44
[ 2817417ms] [LOG] [Fast Refresh] rebuilding @ webpack-internal:///(app-pages-browser)/./node_modules/next/dist/next-devtools/shared/forward-logs-shared.js:44
[ 2817719ms] [LOG] [Fast Refresh] done in 302ms @ webpack-internal:///(app-pages-browser)/./node_modules/next/dist/next-devtools/shared/forward-logs-shared.js:44
[ 2818811ms] [LOG] [Fast Refresh] rebuilding @ webpack-internal:///(app-pages-browser)/./node_modules/next/dist/next-devtools/shared/forward-logs-shared.js:44
[ 2819058ms] [LOG] [Fast Refresh] done in 248ms @ webpack-internal:///(app-pages-browser)/./node_modules/next/dist/next-devtools/shared/forward-logs-shared.js:44
[ 2820276ms] [LOG] [Fast Refresh] rebuilding @ webpack-internal:///(app-pages-browser)/./node_modules/next/dist/next-devtools/shared/forward-logs-shared.js:44
[ 2820505ms] [LOG] [Fast Refresh] done in 230ms @ webpack-internal:///(app-pages-browser)/./node_modules/next/dist/next-devtools/shared/forward-logs-shared.js:44
[ 2821542ms] [LOG] [Fast Refresh] rebuilding @ webpack-internal:///(app-pages-browser)/./node_modules/next/dist/next-devtools/shared/forward-logs-shared.js:44
[ 2821794ms] [LOG] [Fast Refresh] done in 251ms @ webpack-internal:///(app-pages-browser)/./node_modules/next/dist/next-devtools/shared/forward-logs-shared.js:44
[ 2822768ms] [LOG] [Fast Refresh] rebuilding @ webpack-internal:///(app-pages-browser)/./node_modules/next/dist/next-devtools/shared/forward-logs-shared.js:44
[ 2822962ms] [LOG] [Fast Refresh] done in 194ms @ webpack-internal:///(app-pages-browser)/./node_modules/next/dist/next-devtools/shared/forward-logs-shared.js:44
[ 2823714ms] [LOG] [Fast Refresh] rebuilding @ webpack-internal:///(app-pages-browser)/./node_modules/next/dist/next-devtools/shared/forward-logs-shared.js:44
[ 2824714ms] [LOG] [Fast Refresh] done in 1000ms @ webpack-internal:///(app-pages-browser)/./node_modules/next/dist/next-devtools/shared/forward-logs-shared.js:44
[ 2825981ms] [LOG] [Fast Refresh] rebuilding @ webpack-internal:///(app-pages-browser)/./node_modules/next/dist/next-devtools/shared/forward-logs-shared.js:44
[ 2826130ms] [LOG] [Fast Refresh] done in 148ms @ webpack-internal:///(app-pages-browser)/./node_modules/next/dist/next-devtools/shared/forward-logs-shared.js:44
[ 2826997ms] [LOG] [Fast Refresh] rebuilding @ webpack-internal:///(app-pages-browser)/./node_modules/next/dist/next-devtools/shared/forward-logs-shared.js:44
[ 2827187ms] [LOG] [Fast Refresh] done in 190ms @ webpack-internal:///(app-pages-browser)/./node_modules/next/dist/next-devtools/shared/forward-logs-shared.js:44
[ 2827827ms] [LOG] [Fast Refresh] rebuilding @ webpack-internal:///(app-pages-browser)/./node_modules/next/dist/next-devtools/shared/forward-logs-shared.js:44
[ 2827933ms] [LOG] [Fast Refresh] done in 106ms @ webpack-internal:///(app-pages-browser)/./node_modules/next/dist/next-devtools/shared/forward-logs-shared.js:44
[ 2828716ms] [LOG] [Fast Refresh] rebuilding @ webpack-internal:///(app-pages-browser)/./node_modules/next/dist/next-devtools/shared/forward-logs-shared.js:44
[ 2828853ms] [LOG] [Fast Refresh] done in 137ms @ webpack-internal:///(app-pages-browser)/./node_modules/next/dist/next-devtools/shared/forward-logs-shared.js:44
[ 2829599ms] [LOG] [Fast Refresh] rebuilding @ webpack-internal:///(app-pages-browser)/./node_modules/next/dist/next-devtools/shared/forward-logs-shared.js:44
[ 2829717ms] [LOG] [Fast Refresh] done in 118ms @ webpack-internal:///(app-pages-browser)/./node_modules/next/dist/next-devtools/shared/forward-logs-shared.js:44
[ 2830551ms] [LOG] [Fast Refresh] rebuilding @ webpack-internal:///(app-pages-browser)/./node_modules/next/dist/next-devtools/shared/forward-logs-shared.js:44
[ 2830692ms] [LOG] [Fast Refresh] done in 142ms @ webpack-internal:///(app-pages-browser)/./node_modules/next/dist/next-devtools/shared/forward-logs-shared.js:44
[ 2831394ms] [LOG] [Fast Refresh] rebuilding @ webpack-internal:///(app-pages-browser)/./node_modules/next/dist/next-devtools/shared/forward-logs-shared.js:44
[ 2831538ms] [LOG] [Fast Refresh] done in 143ms @ webpack-internal:///(app-pages-browser)/./node_modules/next/dist/next-devtools/shared/forward-logs-shared.js:44
[ 2832194ms] [LOG] [Fast Refresh] rebuilding @ webpack-internal:///(app-pages-browser)/./node_modules/next/dist/next-devtools/shared/forward-logs-shared.js:44
[ 2832688ms] [LOG] [Fast Refresh] done in 493ms @ webpack-internal:///(app-pages-browser)/./node_modules/next/dist/next-devtools/shared/forward-logs-shared.js:44
[ 2833023ms] [LOG] [Fast Refresh] rebuilding @ webpack-internal:///(app-pages-browser)/./node_modules/next/dist/next-devtools/shared/forward-logs-shared.js:44
[ 2833196ms] [LOG] [Fast Refresh] done in 174ms @ webpack-internal:///(app-pages-browser)/./node_modules/next/dist/next-devtools/shared/forward-logs-shared.js:44
[ 2835077ms] [LOG] [Fast Refresh] rebuilding @ webpack-internal:///(app-pages-browser)/./node_modules/next/dist/next-devtools/shared/forward-logs-shared.js:44
[ 2835324ms] [LOG] [Fast Refresh] done in 246ms @ webpack-internal:///(app-pages-browser)/./node_modules/next/dist/next-devtools/shared/forward-logs-shared.js:44
[ 2835954ms] [LOG] [Fast Refresh] rebuilding @ webpack-internal:///(app-pages-browser)/./node_modules/next/dist/next-devtools/shared/forward-logs-shared.js:44
[ 2836848ms] [LOG] [Fast Refresh] done in 894ms @ webpack-internal:///(app-pages-browser)/./node_modules/next/dist/next-devtools/shared/forward-logs-shared.js:44
[ 2837559ms] [LOG] [Fast Refresh] rebuilding @ webpack-internal:///(app-pages-browser)/./node_modules/next/dist/next-devtools/shared/forward-logs-shared.js:44
[ 2838200ms] [LOG] [Fast Refresh] done in 641ms @ webpack-internal:///(app-pages-browser)/./node_modules/next/dist/next-devtools/shared/forward-logs-shared.js:44
[ 2838901ms] [LOG] [Fast Refresh] rebuilding @ webpack-internal:///(app-pages-browser)/./node_modules/next/dist/next-devtools/shared/forward-logs-shared.js:44
[ 2839675ms] [LOG] [Fast Refresh] done in 775ms @ webpack-internal:///(app-pages-browser)/./node_modules/next/dist/next-devtools/shared/forward-logs-shared.js:44
[ 2840250ms] [LOG] [Fast Refresh] rebuilding @ webpack-internal:///(app-pages-browser)/./node_modules/next/dist/next-devtools/shared/forward-logs-shared.js:44
[ 2840516ms] [LOG] [Fast Refresh] done in 266ms @ webpack-internal:///(app-pages-browser)/./node_modules/next/dist/next-devtools/shared/forward-logs-shared.js:44
[ 2841758ms] [LOG] [Fast Refresh] rebuilding @ webpack-internal:///(app-pages-browser)/./node_modules/next/dist/next-devtools/shared/forward-logs-shared.js:44
[ 2842027ms] [LOG] [Fast Refresh] done in 268ms @ webpack-internal:///(app-pages-browser)/./node_modules/next/dist/next-devtools/shared/forward-logs-shared.js:44
[ 2843020ms] [LOG] [Fast Refresh] rebuilding @ webpack-internal:///(app-pages-browser)/./node_modules/next/dist/next-devtools/shared/forward-logs-shared.js:44
[ 2843208ms] [LOG] [Fast Refresh] done in 187ms @ webpack-internal:///(app-pages-browser)/./node_modules/next/dist/next-devtools/shared/forward-logs-shared.js:44
[ 2844127ms] [LOG] [Fast Refresh] rebuilding @ webpack-internal:///(app-pages-browser)/./node_modules/next/dist/next-devtools/shared/forward-logs-shared.js:44
[ 2844955ms] [LOG] [Fast Refresh] done in 828ms @ webpack-internal:///(app-pages-browser)/./node_modules/next/dist/next-devtools/shared/forward-logs-shared.js:44
[ 2845055ms] [LOG] [Fast Refresh] rebuilding @ webpack-internal:///(app-pages-browser)/./node_modules/next/dist/next-devtools/shared/forward-logs-shared.js:44
[ 2845619ms] [LOG] [Fast Refresh] done in 564ms @ webpack-internal:///(app-pages-browser)/./node_modules/next/dist/next-devtools/shared/forward-logs-shared.js:44
[ 2846291ms] [LOG] [Fast Refresh] rebuilding @ webpack-internal:///(app-pages-browser)/./node_modules/next/dist/next-devtools/shared/forward-logs-shared.js:44
[ 2847186ms] [LOG] [Fast Refresh] done in 896ms @ webpack-internal:///(app-pages-browser)/./node_modules/next/dist/next-devtools/shared/forward-logs-shared.js:44
[ 2847447ms] [LOG] [Fast Refresh] rebuilding @ webpack-internal:///(app-pages-browser)/./node_modules/next/dist/next-devtools/shared/forward-logs-shared.js:44
[ 2847928ms] [LOG] [Fast Refresh] done in 482ms @ webpack-internal:///(app-pages-browser)/./node_modules/next/dist/next-devtools/shared/forward-logs-shared.js:44
[ 2848378ms] [LOG] [Fast Refresh] rebuilding @ webpack-internal:///(app-pages-browser)/./node_modules/next/dist/next-devtools/shared/forward-logs-shared.js:44
[ 2849064ms] [LOG] [Fast Refresh] done in 684ms @ webpack-internal:///(app-pages-browser)/./node_modules/next/dist/next-devtools/shared/forward-logs-shared.js:44
[ 2849604ms] [LOG] [Fast Refresh] rebuilding @ webpack-internal:///(app-pages-browser)/./node_modules/next/dist/next-devtools/shared/forward-logs-shared.js:44
[ 2850076ms] [LOG] [Fast Refresh] done in 473ms @ webpack-internal:///(app-pages-browser)/./node_modules/next/dist/next-devtools/shared/forward-logs-shared.js:44
[ 2850805ms] [LOG] [Fast Refresh] rebuilding @ webpack-internal:///(app-pages-browser)/./node_modules/next/dist/next-devtools/shared/forward-logs-shared.js:44
[ 2851382ms] [LOG] [Fast Refresh] done in 577ms @ webpack-internal:///(app-pages-browser)/./node_modules/next/dist/next-devtools/shared/forward-logs-shared.js:44
[ 2852207ms] [LOG] [Fast Refresh] rebuilding @ webpack-internal:///(app-pages-browser)/./node_modules/next/dist/next-devtools/shared/forward-logs-shared.js:44
[ 2853762ms] [LOG] [Fast Refresh] done in 1556ms @ webpack-internal:///(app-pages-browser)/./node_modules/next/dist/next-devtools/shared/forward-logs-shared.js:44
[ 2853763ms] [LOG] [Fast Refresh] rebuilding @ webpack-internal:///(app-pages-browser)/./node_modules/next/dist/next-devtools/shared/forward-logs-shared.js:44
[ 2854096ms] [LOG] [Fast Refresh] done in 332ms @ webpack-internal:///(app-pages-browser)/./node_modules/next/dist/next-devtools/shared/forward-logs-shared.js:44
[ 2854401ms] [LOG] [Fast Refresh] rebuilding @ webpack-internal:///(app-pages-browser)/./node_modules/next/dist/next-devtools/shared/forward-logs-shared.js:44
[ 2854899ms] [LOG] [Fast Refresh] done in 498ms @ webpack-internal:///(app-pages-browser)/./node_modules/next/dist/next-devtools/shared/forward-logs-shared.js:44
[ 2855296ms] [LOG] [Fast Refresh] rebuilding @ webpack-internal:///(app-pages-browser)/./node_modules/next/dist/next-devtools/shared/forward-logs-shared.js:44
[ 2855487ms] [LOG] [Fast Refresh] done in 191ms @ webpack-internal:///(app-pages-browser)/./node_modules/next/dist/next-devtools/shared/forward-logs-shared.js:44
[ 2856224ms] [LOG] [Fast Refresh] rebuilding @ webpack-internal:///(app-pages-browser)/./node_modules/next/dist/next-devtools/shared/forward-logs-shared.js:44
[ 2857124ms] [LOG] [Fast Refresh] done in 901ms @ webpack-internal:///(app-pages-browser)/./node_modules/next/dist/next-devtools/shared/forward-logs-shared.js:44
[ 2858209ms] [LOG] [Fast Refresh] rebuilding @ webpack-internal:///(app-pages-browser)/./node_modules/next/dist/next-devtools/shared/forward-logs-shared.js:44
[ 2858327ms] [LOG] [Fast Refresh] done in 118ms @ webpack-internal:///(app-pages-browser)/./node_modules/next/dist/next-devtools/shared/forward-logs-shared.js:44
[ 2859060ms] [LOG] [Fast Refresh] rebuilding @ webpack-internal:///(app-pages-browser)/./node_modules/next/dist/next-devtools/shared/forward-logs-shared.js:44
[ 2859212ms] [LOG] [Fast Refresh] done in 152ms @ webpack-internal:///(app-pages-browser)/./node_modules/next/dist/next-devtools/shared/forward-logs-shared.js:44
[ 2859941ms] [LOG] [Fast Refresh] rebuilding @ webpack-internal:///(app-pages-browser)/./node_modules/next/dist/next-devtools/shared/forward-logs-shared.js:44
[ 2860087ms] [LOG] [Fast Refresh] done in 145ms @ webpack-internal:///(app-pages-browser)/./node_modules/next/dist/next-devtools/shared/forward-logs-shared.js:44
[ 2860771ms] [LOG] [Fast Refresh] rebuilding @ webpack-internal:///(app-pages-browser)/./node_modules/next/dist/next-devtools/shared/forward-logs-shared.js:44
[ 2860937ms] [LOG] [Fast Refresh] done in 166ms @ webpack-internal:///(app-pages-browser)/./node_modules/next/dist/next-devtools/shared/forward-logs-shared.js:44
[ 2861576ms] [LOG] [Fast Refresh] rebuilding @ webpack-internal:///(app-pages-browser)/./node_modules/next/dist/next-devtools/shared/forward-logs-shared.js:44
[ 2861701ms] [LOG] [Fast Refresh] done in 126ms @ webpack-internal:///(app-pages-browser)/./node_modules/next/dist/next-devtools/shared/forward-logs-shared.js:44
[ 2862378ms] [LOG] [Fast Refresh] rebuilding @ webpack-internal:///(app-pages-browser)/./node_modules/next/dist/next-devtools/shared/forward-logs-shared.js:44
[ 2862534ms] [LOG] [Fast Refresh] done in 156ms @ webpack-internal:///(app-pages-browser)/./node_modules/next/dist/next-devtools/shared/forward-logs-shared.js:44
[ 2863154ms] [LOG] [Fast Refresh] rebuilding @ webpack-internal:///(app-pages-browser)/./node_modules/next/dist/next-devtools/shared/forward-logs-shared.js:44
[ 2863276ms] [LOG] [Fast Refresh] done in 122ms @ webpack-internal:///(app-pages-browser)/./node_modules/next/dist/next-devtools/shared/forward-logs-shared.js:44
[ 2864255ms] [LOG] [Fast Refresh] rebuilding @ webpack-internal:///(app-pages-browser)/./node_modules/next/dist/next-devtools/shared/forward-logs-shared.js:44
[ 2864457ms] [LOG] [Fast Refresh] done in 201ms @ webpack-internal:///(app-pages-browser)/./node_modules/next/dist/next-devtools/shared/forward-logs-shared.js:44
[ 2865349ms] [LOG] [Fast Refresh] rebuilding @ webpack-internal:///(app-pages-browser)/./node_modules/next/dist/next-devtools/shared/forward-logs-shared.js:44
[ 2865457ms] [LOG] [Fast Refresh] done in 108ms @ webpack-internal:///(app-pages-browser)/./node_modules/next/dist/next-devtools/shared/forward-logs-shared.js:44
[ 2866192ms] [LOG] [Fast Refresh] rebuilding @ webpack-internal:///(app-pages-browser)/./node_modules/next/dist/next-devtools/shared/forward-logs-shared.js:44
[ 2866336ms] [LOG] [Fast Refresh] done in 144ms @ webpack-internal:///(app-pages-browser)/./node_modules/next/dist/next-devtools/shared/forward-logs-shared.js:44
[ 2866973ms] [LOG] [Fast Refresh] rebuilding @ webpack-internal:///(app-pages-browser)/./node_modules/next/dist/next-devtools/shared/forward-logs-shared.js:44
[ 2867125ms] [LOG] [Fast Refresh] done in 152ms @ webpack-internal:///(app-pages-browser)/./node_modules/next/dist/next-devtools/shared/forward-logs-shared.js:44
[ 2867788ms] [LOG] [Fast Refresh] rebuilding @ webpack-internal:///(app-pages-browser)/./node_modules/next/dist/next-devtools/shared/forward-logs-shared.js:44
[ 2867933ms] [LOG] [Fast Refresh] done in 146ms @ webpack-internal:///(app-pages-browser)/./node_modules/next/dist/next-devtools/shared/forward-logs-shared.js:44
[ 2868583ms] [LOG] [Fast Refresh] rebuilding @ webpack-internal:///(app-pages-browser)/./node_modules/next/dist/next-devtools/shared/forward-logs-shared.js:44
[ 2868753ms] [LOG] [Fast Refresh] done in 169ms @ webpack-internal:///(app-pages-browser)/./node_modules/next/dist/next-devtools/shared/forward-logs-shared.js:44
[ 2869385ms] [LOG] [Fast Refresh] rebuilding @ webpack-internal:///(app-pages-browser)/./node_modules/next/dist/next-devtools/shared/forward-logs-shared.js:44
[ 2869492ms] [LOG] [Fast Refresh] done in 108ms @ webpack-internal:///(app-pages-browser)/./node_modules/next/dist/next-devtools/shared/forward-logs-shared.js:44
[ 2870189ms] [LOG] [Fast Refresh] rebuilding @ webpack-internal:///(app-pages-browser)/./node_modules/next/dist/next-devtools/shared/forward-logs-shared.js:44
[ 2870290ms] [LOG] [Fast Refresh] done in 101ms @ webpack-internal:///(app-pages-browser)/./node_modules/next/dist/next-devtools/shared/forward-logs-shared.js:44
[ 2870998ms] [LOG] [Fast Refresh] rebuilding @ webpack-internal:///(app-pages-browser)/./node_modules/next/dist/next-devtools/shared/forward-logs-shared.js:44
[ 2871111ms] [LOG] [Fast Refresh] done in 114ms @ webpack-internal:///(app-pages-browser)/./node_modules/next/dist/next-devtools/shared/forward-logs-shared.js:44
[ 2871877ms] [LOG] [Fast Refresh] rebuilding @ webpack-internal:///(app-pages-browser)/./node_modules/next/dist/next-devtools/shared/forward-logs-shared.js:44
[ 2872043ms] [LOG] [Fast Refresh] done in 166ms @ webpack-internal:///(app-pages-browser)/./node_modules/next/dist/next-devtools/shared/forward-logs-shared.js:44
[ 2872759ms] [LOG] [Fast Refresh] rebuilding @ webpack-internal:///(app-pages-browser)/./node_modules/next/dist/next-devtools/shared/forward-logs-shared.js:44
[ 2872904ms] [LOG] [Fast Refresh] done in 145ms @ webpack-internal:///(app-pages-browser)/./node_modules/next/dist/next-devtools/shared/forward-logs-shared.js:44
[ 2873530ms] [LOG] [Fast Refresh] rebuilding @ webpack-internal:///(app-pages-browser)/./node_modules/next/dist/next-devtools/shared/forward-logs-shared.js:44
[ 2873667ms] [LOG] [Fast Refresh] done in 137ms @ webpack-internal:///(app-pages-browser)/./node_modules/next/dist/next-devtools/shared/forward-logs-shared.js:44
[ 2874312ms] [LOG] [Fast Refresh] rebuilding @ webpack-internal:///(app-pages-browser)/./node_modules/next/dist/next-devtools/shared/forward-logs-shared.js:44
[ 2874442ms] [LOG] [Fast Refresh] done in 130ms @ webpack-internal:///(app-pages-browser)/./node_modules/next/dist/next-devtools/shared/forward-logs-shared.js:44
[ 2875076ms] [LOG] [Fast Refresh] rebuilding @ webpack-internal:///(app-pages-browser)/./node_modules/next/dist/next-devtools/shared/forward-logs-shared.js:44
[ 2875209ms] [LOG] [Fast Refresh] done in 133ms @ webpack-internal:///(app-pages-browser)/./node_modules/next/dist/next-devtools/shared/forward-logs-shared.js:44
[ 2875999ms] [LOG] [Fast Refresh] rebuilding @ webpack-internal:///(app-pages-browser)/./node_modules/next/dist/next-devtools/shared/forward-logs-shared.js:44
[ 2876183ms] [LOG] [Fast Refresh] done in 183ms @ webpack-internal:///(app-pages-browser)/./node_modules/next/dist/next-devtools/shared/forward-logs-shared.js:44
[ 2876824ms] [LOG] [Fast Refresh] rebuilding @ webpack-internal:///(app-pages-browser)/./node_modules/next/dist/next-devtools/shared/forward-logs-shared.js:44
[ 2876979ms] [LOG] [Fast Refresh] done in 156ms @ webpack-internal:///(app-pages-browser)/./node_modules/next/dist/next-devtools/shared/forward-logs-shared.js:44
[ 2877607ms] [LOG] [Fast Refresh] rebuilding @ webpack-internal:///(app-pages-browser)/./node_modules/next/dist/next-devtools/shared/forward-logs-shared.js:44
[ 2877744ms] [LOG] [Fast Refresh] done in 137ms @ webpack-internal:///(app-pages-browser)/./node_modules/next/dist/next-devtools/shared/forward-logs-shared.js:44
[ 2878393ms] [LOG] [Fast Refresh] rebuilding @ webpack-internal:///(app-pages-browser)/./node_modules/next/dist/next-devtools/shared/forward-logs-shared.js:44
[ 2878659ms] [LOG] [Fast Refresh] done in 265ms @ webpack-internal:///(app-pages-browser)/./node_modules/next/dist/next-devtools/shared/forward-logs-shared.js:44
[ 2879553ms] [LOG] [Fast Refresh] rebuilding @ webpack-internal:///(app-pages-browser)/./node_modules/next/dist/next-devtools/shared/forward-logs-shared.js:44
[ 2879728ms] [LOG] [Fast Refresh] done in 175ms @ webpack-internal:///(app-pages-browser)/./node_modules/next/dist/next-devtools/shared/forward-logs-shared.js:44
[ 2880561ms] [LOG] [Fast Refresh] rebuilding @ webpack-internal:///(app-pages-browser)/./node_modules/next/dist/next-devtools/shared/forward-logs-shared.js:44
[ 2880747ms] [LOG] [Fast Refresh] done in 186ms @ webpack-internal:///(app-pages-browser)/./node_modules/next/dist/next-devtools/shared/forward-logs-shared.js:44
[ 2881624ms] [LOG] [Fast Refresh] rebuilding @ webpack-internal:///(app-pages-browser)/./node_modules/next/dist/next-devtools/shared/forward-logs-shared.js:44
[ 2882514ms] [LOG] [Fast Refresh] done in 889ms @ webpack-internal:///(app-pages-browser)/./node_modules/next/dist/next-devtools/shared/forward-logs-shared.js:44
[ 2883800ms] [LOG] [Fast Refresh] rebuilding @ webpack-internal:///(app-pages-browser)/./node_modules/next/dist/next-devtools/shared/forward-logs-shared.js:44
[ 2883984ms] [LOG] [Fast Refresh] done in 185ms @ webpack-internal:///(app-pages-browser)/./node_modules/next/dist/next-devtools/shared/forward-logs-shared.js:44
[ 2884697ms] [LOG] [Fast Refresh] rebuilding @ webpack-internal:///(app-pages-browser)/./node_modules/next/dist/next-devtools/shared/forward-logs-shared.js:44
[ 2884846ms] [LOG] [Fast Refresh] done in 148ms @ webpack-internal:///(app-pages-browser)/./node_modules/next/dist/next-devtools/shared/forward-logs-shared.js:44
[ 2885562ms] [LOG] [Fast Refresh] rebuilding @ webpack-internal:///(app-pages-browser)/./node_modules/next/dist/next-devtools/shared/forward-logs-shared.js:44
[ 2885666ms] [LOG] [Fast Refresh] done in 103ms @ webpack-internal:///(app-pages-browser)/./node_modules/next/dist/next-devtools/shared/forward-logs-shared.js:44
[ 2886373ms] [LOG] [Fast Refresh] rebuilding @ webpack-internal:///(app-pages-browser)/./node_modules/next/dist/next-devtools/shared/forward-logs-shared.js:44
[ 2886489ms] [LOG] [Fast Refresh] done in 116ms @ webpack-internal:///(app-pages-browser)/./node_modules/next/dist/next-devtools/shared/forward-logs-shared.js:44
[ 2887198ms] [LOG] [Fast Refresh] rebuilding @ webpack-internal:///(app-pages-browser)/./node_modules/next/dist/next-devtools/shared/forward-logs-shared.js:44
[ 2887346ms] [LOG] [Fast Refresh] done in 149ms @ webpack-internal:///(app-pages-browser)/./node_modules/next/dist/next-devtools/shared/forward-logs-shared.js:44
[ 2888039ms] [LOG] [Fast Refresh] rebuilding @ webpack-internal:///(app-pages-browser)/./node_modules/next/dist/next-devtools/shared/forward-logs-shared.js:44
[ 2888234ms] [LOG] [Fast Refresh] done in 195ms @ webpack-internal:///(app-pages-browser)/./node_modules/next/dist/next-devtools/shared/forward-logs-shared.js:44
[ 2889110ms] [LOG] [Fast Refresh] rebuilding @ webpack-internal:///(app-pages-browser)/./node_modules/next/dist/next-devtools/shared/forward-logs-shared.js:44
[ 2889283ms] [LOG] [Fast Refresh] done in 172ms @ webpack-internal:///(app-pages-browser)/./node_modules/next/dist/next-devtools/shared/forward-logs-shared.js:44
[ 2890240ms] [LOG] [Fast Refresh] rebuilding @ webpack-internal:///(app-pages-browser)/./node_modules/next/dist/next-devtools/shared/forward-logs-shared.js:44
[ 2890884ms] [LOG] [Fast Refresh] done in 645ms @ webpack-internal:///(app-pages-browser)/./node_modules/next/dist/next-devtools/shared/forward-logs-shared.js:44
[ 2891371ms] [LOG] [Fast Refresh] rebuilding @ webpack-internal:///(app-pages-browser)/./node_modules/next/dist/next-devtools/shared/forward-logs-shared.js:44
[ 2891569ms] [LOG] [Fast Refresh] done in 197ms @ webpack-internal:///(app-pages-browser)/./node_modules/next/dist/next-devtools/shared/forward-logs-shared.js:44
[ 2892485ms] [LOG] [Fast Refresh] rebuilding @ webpack-internal:///(app-pages-browser)/./node_modules/next/dist/next-devtools/shared/forward-logs-shared.js:44
[ 2892639ms] [LOG] [Fast Refresh] done in 154ms @ webpack-internal:///(app-pages-browser)/./node_modules/next/dist/next-devtools/shared/forward-logs-shared.js:44
[ 2893624ms] [LOG] [Fast Refresh] rebuilding @ webpack-internal:///(app-pages-browser)/./node_modules/next/dist/next-devtools/shared/forward-logs-shared.js:44
[ 2893929ms] [LOG] [Fast Refresh] done in 305ms @ webpack-internal:///(app-pages-browser)/./node_modules/next/dist/next-devtools/shared/forward-logs-shared.js:44
[ 2895481ms] [LOG] [Fast Refresh] rebuilding @ webpack-internal:///(app-pages-browser)/./node_modules/next/dist/next-devtools/shared/forward-logs-shared.js:44
[ 2895954ms] [LOG] [Fast Refresh] done in 474ms @ webpack-internal:///(app-pages-browser)/./node_modules/next/dist/next-devtools/shared/forward-logs-shared.js:44
[ 2896482ms] [LOG] [Fast Refresh] rebuilding @ webpack-internal:///(app-pages-browser)/./node_modules/next/dist/next-devtools/shared/forward-logs-shared.js:44
[ 2896697ms] [LOG] [Fast Refresh] done in 216ms @ webpack-internal:///(app-pages-browser)/./node_modules/next/dist/next-devtools/shared/forward-logs-shared.js:44
[ 2897594ms] [LOG] [Fast Refresh] rebuilding @ webpack-internal:///(app-pages-browser)/./node_modules/next/dist/next-devtools/shared/forward-logs-shared.js:44
[ 2897806ms] [LOG] [Fast Refresh] done in 213ms @ webpack-internal:///(app-pages-browser)/./node_modules/next/dist/next-devtools/shared/forward-logs-shared.js:44
[ 2898572ms] [LOG] [Fast Refresh] rebuilding @ webpack-internal:///(app-pages-browser)/./node_modules/next/dist/next-devtools/shared/forward-logs-shared.js:44
[ 2898748ms] [LOG] [Fast Refresh] done in 176ms @ webpack-internal:///(app-pages-browser)/./node_modules/next/dist/next-devtools/shared/forward-logs-shared.js:44
[ 2899555ms] [LOG] [Fast Refresh] rebuilding @ webpack-internal:///(app-pages-browser)/./node_modules/next/dist/next-devtools/shared/forward-logs-shared.js:44
[ 2899770ms] [LOG] [Fast Refresh] done in 215ms @ webpack-internal:///(app-pages-browser)/./node_modules/next/dist/next-devtools/shared/forward-logs-shared.js:44
[ 2900407ms] [LOG] [Fast Refresh] rebuilding @ webpack-internal:///(app-pages-browser)/./node_modules/next/dist/next-devtools/shared/forward-logs-shared.js:44
[ 2900569ms] [LOG] [Fast Refresh] done in 162ms @ webpack-internal:///(app-pages-browser)/./node_modules/next/dist/next-devtools/shared/forward-logs-shared.js:44
[ 2901257ms] [LOG] [Fast Refresh] rebuilding @ webpack-internal:///(app-pages-browser)/./node_modules/next/dist/next-devtools/shared/forward-logs-shared.js:44
[ 2901415ms] [LOG] [Fast Refresh] done in 157ms @ webpack-internal:///(app-pages-browser)/./node_modules/next/dist/next-devtools/shared/forward-logs-shared.js:44
[ 2902061ms] [LOG] [Fast Refresh] rebuilding @ webpack-internal:///(app-pages-browser)/./node_modules/next/dist/next-devtools/shared/forward-logs-shared.js:44
[ 2902183ms] [LOG] [Fast Refresh] done in 121ms @ webpack-internal:///(app-pages-browser)/./node_modules/next/dist/next-devtools/shared/forward-logs-shared.js:44
[ 2902893ms] [LOG] [Fast Refresh] rebuilding @ webpack-internal:///(app-pages-browser)/./node_modules/next/dist/next-devtools/shared/forward-logs-shared.js:44
[ 2903027ms] [LOG] [Fast Refresh] done in 133ms @ webpack-internal:///(app-pages-browser)/./node_modules/next/dist/next-devtools/shared/forward-logs-shared.js:44
[ 2903681ms] [LOG] [Fast Refresh] rebuilding @ webpack-internal:///(app-pages-browser)/./node_modules/next/dist/next-devtools/shared/forward-logs-shared.js:44
[ 2903825ms] [LOG] [Fast Refresh] done in 145ms @ webpack-internal:///(app-pages-browser)/./node_modules/next/dist/next-devtools/shared/forward-logs-shared.js:44
[ 2904498ms] [LOG] [Fast Refresh] rebuilding @ webpack-internal:///(app-pages-browser)/./node_modules/next/dist/next-devtools/shared/forward-logs-shared.js:44
[ 2904623ms] [LOG] [Fast Refresh] done in 126ms @ webpack-internal:///(app-pages-browser)/./node_modules/next/dist/next-devtools/shared/forward-logs-shared.js:44
[ 2905392ms] [LOG] [Fast Refresh] rebuilding @ webpack-internal:///(app-pages-browser)/./node_modules/next/dist/next-devtools/shared/forward-logs-shared.js:44
[ 2905563ms] [LOG] [Fast Refresh] done in 170ms @ webpack-internal:///(app-pages-browser)/./node_modules/next/dist/next-devtools/shared/forward-logs-shared.js:44
[ 2906237ms] [LOG] [Fast Refresh] rebuilding @ webpack-internal:///(app-pages-browser)/./node_modules/next/dist/next-devtools/shared/forward-logs-shared.js:44
[ 2906387ms] [LOG] [Fast Refresh] done in 150ms @ webpack-internal:///(app-pages-browser)/./node_modules/next/dist/next-devtools/shared/forward-logs-shared.js:44
[ 2907207ms] [LOG] [Fast Refresh] rebuilding @ webpack-internal:///(app-pages-browser)/./node_modules/next/dist/next-devtools/shared/forward-logs-shared.js:44
[ 2907374ms] [LOG] [Fast Refresh] done in 167ms @ webpack-internal:///(app-pages-browser)/./node_modules/next/dist/next-devtools/shared/forward-logs-shared.js:44
[ 2908298ms] [LOG] [Fast Refresh] rebuilding @ webpack-internal:///(app-pages-browser)/./node_modules/next/dist/next-devtools/shared/forward-logs-shared.js:44
[ 2909139ms] [LOG] [Fast Refresh] done in 841ms @ webpack-internal:///(app-pages-browser)/./node_modules/next/dist/next-devtools/shared/forward-logs-shared.js:44
[ 2910627ms] [LOG] [Fast Refresh] rebuilding @ webpack-internal:///(app-pages-browser)/./node_modules/next/dist/next-devtools/shared/forward-logs-shared.js:44
[ 2911269ms] [LOG] [Fast Refresh] done in 643ms @ webpack-internal:///(app-pages-browser)/./node_modules/next/dist/next-devtools/shared/forward-logs-shared.js:44
[ 2911941ms] [LOG] [Fast Refresh] rebuilding @ webpack-internal:///(app-pages-browser)/./node_modules/next/dist/next-devtools/shared/forward-logs-shared.js:44
[ 2912957ms] [LOG] [Fast Refresh] done in 1017ms @ webpack-internal:///(app-pages-browser)/./node_modules/next/dist/next-devtools/shared/forward-logs-shared.js:44
[ 2914411ms] [LOG] [Fast Refresh] rebuilding @ webpack-internal:///(app-pages-browser)/./node_modules/next/dist/next-devtools/shared/forward-logs-shared.js:44
[ 2914646ms] [LOG] [Fast Refresh] done in 238ms @ webpack-internal:///(app-pages-browser)/./node_modules/next/dist/next-devtools/shared/forward-logs-shared.js:44
[ 2915569ms] [LOG] [Fast Refresh] rebuilding @ webpack-internal:///(app-pages-browser)/./node_modules/next/dist/next-devtools/shared/forward-logs-shared.js:44
[ 2915774ms] [LOG] [Fast Refresh] done in 204ms @ webpack-internal:///(app-pages-browser)/./node_modules/next/dist/next-devtools/shared/forward-logs-shared.js:44
[ 2916573ms] [LOG] [Fast Refresh] rebuilding @ webpack-internal:///(app-pages-browser)/./node_modules/next/dist/next-devtools/shared/forward-logs-shared.js:44
[ 2916806ms] [LOG] [Fast Refresh] done in 234ms @ webpack-internal:///(app-pages-browser)/./node_modules/next/dist/next-devtools/shared/forward-logs-shared.js:44
[ 2917760ms] [LOG] [Fast Refresh] rebuilding @ webpack-internal:///(app-pages-browser)/./node_modules/next/dist/next-devtools/shared/forward-logs-shared.js:44
[ 2917965ms] [LOG] [Fast Refresh] done in 205ms @ webpack-internal:///(app-pages-browser)/./node_modules/next/dist/next-devtools/shared/forward-logs-shared.js:44
[ 2919185ms] [LOG] [Fast Refresh] rebuilding @ webpack-internal:///(app-pages-browser)/./node_modules/next/dist/next-devtools/shared/forward-logs-shared.js:44
[ 2919462ms] [LOG] [Fast Refresh] done in 276ms @ webpack-internal:///(app-pages-browser)/./node_modules/next/dist/next-devtools/shared/forward-logs-shared.js:44
[ 2920364ms] [LOG] [Fast Refresh] rebuilding @ webpack-internal:///(app-pages-browser)/./node_modules/next/dist/next-devtools/shared/forward-logs-shared.js:44
[ 2920593ms] [LOG] [Fast Refresh] done in 230ms @ webpack-internal:///(app-pages-browser)/./node_modules/next/dist/next-devtools/shared/forward-logs-shared.js:44
[ 2921906ms] [LOG] [Fast Refresh] rebuilding @ webpack-internal:///(app-pages-browser)/./node_modules/next/dist/next-devtools/shared/forward-logs-shared.js:44
[ 2922050ms] [LOG] [Fast Refresh] done in 144ms @ webpack-internal:///(app-pages-browser)/./node_modules/next/dist/next-devtools/shared/forward-logs-shared.js:44
[ 2922898ms] [LOG] [Fast Refresh] rebuilding @ webpack-internal:///(app-pages-browser)/./node_modules/next/dist/next-devtools/shared/forward-logs-shared.js:44
[ 2923067ms] [LOG] [Fast Refresh] done in 170ms @ webpack-internal:///(app-pages-browser)/./node_modules/next/dist/next-devtools/shared/forward-logs-shared.js:44
[ 2924207ms] [LOG] [Fast Refresh] rebuilding @ webpack-internal:///(app-pages-browser)/./node_modules/next/dist/next-devtools/shared/forward-logs-shared.js:44
[ 2924407ms] [LOG] [Fast Refresh] done in 199ms @ webpack-internal:///(app-pages-browser)/./node_modules/next/dist/next-devtools/shared/forward-logs-shared.js:44
[ 2925564ms] [LOG] [Fast Refresh] rebuilding @ webpack-internal:///(app-pages-browser)/./node_modules/next/dist/next-devtools/shared/forward-logs-shared.js:44
[ 2925726ms] [LOG] [Fast Refresh] done in 162ms @ webpack-internal:///(app-pages-browser)/./node_modules/next/dist/next-devtools/shared/forward-logs-shared.js:44
[ 2926532ms] [LOG] [Fast Refresh] rebuilding @ webpack-internal:///(app-pages-browser)/./node_modules/next/dist/next-devtools/shared/forward-logs-shared.js:44
[ 2926674ms] [LOG] [Fast Refresh] done in 142ms @ webpack-internal:///(app-pages-browser)/./node_modules/next/dist/next-devtools/shared/forward-logs-shared.js:44
[ 2927467ms] [LOG] [Fast Refresh] rebuilding @ webpack-internal:///(app-pages-browser)/./node_modules/next/dist/next-devtools/shared/forward-logs-shared.js:44
[ 2927628ms] [LOG] [Fast Refresh] done in 161ms @ webpack-internal:///(app-pages-browser)/./node_modules/next/dist/next-devtools/shared/forward-logs-shared.js:44
[ 2928371ms] [LOG] [Fast Refresh] rebuilding @ webpack-internal:///(app-pages-browser)/./node_modules/next/dist/next-devtools/shared/forward-logs-shared.js:44
[ 2928503ms] [LOG] [Fast Refresh] done in 132ms @ webpack-internal:///(app-pages-browser)/./node_modules/next/dist/next-devtools/shared/forward-logs-shared.js:44
[ 2929272ms] [LOG] [Fast Refresh] rebuilding @ webpack-internal:///(app-pages-browser)/./node_modules/next/dist/next-devtools/shared/forward-logs-shared.js:44
[ 2929438ms] [LOG] [Fast Refresh] done in 167ms @ webpack-internal:///(app-pages-browser)/./node_modules/next/dist/next-devtools/shared/forward-logs-shared.js:44
[ 2930135ms] [LOG] [Fast Refresh] rebuilding @ webpack-internal:///(app-pages-browser)/./node_modules/next/dist/next-devtools/shared/forward-logs-shared.js:44
[ 2930300ms] [LOG] [Fast Refresh] done in 165ms @ webpack-internal:///(app-pages-browser)/./node_modules/next/dist/next-devtools/shared/forward-logs-shared.js:44
[ 2931007ms] [LOG] [Fast Refresh] rebuilding @ webpack-internal:///(app-pages-browser)/./node_modules/next/dist/next-devtools/shared/forward-logs-shared.js:44
[ 2931179ms] [LOG] [Fast Refresh] done in 173ms @ webpack-internal:///(app-pages-browser)/./node_modules/next/dist/next-devtools/shared/forward-logs-shared.js:44
[ 2931868ms] [LOG] [Fast Refresh] rebuilding @ webpack-internal:///(app-pages-browser)/./node_modules/next/dist/next-devtools/shared/forward-logs-shared.js:44
[ 2932005ms] [LOG] [Fast Refresh] done in 138ms @ webpack-internal:///(app-pages-browser)/./node_modules/next/dist/next-devtools/shared/forward-logs-shared.js:44
[ 2932783ms] [LOG] [Fast Refresh] rebuilding @ webpack-internal:///(app-pages-browser)/./node_modules/next/dist/next-devtools/shared/forward-logs-shared.js:44
[ 2932925ms] [LOG] [Fast Refresh] done in 141ms @ webpack-internal:///(app-pages-browser)/./node_modules/next/dist/next-devtools/shared/forward-logs-shared.js:44
[ 2933577ms] [LOG] [Fast Refresh] rebuilding @ webpack-internal:///(app-pages-browser)/./node_modules/next/dist/next-devtools/shared/forward-logs-shared.js:44
[ 2933676ms] [LOG] [Fast Refresh] done in 99ms @ webpack-internal:///(app-pages-browser)/./node_modules/next/dist/next-devtools/shared/forward-logs-shared.js:44
[ 2934452ms] [LOG] [Fast Refresh] rebuilding @ webpack-internal:///(app-pages-browser)/./node_modules/next/dist/next-devtools/shared/forward-logs-shared.js:44
[ 2934664ms] [LOG] [Fast Refresh] done in 212ms @ webpack-internal:///(app-pages-browser)/./node_modules/next/dist/next-devtools/shared/forward-logs-shared.js:44
[ 2935482ms] [LOG] [Fast Refresh] rebuilding @ webpack-internal:///(app-pages-browser)/./node_modules/next/dist/next-devtools/shared/forward-logs-shared.js:44
[ 2935668ms] [LOG] [Fast Refresh] done in 185ms @ webpack-internal:///(app-pages-browser)/./node_modules/next/dist/next-devtools/shared/forward-logs-shared.js:44
[ 2936514ms] [LOG] [Fast Refresh] rebuilding @ webpack-internal:///(app-pages-browser)/./node_modules/next/dist/next-devtools/shared/forward-logs-shared.js:44
[ 2936684ms] [LOG] [Fast Refresh] done in 169ms @ webpack-internal:///(app-pages-browser)/./node_modules/next/dist/next-devtools/shared/forward-logs-shared.js:44
[ 2937412ms] [LOG] [Fast Refresh] rebuilding @ webpack-internal:///(app-pages-browser)/./node_modules/next/dist/next-devtools/shared/forward-logs-shared.js:44
[ 2937557ms] [LOG] [Fast Refresh] done in 145ms @ webpack-internal:///(app-pages-browser)/./node_modules/next/dist/next-devtools/shared/forward-logs-shared.js:44
[ 2938270ms] [LOG] [Fast Refresh] rebuilding @ webpack-internal:///(app-pages-browser)/./node_modules/next/dist/next-devtools/shared/forward-logs-shared.js:44
[ 2938432ms] [LOG] [Fast Refresh] done in 162ms @ webpack-internal:///(app-pages-browser)/./node_modules/next/dist/next-devtools/shared/forward-logs-shared.js:44
[ 2939351ms] [LOG] [Fast Refresh] rebuilding @ webpack-internal:///(app-pages-browser)/./node_modules/next/dist/next-devtools/shared/forward-logs-shared.js:44
[ 2939597ms] [LOG] [Fast Refresh] done in 245ms @ webpack-internal:///(app-pages-browser)/./node_modules/next/dist/next-devtools/shared/forward-logs-shared.js:44
[ 2940374ms] [LOG] [Fast Refresh] rebuilding @ webpack-internal:///(app-pages-browser)/./node_modules/next/dist/next-devtools/shared/forward-logs-shared.js:44
[ 2940502ms] [LOG] [Fast Refresh] done in 128ms @ webpack-internal:///(app-pages-browser)/./node_modules/next/dist/next-devtools/shared/forward-logs-shared.js:44
[ 2941228ms] [LOG] [Fast Refresh] rebuilding @ webpack-internal:///(app-pages-browser)/./node_modules/next/dist/next-devtools/shared/forward-logs-shared.js:44
[ 2941376ms] [LOG] [Fast Refresh] done in 147ms @ webpack-internal:///(app-pages-browser)/./node_modules/next/dist/next-devtools/shared/forward-logs-shared.js:44
[ 2942039ms] [LOG] [Fast Refresh] rebuilding @ webpack-internal:///(app-pages-browser)/./node_modules/next/dist/next-devtools/shared/forward-logs-shared.js:44
[ 2942490ms] [LOG] [Fast Refresh] done in 452ms @ webpack-internal:///(app-pages-browser)/./node_modules/next/dist/next-devtools/shared/forward-logs-shared.js:44
[ 2944036ms] [LOG] [Fast Refresh] rebuilding @ webpack-internal:///(app-pages-browser)/./node_modules/next/dist/next-devtools/shared/forward-logs-shared.js:44
[ 2944202ms] [LOG] [Fast Refresh] done in 167ms @ webpack-internal:///(app-pages-browser)/./node_modules/next/dist/next-devtools/shared/forward-logs-shared.js:44
[ 2944938ms] [LOG] [Fast Refresh] rebuilding @ webpack-internal:///(app-pages-browser)/./node_modules/next/dist/next-devtools/shared/forward-logs-shared.js:44
[ 2945091ms] [LOG] [Fast Refresh] done in 153ms @ webpack-internal:///(app-pages-browser)/./node_modules/next/dist/next-devtools/shared/forward-logs-shared.js:44
[ 2945734ms] [LOG] [Fast Refresh] rebuilding @ webpack-internal:///(app-pages-browser)/./node_modules/next/dist/next-devtools/shared/forward-logs-shared.js:44
[ 2945847ms] [LOG] [Fast Refresh] done in 112ms @ webpack-internal:///(app-pages-browser)/./node_modules/next/dist/next-devtools/shared/forward-logs-shared.js:44
[ 2946618ms] [LOG] [Fast Refresh] rebuilding @ webpack-internal:///(app-pages-browser)/./node_modules/next/dist/next-devtools/shared/forward-logs-shared.js:44
[ 2946759ms] [LOG] [Fast Refresh] done in 141ms @ webpack-internal:///(app-pages-browser)/./node_modules/next/dist/next-devtools/shared/forward-logs-shared.js:44
[ 2947524ms] [LOG] [Fast Refresh] rebuilding @ webpack-internal:///(app-pages-browser)/./node_modules/next/dist/next-devtools/shared/forward-logs-shared.js:44
[ 2947669ms] [LOG] [Fast Refresh] done in 145ms @ webpack-internal:///(app-pages-browser)/./node_modules/next/dist/next-devtools/shared/forward-logs-shared.js:44
[ 2948307ms] [LOG] [Fast Refresh] rebuilding @ webpack-internal:///(app-pages-browser)/./node_modules/next/dist/next-devtools/shared/forward-logs-shared.js:44
[ 2948471ms] [LOG] [Fast Refresh] done in 165ms @ webpack-internal:///(app-pages-browser)/./node_modules/next/dist/next-devtools/shared/forward-logs-shared.js:44
[ 2949147ms] [LOG] [Fast Refresh] rebuilding @ webpack-internal:///(app-pages-browser)/./node_modules/next/dist/next-devtools/shared/forward-logs-shared.js:44
[ 2949289ms] [LOG] [Fast Refresh] done in 142ms @ webpack-internal:///(app-pages-browser)/./node_modules/next/dist/next-devtools/shared/forward-logs-shared.js:44
[ 2950046ms] [LOG] [Fast Refresh] rebuilding @ webpack-internal:///(app-pages-browser)/./node_modules/next/dist/next-devtools/shared/forward-logs-shared.js:44
[ 2950207ms] [LOG] [Fast Refresh] done in 161ms @ webpack-internal:///(app-pages-browser)/./node_modules/next/dist/next-devtools/shared/forward-logs-shared.js:44
[ 2951318ms] [LOG] [Fast Refresh] rebuilding @ webpack-internal:///(app-pages-browser)/./node_modules/next/dist/next-devtools/shared/forward-logs-shared.js:44
[ 2951956ms] [LOG] [Fast Refresh] done in 638ms @ webpack-internal:///(app-pages-browser)/./node_modules/next/dist/next-devtools/shared/forward-logs-shared.js:44
[ 2952401ms] [LOG] [Fast Refresh] rebuilding @ webpack-internal:///(app-pages-browser)/./node_modules/next/dist/next-devtools/shared/forward-logs-shared.js:44
[ 2952620ms] [LOG] [Fast Refresh] done in 220ms @ webpack-internal:///(app-pages-browser)/./node_modules/next/dist/next-devtools/shared/forward-logs-shared.js:44
[ 2953469ms] [LOG] [Fast Refresh] rebuilding @ webpack-internal:///(app-pages-browser)/./node_modules/next/dist/next-devtools/shared/forward-logs-shared.js:44
[ 2953651ms] [LOG] [Fast Refresh] done in 181ms @ webpack-internal:///(app-pages-browser)/./node_modules/next/dist/next-devtools/shared/forward-logs-shared.js:44
[ 2955767ms] [LOG] [Fast Refresh] rebuilding @ webpack-internal:///(app-pages-browser)/./node_modules/next/dist/next-devtools/shared/forward-logs-shared.js:44
[ 2956237ms] [LOG] [Fast Refresh] done in 471ms @ webpack-internal:///(app-pages-browser)/./node_modules/next/dist/next-devtools/shared/forward-logs-shared.js:44
[ 2956742ms] [LOG] [Fast Refresh] rebuilding @ webpack-internal:///(app-pages-browser)/./node_modules/next/dist/next-devtools/shared/forward-logs-shared.js:44
[ 2956984ms] [LOG] [Fast Refresh] done in 242ms @ webpack-internal:///(app-pages-browser)/./node_modules/next/dist/next-devtools/shared/forward-logs-shared.js:44
[ 2958388ms] [LOG] [Fast Refresh] rebuilding @ webpack-internal:///(app-pages-browser)/./node_modules/next/dist/next-devtools/shared/forward-logs-shared.js:44
[ 2958868ms] [LOG] [Fast Refresh] done in 481ms @ webpack-internal:///(app-pages-browser)/./node_modules/next/dist/next-devtools/shared/forward-logs-shared.js:44
[ 2959286ms] [LOG] [Fast Refresh] rebuilding @ webpack-internal:///(app-pages-browser)/./node_modules/next/dist/next-devtools/shared/forward-logs-shared.js:44
[ 2959482ms] [LOG] [Fast Refresh] done in 195ms @ webpack-internal:///(app-pages-browser)/./node_modules/next/dist/next-devtools/shared/forward-logs-shared.js:44
[ 2960343ms] [LOG] [Fast Refresh] rebuilding @ webpack-internal:///(app-pages-browser)/./node_modules/next/dist/next-devtools/shared/forward-logs-shared.js:44
[ 2960535ms] [LOG] [Fast Refresh] done in 192ms @ webpack-internal:///(app-pages-browser)/./node_modules/next/dist/next-devtools/shared/forward-logs-shared.js:44
[ 2961248ms] [LOG] [Fast Refresh] rebuilding @ webpack-internal:///(app-pages-browser)/./node_modules/next/dist/next-devtools/shared/forward-logs-shared.js:44
[ 2961416ms] [LOG] [Fast Refresh] done in 168ms @ webpack-internal:///(app-pages-browser)/./node_modules/next/dist/next-devtools/shared/forward-logs-shared.js:44
[ 2962086ms] [LOG] [Fast Refresh] rebuilding @ webpack-internal:///(app-pages-browser)/./node_modules/next/dist/next-devtools/shared/forward-logs-shared.js:44
[ 2962207ms] [LOG] [Fast Refresh] done in 121ms @ webpack-internal:///(app-pages-browser)/./node_modules/next/dist/next-devtools/shared/forward-logs-shared.js:44
[ 2962976ms] [LOG] [Fast Refresh] rebuilding @ webpack-internal:///(app-pages-browser)/./node_modules/next/dist/next-devtools/shared/forward-logs-shared.js:44
[ 2963134ms] [LOG] [Fast Refresh] done in 158ms @ webpack-internal:///(app-pages-browser)/./node_modules/next/dist/next-devtools/shared/forward-logs-shared.js:44
[ 2963765ms] [LOG] [Fast Refresh] rebuilding @ webpack-internal:///(app-pages-browser)/./node_modules/next/dist/next-devtools/shared/forward-logs-shared.js:44
[ 2963891ms] [LOG] [Fast Refresh] done in 127ms @ webpack-internal:///(app-pages-browser)/./node_modules/next/dist/next-devtools/shared/forward-logs-shared.js:44
[ 2964598ms] [LOG] [Fast Refresh] rebuilding @ webpack-internal:///(app-pages-browser)/./node_modules/next/dist/next-devtools/shared/forward-logs-shared.js:44
[ 2964745ms] [LOG] [Fast Refresh] done in 148ms @ webpack-internal:///(app-pages-browser)/./node_modules/next/dist/next-devtools/shared/forward-logs-shared.js:44
[ 2965393ms] [LOG] [Fast Refresh] rebuilding @ webpack-internal:///(app-pages-browser)/./node_modules/next/dist/next-devtools/shared/forward-logs-shared.js:44
[ 2965527ms] [LOG] [Fast Refresh] done in 135ms @ webpack-internal:///(app-pages-browser)/./node_modules/next/dist/next-devtools/shared/forward-logs-shared.js:44
[ 2966145ms] [LOG] [Fast Refresh] rebuilding @ webpack-internal:///(app-pages-browser)/./node_modules/next/dist/next-devtools/shared/forward-logs-shared.js:44
[ 2966288ms] [LOG] [Fast Refresh] done in 144ms @ webpack-internal:///(app-pages-browser)/./node_modules/next/dist/next-devtools/shared/forward-logs-shared.js:44
[ 2966902ms] [LOG] [Fast Refresh] rebuilding @ webpack-internal:///(app-pages-browser)/./node_modules/next/dist/next-devtools/shared/forward-logs-shared.js:44
[ 2967017ms] [LOG] [Fast Refresh] done in 115ms @ webpack-internal:///(app-pages-browser)/./node_modules/next/dist/next-devtools/shared/forward-logs-shared.js:44
[ 2967704ms] [LOG] [Fast Refresh] rebuilding @ webpack-internal:///(app-pages-browser)/./node_modules/next/dist/next-devtools/shared/forward-logs-shared.js:44
[ 2967860ms] [LOG] [Fast Refresh] done in 157ms @ webpack-internal:///(app-pages-browser)/./node_modules/next/dist/next-devtools/shared/forward-logs-shared.js:44
[ 2968643ms] [LOG] [Fast Refresh] rebuilding @ webpack-internal:///(app-pages-browser)/./node_modules/next/dist/next-devtools/shared/forward-logs-shared.js:44
[ 2968970ms] [LOG] [Fast Refresh] done in 326ms @ webpack-internal:///(app-pages-browser)/./node_modules/next/dist/next-devtools/shared/forward-logs-shared.js:44
[ 2970159ms] [LOG] [Fast Refresh] rebuilding @ webpack-internal:///(app-pages-browser)/./node_modules/next/dist/next-devtools/shared/forward-logs-shared.js:44
[ 2970820ms] [LOG] [Fast Refresh] done in 660ms @ webpack-internal:///(app-pages-browser)/./node_modules/next/dist/next-devtools/shared/forward-logs-shared.js:44
[ 2971307ms] [LOG] [Fast Refresh] rebuilding @ webpack-internal:///(app-pages-browser)/./node_modules/next/dist/next-devtools/shared/forward-logs-shared.js:44
[ 2972491ms] [LOG] [Fast Refresh] done in 1185ms @ webpack-internal:///(app-pages-browser)/./node_modules/next/dist/next-devtools/shared/forward-logs-shared.js:44
[ 2973952ms] [LOG] [Fast Refresh] rebuilding @ webpack-internal:///(app-pages-browser)/./node_modules/next/dist/next-devtools/shared/forward-logs-shared.js:44
[ 2974149ms] [LOG] [Fast Refresh] done in 197ms @ webpack-internal:///(app-pages-browser)/./node_modules/next/dist/next-devtools/shared/forward-logs-shared.js:44
[ 2975023ms] [LOG] [Fast Refresh] rebuilding @ webpack-internal:///(app-pages-browser)/./node_modules/next/dist/next-devtools/shared/forward-logs-shared.js:44
[ 2975220ms] [LOG] [Fast Refresh] done in 196ms @ webpack-internal:///(app-pages-browser)/./node_modules/next/dist/next-devtools/shared/forward-logs-shared.js:44
[ 2976066ms] [LOG] [Fast Refresh] rebuilding @ webpack-internal:///(app-pages-browser)/./node_modules/next/dist/next-devtools/shared/forward-logs-shared.js:44
[ 2976181ms] [LOG] [Fast Refresh] done in 116ms @ webpack-internal:///(app-pages-browser)/./node_modules/next/dist/next-devtools/shared/forward-logs-shared.js:44
[ 2976885ms] [LOG] [Fast Refresh] rebuilding @ webpack-internal:///(app-pages-browser)/./node_modules/next/dist/next-devtools/shared/forward-logs-shared.js:44
[ 2977009ms] [LOG] [Fast Refresh] done in 124ms @ webpack-internal:///(app-pages-browser)/./node_modules/next/dist/next-devtools/shared/forward-logs-shared.js:44
[ 2977690ms] [LOG] [Fast Refresh] rebuilding @ webpack-internal:///(app-pages-browser)/./node_modules/next/dist/next-devtools/shared/forward-logs-shared.js:44
[ 2977809ms] [LOG] [Fast Refresh] done in 118ms @ webpack-internal:///(app-pages-browser)/./node_modules/next/dist/next-devtools/shared/forward-logs-shared.js:44
[ 2978595ms] [LOG] [Fast Refresh] rebuilding @ webpack-internal:///(app-pages-browser)/./node_modules/next/dist/next-devtools/shared/forward-logs-shared.js:44
[ 2978787ms] [LOG] [Fast Refresh] done in 191ms @ webpack-internal:///(app-pages-browser)/./node_modules/next/dist/next-devtools/shared/forward-logs-shared.js:44
[ 2979515ms] [LOG] [Fast Refresh] rebuilding @ webpack-internal:///(app-pages-browser)/./node_modules/next/dist/next-devtools/shared/forward-logs-shared.js:44
[ 2979645ms] [LOG] [Fast Refresh] done in 130ms @ webpack-internal:///(app-pages-browser)/./node_modules/next/dist/next-devtools/shared/forward-logs-shared.js:44
[ 2980339ms] [LOG] [Fast Refresh] rebuilding @ webpack-internal:///(app-pages-browser)/./node_modules/next/dist/next-devtools/shared/forward-logs-shared.js:44
[ 2980473ms] [LOG] [Fast Refresh] done in 134ms @ webpack-internal:///(app-pages-browser)/./node_modules/next/dist/next-devtools/shared/forward-logs-shared.js:44
[ 2981129ms] [LOG] [Fast Refresh] rebuilding @ webpack-internal:///(app-pages-browser)/./node_modules/next/dist/next-devtools/shared/forward-logs-shared.js:44
[ 2981248ms] [LOG] [Fast Refresh] done in 119ms @ webpack-internal:///(app-pages-browser)/./node_modules/next/dist/next-devtools/shared/forward-logs-shared.js:44
[ 2981911ms] [LOG] [Fast Refresh] rebuilding @ webpack-internal:///(app-pages-browser)/./node_modules/next/dist/next-devtools/shared/forward-logs-shared.js:44
[ 2982046ms] [LOG] [Fast Refresh] done in 136ms @ webpack-internal:///(app-pages-browser)/./node_modules/next/dist/next-devtools/shared/forward-logs-shared.js:44
[ 2982832ms] [LOG] [Fast Refresh] rebuilding @ webpack-internal:///(app-pages-browser)/./node_modules/next/dist/next-devtools/shared/forward-logs-shared.js:44
[ 2983007ms] [LOG] [Fast Refresh] done in 175ms @ webpack-internal:///(app-pages-browser)/./node_modules/next/dist/next-devtools/shared/forward-logs-shared.js:44
[ 2983667ms] [LOG] [Fast Refresh] rebuilding @ webpack-internal:///(app-pages-browser)/./node_modules/next/dist/next-devtools/shared/forward-logs-shared.js:44
[ 2983817ms] [LOG] [Fast Refresh] done in 150ms @ webpack-internal:///(app-pages-browser)/./node_modules/next/dist/next-devtools/shared/forward-logs-shared.js:44
[ 2985017ms] [LOG] [Fast Refresh] rebuilding @ webpack-internal:///(app-pages-browser)/./node_modules/next/dist/next-devtools/shared/forward-logs-shared.js:44
[ 2985268ms] [LOG] [Fast Refresh] done in 251ms @ webpack-internal:///(app-pages-browser)/./node_modules/next/dist/next-devtools/shared/forward-logs-shared.js:44
[ 2986185ms] [LOG] [Fast Refresh] rebuilding @ webpack-internal:///(app-pages-browser)/./node_modules/next/dist/next-devtools/shared/forward-logs-shared.js:44
[ 2986802ms] [LOG] [Fast Refresh] done in 616ms @ webpack-internal:///(app-pages-browser)/./node_modules/next/dist/next-devtools/shared/forward-logs-shared.js:44
[ 2987542ms] [LOG] [Fast Refresh] rebuilding @ webpack-internal:///(app-pages-browser)/./node_modules/next/dist/next-devtools/shared/forward-logs-shared.js:44
[ 2987720ms] [LOG] [Fast Refresh] done in 177ms @ webpack-internal:///(app-pages-browser)/./node_modules/next/dist/next-devtools/shared/forward-logs-shared.js:44
[ 2988469ms] [LOG] [Fast Refresh] rebuilding @ webpack-internal:///(app-pages-browser)/./node_modules/next/dist/next-devtools/shared/forward-logs-shared.js:44
[ 2988619ms] [LOG] [Fast Refresh] done in 151ms @ webpack-internal:///(app-pages-browser)/./node_modules/next/dist/next-devtools/shared/forward-logs-shared.js:44
[ 2989355ms] [LOG] [Fast Refresh] rebuilding @ webpack-internal:///(app-pages-browser)/./node_modules/next/dist/next-devtools/shared/forward-logs-shared.js:44
[ 2989566ms] [LOG] [Fast Refresh] done in 210ms @ webpack-internal:///(app-pages-browser)/./node_modules/next/dist/next-devtools/shared/forward-logs-shared.js:44
[ 2990353ms] [LOG] [Fast Refresh] rebuilding @ webpack-internal:///(app-pages-browser)/./node_modules/next/dist/next-devtools/shared/forward-logs-shared.js:44
[ 2990498ms] [LOG] [Fast Refresh] done in 146ms @ webpack-internal:///(app-pages-browser)/./node_modules/next/dist/next-devtools/shared/forward-logs-shared.js:44
[ 2991252ms] [LOG] [Fast Refresh] rebuilding @ webpack-internal:///(app-pages-browser)/./node_modules/next/dist/next-devtools/shared/forward-logs-shared.js:44
[ 2991417ms] [LOG] [Fast Refresh] done in 166ms @ webpack-internal:///(app-pages-browser)/./node_modules/next/dist/next-devtools/shared/forward-logs-shared.js:44
[ 2992236ms] [LOG] [Fast Refresh] rebuilding @ webpack-internal:///(app-pages-browser)/./node_modules/next/dist/next-devtools/shared/forward-logs-shared.js:44
[ 2992410ms] [LOG] [Fast Refresh] done in 174ms @ webpack-internal:///(app-pages-browser)/./node_modules/next/dist/next-devtools/shared/forward-logs-shared.js:44
[ 2993164ms] [LOG] [Fast Refresh] rebuilding @ webpack-internal:///(app-pages-browser)/./node_modules/next/dist/next-devtools/shared/forward-logs-shared.js:44
[ 2993318ms] [LOG] [Fast Refresh] done in 155ms @ webpack-internal:///(app-pages-browser)/./node_modules/next/dist/next-devtools/shared/forward-logs-shared.js:44
[ 2994014ms] [LOG] [Fast Refresh] rebuilding @ webpack-internal:///(app-pages-browser)/./node_modules/next/dist/next-devtools/shared/forward-logs-shared.js:44
[ 2994176ms] [LOG] [Fast Refresh] done in 162ms @ webpack-internal:///(app-pages-browser)/./node_modules/next/dist/next-devtools/shared/forward-logs-shared.js:44
[ 2994839ms] [LOG] [Fast Refresh] rebuilding @ webpack-internal:///(app-pages-browser)/./node_modules/next/dist/next-devtools/shared/forward-logs-shared.js:44
[ 2995023ms] [LOG] [Fast Refresh] done in 183ms @ webpack-internal:///(app-pages-browser)/./node_modules/next/dist/next-devtools/shared/forward-logs-shared.js:44
[ 2995611ms] [LOG] [Fast Refresh] rebuilding @ webpack-internal:///(app-pages-browser)/./node_modules/next/dist/next-devtools/shared/forward-logs-shared.js:44
[ 2995769ms] [LOG] [Fast Refresh] done in 158ms @ webpack-internal:///(app-pages-browser)/./node_modules/next/dist/next-devtools/shared/forward-logs-shared.js:44
[ 2996437ms] [LOG] [Fast Refresh] rebuilding @ webpack-internal:///(app-pages-browser)/./node_modules/next/dist/next-devtools/shared/forward-logs-shared.js:44
[ 2996596ms] [LOG] [Fast Refresh] done in 159ms @ webpack-internal:///(app-pages-browser)/./node_modules/next/dist/next-devtools/shared/forward-logs-shared.js:44
[ 2997269ms] [LOG] [Fast Refresh] rebuilding @ webpack-internal:///(app-pages-browser)/./node_modules/next/dist/next-devtools/shared/forward-logs-shared.js:44
[ 2997379ms] [LOG] [Fast Refresh] done in 110ms @ webpack-internal:///(app-pages-browser)/./node_modules/next/dist/next-devtools/shared/forward-logs-shared.js:44
[ 2998073ms] [LOG] [Fast Refresh] rebuilding @ webpack-internal:///(app-pages-browser)/./node_modules/next/dist/next-devtools/shared/forward-logs-shared.js:44
[ 2998206ms] [LOG] [Fast Refresh] done in 133ms @ webpack-internal:///(app-pages-browser)/./node_modules/next/dist/next-devtools/shared/forward-logs-shared.js:44
[ 2999050ms] [LOG] [Fast Refresh] rebuilding @ webpack-internal:///(app-pages-browser)/./node_modules/next/dist/next-devtools/shared/forward-logs-shared.js:44
[ 2999925ms] [LOG] [Fast Refresh] done in 870ms @ webpack-internal:///(app-pages-browser)/./node_modules/next/dist/next-devtools/shared/forward-logs-shared.js:44
[ 3002500ms] [LOG] [Fast Refresh] rebuilding @ webpack-internal:///(app-pages-browser)/./node_modules/next/dist/next-devtools/shared/forward-logs-shared.js:44
[ 3002713ms] [LOG] [Fast Refresh] done in 212ms @ webpack-internal:///(app-pages-browser)/./node_modules/next/dist/next-devtools/shared/forward-logs-shared.js:44
[ 3003475ms] [LOG] [Fast Refresh] rebuilding @ webpack-internal:///(app-pages-browser)/./node_modules/next/dist/next-devtools/shared/forward-logs-shared.js:44
[ 3003626ms] [LOG] [Fast Refresh] done in 151ms @ webpack-internal:///(app-pages-browser)/./node_modules/next/dist/next-devtools/shared/forward-logs-shared.js:44
[ 3004436ms] [LOG] [Fast Refresh] rebuilding @ webpack-internal:///(app-pages-browser)/./node_modules/next/dist/next-devtools/shared/forward-logs-shared.js:44
[ 3004600ms] [LOG] [Fast Refresh] done in 164ms @ webpack-internal:///(app-pages-browser)/./node_modules/next/dist/next-devtools/shared/forward-logs-shared.js:44
[ 3005715ms] [LOG] [Fast Refresh] rebuilding @ webpack-internal:///(app-pages-browser)/./node_modules/next/dist/next-devtools/shared/forward-logs-shared.js:44
[ 3006161ms] [LOG] [Fast Refresh] done in 446ms @ webpack-internal:///(app-pages-browser)/./node_modules/next/dist/next-devtools/shared/forward-logs-shared.js:44
[ 3007723ms] [LOG] [Fast Refresh] rebuilding @ webpack-internal:///(app-pages-browser)/./node_modules/next/dist/next-devtools/shared/forward-logs-shared.js:44
[ 3008138ms] [LOG] [Fast Refresh] done in 416ms @ webpack-internal:///(app-pages-browser)/./node_modules/next/dist/next-devtools/shared/forward-logs-shared.js:44
[ 3012718ms] [WARNING] The resource http://localhost:3000/_next/static/css/app/layout.css?v=1786518080646 was preloaded using link preload but not used within a few seconds from the window's load event. Please make sure it has an appropriate `as` value and it is preloaded intentionally. @ http://localhost:3000/sales-executive/u4:0
[ 3012718ms] [WARNING] The resource http://localhost:3000/_next/static/css/app/layout.css?v=1786518060386 was preloaded using link preload but not used within a few seconds from the window's load event. Please make sure it has an appropriate `as` value and it is preloaded intentionally. @ http://localhost:3000/sales-executive/u4:0
[ 3012718ms] [WARNING] The resource http://localhost:3000/_next/static/css/app/layout.css?v=1786518226184 was preloaded using link preload but not used within a few seconds from the window's load event. Please make sure it has an appropriate `as` value and it is preloaded intentionally. @ http://localhost:3000/sales-executive/u4:0
[ 3012718ms] [WARNING] The resource http://localhost:3000/_next/static/css/app/layout.css?v=1786518190420 was preloaded using link preload but not used within a few seconds from the window's load event. Please make sure it has an appropriate `as` value and it is preloaded intentionally. @ http://localhost:3000/sales-executive/u4:0
[ 3012719ms] [WARNING] The resource http://localhost:3000/_next/static/css/app/layout.css?v=1786518083009 was preloaded using link preload but not used within a few seconds from the window's load event. Please make sure it has an appropriate `as` value and it is preloaded intentionally. @ http://localhost:3000/sales-executive/u4:0
[ 3012720ms] [WARNING] The resource http://localhost:3000/_next/static/css/app/layout.css?v=1786518067276 was preloaded using link preload but not used within a few seconds from the window's load event. Please make sure it has an appropriate `as` value and it is preloaded intentionally. @ http://localhost:3000/sales-executive/u4:0
[ 3012720ms] [WARNING] The resource http://localhost:3000/_next/static/css/app/layout.css?v=1786518066981 was preloaded using link preload but not used within a few seconds from the window's load event. Please make sure it has an appropriate `as` value and it is preloaded intentionally. @ http://localhost:3000/sales-executive/u4:0
[ 3012724ms] [WARNING] The resource http://localhost:3000/_next/static/css/app/layout.css?v=1786518067126 was preloaded using link preload but not used within a few seconds from the window's load event. Please make sure it has an appropriate `as` value and it is preloaded intentionally. @ http://localhost:3000/sales-executive/u4:0
[ 3012725ms] [WARNING] The resource http://localhost:3000/_next/static/css/app/layout.css?v=1786518080810 was preloaded using link preload but not used within a few seconds from the window's load event. Please make sure it has an appropriate `as` value and it is preloaded intentionally. @ http://localhost:3000/sales-executive/u4:0
[ 3012725ms] [WARNING] The resource http://localhost:3000/_next/static/css/app/layout.css?v=1786518288209 was preloaded using link preload but not used within a few seconds from the window's load event. Please make sure it has an appropriate `as` value and it is preloaded intentionally. @ http://localhost:3000/sales-executive/u4:0
[ 3012725ms] [WARNING] The resource http://localhost:3000/_next/static/css/app/layout.css?v=1786518062127 was preloaded using link preload but not used within a few seconds from the window's load event. Please make sure it has an appropriate `as` value and it is preloaded intentionally. @ http://localhost:3000/sales-executive/u4:0
[ 3012725ms] [WARNING] The resource http://localhost:3000/_next/static/css/app/layout.css?v=1786518082545 was preloaded using link preload but not used within a few seconds from the window's load event. Please make sure it has an appropriate `as` value and it is preloaded intentionally. @ http://localhost:3000/sales-executive/u4:0
[ 3012725ms] [WARNING] The resource http://localhost:3000/_next/static/css/app/layout.css?v=1786518232196 was preloaded using link preload but not used within a few seconds from the window's load event. Please make sure it has an appropriate `as` value and it is preloaded intentionally. @ http://localhost:3000/sales-executive/u4:0
[ 3012725ms] [WARNING] The resource http://localhost:3000/_next/static/css/app/layout.css?v=1786518224019 was preloaded using link preload but not used within a few seconds from the window's load event. Please make sure it has an appropriate `as` value and it is preloaded intentionally. @ http://localhost:3000/sales-executive/u4:0
[ 3012731ms] [LOG] [Fast Refresh] rebuilding @ webpack-internal:///(app-pages-browser)/./node_modules/next/dist/next-devtools/shared/forward-logs-shared.js:44
[ 3012738ms] [LOG] [Fast Refresh] done in 8ms @ webpack-internal:///(app-pages-browser)/./node_modules/next/dist/next-devtools/shared/forward-logs-shared.js:44
[ 3012742ms] [LOG] [Fast Refresh] rebuilding @ webpack-internal:///(app-pages-browser)/./node_modules/next/dist/next-devtools/shared/forward-logs-shared.js:44
[ 3013158ms] [LOG] [Fast Refresh] done in 416ms @ webpack-internal:///(app-pages-browser)/./node_modules/next/dist/next-devtools/shared/forward-logs-shared.js:44
[ 3013391ms] [LOG] [Fast Refresh] rebuilding @ webpack-internal:///(app-pages-browser)/./node_modules/next/dist/next-devtools/shared/forward-logs-shared.js:44
[ 3013522ms] [LOG] [Fast Refresh] done in 131ms @ webpack-internal:///(app-pages-browser)/./node_modules/next/dist/next-devtools/shared/forward-logs-shared.js:44
[ 3014333ms] [LOG] [Fast Refresh] rebuilding @ webpack-internal:///(app-pages-browser)/./node_modules/next/dist/next-devtools/shared/forward-logs-shared.js:44
[ 3015058ms] [LOG] [Fast Refresh] done in 724ms @ webpack-internal:///(app-pages-browser)/./node_modules/next/dist/next-devtools/shared/forward-logs-shared.js:44
[ 3015469ms] [LOG] [Fast Refresh] rebuilding @ webpack-internal:///(app-pages-browser)/./node_modules/next/dist/next-devtools/shared/forward-logs-shared.js:44
[ 3015680ms] [LOG] [Fast Refresh] done in 211ms @ webpack-internal:///(app-pages-browser)/./node_modules/next/dist/next-devtools/shared/forward-logs-shared.js:44
[ 3016788ms] [LOG] [Fast Refresh] rebuilding @ webpack-internal:///(app-pages-browser)/./node_modules/next/dist/next-devtools/shared/forward-logs-shared.js:44
[ 3016964ms] [LOG] [Fast Refresh] done in 176ms @ webpack-internal:///(app-pages-browser)/./node_modules/next/dist/next-devtools/shared/forward-logs-shared.js:44
[ 3017836ms] [LOG] [Fast Refresh] rebuilding @ webpack-internal:///(app-pages-browser)/./node_modules/next/dist/next-devtools/shared/forward-logs-shared.js:44
[ 3018039ms] [LOG] [Fast Refresh] done in 203ms @ webpack-internal:///(app-pages-browser)/./node_modules/next/dist/next-devtools/shared/forward-logs-shared.js:44
[ 3018829ms] [LOG] [Fast Refresh] rebuilding @ webpack-internal:///(app-pages-browser)/./node_modules/next/dist/next-devtools/shared/forward-logs-shared.js:44
[ 3018981ms] [LOG] [Fast Refresh] done in 151ms @ webpack-internal:///(app-pages-browser)/./node_modules/next/dist/next-devtools/shared/forward-logs-shared.js:44
[ 3019727ms] [LOG] [Fast Refresh] rebuilding @ webpack-internal:///(app-pages-browser)/./node_modules/next/dist/next-devtools/shared/forward-logs-shared.js:44
[ 3019910ms] [LOG] [Fast Refresh] done in 183ms @ webpack-internal:///(app-pages-browser)/./node_modules/next/dist/next-devtools/shared/forward-logs-shared.js:44
[ 3020687ms] [LOG] [Fast Refresh] rebuilding @ webpack-internal:///(app-pages-browser)/./node_modules/next/dist/next-devtools/shared/forward-logs-shared.js:44
[ 3020858ms] [LOG] [Fast Refresh] done in 171ms @ webpack-internal:///(app-pages-browser)/./node_modules/next/dist/next-devtools/shared/forward-logs-shared.js:44
[ 3021592ms] [LOG] [Fast Refresh] rebuilding @ webpack-internal:///(app-pages-browser)/./node_modules/next/dist/next-devtools/shared/forward-logs-shared.js:44
[ 3021746ms] [LOG] [Fast Refresh] done in 154ms @ webpack-internal:///(app-pages-browser)/./node_modules/next/dist/next-devtools/shared/forward-logs-shared.js:44
[ 3022623ms] [LOG] [Fast Refresh] rebuilding @ webpack-internal:///(app-pages-browser)/./node_modules/next/dist/next-devtools/shared/forward-logs-shared.js:44
[ 3022818ms] [LOG] [Fast Refresh] done in 194ms @ webpack-internal:///(app-pages-browser)/./node_modules/next/dist/next-devtools/shared/forward-logs-shared.js:44
[ 3023959ms] [LOG] [Fast Refresh] rebuilding @ webpack-internal:///(app-pages-browser)/./node_modules/next/dist/next-devtools/shared/forward-logs-shared.js:44
[ 3024585ms] [LOG] [Fast Refresh] done in 626ms @ webpack-internal:///(app-pages-browser)/./node_modules/next/dist/next-devtools/shared/forward-logs-shared.js:44
[ 3025056ms] [LOG] [Fast Refresh] rebuilding @ webpack-internal:///(app-pages-browser)/./node_modules/next/dist/next-devtools/shared/forward-logs-shared.js:44
[ 3025223ms] [LOG] [Fast Refresh] done in 168ms @ webpack-internal:///(app-pages-browser)/./node_modules/next/dist/next-devtools/shared/forward-logs-shared.js:44
[ 3026016ms] [LOG] [Fast Refresh] rebuilding @ webpack-internal:///(app-pages-browser)/./node_modules/next/dist/next-devtools/shared/forward-logs-shared.js:44
[ 3026573ms] [LOG] [Fast Refresh] done in 558ms @ webpack-internal:///(app-pages-browser)/./node_modules/next/dist/next-devtools/shared/forward-logs-shared.js:44
[ 3026900ms] [LOG] [Fast Refresh] rebuilding @ webpack-internal:///(app-pages-browser)/./node_modules/next/dist/next-devtools/shared/forward-logs-shared.js:44
[ 3027047ms] [LOG] [Fast Refresh] done in 146ms @ webpack-internal:///(app-pages-browser)/./node_modules/next/dist/next-devtools/shared/forward-logs-shared.js:44
[ 3027776ms] [LOG] [Fast Refresh] rebuilding @ webpack-internal:///(app-pages-browser)/./node_modules/next/dist/next-devtools/shared/forward-logs-shared.js:44
[ 3027984ms] [LOG] [Fast Refresh] done in 208ms @ webpack-internal:///(app-pages-browser)/./node_modules/next/dist/next-devtools/shared/forward-logs-shared.js:44
[ 3028598ms] [LOG] [Fast Refresh] rebuilding @ webpack-internal:///(app-pages-browser)/./node_modules/next/dist/next-devtools/shared/forward-logs-shared.js:44
[ 3028727ms] [LOG] [Fast Refresh] done in 129ms @ webpack-internal:///(app-pages-browser)/./node_modules/next/dist/next-devtools/shared/forward-logs-shared.js:44
[ 3029730ms] [LOG] [Fast Refresh] rebuilding @ webpack-internal:///(app-pages-browser)/./node_modules/next/dist/next-devtools/shared/forward-logs-shared.js:44
[ 3029976ms] [LOG] [Fast Refresh] done in 246ms @ webpack-internal:///(app-pages-browser)/./node_modules/next/dist/next-devtools/shared/forward-logs-shared.js:44
[ 3030837ms] [LOG] [Fast Refresh] rebuilding @ webpack-internal:///(app-pages-browser)/./node_modules/next/dist/next-devtools/shared/forward-logs-shared.js:44
[ 3030973ms] [LOG] [Fast Refresh] done in 137ms @ webpack-internal:///(app-pages-browser)/./node_modules/next/dist/next-devtools/shared/forward-logs-shared.js:44
[ 3031731ms] [LOG] [Fast Refresh] rebuilding @ webpack-internal:///(app-pages-browser)/./node_modules/next/dist/next-devtools/shared/forward-logs-shared.js:44
[ 3031898ms] [LOG] [Fast Refresh] done in 168ms @ webpack-internal:///(app-pages-browser)/./node_modules/next/dist/next-devtools/shared/forward-logs-shared.js:44
[ 3032739ms] [LOG] [Fast Refresh] rebuilding @ webpack-internal:///(app-pages-browser)/./node_modules/next/dist/next-devtools/shared/forward-logs-shared.js:44
[ 3032887ms] [LOG] [Fast Refresh] done in 148ms @ webpack-internal:///(app-pages-browser)/./node_modules/next/dist/next-devtools/shared/forward-logs-shared.js:44
[ 3033750ms] [LOG] [Fast Refresh] rebuilding @ webpack-internal:///(app-pages-browser)/./node_modules/next/dist/next-devtools/shared/forward-logs-shared.js:44
[ 3033889ms] [LOG] [Fast Refresh] done in 138ms @ webpack-internal:///(app-pages-browser)/./node_modules/next/dist/next-devtools/shared/forward-logs-shared.js:44
[ 3035525ms] [LOG] [Fast Refresh] rebuilding @ webpack-internal:///(app-pages-browser)/./node_modules/next/dist/next-devtools/shared/forward-logs-shared.js:44
[ 3036365ms] [LOG] [Fast Refresh] done in 839ms @ webpack-internal:///(app-pages-browser)/./node_modules/next/dist/next-devtools/shared/forward-logs-shared.js:44
[ 3037200ms] [LOG] [Fast Refresh] rebuilding @ webpack-internal:///(app-pages-browser)/./node_modules/next/dist/next-devtools/shared/forward-logs-shared.js:44
[ 3037362ms] [LOG] [Fast Refresh] done in 162ms @ webpack-internal:///(app-pages-browser)/./node_modules/next/dist/next-devtools/shared/forward-logs-shared.js:44
[ 3038187ms] [LOG] [Fast Refresh] rebuilding @ webpack-internal:///(app-pages-browser)/./node_modules/next/dist/next-devtools/shared/forward-logs-shared.js:44
[ 3038374ms] [LOG] [Fast Refresh] done in 188ms @ webpack-internal:///(app-pages-browser)/./node_modules/next/dist/next-devtools/shared/forward-logs-shared.js:44
[ 3039039ms] [LOG] [Fast Refresh] rebuilding @ webpack-internal:///(app-pages-browser)/./node_modules/next/dist/next-devtools/shared/forward-logs-shared.js:44
[ 3039149ms] [LOG] [Fast Refresh] done in 111ms @ webpack-internal:///(app-pages-browser)/./node_modules/next/dist/next-devtools/shared/forward-logs-shared.js:44
[ 3039908ms] [LOG] [Fast Refresh] rebuilding @ webpack-internal:///(app-pages-browser)/./node_modules/next/dist/next-devtools/shared/forward-logs-shared.js:44
[ 3040073ms] [LOG] [Fast Refresh] done in 165ms @ webpack-internal:///(app-pages-browser)/./node_modules/next/dist/next-devtools/shared/forward-logs-shared.js:44
[ 3040718ms] [LOG] [Fast Refresh] rebuilding @ webpack-internal:///(app-pages-browser)/./node_modules/next/dist/next-devtools/shared/forward-logs-shared.js:44
[ 3040866ms] [LOG] [Fast Refresh] done in 148ms @ webpack-internal:///(app-pages-browser)/./node_modules/next/dist/next-devtools/shared/forward-logs-shared.js:44
[ 3041523ms] [LOG] [Fast Refresh] rebuilding @ webpack-internal:///(app-pages-browser)/./node_modules/next/dist/next-devtools/shared/forward-logs-shared.js:44
[ 3041670ms] [LOG] [Fast Refresh] done in 147ms @ webpack-internal:///(app-pages-browser)/./node_modules/next/dist/next-devtools/shared/forward-logs-shared.js:44
[ 3042321ms] [LOG] [Fast Refresh] rebuilding @ webpack-internal:///(app-pages-browser)/./node_modules/next/dist/next-devtools/shared/forward-logs-shared.js:44
[ 3042412ms] [LOG] [Fast Refresh] done in 92ms @ webpack-internal:///(app-pages-browser)/./node_modules/next/dist/next-devtools/shared/forward-logs-shared.js:44
[ 3043156ms] [LOG] [Fast Refresh] rebuilding @ webpack-internal:///(app-pages-browser)/./node_modules/next/dist/next-devtools/shared/forward-logs-shared.js:44
[ 3043343ms] [LOG] [Fast Refresh] done in 186ms @ webpack-internal:///(app-pages-browser)/./node_modules/next/dist/next-devtools/shared/forward-logs-shared.js:44
[ 3044181ms] [LOG] [Fast Refresh] rebuilding @ webpack-internal:///(app-pages-browser)/./node_modules/next/dist/next-devtools/shared/forward-logs-shared.js:44
[ 3044778ms] [LOG] [Fast Refresh] done in 597ms @ webpack-internal:///(app-pages-browser)/./node_modules/next/dist/next-devtools/shared/forward-logs-shared.js:44
[ 3045271ms] [LOG] [Fast Refresh] rebuilding @ webpack-internal:///(app-pages-browser)/./node_modules/next/dist/next-devtools/shared/forward-logs-shared.js:44
[ 3045436ms] [LOG] [Fast Refresh] done in 166ms @ webpack-internal:///(app-pages-browser)/./node_modules/next/dist/next-devtools/shared/forward-logs-shared.js:44
[ 3046148ms] [LOG] [Fast Refresh] rebuilding @ webpack-internal:///(app-pages-browser)/./node_modules/next/dist/next-devtools/shared/forward-logs-shared.js:44
[ 3046908ms] [LOG] [Fast Refresh] done in 761ms @ webpack-internal:///(app-pages-browser)/./node_modules/next/dist/next-devtools/shared/forward-logs-shared.js:44
[ 3047306ms] [LOG] [Fast Refresh] rebuilding @ webpack-internal:///(app-pages-browser)/./node_modules/next/dist/next-devtools/shared/forward-logs-shared.js:44
[ 3047463ms] [LOG] [Fast Refresh] done in 157ms @ webpack-internal:///(app-pages-browser)/./node_modules/next/dist/next-devtools/shared/forward-logs-shared.js:44
[ 3048358ms] [LOG] [Fast Refresh] rebuilding @ webpack-internal:///(app-pages-browser)/./node_modules/next/dist/next-devtools/shared/forward-logs-shared.js:44
[ 3048520ms] [LOG] [Fast Refresh] done in 162ms @ webpack-internal:///(app-pages-browser)/./node_modules/next/dist/next-devtools/shared/forward-logs-shared.js:44
[ 3049471ms] [LOG] [Fast Refresh] rebuilding @ webpack-internal:///(app-pages-browser)/./node_modules/next/dist/next-devtools/shared/forward-logs-shared.js:44
[ 3049650ms] [LOG] [Fast Refresh] done in 178ms @ webpack-internal:///(app-pages-browser)/./node_modules/next/dist/next-devtools/shared/forward-logs-shared.js:44
[ 3050861ms] [LOG] [Fast Refresh] rebuilding @ webpack-internal:///(app-pages-browser)/./node_modules/next/dist/next-devtools/shared/forward-logs-shared.js:44
[ 3051028ms] [LOG] [Fast Refresh] done in 167ms @ webpack-internal:///(app-pages-browser)/./node_modules/next/dist/next-devtools/shared/forward-logs-shared.js:44
[ 3051822ms] [LOG] [Fast Refresh] rebuilding @ webpack-internal:///(app-pages-browser)/./node_modules/next/dist/next-devtools/shared/forward-logs-shared.js:44
[ 3052065ms] [LOG] [Fast Refresh] done in 243ms @ webpack-internal:///(app-pages-browser)/./node_modules/next/dist/next-devtools/shared/forward-logs-shared.js:44
[ 3052837ms] [LOG] [Fast Refresh] rebuilding @ webpack-internal:///(app-pages-browser)/./node_modules/next/dist/next-devtools/shared/forward-logs-shared.js:44
[ 3053001ms] [LOG] [Fast Refresh] done in 165ms @ webpack-internal:///(app-pages-browser)/./node_modules/next/dist/next-devtools/shared/forward-logs-shared.js:44
[ 3053919ms] [LOG] [Fast Refresh] rebuilding @ webpack-internal:///(app-pages-browser)/./node_modules/next/dist/next-devtools/shared/forward-logs-shared.js:44
[ 3054129ms] [LOG] [Fast Refresh] done in 209ms @ webpack-internal:///(app-pages-browser)/./node_modules/next/dist/next-devtools/shared/forward-logs-shared.js:44
[ 3055026ms] [LOG] [Fast Refresh] rebuilding @ webpack-internal:///(app-pages-browser)/./node_modules/next/dist/next-devtools/shared/forward-logs-shared.js:44
[ 3055225ms] [LOG] [Fast Refresh] done in 198ms @ webpack-internal:///(app-pages-browser)/./node_modules/next/dist/next-devtools/shared/forward-logs-shared.js:44
[ 3056045ms] [LOG] [Fast Refresh] rebuilding @ webpack-internal:///(app-pages-browser)/./node_modules/next/dist/next-devtools/shared/forward-logs-shared.js:44
[ 3056197ms] [LOG] [Fast Refresh] done in 151ms @ webpack-internal:///(app-pages-browser)/./node_modules/next/dist/next-devtools/shared/forward-logs-shared.js:44
[ 3056910ms] [LOG] [Fast Refresh] rebuilding @ webpack-internal:///(app-pages-browser)/./node_modules/next/dist/next-devtools/shared/forward-logs-shared.js:44
[ 3057204ms] [LOG] [Fast Refresh] done in 294ms @ webpack-internal:///(app-pages-browser)/./node_modules/next/dist/next-devtools/shared/forward-logs-shared.js:44
[ 3058026ms] [LOG] [Fast Refresh] rebuilding @ webpack-internal:///(app-pages-browser)/./node_modules/next/dist/next-devtools/shared/forward-logs-shared.js:44
[ 3058235ms] [LOG] [Fast Refresh] done in 208ms @ webpack-internal:///(app-pages-browser)/./node_modules/next/dist/next-devtools/shared/forward-logs-shared.js:44
[ 3059100ms] [LOG] [Fast Refresh] rebuilding @ webpack-internal:///(app-pages-browser)/./node_modules/next/dist/next-devtools/shared/forward-logs-shared.js:44
[ 3059970ms] [LOG] [Fast Refresh] done in 870ms @ webpack-internal:///(app-pages-browser)/./node_modules/next/dist/next-devtools/shared/forward-logs-shared.js:44
[ 3060402ms] [LOG] [Fast Refresh] rebuilding @ webpack-internal:///(app-pages-browser)/./node_modules/next/dist/next-devtools/shared/forward-logs-shared.js:44
[ 3060598ms] [LOG] [Fast Refresh] done in 196ms @ webpack-internal:///(app-pages-browser)/./node_modules/next/dist/next-devtools/shared/forward-logs-shared.js:44
[ 3061461ms] [LOG] [Fast Refresh] rebuilding @ webpack-internal:///(app-pages-browser)/./node_modules/next/dist/next-devtools/shared/forward-logs-shared.js:44
[ 3061644ms] [LOG] [Fast Refresh] done in 183ms @ webpack-internal:///(app-pages-browser)/./node_modules/next/dist/next-devtools/shared/forward-logs-shared.js:44
[ 3062391ms] [LOG] [Fast Refresh] rebuilding @ webpack-internal:///(app-pages-browser)/./node_modules/next/dist/next-devtools/shared/forward-logs-shared.js:44
[ 3062545ms] [LOG] [Fast Refresh] done in 154ms @ webpack-internal:///(app-pages-browser)/./node_modules/next/dist/next-devtools/shared/forward-logs-shared.js:44
[ 3063867ms] [LOG] [Fast Refresh] rebuilding @ webpack-internal:///(app-pages-browser)/./node_modules/next/dist/next-devtools/shared/forward-logs-shared.js:44
[ 3064115ms] [LOG] [Fast Refresh] done in 249ms @ webpack-internal:///(app-pages-browser)/./node_modules/next/dist/next-devtools/shared/forward-logs-shared.js:44
[ 3064883ms] [LOG] [Fast Refresh] rebuilding @ webpack-internal:///(app-pages-browser)/./node_modules/next/dist/next-devtools/shared/forward-logs-shared.js:44
[ 3065380ms] [LOG] [Fast Refresh] done in 498ms @ webpack-internal:///(app-pages-browser)/./node_modules/next/dist/next-devtools/shared/forward-logs-shared.js:44
[ 3067154ms] [LOG] [Fast Refresh] rebuilding @ webpack-internal:///(app-pages-browser)/./node_modules/next/dist/next-devtools/shared/forward-logs-shared.js:44
[ 3067738ms] [LOG] [Fast Refresh] done in 585ms @ webpack-internal:///(app-pages-browser)/./node_modules/next/dist/next-devtools/shared/forward-logs-shared.js:44
[ 3068064ms] [LOG] [Fast Refresh] rebuilding @ webpack-internal:///(app-pages-browser)/./node_modules/next/dist/next-devtools/shared/forward-logs-shared.js:44
[ 3068299ms] [LOG] [Fast Refresh] done in 235ms @ webpack-internal:///(app-pages-browser)/./node_modules/next/dist/next-devtools/shared/forward-logs-shared.js:44
[ 3069129ms] [LOG] [Fast Refresh] rebuilding @ webpack-internal:///(app-pages-browser)/./node_modules/next/dist/next-devtools/shared/forward-logs-shared.js:44
[ 3069684ms] [LOG] [Fast Refresh] done in 554ms @ webpack-internal:///(app-pages-browser)/./node_modules/next/dist/next-devtools/shared/forward-logs-shared.js:44
[ 3070200ms] [LOG] [Fast Refresh] rebuilding @ webpack-internal:///(app-pages-browser)/./node_modules/next/dist/next-devtools/shared/forward-logs-shared.js:44
[ 3071040ms] [LOG] [Fast Refresh] done in 840ms @ webpack-internal:///(app-pages-browser)/./node_modules/next/dist/next-devtools/shared/forward-logs-shared.js:44
[ 3071271ms] [LOG] [Fast Refresh] rebuilding @ webpack-internal:///(app-pages-browser)/./node_modules/next/dist/next-devtools/shared/forward-logs-shared.js:44
[ 3071699ms] [LOG] [Fast Refresh] done in 427ms @ webpack-internal:///(app-pages-browser)/./node_modules/next/dist/next-devtools/shared/forward-logs-shared.js:44
[ 3072199ms] [LOG] [Fast Refresh] rebuilding @ webpack-internal:///(app-pages-browser)/./node_modules/next/dist/next-devtools/shared/forward-logs-shared.js:44
[ 3072412ms] [LOG] [Fast Refresh] done in 213ms @ webpack-internal:///(app-pages-browser)/./node_modules/next/dist/next-devtools/shared/forward-logs-shared.js:44
[ 3073248ms] [LOG] [Fast Refresh] rebuilding @ webpack-internal:///(app-pages-browser)/./node_modules/next/dist/next-devtools/shared/forward-logs-shared.js:44
[ 3073453ms] [LOG] [Fast Refresh] done in 204ms @ webpack-internal:///(app-pages-browser)/./node_modules/next/dist/next-devtools/shared/forward-logs-shared.js:44
[ 3074920ms] [LOG] [Fast Refresh] rebuilding @ webpack-internal:///(app-pages-browser)/./node_modules/next/dist/next-devtools/shared/forward-logs-shared.js:44
[ 3075946ms] [LOG] [Fast Refresh] done in 1026ms @ webpack-internal:///(app-pages-browser)/./node_modules/next/dist/next-devtools/shared/forward-logs-shared.js:44
[ 3076558ms] [LOG] [Fast Refresh] rebuilding @ webpack-internal:///(app-pages-browser)/./node_modules/next/dist/next-devtools/shared/forward-logs-shared.js:44
[ 3077215ms] [LOG] [Fast Refresh] done in 657ms @ webpack-internal:///(app-pages-browser)/./node_modules/next/dist/next-devtools/shared/forward-logs-shared.js:44
[ 3077845ms] [LOG] [Fast Refresh] rebuilding @ webpack-internal:///(app-pages-browser)/./node_modules/next/dist/next-devtools/shared/forward-logs-shared.js:44
[ 3078148ms] [LOG] [Fast Refresh] done in 303ms @ webpack-internal:///(app-pages-browser)/./node_modules/next/dist/next-devtools/shared/forward-logs-shared.js:44
[ 3079203ms] [LOG] [Fast Refresh] rebuilding @ webpack-internal:///(app-pages-browser)/./node_modules/next/dist/next-devtools/shared/forward-logs-shared.js:44
[ 3079800ms] [LOG] [Fast Refresh] done in 597ms @ webpack-internal:///(app-pages-browser)/./node_modules/next/dist/next-devtools/shared/forward-logs-shared.js:44
[ 3080238ms] [LOG] [Fast Refresh] rebuilding @ webpack-internal:///(app-pages-browser)/./node_modules/next/dist/next-devtools/shared/forward-logs-shared.js:44
[ 3080421ms] [LOG] [Fast Refresh] done in 183ms @ webpack-internal:///(app-pages-browser)/./node_modules/next/dist/next-devtools/shared/forward-logs-shared.js:44
[ 3081348ms] [LOG] [Fast Refresh] rebuilding @ webpack-internal:///(app-pages-browser)/./node_modules/next/dist/next-devtools/shared/forward-logs-shared.js:44
[ 3081541ms] [LOG] [Fast Refresh] done in 193ms @ webpack-internal:///(app-pages-browser)/./node_modules/next/dist/next-devtools/shared/forward-logs-shared.js:44
[ 3082297ms] [LOG] [Fast Refresh] rebuilding @ webpack-internal:///(app-pages-browser)/./node_modules/next/dist/next-devtools/shared/forward-logs-shared.js:44
[ 3082450ms] [LOG] [Fast Refresh] done in 153ms @ webpack-internal:///(app-pages-browser)/./node_modules/next/dist/next-devtools/shared/forward-logs-shared.js:44
[ 3083183ms] [LOG] [Fast Refresh] rebuilding @ webpack-internal:///(app-pages-browser)/./node_modules/next/dist/next-devtools/shared/forward-logs-shared.js:44
[ 3083313ms] [LOG] [Fast Refresh] done in 129ms @ webpack-internal:///(app-pages-browser)/./node_modules/next/dist/next-devtools/shared/forward-logs-shared.js:44
[ 3083965ms] [LOG] [Fast Refresh] rebuilding @ webpack-internal:///(app-pages-browser)/./node_modules/next/dist/next-devtools/shared/forward-logs-shared.js:44
[ 3084124ms] [LOG] [Fast Refresh] done in 160ms @ webpack-internal:///(app-pages-browser)/./node_modules/next/dist/next-devtools/shared/forward-logs-shared.js:44
[ 3084810ms] [LOG] [Fast Refresh] rebuilding @ webpack-internal:///(app-pages-browser)/./node_modules/next/dist/next-devtools/shared/forward-logs-shared.js:44
[ 3084968ms] [LOG] [Fast Refresh] done in 159ms @ webpack-internal:///(app-pages-browser)/./node_modules/next/dist/next-devtools/shared/forward-logs-shared.js:44
[ 3085681ms] [LOG] [Fast Refresh] rebuilding @ webpack-internal:///(app-pages-browser)/./node_modules/next/dist/next-devtools/shared/forward-logs-shared.js:44
[ 3085810ms] [LOG] [Fast Refresh] done in 129ms @ webpack-internal:///(app-pages-browser)/./node_modules/next/dist/next-devtools/shared/forward-logs-shared.js:44
[ 3086578ms] [LOG] [Fast Refresh] rebuilding @ webpack-internal:///(app-pages-browser)/./node_modules/next/dist/next-devtools/shared/forward-logs-shared.js:44
[ 3086718ms] [LOG] [Fast Refresh] done in 139ms @ webpack-internal:///(app-pages-browser)/./node_modules/next/dist/next-devtools/shared/forward-logs-shared.js:44
[ 3087395ms] [LOG] [Fast Refresh] rebuilding @ webpack-internal:///(app-pages-browser)/./node_modules/next/dist/next-devtools/shared/forward-logs-shared.js:44
[ 3087556ms] [LOG] [Fast Refresh] done in 161ms @ webpack-internal:///(app-pages-browser)/./node_modules/next/dist/next-devtools/shared/forward-logs-shared.js:44
[ 3088350ms] [LOG] [Fast Refresh] rebuilding @ webpack-internal:///(app-pages-browser)/./node_modules/next/dist/next-devtools/shared/forward-logs-shared.js:44
[ 3088508ms] [LOG] [Fast Refresh] done in 159ms @ webpack-internal:///(app-pages-browser)/./node_modules/next/dist/next-devtools/shared/forward-logs-shared.js:44
[ 3089278ms] [LOG] [Fast Refresh] rebuilding @ webpack-internal:///(app-pages-browser)/./node_modules/next/dist/next-devtools/shared/forward-logs-shared.js:44
[ 3089476ms] [LOG] [Fast Refresh] done in 198ms @ webpack-internal:///(app-pages-browser)/./node_modules/next/dist/next-devtools/shared/forward-logs-shared.js:44
[ 3090323ms] [LOG] [Fast Refresh] rebuilding @ webpack-internal:///(app-pages-browser)/./node_modules/next/dist/next-devtools/shared/forward-logs-shared.js:44
[ 3090506ms] [LOG] [Fast Refresh] done in 183ms @ webpack-internal:///(app-pages-browser)/./node_modules/next/dist/next-devtools/shared/forward-logs-shared.js:44
[ 3091228ms] [LOG] [Fast Refresh] rebuilding @ webpack-internal:///(app-pages-browser)/./node_modules/next/dist/next-devtools/shared/forward-logs-shared.js:44
[ 3091353ms] [LOG] [Fast Refresh] done in 125ms @ webpack-internal:///(app-pages-browser)/./node_modules/next/dist/next-devtools/shared/forward-logs-shared.js:44
[ 3092082ms] [LOG] [Fast Refresh] rebuilding @ webpack-internal:///(app-pages-browser)/./node_modules/next/dist/next-devtools/shared/forward-logs-shared.js:44
[ 3092259ms] [LOG] [Fast Refresh] done in 177ms @ webpack-internal:///(app-pages-browser)/./node_modules/next/dist/next-devtools/shared/forward-logs-shared.js:44
[ 3092890ms] [LOG] [Fast Refresh] rebuilding @ webpack-internal:///(app-pages-browser)/./node_modules/next/dist/next-devtools/shared/forward-logs-shared.js:44
[ 3093030ms] [LOG] [Fast Refresh] done in 139ms @ webpack-internal:///(app-pages-browser)/./node_modules/next/dist/next-devtools/shared/forward-logs-shared.js:44
[ 3093744ms] [LOG] [Fast Refresh] rebuilding @ webpack-internal:///(app-pages-browser)/./node_modules/next/dist/next-devtools/shared/forward-logs-shared.js:44
[ 3093926ms] [LOG] [Fast Refresh] done in 182ms @ webpack-internal:///(app-pages-browser)/./node_modules/next/dist/next-devtools/shared/forward-logs-shared.js:44
[ 3094583ms] [LOG] [Fast Refresh] rebuilding @ webpack-internal:///(app-pages-browser)/./node_modules/next/dist/next-devtools/shared/forward-logs-shared.js:44
[ 3094847ms] [LOG] [Fast Refresh] done in 264ms @ webpack-internal:///(app-pages-browser)/./node_modules/next/dist/next-devtools/shared/forward-logs-shared.js:44
[ 3096668ms] [LOG] [Fast Refresh] rebuilding @ webpack-internal:///(app-pages-browser)/./node_modules/next/dist/next-devtools/shared/forward-logs-shared.js:44
[ 3096825ms] [LOG] [Fast Refresh] done in 157ms @ webpack-internal:///(app-pages-browser)/./node_modules/next/dist/next-devtools/shared/forward-logs-shared.js:44
[ 3097588ms] [LOG] [Fast Refresh] rebuilding @ webpack-internal:///(app-pages-browser)/./node_modules/next/dist/next-devtools/shared/forward-logs-shared.js:44
[ 3097714ms] [LOG] [Fast Refresh] done in 125ms @ webpack-internal:///(app-pages-browser)/./node_modules/next/dist/next-devtools/shared/forward-logs-shared.js:44
[ 3098567ms] [LOG] [Fast Refresh] rebuilding @ webpack-internal:///(app-pages-browser)/./node_modules/next/dist/next-devtools/shared/forward-logs-shared.js:44
[ 3098706ms] [LOG] [Fast Refresh] done in 140ms @ webpack-internal:///(app-pages-browser)/./node_modules/next/dist/next-devtools/shared/forward-logs-shared.js:44
[ 3099392ms] [LOG] [Fast Refresh] rebuilding @ webpack-internal:///(app-pages-browser)/./node_modules/next/dist/next-devtools/shared/forward-logs-shared.js:44
[ 3099525ms] [LOG] [Fast Refresh] done in 134ms @ webpack-internal:///(app-pages-browser)/./node_modules/next/dist/next-devtools/shared/forward-logs-shared.js:44
[ 3100235ms] [LOG] [Fast Refresh] rebuilding @ webpack-internal:///(app-pages-browser)/./node_modules/next/dist/next-devtools/shared/forward-logs-shared.js:44
[ 3100356ms] [LOG] [Fast Refresh] done in 121ms @ webpack-internal:///(app-pages-browser)/./node_modules/next/dist/next-devtools/shared/forward-logs-shared.js:44
[ 3101031ms] [LOG] [Fast Refresh] rebuilding @ webpack-internal:///(app-pages-browser)/./node_modules/next/dist/next-devtools/shared/forward-logs-shared.js:44
[ 3101176ms] [LOG] [Fast Refresh] done in 146ms @ webpack-internal:///(app-pages-browser)/./node_modules/next/dist/next-devtools/shared/forward-logs-shared.js:44
[ 3101767ms] [LOG] [Fast Refresh] rebuilding @ webpack-internal:///(app-pages-browser)/./node_modules/next/dist/next-devtools/shared/forward-logs-shared.js:44
[ 3101894ms] [LOG] [Fast Refresh] done in 126ms @ webpack-internal:///(app-pages-browser)/./node_modules/next/dist/next-devtools/shared/forward-logs-shared.js:44
[ 3102553ms] [LOG] [Fast Refresh] rebuilding @ webpack-internal:///(app-pages-browser)/./node_modules/next/dist/next-devtools/shared/forward-logs-shared.js:44
[ 3102664ms] [LOG] [Fast Refresh] done in 110ms @ webpack-internal:///(app-pages-browser)/./node_modules/next/dist/next-devtools/shared/forward-logs-shared.js:44
[ 3103347ms] [LOG] [Fast Refresh] rebuilding @ webpack-internal:///(app-pages-browser)/./node_modules/next/dist/next-devtools/shared/forward-logs-shared.js:44
[ 3103520ms] [LOG] [Fast Refresh] done in 173ms @ webpack-internal:///(app-pages-browser)/./node_modules/next/dist/next-devtools/shared/forward-logs-shared.js:44
[ 3104423ms] [LOG] [Fast Refresh] rebuilding @ webpack-internal:///(app-pages-browser)/./node_modules/next/dist/next-devtools/shared/forward-logs-shared.js:44
[ 3104583ms] [LOG] [Fast Refresh] done in 160ms @ webpack-internal:///(app-pages-browser)/./node_modules/next/dist/next-devtools/shared/forward-logs-shared.js:44
[ 3105674ms] [LOG] [Fast Refresh] rebuilding @ webpack-internal:///(app-pages-browser)/./node_modules/next/dist/next-devtools/shared/forward-logs-shared.js:44
[ 3105932ms] [LOG] [Fast Refresh] done in 259ms @ webpack-internal:///(app-pages-browser)/./node_modules/next/dist/next-devtools/shared/forward-logs-shared.js:44
[ 3106594ms] [LOG] [Fast Refresh] rebuilding @ webpack-internal:///(app-pages-browser)/./node_modules/next/dist/next-devtools/shared/forward-logs-shared.js:44
[ 3106742ms] [LOG] [Fast Refresh] done in 148ms @ webpack-internal:///(app-pages-browser)/./node_modules/next/dist/next-devtools/shared/forward-logs-shared.js:44
[ 3107474ms] [LOG] [Fast Refresh] rebuilding @ webpack-internal:///(app-pages-browser)/./node_modules/next/dist/next-devtools/shared/forward-logs-shared.js:44
[ 3107634ms] [LOG] [Fast Refresh] done in 160ms @ webpack-internal:///(app-pages-browser)/./node_modules/next/dist/next-devtools/shared/forward-logs-shared.js:44
[ 3108282ms] [LOG] [Fast Refresh] rebuilding @ webpack-internal:///(app-pages-browser)/./node_modules/next/dist/next-devtools/shared/forward-logs-shared.js:44
[ 3108428ms] [LOG] [Fast Refresh] done in 146ms @ webpack-internal:///(app-pages-browser)/./node_modules/next/dist/next-devtools/shared/forward-logs-shared.js:44
[ 3109076ms] [LOG] [Fast Refresh] rebuilding @ webpack-internal:///(app-pages-browser)/./node_modules/next/dist/next-devtools/shared/forward-logs-shared.js:44
[ 3109296ms] [LOG] [Fast Refresh] done in 220ms @ webpack-internal:///(app-pages-browser)/./node_modules/next/dist/next-devtools/shared/forward-logs-shared.js:44
[ 3110042ms] [LOG] [Fast Refresh] rebuilding @ webpack-internal:///(app-pages-browser)/./node_modules/next/dist/next-devtools/shared/forward-logs-shared.js:44
[ 3110231ms] [LOG] [Fast Refresh] done in 190ms @ webpack-internal:///(app-pages-browser)/./node_modules/next/dist/next-devtools/shared/forward-logs-shared.js:44
[ 3110986ms] [LOG] [Fast Refresh] rebuilding @ webpack-internal:///(app-pages-browser)/./node_modules/next/dist/next-devtools/shared/forward-logs-shared.js:44
[ 3111117ms] [LOG] [Fast Refresh] done in 131ms @ webpack-internal:///(app-pages-browser)/./node_modules/next/dist/next-devtools/shared/forward-logs-shared.js:44
[ 3111772ms] [LOG] [Fast Refresh] rebuilding @ webpack-internal:///(app-pages-browser)/./node_modules/next/dist/next-devtools/shared/forward-logs-shared.js:44
[ 3111938ms] [LOG] [Fast Refresh] done in 167ms @ webpack-internal:///(app-pages-browser)/./node_modules/next/dist/next-devtools/shared/forward-logs-shared.js:44
[ 3112792ms] [LOG] [Fast Refresh] rebuilding @ webpack-internal:///(app-pages-browser)/./node_modules/next/dist/next-devtools/shared/forward-logs-shared.js:44
[ 3113028ms] [LOG] [Fast Refresh] done in 236ms @ webpack-internal:///(app-pages-browser)/./node_modules/next/dist/next-devtools/shared/forward-logs-shared.js:44
[ 3114229ms] [LOG] [Fast Refresh] rebuilding @ webpack-internal:///(app-pages-browser)/./node_modules/next/dist/next-devtools/shared/forward-logs-shared.js:44
[ 3114547ms] [LOG] [Fast Refresh] done in 318ms @ webpack-internal:///(app-pages-browser)/./node_modules/next/dist/next-devtools/shared/forward-logs-shared.js:44
[ 3115716ms] [LOG] [Fast Refresh] rebuilding @ webpack-internal:///(app-pages-browser)/./node_modules/next/dist/next-devtools/shared/forward-logs-shared.js:44
[ 3116441ms] [LOG] [Fast Refresh] done in 725ms @ webpack-internal:///(app-pages-browser)/./node_modules/next/dist/next-devtools/shared/forward-logs-shared.js:44
[ 3117132ms] [LOG] [Fast Refresh] rebuilding @ webpack-internal:///(app-pages-browser)/./node_modules/next/dist/next-devtools/shared/forward-logs-shared.js:44
[ 3117528ms] [LOG] [Fast Refresh] done in 397ms @ webpack-internal:///(app-pages-browser)/./node_modules/next/dist/next-devtools/shared/forward-logs-shared.js:44
[ 3118616ms] [LOG] [Fast Refresh] rebuilding @ webpack-internal:///(app-pages-browser)/./node_modules/next/dist/next-devtools/shared/forward-logs-shared.js:44
[ 3121170ms] [LOG] [Fast Refresh] done in 2555ms @ webpack-internal:///(app-pages-browser)/./node_modules/next/dist/next-devtools/shared/forward-logs-shared.js:44
[ 3121171ms] [LOG] [Fast Refresh] rebuilding @ webpack-internal:///(app-pages-browser)/./node_modules/next/dist/next-devtools/shared/forward-logs-shared.js:44
[ 3121482ms] [LOG] [Fast Refresh] done in 311ms @ webpack-internal:///(app-pages-browser)/./node_modules/next/dist/next-devtools/shared/forward-logs-shared.js:44
[ 3121951ms] [LOG] [Fast Refresh] rebuilding @ webpack-internal:///(app-pages-browser)/./node_modules/next/dist/next-devtools/shared/forward-logs-shared.js:44
[ 3122131ms] [LOG] [Fast Refresh] done in 180ms @ webpack-internal:///(app-pages-browser)/./node_modules/next/dist/next-devtools/shared/forward-logs-shared.js:44
[ 3123037ms] [LOG] [Fast Refresh] rebuilding @ webpack-internal:///(app-pages-browser)/./node_modules/next/dist/next-devtools/shared/forward-logs-shared.js:44
[ 3123234ms] [LOG] [Fast Refresh] done in 197ms @ webpack-internal:///(app-pages-browser)/./node_modules/next/dist/next-devtools/shared/forward-logs-shared.js:44
[ 3124114ms] [LOG] [Fast Refresh] rebuilding @ webpack-internal:///(app-pages-browser)/./node_modules/next/dist/next-devtools/shared/forward-logs-shared.js:44
[ 3124287ms] [LOG] [Fast Refresh] done in 173ms @ webpack-internal:///(app-pages-browser)/./node_modules/next/dist/next-devtools/shared/forward-logs-shared.js:44
[ 3125015ms] [LOG] [Fast Refresh] rebuilding @ webpack-internal:///(app-pages-browser)/./node_modules/next/dist/next-devtools/shared/forward-logs-shared.js:44
[ 3125987ms] [LOG] [Fast Refresh] done in 971ms @ webpack-internal:///(app-pages-browser)/./node_modules/next/dist/next-devtools/shared/forward-logs-shared.js:44
[ 3127304ms] [LOG] [Fast Refresh] rebuilding @ webpack-internal:///(app-pages-browser)/./node_modules/next/dist/next-devtools/shared/forward-logs-shared.js:44
[ 3127445ms] [LOG] [Fast Refresh] done in 140ms @ webpack-internal:///(app-pages-browser)/./node_modules/next/dist/next-devtools/shared/forward-logs-shared.js:44
[ 3128266ms] [LOG] [Fast Refresh] rebuilding @ webpack-internal:///(app-pages-browser)/./node_modules/next/dist/next-devtools/shared/forward-logs-shared.js:44
[ 3128438ms] [LOG] [Fast Refresh] done in 172ms @ webpack-internal:///(app-pages-browser)/./node_modules/next/dist/next-devtools/shared/forward-logs-shared.js:44
[ 3129139ms] [LOG] [Fast Refresh] rebuilding @ webpack-internal:///(app-pages-browser)/./node_modules/next/dist/next-devtools/shared/forward-logs-shared.js:44
[ 3129313ms] [LOG] [Fast Refresh] done in 175ms @ webpack-internal:///(app-pages-browser)/./node_modules/next/dist/next-devtools/shared/forward-logs-shared.js:44
[ 3130268ms] [LOG] [Fast Refresh] rebuilding @ webpack-internal:///(app-pages-browser)/./node_modules/next/dist/next-devtools/shared/forward-logs-shared.js:44
[ 3130507ms] [LOG] [Fast Refresh] done in 239ms @ webpack-internal:///(app-pages-browser)/./node_modules/next/dist/next-devtools/shared/forward-logs-shared.js:44
[ 3131403ms] [LOG] [Fast Refresh] rebuilding @ webpack-internal:///(app-pages-browser)/./node_modules/next/dist/next-devtools/shared/forward-logs-shared.js:44
[ 3131672ms] [LOG] [Fast Refresh] done in 269ms @ webpack-internal:///(app-pages-browser)/./node_modules/next/dist/next-devtools/shared/forward-logs-shared.js:44
[ 3132376ms] [LOG] [Fast Refresh] rebuilding @ webpack-internal:///(app-pages-browser)/./node_modules/next/dist/next-devtools/shared/forward-logs-shared.js:44
[ 3132549ms] [LOG] [Fast Refresh] done in 172ms @ webpack-internal:///(app-pages-browser)/./node_modules/next/dist/next-devtools/shared/forward-logs-shared.js:44
[ 3133193ms] [LOG] [Fast Refresh] rebuilding @ webpack-internal:///(app-pages-browser)/./node_modules/next/dist/next-devtools/shared/forward-logs-shared.js:44
[ 3133330ms] [LOG] [Fast Refresh] done in 136ms @ webpack-internal:///(app-pages-browser)/./node_modules/next/dist/next-devtools/shared/forward-logs-shared.js:44
[ 3134123ms] [LOG] [Fast Refresh] rebuilding @ webpack-internal:///(app-pages-browser)/./node_modules/next/dist/next-devtools/shared/forward-logs-shared.js:44
[ 3134506ms] [LOG] [Fast Refresh] done in 383ms @ webpack-internal:///(app-pages-browser)/./node_modules/next/dist/next-devtools/shared/forward-logs-shared.js:44
[ 3135648ms] [LOG] [Fast Refresh] rebuilding @ webpack-internal:///(app-pages-browser)/./node_modules/next/dist/next-devtools/shared/forward-logs-shared.js:44
[ 3135895ms] [LOG] [Fast Refresh] done in 247ms @ webpack-internal:///(app-pages-browser)/./node_modules/next/dist/next-devtools/shared/forward-logs-shared.js:44
[ 3136836ms] [LOG] [Fast Refresh] rebuilding @ webpack-internal:///(app-pages-browser)/./node_modules/next/dist/next-devtools/shared/forward-logs-shared.js:44
[ 3137361ms] [LOG] [Fast Refresh] done in 525ms @ webpack-internal:///(app-pages-browser)/./node_modules/next/dist/next-devtools/shared/forward-logs-shared.js:44
[ 3137779ms] [LOG] [Fast Refresh] rebuilding @ webpack-internal:///(app-pages-browser)/./node_modules/next/dist/next-devtools/shared/forward-logs-shared.js:44
[ 3138296ms] [LOG] [Fast Refresh] done in 516ms @ webpack-internal:///(app-pages-browser)/./node_modules/next/dist/next-devtools/shared/forward-logs-shared.js:44
[ 3139005ms] [LOG] [Fast Refresh] rebuilding @ webpack-internal:///(app-pages-browser)/./node_modules/next/dist/next-devtools/shared/forward-logs-shared.js:44
[ 3139690ms] [LOG] [Fast Refresh] done in 685ms @ webpack-internal:///(app-pages-browser)/./node_modules/next/dist/next-devtools/shared/forward-logs-shared.js:44
[ 3140057ms] [LOG] [Fast Refresh] rebuilding @ webpack-internal:///(app-pages-browser)/./node_modules/next/dist/next-devtools/shared/forward-logs-shared.js:44
[ 3140168ms] [LOG] [Fast Refresh] done in 112ms @ webpack-internal:///(app-pages-browser)/./node_modules/next/dist/next-devtools/shared/forward-logs-shared.js:44
[ 3140913ms] [LOG] [Fast Refresh] rebuilding @ webpack-internal:///(app-pages-browser)/./node_modules/next/dist/next-devtools/shared/forward-logs-shared.js:44
[ 3141043ms] [LOG] [Fast Refresh] done in 131ms @ webpack-internal:///(app-pages-browser)/./node_modules/next/dist/next-devtools/shared/forward-logs-shared.js:44
[ 3141740ms] [LOG] [Fast Refresh] rebuilding @ webpack-internal:///(app-pages-browser)/./node_modules/next/dist/next-devtools/shared/forward-logs-shared.js:44
[ 3141884ms] [LOG] [Fast Refresh] done in 145ms @ webpack-internal:///(app-pages-browser)/./node_modules/next/dist/next-devtools/shared/forward-logs-shared.js:44
[ 3142582ms] [LOG] [Fast Refresh] rebuilding @ webpack-internal:///(app-pages-browser)/./node_modules/next/dist/next-devtools/shared/forward-logs-shared.js:44
[ 3142754ms] [LOG] [Fast Refresh] done in 171ms @ webpack-internal:///(app-pages-browser)/./node_modules/next/dist/next-devtools/shared/forward-logs-shared.js:44
[ 3143392ms] [LOG] [Fast Refresh] rebuilding @ webpack-internal:///(app-pages-browser)/./node_modules/next/dist/next-devtools/shared/forward-logs-shared.js:44
[ 3143539ms] [LOG] [Fast Refresh] done in 148ms @ webpack-internal:///(app-pages-browser)/./node_modules/next/dist/next-devtools/shared/forward-logs-shared.js:44
[ 3144202ms] [LOG] [Fast Refresh] rebuilding @ webpack-internal:///(app-pages-browser)/./node_modules/next/dist/next-devtools/shared/forward-logs-shared.js:44
[ 3144360ms] [LOG] [Fast Refresh] done in 157ms @ webpack-internal:///(app-pages-browser)/./node_modules/next/dist/next-devtools/shared/forward-logs-shared.js:44
[ 3145008ms] [LOG] [Fast Refresh] rebuilding @ webpack-internal:///(app-pages-browser)/./node_modules/next/dist/next-devtools/shared/forward-logs-shared.js:44
[ 3145097ms] [LOG] [Fast Refresh] done in 89ms @ webpack-internal:///(app-pages-browser)/./node_modules/next/dist/next-devtools/shared/forward-logs-shared.js:44
[ 3145796ms] [LOG] [Fast Refresh] rebuilding @ webpack-internal:///(app-pages-browser)/./node_modules/next/dist/next-devtools/shared/forward-logs-shared.js:44
[ 3145983ms] [LOG] [Fast Refresh] done in 186ms @ webpack-internal:///(app-pages-browser)/./node_modules/next/dist/next-devtools/shared/forward-logs-shared.js:44
[ 3146574ms] [LOG] [Fast Refresh] rebuilding @ webpack-internal:///(app-pages-browser)/./node_modules/next/dist/next-devtools/shared/forward-logs-shared.js:44
[ 3146664ms] [LOG] [Fast Refresh] done in 89ms @ webpack-internal:///(app-pages-browser)/./node_modules/next/dist/next-devtools/shared/forward-logs-shared.js:44
[ 3147356ms] [LOG] [Fast Refresh] rebuilding @ webpack-internal:///(app-pages-browser)/./node_modules/next/dist/next-devtools/shared/forward-logs-shared.js:44
[ 3147495ms] [LOG] [Fast Refresh] done in 139ms @ webpack-internal:///(app-pages-browser)/./node_modules/next/dist/next-devtools/shared/forward-logs-shared.js:44
[ 3148126ms] [LOG] [Fast Refresh] rebuilding @ webpack-internal:///(app-pages-browser)/./node_modules/next/dist/next-devtools/shared/forward-logs-shared.js:44
[ 3148271ms] [LOG] [Fast Refresh] done in 144ms @ webpack-internal:///(app-pages-browser)/./node_modules/next/dist/next-devtools/shared/forward-logs-shared.js:44
[ 3148961ms] [LOG] [Fast Refresh] rebuilding @ webpack-internal:///(app-pages-browser)/./node_modules/next/dist/next-devtools/shared/forward-logs-shared.js:44
[ 3149126ms] [LOG] [Fast Refresh] done in 165ms @ webpack-internal:///(app-pages-browser)/./node_modules/next/dist/next-devtools/shared/forward-logs-shared.js:44
[ 3150111ms] [LOG] [Fast Refresh] rebuilding @ webpack-internal:///(app-pages-browser)/./node_modules/next/dist/next-devtools/shared/forward-logs-shared.js:44
[ 3150337ms] [LOG] [Fast Refresh] done in 225ms @ webpack-internal:///(app-pages-browser)/./node_modules/next/dist/next-devtools/shared/forward-logs-shared.js:44
[ 3151088ms] [LOG] [Fast Refresh] rebuilding @ webpack-internal:///(app-pages-browser)/./node_modules/next/dist/next-devtools/shared/forward-logs-shared.js:44
[ 3151232ms] [LOG] [Fast Refresh] done in 144ms @ webpack-internal:///(app-pages-browser)/./node_modules/next/dist/next-devtools/shared/forward-logs-shared.js:44
[ 3151874ms] [LOG] [Fast Refresh] rebuilding @ webpack-internal:///(app-pages-browser)/./node_modules/next/dist/next-devtools/shared/forward-logs-shared.js:44
[ 3151991ms] [LOG] [Fast Refresh] done in 116ms @ webpack-internal:///(app-pages-browser)/./node_modules/next/dist/next-devtools/shared/forward-logs-shared.js:44
[ 3152608ms] [LOG] [Fast Refresh] rebuilding @ webpack-internal:///(app-pages-browser)/./node_modules/next/dist/next-devtools/shared/forward-logs-shared.js:44
[ 3152867ms] [LOG] [Fast Refresh] done in 259ms @ webpack-internal:///(app-pages-browser)/./node_modules/next/dist/next-devtools/shared/forward-logs-shared.js:44
[ 3154448ms] [LOG] [Fast Refresh] rebuilding @ webpack-internal:///(app-pages-browser)/./node_modules/next/dist/next-devtools/shared/forward-logs-shared.js:44
[ 3154649ms] [LOG] [Fast Refresh] done in 200ms @ webpack-internal:///(app-pages-browser)/./node_modules/next/dist/next-devtools/shared/forward-logs-shared.js:44
[ 3155429ms] [LOG] [Fast Refresh] rebuilding @ webpack-internal:///(app-pages-browser)/./node_modules/next/dist/next-devtools/shared/forward-logs-shared.js:44
[ 3155604ms] [LOG] [Fast Refresh] done in 175ms @ webpack-internal:///(app-pages-browser)/./node_modules/next/dist/next-devtools/shared/forward-logs-shared.js:44
[ 3156345ms] [LOG] [Fast Refresh] rebuilding @ webpack-internal:///(app-pages-browser)/./node_modules/next/dist/next-devtools/shared/forward-logs-shared.js:44
[ 3156483ms] [LOG] [Fast Refresh] done in 139ms @ webpack-internal:///(app-pages-browser)/./node_modules/next/dist/next-devtools/shared/forward-logs-shared.js:44
[ 3157193ms] [LOG] [Fast Refresh] rebuilding @ webpack-internal:///(app-pages-browser)/./node_modules/next/dist/next-devtools/shared/forward-logs-shared.js:44
[ 3157307ms] [LOG] [Fast Refresh] done in 115ms @ webpack-internal:///(app-pages-browser)/./node_modules/next/dist/next-devtools/shared/forward-logs-shared.js:44
[ 3157990ms] [LOG] [Fast Refresh] rebuilding @ webpack-internal:///(app-pages-browser)/./node_modules/next/dist/next-devtools/shared/forward-logs-shared.js:44
[ 3158152ms] [LOG] [Fast Refresh] done in 161ms @ webpack-internal:///(app-pages-browser)/./node_modules/next/dist/next-devtools/shared/forward-logs-shared.js:44
[ 3158792ms] [LOG] [Fast Refresh] rebuilding @ webpack-internal:///(app-pages-browser)/./node_modules/next/dist/next-devtools/shared/forward-logs-shared.js:44
[ 3158922ms] [LOG] [Fast Refresh] done in 130ms @ webpack-internal:///(app-pages-browser)/./node_modules/next/dist/next-devtools/shared/forward-logs-shared.js:44
[ 3159553ms] [LOG] [Fast Refresh] rebuilding @ webpack-internal:///(app-pages-browser)/./node_modules/next/dist/next-devtools/shared/forward-logs-shared.js:44
[ 3159671ms] [LOG] [Fast Refresh] done in 118ms @ webpack-internal:///(app-pages-browser)/./node_modules/next/dist/next-devtools/shared/forward-logs-shared.js:44
[ 3160331ms] [LOG] [Fast Refresh] rebuilding @ webpack-internal:///(app-pages-browser)/./node_modules/next/dist/next-devtools/shared/forward-logs-shared.js:44
[ 3160473ms] [LOG] [Fast Refresh] done in 141ms @ webpack-internal:///(app-pages-browser)/./node_modules/next/dist/next-devtools/shared/forward-logs-shared.js:44
[ 3161199ms] [LOG] [Fast Refresh] rebuilding @ webpack-internal:///(app-pages-browser)/./node_modules/next/dist/next-devtools/shared/forward-logs-shared.js:44
[ 3161363ms] [LOG] [Fast Refresh] done in 163ms @ webpack-internal:///(app-pages-browser)/./node_modules/next/dist/next-devtools/shared/forward-logs-shared.js:44
[ 3161961ms] [LOG] [Fast Refresh] rebuilding @ webpack-internal:///(app-pages-browser)/./node_modules/next/dist/next-devtools/shared/forward-logs-shared.js:44
[ 3162065ms] [LOG] [Fast Refresh] done in 105ms @ webpack-internal:///(app-pages-browser)/./node_modules/next/dist/next-devtools/shared/forward-logs-shared.js:44
[ 3162726ms] [LOG] [Fast Refresh] rebuilding @ webpack-internal:///(app-pages-browser)/./node_modules/next/dist/next-devtools/shared/forward-logs-shared.js:44
[ 3162869ms] [LOG] [Fast Refresh] done in 144ms @ webpack-internal:///(app-pages-browser)/./node_modules/next/dist/next-devtools/shared/forward-logs-shared.js:44
[ 3163500ms] [LOG] [Fast Refresh] rebuilding @ webpack-internal:///(app-pages-browser)/./node_modules/next/dist/next-devtools/shared/forward-logs-shared.js:44
[ 3163617ms] [LOG] [Fast Refresh] done in 116ms @ webpack-internal:///(app-pages-browser)/./node_modules/next/dist/next-devtools/shared/forward-logs-shared.js:44
[ 3164379ms] [LOG] [Fast Refresh] rebuilding @ webpack-internal:///(app-pages-browser)/./node_modules/next/dist/next-devtools/shared/forward-logs-shared.js:44
[ 3164961ms] [LOG] [Fast Refresh] done in 581ms @ webpack-internal:///(app-pages-browser)/./node_modules/next/dist/next-devtools/shared/forward-logs-shared.js:44
[ 3165473ms] [LOG] [Fast Refresh] rebuilding @ webpack-internal:///(app-pages-browser)/./node_modules/next/dist/next-devtools/shared/forward-logs-shared.js:44
[ 3165671ms] [LOG] [Fast Refresh] done in 198ms @ webpack-internal:///(app-pages-browser)/./node_modules/next/dist/next-devtools/shared/forward-logs-shared.js:44
[ 3166377ms] [LOG] [Fast Refresh] rebuilding @ webpack-internal:///(app-pages-browser)/./node_modules/next/dist/next-devtools/shared/forward-logs-shared.js:44
[ 3166516ms] [LOG] [Fast Refresh] done in 139ms @ webpack-internal:///(app-pages-browser)/./node_modules/next/dist/next-devtools/shared/forward-logs-shared.js:44
[ 3167163ms] [LOG] [Fast Refresh] rebuilding @ webpack-internal:///(app-pages-browser)/./node_modules/next/dist/next-devtools/shared/forward-logs-shared.js:44
[ 3167296ms] [LOG] [Fast Refresh] done in 132ms @ webpack-internal:///(app-pages-browser)/./node_modules/next/dist/next-devtools/shared/forward-logs-shared.js:44
[ 3167958ms] [LOG] [Fast Refresh] rebuilding @ webpack-internal:///(app-pages-browser)/./node_modules/next/dist/next-devtools/shared/forward-logs-shared.js:44
[ 3168102ms] [LOG] [Fast Refresh] done in 145ms @ webpack-internal:///(app-pages-browser)/./node_modules/next/dist/next-devtools/shared/forward-logs-shared.js:44
[ 3168739ms] [LOG] [Fast Refresh] rebuilding @ webpack-internal:///(app-pages-browser)/./node_modules/next/dist/next-devtools/shared/forward-logs-shared.js:44
[ 3168831ms] [LOG] [Fast Refresh] done in 92ms @ webpack-internal:///(app-pages-browser)/./node_modules/next/dist/next-devtools/shared/forward-logs-shared.js:44
[ 3169588ms] [LOG] [Fast Refresh] rebuilding @ webpack-internal:///(app-pages-browser)/./node_modules/next/dist/next-devtools/shared/forward-logs-shared.js:44
[ 3169738ms] [LOG] [Fast Refresh] done in 149ms @ webpack-internal:///(app-pages-browser)/./node_modules/next/dist/next-devtools/shared/forward-logs-shared.js:44
[ 3170376ms] [LOG] [Fast Refresh] rebuilding @ webpack-internal:///(app-pages-browser)/./node_modules/next/dist/next-devtools/shared/forward-logs-shared.js:44
[ 3170473ms] [LOG] [Fast Refresh] done in 97ms @ webpack-internal:///(app-pages-browser)/./node_modules/next/dist/next-devtools/shared/forward-logs-shared.js:44
[ 3171125ms] [LOG] [Fast Refresh] rebuilding @ webpack-internal:///(app-pages-browser)/./node_modules/next/dist/next-devtools/shared/forward-logs-shared.js:44
[ 3171279ms] [LOG] [Fast Refresh] done in 155ms @ webpack-internal:///(app-pages-browser)/./node_modules/next/dist/next-devtools/shared/forward-logs-shared.js:44
[ 3172014ms] [LOG] [Fast Refresh] rebuilding @ webpack-internal:///(app-pages-browser)/./node_modules/next/dist/next-devtools/shared/forward-logs-shared.js:44
[ 3172193ms] [LOG] [Fast Refresh] done in 180ms @ webpack-internal:///(app-pages-browser)/./node_modules/next/dist/next-devtools/shared/forward-logs-shared.js:44
[ 3172843ms] [LOG] [Fast Refresh] rebuilding @ webpack-internal:///(app-pages-browser)/./node_modules/next/dist/next-devtools/shared/forward-logs-shared.js:44
[ 3172984ms] [LOG] [Fast Refresh] done in 141ms @ webpack-internal:///(app-pages-browser)/./node_modules/next/dist/next-devtools/shared/forward-logs-shared.js:44
[ 3173576ms] [LOG] [Fast Refresh] rebuilding @ webpack-internal:///(app-pages-browser)/./node_modules/next/dist/next-devtools/shared/forward-logs-shared.js:44
[ 3173676ms] [LOG] [Fast Refresh] done in 99ms @ webpack-internal:///(app-pages-browser)/./node_modules/next/dist/next-devtools/shared/forward-logs-shared.js:44
[ 3174409ms] [LOG] [Fast Refresh] rebuilding @ webpack-internal:///(app-pages-browser)/./node_modules/next/dist/next-devtools/shared/forward-logs-shared.js:44
[ 3174549ms] [LOG] [Fast Refresh] done in 141ms @ webpack-internal:///(app-pages-browser)/./node_modules/next/dist/next-devtools/shared/forward-logs-shared.js:44
[ 3175130ms] [LOG] [Fast Refresh] rebuilding @ webpack-internal:///(app-pages-browser)/./node_modules/next/dist/next-devtools/shared/forward-logs-shared.js:44
[ 3175226ms] [LOG] [Fast Refresh] done in 96ms @ webpack-internal:///(app-pages-browser)/./node_modules/next/dist/next-devtools/shared/forward-logs-shared.js:44
[ 3175896ms] [LOG] [Fast Refresh] rebuilding @ webpack-internal:///(app-pages-browser)/./node_modules/next/dist/next-devtools/shared/forward-logs-shared.js:44
[ 3176062ms] [LOG] [Fast Refresh] done in 166ms @ webpack-internal:///(app-pages-browser)/./node_modules/next/dist/next-devtools/shared/forward-logs-shared.js:44
[ 3176712ms] [LOG] [Fast Refresh] rebuilding @ webpack-internal:///(app-pages-browser)/./node_modules/next/dist/next-devtools/shared/forward-logs-shared.js:44
[ 3177207ms] [LOG] [Fast Refresh] done in 495ms @ webpack-internal:///(app-pages-browser)/./node_modules/next/dist/next-devtools/shared/forward-logs-shared.js:44
[ 3178758ms] [LOG] [Fast Refresh] rebuilding @ webpack-internal:///(app-pages-browser)/./node_modules/next/dist/next-devtools/shared/forward-logs-shared.js:44
[ 3178950ms] [LOG] [Fast Refresh] done in 192ms @ webpack-internal:///(app-pages-browser)/./node_modules/next/dist/next-devtools/shared/forward-logs-shared.js:44
[ 3179918ms] [LOG] [Fast Refresh] rebuilding @ webpack-internal:///(app-pages-browser)/./node_modules/next/dist/next-devtools/shared/forward-logs-shared.js:44
[ 3180130ms] [LOG] [Fast Refresh] done in 212ms @ webpack-internal:///(app-pages-browser)/./node_modules/next/dist/next-devtools/shared/forward-logs-shared.js:44
[ 3180982ms] [LOG] [Fast Refresh] rebuilding @ webpack-internal:///(app-pages-browser)/./node_modules/next/dist/next-devtools/shared/forward-logs-shared.js:44
[ 3181539ms] [LOG] [Fast Refresh] done in 557ms @ webpack-internal:///(app-pages-browser)/./node_modules/next/dist/next-devtools/shared/forward-logs-shared.js:44
[ 3182202ms] [LOG] [Fast Refresh] rebuilding @ webpack-internal:///(app-pages-browser)/./node_modules/next/dist/next-devtools/shared/forward-logs-shared.js:44
[ 3182403ms] [LOG] [Fast Refresh] done in 201ms @ webpack-internal:///(app-pages-browser)/./node_modules/next/dist/next-devtools/shared/forward-logs-shared.js:44
[ 3183255ms] [LOG] [Fast Refresh] rebuilding @ webpack-internal:///(app-pages-browser)/./node_modules/next/dist/next-devtools/shared/forward-logs-shared.js:44
[ 3183461ms] [LOG] [Fast Refresh] done in 207ms @ webpack-internal:///(app-pages-browser)/./node_modules/next/dist/next-devtools/shared/forward-logs-shared.js:44
[ 3184335ms] [LOG] [Fast Refresh] rebuilding @ webpack-internal:///(app-pages-browser)/./node_modules/next/dist/next-devtools/shared/forward-logs-shared.js:44
[ 3184547ms] [LOG] [Fast Refresh] done in 212ms @ webpack-internal:///(app-pages-browser)/./node_modules/next/dist/next-devtools/shared/forward-logs-shared.js:44
[ 3185457ms] [LOG] [Fast Refresh] rebuilding @ webpack-internal:///(app-pages-browser)/./node_modules/next/dist/next-devtools/shared/forward-logs-shared.js:44
[ 3185687ms] [LOG] [Fast Refresh] done in 231ms @ webpack-internal:///(app-pages-browser)/./node_modules/next/dist/next-devtools/shared/forward-logs-shared.js:44
[ 3186538ms] [LOG] [Fast Refresh] rebuilding @ webpack-internal:///(app-pages-browser)/./node_modules/next/dist/next-devtools/shared/forward-logs-shared.js:44
[ 3186695ms] [LOG] [Fast Refresh] done in 158ms @ webpack-internal:///(app-pages-browser)/./node_modules/next/dist/next-devtools/shared/forward-logs-shared.js:44
[ 3187357ms] [LOG] [Fast Refresh] rebuilding @ webpack-internal:///(app-pages-browser)/./node_modules/next/dist/next-devtools/shared/forward-logs-shared.js:44
[ 3187485ms] [LOG] [Fast Refresh] done in 128ms @ webpack-internal:///(app-pages-browser)/./node_modules/next/dist/next-devtools/shared/forward-logs-shared.js:44
[ 3188203ms] [LOG] [Fast Refresh] rebuilding @ webpack-internal:///(app-pages-browser)/./node_modules/next/dist/next-devtools/shared/forward-logs-shared.js:44
[ 3188373ms] [LOG] [Fast Refresh] done in 170ms @ webpack-internal:///(app-pages-browser)/./node_modules/next/dist/next-devtools/shared/forward-logs-shared.js:44
[ 3189033ms] [LOG] [Fast Refresh] rebuilding @ webpack-internal:///(app-pages-browser)/./node_modules/next/dist/next-devtools/shared/forward-logs-shared.js:44
[ 3189154ms] [LOG] [Fast Refresh] done in 122ms @ webpack-internal:///(app-pages-browser)/./node_modules/next/dist/next-devtools/shared/forward-logs-shared.js:44
[ 3189854ms] [LOG] [Fast Refresh] rebuilding @ webpack-internal:///(app-pages-browser)/./node_modules/next/dist/next-devtools/shared/forward-logs-shared.js:44
[ 3190135ms] [LOG] [Fast Refresh] done in 281ms @ webpack-internal:///(app-pages-browser)/./node_modules/next/dist/next-devtools/shared/forward-logs-shared.js:44
[ 3191055ms] [LOG] [Fast Refresh] rebuilding @ webpack-internal:///(app-pages-browser)/./node_modules/next/dist/next-devtools/shared/forward-logs-shared.js:44
[ 3191295ms] [LOG] [Fast Refresh] done in 240ms @ webpack-internal:///(app-pages-browser)/./node_modules/next/dist/next-devtools/shared/forward-logs-shared.js:44
[ 3191964ms] [LOG] [Fast Refresh] rebuilding @ webpack-internal:///(app-pages-browser)/./node_modules/next/dist/next-devtools/shared/forward-logs-shared.js:44
[ 3192107ms] [LOG] [Fast Refresh] done in 142ms @ webpack-internal:///(app-pages-browser)/./node_modules/next/dist/next-devtools/shared/forward-logs-shared.js:44
[ 3192923ms] [LOG] [Fast Refresh] rebuilding @ webpack-internal:///(app-pages-browser)/./node_modules/next/dist/next-devtools/shared/forward-logs-shared.js:44
[ 3193160ms] [LOG] [Fast Refresh] done in 236ms @ webpack-internal:///(app-pages-browser)/./node_modules/next/dist/next-devtools/shared/forward-logs-shared.js:44
[ 3193864ms] [LOG] [Fast Refresh] rebuilding @ webpack-internal:///(app-pages-browser)/./node_modules/next/dist/next-devtools/shared/forward-logs-shared.js:44
[ 3194039ms] [LOG] [Fast Refresh] done in 175ms @ webpack-internal:///(app-pages-browser)/./node_modules/next/dist/next-devtools/shared/forward-logs-shared.js:44
[ 3195718ms] [LOG] [Fast Refresh] rebuilding @ webpack-internal:///(app-pages-browser)/./node_modules/next/dist/next-devtools/shared/forward-logs-shared.js:44
[ 3196268ms] [LOG] [Fast Refresh] done in 548ms @ webpack-internal:///(app-pages-browser)/./node_modules/next/dist/next-devtools/shared/forward-logs-shared.js:44
[ 3196750ms] [LOG] [Fast Refresh] rebuilding @ webpack-internal:///(app-pages-browser)/./node_modules/next/dist/next-devtools/shared/forward-logs-shared.js:44
[ 3197265ms] [LOG] [Fast Refresh] done in 515ms @ webpack-internal:///(app-pages-browser)/./node_modules/next/dist/next-devtools/shared/forward-logs-shared.js:44
[ 3197757ms] [LOG] [Fast Refresh] rebuilding @ webpack-internal:///(app-pages-browser)/./node_modules/next/dist/next-devtools/shared/forward-logs-shared.js:44
[ 3198297ms] [LOG] [Fast Refresh] done in 541ms @ webpack-internal:///(app-pages-browser)/./node_modules/next/dist/next-devtools/shared/forward-logs-shared.js:44
[ 3198863ms] [LOG] [Fast Refresh] rebuilding @ webpack-internal:///(app-pages-browser)/./node_modules/next/dist/next-devtools/shared/forward-logs-shared.js:44
[ 3199416ms] [LOG] [Fast Refresh] done in 554ms @ webpack-internal:///(app-pages-browser)/./node_modules/next/dist/next-devtools/shared/forward-logs-shared.js:44
[ 3199797ms] [LOG] [Fast Refresh] rebuilding @ webpack-internal:///(app-pages-browser)/./node_modules/next/dist/next-devtools/shared/forward-logs-shared.js:44
[ 3199945ms] [LOG] [Fast Refresh] done in 148ms @ webpack-internal:///(app-pages-browser)/./node_modules/next/dist/next-devtools/shared/forward-logs-shared.js:44
[ 3200644ms] [LOG] [Fast Refresh] rebuilding @ webpack-internal:///(app-pages-browser)/./node_modules/next/dist/next-devtools/shared/forward-logs-shared.js:44
[ 3200812ms] [LOG] [Fast Refresh] done in 168ms @ webpack-internal:///(app-pages-browser)/./node_modules/next/dist/next-devtools/shared/forward-logs-shared.js:44
[ 3201412ms] [LOG] [Fast Refresh] rebuilding @ webpack-internal:///(app-pages-browser)/./node_modules/next/dist/next-devtools/shared/forward-logs-shared.js:44
[ 3201533ms] [LOG] [Fast Refresh] done in 121ms @ webpack-internal:///(app-pages-browser)/./node_modules/next/dist/next-devtools/shared/forward-logs-shared.js:44
[ 3202136ms] [LOG] [Fast Refresh] rebuilding @ webpack-internal:///(app-pages-browser)/./node_modules/next/dist/next-devtools/shared/forward-logs-shared.js:44
[ 3202302ms] [LOG] [Fast Refresh] done in 166ms @ webpack-internal:///(app-pages-browser)/./node_modules/next/dist/next-devtools/shared/forward-logs-shared.js:44
[ 3202972ms] [LOG] [Fast Refresh] rebuilding @ webpack-internal:///(app-pages-browser)/./node_modules/next/dist/next-devtools/shared/forward-logs-shared.js:44
[ 3203092ms] [LOG] [Fast Refresh] done in 120ms @ webpack-internal:///(app-pages-browser)/./node_modules/next/dist/next-devtools/shared/forward-logs-shared.js:44
[ 3203786ms] [LOG] [Fast Refresh] rebuilding @ webpack-internal:///(app-pages-browser)/./node_modules/next/dist/next-devtools/shared/forward-logs-shared.js:44
[ 3203917ms] [LOG] [Fast Refresh] done in 132ms @ webpack-internal:///(app-pages-browser)/./node_modules/next/dist/next-devtools/shared/forward-logs-shared.js:44
[ 3204544ms] [LOG] [Fast Refresh] rebuilding @ webpack-internal:///(app-pages-browser)/./node_modules/next/dist/next-devtools/shared/forward-logs-shared.js:44
[ 3204642ms] [LOG] [Fast Refresh] done in 98ms @ webpack-internal:///(app-pages-browser)/./node_modules/next/dist/next-devtools/shared/forward-logs-shared.js:44
[ 3205262ms] [LOG] [Fast Refresh] rebuilding @ webpack-internal:///(app-pages-browser)/./node_modules/next/dist/next-devtools/shared/forward-logs-shared.js:44
[ 3205978ms] [LOG] [Fast Refresh] done in 715ms @ webpack-internal:///(app-pages-browser)/./node_modules/next/dist/next-devtools/shared/forward-logs-shared.js:44
[ 3207150ms] [LOG] [Fast Refresh] rebuilding @ webpack-internal:///(app-pages-browser)/./node_modules/next/dist/next-devtools/shared/forward-logs-shared.js:44
[ 3207302ms] [LOG] [Fast Refresh] done in 152ms @ webpack-internal:///(app-pages-browser)/./node_modules/next/dist/next-devtools/shared/forward-logs-shared.js:44
[ 3207966ms] [LOG] [Fast Refresh] rebuilding @ webpack-internal:///(app-pages-browser)/./node_modules/next/dist/next-devtools/shared/forward-logs-shared.js:44
[ 3208066ms] [LOG] [Fast Refresh] done in 100ms @ webpack-internal:///(app-pages-browser)/./node_modules/next/dist/next-devtools/shared/forward-logs-shared.js:44
[ 3208727ms] [LOG] [Fast Refresh] rebuilding @ webpack-internal:///(app-pages-browser)/./node_modules/next/dist/next-devtools/shared/forward-logs-shared.js:44
[ 3208842ms] [LOG] [Fast Refresh] done in 114ms @ webpack-internal:///(app-pages-browser)/./node_modules/next/dist/next-devtools/shared/forward-logs-shared.js:44
[ 3209619ms] [LOG] [Fast Refresh] rebuilding @ webpack-internal:///(app-pages-browser)/./node_modules/next/dist/next-devtools/shared/forward-logs-shared.js:44
[ 3209768ms] [LOG] [Fast Refresh] done in 149ms @ webpack-internal:///(app-pages-browser)/./node_modules/next/dist/next-devtools/shared/forward-logs-shared.js:44
[ 3210759ms] [LOG] [Fast Refresh] rebuilding @ webpack-internal:///(app-pages-browser)/./node_modules/next/dist/next-devtools/shared/forward-logs-shared.js:44
[ 3210930ms] [LOG] [Fast Refresh] done in 172ms @ webpack-internal:///(app-pages-browser)/./node_modules/next/dist/next-devtools/shared/forward-logs-shared.js:44
[ 3211596ms] [LOG] [Fast Refresh] rebuilding @ webpack-internal:///(app-pages-browser)/./node_modules/next/dist/next-devtools/shared/forward-logs-shared.js:44
[ 3211719ms] [LOG] [Fast Refresh] done in 124ms @ webpack-internal:///(app-pages-browser)/./node_modules/next/dist/next-devtools/shared/forward-logs-shared.js:44
[ 3212403ms] [LOG] [Fast Refresh] rebuilding @ webpack-internal:///(app-pages-browser)/./node_modules/next/dist/next-devtools/shared/forward-logs-shared.js:44
[ 3212567ms] [LOG] [Fast Refresh] done in 165ms @ webpack-internal:///(app-pages-browser)/./node_modules/next/dist/next-devtools/shared/forward-logs-shared.js:44
[ 3213267ms] [LOG] [Fast Refresh] rebuilding @ webpack-internal:///(app-pages-browser)/./node_modules/next/dist/next-devtools/shared/forward-logs-shared.js:44
[ 3213437ms] [LOG] [Fast Refresh] done in 170ms @ webpack-internal:///(app-pages-browser)/./node_modules/next/dist/next-devtools/shared/forward-logs-shared.js:44
[ 3214144ms] [LOG] [Fast Refresh] rebuilding @ webpack-internal:///(app-pages-browser)/./node_modules/next/dist/next-devtools/shared/forward-logs-shared.js:44
[ 3214265ms] [LOG] [Fast Refresh] done in 122ms @ webpack-internal:///(app-pages-browser)/./node_modules/next/dist/next-devtools/shared/forward-logs-shared.js:44
[ 3214976ms] [LOG] [Fast Refresh] rebuilding @ webpack-internal:///(app-pages-browser)/./node_modules/next/dist/next-devtools/shared/forward-logs-shared.js:44
[ 3215135ms] [LOG] [Fast Refresh] done in 159ms @ webpack-internal:///(app-pages-browser)/./node_modules/next/dist/next-devtools/shared/forward-logs-shared.js:44
[ 3215792ms] [LOG] [Fast Refresh] rebuilding @ webpack-internal:///(app-pages-browser)/./node_modules/next/dist/next-devtools/shared/forward-logs-shared.js:44
[ 3215902ms] [LOG] [Fast Refresh] done in 109ms @ webpack-internal:///(app-pages-browser)/./node_modules/next/dist/next-devtools/shared/forward-logs-shared.js:44
[ 3216592ms] [LOG] [Fast Refresh] rebuilding @ webpack-internal:///(app-pages-browser)/./node_modules/next/dist/next-devtools/shared/forward-logs-shared.js:44
[ 3216716ms] [LOG] [Fast Refresh] done in 125ms @ webpack-internal:///(app-pages-browser)/./node_modules/next/dist/next-devtools/shared/forward-logs-shared.js:44
[ 3217366ms] [LOG] [Fast Refresh] rebuilding @ webpack-internal:///(app-pages-browser)/./node_modules/next/dist/next-devtools/shared/forward-logs-shared.js:44
[ 3217477ms] [LOG] [Fast Refresh] done in 111ms @ webpack-internal:///(app-pages-browser)/./node_modules/next/dist/next-devtools/shared/forward-logs-shared.js:44
[ 3218148ms] [LOG] [Fast Refresh] rebuilding @ webpack-internal:///(app-pages-browser)/./node_modules/next/dist/next-devtools/shared/forward-logs-shared.js:44
[ 3218311ms] [LOG] [Fast Refresh] done in 163ms @ webpack-internal:///(app-pages-browser)/./node_modules/next/dist/next-devtools/shared/forward-logs-shared.js:44
[ 3218909ms] [LOG] [Fast Refresh] rebuilding @ webpack-internal:///(app-pages-browser)/./node_modules/next/dist/next-devtools/shared/forward-logs-shared.js:44
[ 3219050ms] [LOG] [Fast Refresh] done in 141ms @ webpack-internal:///(app-pages-browser)/./node_modules/next/dist/next-devtools/shared/forward-logs-shared.js:44
[ 3219665ms] [LOG] [Fast Refresh] rebuilding @ webpack-internal:///(app-pages-browser)/./node_modules/next/dist/next-devtools/shared/forward-logs-shared.js:44
[ 3219797ms] [LOG] [Fast Refresh] done in 131ms @ webpack-internal:///(app-pages-browser)/./node_modules/next/dist/next-devtools/shared/forward-logs-shared.js:44
[ 3220410ms] [LOG] [Fast Refresh] rebuilding @ webpack-internal:///(app-pages-browser)/./node_modules/next/dist/next-devtools/shared/forward-logs-shared.js:44
[ 3220525ms] [LOG] [Fast Refresh] done in 115ms @ webpack-internal:///(app-pages-browser)/./node_modules/next/dist/next-devtools/shared/forward-logs-shared.js:44
[ 3221169ms] [LOG] [Fast Refresh] rebuilding @ webpack-internal:///(app-pages-browser)/./node_modules/next/dist/next-devtools/shared/forward-logs-shared.js:44
[ 3221312ms] [LOG] [Fast Refresh] done in 144ms @ webpack-internal:///(app-pages-browser)/./node_modules/next/dist/next-devtools/shared/forward-logs-shared.js:44
[ 3221931ms] [LOG] [Fast Refresh] rebuilding @ webpack-internal:///(app-pages-browser)/./node_modules/next/dist/next-devtools/shared/forward-logs-shared.js:44
[ 3222029ms] [LOG] [Fast Refresh] done in 97ms @ webpack-internal:///(app-pages-browser)/./node_modules/next/dist/next-devtools/shared/forward-logs-shared.js:44
[ 3222711ms] [LOG] [Fast Refresh] rebuilding @ webpack-internal:///(app-pages-browser)/./node_modules/next/dist/next-devtools/shared/forward-logs-shared.js:44
[ 3222863ms] [LOG] [Fast Refresh] done in 152ms @ webpack-internal:///(app-pages-browser)/./node_modules/next/dist/next-devtools/shared/forward-logs-shared.js:44
[ 3223461ms] [LOG] [Fast Refresh] rebuilding @ webpack-internal:///(app-pages-browser)/./node_modules/next/dist/next-devtools/shared/forward-logs-shared.js:44
[ 3223606ms] [LOG] [Fast Refresh] done in 146ms @ webpack-internal:///(app-pages-browser)/./node_modules/next/dist/next-devtools/shared/forward-logs-shared.js:44
[ 3224257ms] [LOG] [Fast Refresh] rebuilding @ webpack-internal:///(app-pages-browser)/./node_modules/next/dist/next-devtools/shared/forward-logs-shared.js:44
[ 3224538ms] [LOG] [Fast Refresh] done in 281ms @ webpack-internal:///(app-pages-browser)/./node_modules/next/dist/next-devtools/shared/forward-logs-shared.js:44
[ 3225371ms] [LOG] [Fast Refresh] rebuilding @ webpack-internal:///(app-pages-browser)/./node_modules/next/dist/next-devtools/shared/forward-logs-shared.js:44
[ 3225556ms] [LOG] [Fast Refresh] done in 186ms @ webpack-internal:///(app-pages-browser)/./node_modules/next/dist/next-devtools/shared/forward-logs-shared.js:44
[ 3226268ms] [LOG] [Fast Refresh] rebuilding @ webpack-internal:///(app-pages-browser)/./node_modules/next/dist/next-devtools/shared/forward-logs-shared.js:44
[ 3226414ms] [LOG] [Fast Refresh] done in 146ms @ webpack-internal:///(app-pages-browser)/./node_modules/next/dist/next-devtools/shared/forward-logs-shared.js:44
[ 3227125ms] [LOG] [Fast Refresh] rebuilding @ webpack-internal:///(app-pages-browser)/./node_modules/next/dist/next-devtools/shared/forward-logs-shared.js:44
[ 3227258ms] [LOG] [Fast Refresh] done in 134ms @ webpack-internal:///(app-pages-browser)/./node_modules/next/dist/next-devtools/shared/forward-logs-shared.js:44
[ 3227964ms] [LOG] [Fast Refresh] rebuilding @ webpack-internal:///(app-pages-browser)/./node_modules/next/dist/next-devtools/shared/forward-logs-shared.js:44
[ 3228158ms] [LOG] [Fast Refresh] done in 194ms @ webpack-internal:///(app-pages-browser)/./node_modules/next/dist/next-devtools/shared/forward-logs-shared.js:44
[ 3229167ms] [LOG] [Fast Refresh] rebuilding @ webpack-internal:///(app-pages-browser)/./node_modules/next/dist/next-devtools/shared/forward-logs-shared.js:44
[ 3229467ms] [LOG] [Fast Refresh] done in 300ms @ webpack-internal:///(app-pages-browser)/./node_modules/next/dist/next-devtools/shared/forward-logs-shared.js:44
[ 3230322ms] [LOG] [Fast Refresh] rebuilding @ webpack-internal:///(app-pages-browser)/./node_modules/next/dist/next-devtools/shared/forward-logs-shared.js:44
[ 3231185ms] [LOG] [Fast Refresh] done in 862ms @ webpack-internal:///(app-pages-browser)/./node_modules/next/dist/next-devtools/shared/forward-logs-shared.js:44
[ 3232867ms] [LOG] [Fast Refresh] rebuilding @ webpack-internal:///(app-pages-browser)/./node_modules/next/dist/next-devtools/shared/forward-logs-shared.js:44
[ 3233053ms] [LOG] [Fast Refresh] done in 186ms @ webpack-internal:///(app-pages-browser)/./node_modules/next/dist/next-devtools/shared/forward-logs-shared.js:44
[ 3233804ms] [LOG] [Fast Refresh] rebuilding @ webpack-internal:///(app-pages-browser)/./node_modules/next/dist/next-devtools/shared/forward-logs-shared.js:44
[ 3233958ms] [LOG] [Fast Refresh] done in 153ms @ webpack-internal:///(app-pages-browser)/./node_modules/next/dist/next-devtools/shared/forward-logs-shared.js:44
[ 3234724ms] [LOG] [Fast Refresh] rebuilding @ webpack-internal:///(app-pages-browser)/./node_modules/next/dist/next-devtools/shared/forward-logs-shared.js:44
[ 3234858ms] [LOG] [Fast Refresh] done in 134ms @ webpack-internal:///(app-pages-browser)/./node_modules/next/dist/next-devtools/shared/forward-logs-shared.js:44
[ 3235585ms] [LOG] [Fast Refresh] rebuilding @ webpack-internal:///(app-pages-browser)/./node_modules/next/dist/next-devtools/shared/forward-logs-shared.js:44
[ 3235758ms] [LOG] [Fast Refresh] done in 173ms @ webpack-internal:///(app-pages-browser)/./node_modules/next/dist/next-devtools/shared/forward-logs-shared.js:44
[ 3236679ms] [LOG] [Fast Refresh] rebuilding @ webpack-internal:///(app-pages-browser)/./node_modules/next/dist/next-devtools/shared/forward-logs-shared.js:44
[ 3237134ms] [LOG] [Fast Refresh] done in 455ms @ webpack-internal:///(app-pages-browser)/./node_modules/next/dist/next-devtools/shared/forward-logs-shared.js:44
[ 3238309ms] [LOG] [Fast Refresh] rebuilding @ webpack-internal:///(app-pages-browser)/./node_modules/next/dist/next-devtools/shared/forward-logs-shared.js:44
[ 3238532ms] [LOG] [Fast Refresh] done in 223ms @ webpack-internal:///(app-pages-browser)/./node_modules/next/dist/next-devtools/shared/forward-logs-shared.js:44
[ 3242709ms] [WARNING] The resource http://localhost:3000/_next/static/css/app/layout.css?v=1786518080646 was preloaded using link preload but not used within a few seconds from the window's load event. Please make sure it has an appropriate `as` value and it is preloaded intentionally. @ http://localhost:3000/sales-executive/u4:0
[ 3242711ms] [WARNING] The resource http://localhost:3000/_next/static/css/app/layout.css?v=1786518498544 was preloaded using link preload but not used within a few seconds from the window's load event. Please make sure it has an appropriate `as` value and it is preloaded intentionally. @ http://localhost:3000/sales-executive/u4:0
[ 3242711ms] [WARNING] The resource http://localhost:3000/_next/static/css/app/layout.css?v=1786518060386 was preloaded using link preload but not used within a few seconds from the window's load event. Please make sure it has an appropriate `as` value and it is preloaded intentionally. @ http://localhost:3000/sales-executive/u4:0
[ 3242712ms] [WARNING] The resource http://localhost:3000/_next/static/css/app/layout.css?v=1786518226184 was preloaded using link preload but not used within a few seconds from the window's load event. Please make sure it has an appropriate `as` value and it is preloaded intentionally. @ http://localhost:3000/sales-executive/u4:0
[ 3242746ms] [WARNING] The resource http://localhost:3000/_next/static/css/app/layout.css?v=1786518190420 was preloaded using link preload but not used within a few seconds from the window's load event. Please make sure it has an appropriate `as` value and it is preloaded intentionally. @ http://localhost:3000/sales-executive/u4:0
[ 3242747ms] [WARNING] The resource http://localhost:3000/_next/static/css/app/layout.css?v=1786518083009 was preloaded using link preload but not used within a few seconds from the window's load event. Please make sure it has an appropriate `as` value and it is preloaded intentionally. @ http://localhost:3000/sales-executive/u4:0
[ 3242748ms] [WARNING] The resource http://localhost:3000/_next/static/css/app/layout.css?v=1786518067276 was preloaded using link preload but not used within a few seconds from the window's load event. Please make sure it has an appropriate `as` value and it is preloaded intentionally. @ http://localhost:3000/sales-executive/u4:0
[ 3242750ms] [WARNING] The resource http://localhost:3000/_next/static/css/app/layout.css?v=1786518066981 was preloaded using link preload but not used within a few seconds from the window's load event. Please make sure it has an appropriate `as` value and it is preloaded intentionally. @ http://localhost:3000/sales-executive/u4:0
[ 3242750ms] [WARNING] The resource http://localhost:3000/_next/static/css/app/layout.css?v=1786518067126 was preloaded using link preload but not used within a few seconds from the window's load event. Please make sure it has an appropriate `as` value and it is preloaded intentionally. @ http://localhost:3000/sales-executive/u4:0
[ 3242750ms] [WARNING] The resource http://localhost:3000/_next/static/css/app/layout.css?v=1786518450089 was preloaded using link preload but not used within a few seconds from the window's load event. Please make sure it has an appropriate `as` value and it is preloaded intentionally. @ http://localhost:3000/sales-executive/u4:0
[ 3242751ms] [WARNING] The resource http://localhost:3000/_next/static/css/app/layout.css?v=1786518080810 was preloaded using link preload but not used within a few seconds from the window's load event. Please make sure it has an appropriate `as` value and it is preloaded intentionally. @ http://localhost:3000/sales-executive/u4:0
[ 3242751ms] [WARNING] The resource http://localhost:3000/_next/static/css/app/layout.css?v=1786518288209 was preloaded using link preload but not used within a few seconds from the window's load event. Please make sure it has an appropriate `as` value and it is preloaded intentionally. @ http://localhost:3000/sales-executive/u4:0
[ 3242751ms] [WARNING] The resource http://localhost:3000/_next/static/css/app/layout.css?v=1786518062127 was preloaded using link preload but not used within a few seconds from the window's load event. Please make sure it has an appropriate `as` value and it is preloaded intentionally. @ http://localhost:3000/sales-executive/u4:0
[ 3242751ms] [WARNING] The resource http://localhost:3000/_next/static/css/app/layout.css?v=1786518082545 was preloaded using link preload but not used within a few seconds from the window's load event. Please make sure it has an appropriate `as` value and it is preloaded intentionally. @ http://localhost:3000/sales-executive/u4:0
[ 3242751ms] [WARNING] The resource http://localhost:3000/_next/static/css/app/layout.css?v=1786518392601 was preloaded using link preload but not used within a few seconds from the window's load event. Please make sure it has an appropriate `as` value and it is preloaded intentionally. @ http://localhost:3000/sales-executive/u4:0
[ 3242751ms] [WARNING] The resource http://localhost:3000/_next/static/css/app/layout.css?v=1786518232196 was preloaded using link preload but not used within a few seconds from the window's load event. Please make sure it has an appropriate `as` value and it is preloaded intentionally. @ http://localhost:3000/sales-executive/u4:0
[ 3242751ms] [WARNING] The resource http://localhost:3000/_next/static/css/app/layout.css?v=1786518224019 was preloaded using link preload but not used within a few seconds from the window's load event. Please make sure it has an appropriate `as` value and it is preloaded intentionally. @ http://localhost:3000/sales-executive/u4:0
[ 3242771ms] [LOG] [Fast Refresh] rebuilding @ webpack-internal:///(app-pages-browser)/./node_modules/next/dist/next-devtools/shared/forward-logs-shared.js:44
[ 3242886ms] [LOG] [Fast Refresh] done in 115ms @ webpack-internal:///(app-pages-browser)/./node_modules/next/dist/next-devtools/shared/forward-logs-shared.js:44
[ 3242914ms] [LOG] [Fast Refresh] rebuilding @ webpack-internal:///(app-pages-browser)/./node_modules/next/dist/next-devtools/shared/forward-logs-shared.js:44
[ 3246533ms] [LOG] [Fast Refresh] done in 3617ms @ webpack-internal:///(app-pages-browser)/./node_modules/next/dist/next-devtools/shared/forward-logs-shared.js:44
[ 3246552ms] [LOG] [Fast Refresh] rebuilding @ webpack-internal:///(app-pages-browser)/./node_modules/next/dist/next-devtools/shared/forward-logs-shared.js:44
[ 3246595ms] [LOG] [Fast Refresh] done in 42ms @ webpack-internal:///(app-pages-browser)/./node_modules/next/dist/next-devtools/shared/forward-logs-shared.js:44
[ 3246604ms] [LOG] [Fast Refresh] rebuilding @ webpack-internal:///(app-pages-browser)/./node_modules/next/dist/next-devtools/shared/forward-logs-shared.js:44
[ 3248035ms] [LOG] [Fast Refresh] done in 1430ms @ webpack-internal:///(app-pages-browser)/./node_modules/next/dist/next-devtools/shared/forward-logs-shared.js:44
[ 3248041ms] [LOG] [Fast Refresh] rebuilding @ webpack-internal:///(app-pages-browser)/./node_modules/next/dist/next-devtools/shared/forward-logs-shared.js:44
[ 3248670ms] [LOG] [Fast Refresh] done in 629ms @ webpack-internal:///(app-pages-browser)/./node_modules/next/dist/next-devtools/shared/forward-logs-shared.js:44
[ 3248998ms] [LOG] [Fast Refresh] rebuilding @ webpack-internal:///(app-pages-browser)/./node_modules/next/dist/next-devtools/shared/forward-logs-shared.js:44
[ 3249162ms] [LOG] [Fast Refresh] done in 164ms @ webpack-internal:///(app-pages-browser)/./node_modules/next/dist/next-devtools/shared/forward-logs-shared.js:44
[ 3249897ms] [LOG] [Fast Refresh] rebuilding @ webpack-internal:///(app-pages-browser)/./node_modules/next/dist/next-devtools/shared/forward-logs-shared.js:44
[ 3250118ms] [LOG] [Fast Refresh] done in 220ms @ webpack-internal:///(app-pages-browser)/./node_modules/next/dist/next-devtools/shared/forward-logs-shared.js:44
[ 3250963ms] [LOG] [Fast Refresh] rebuilding @ webpack-internal:///(app-pages-browser)/./node_modules/next/dist/next-devtools/shared/forward-logs-shared.js:44
[ 3251142ms] [LOG] [Fast Refresh] done in 178ms @ webpack-internal:///(app-pages-browser)/./node_modules/next/dist/next-devtools/shared/forward-logs-shared.js:44
[ 3251897ms] [LOG] [Fast Refresh] rebuilding @ webpack-internal:///(app-pages-browser)/./node_modules/next/dist/next-devtools/shared/forward-logs-shared.js:44
[ 3252132ms] [LOG] [Fast Refresh] done in 235ms @ webpack-internal:///(app-pages-browser)/./node_modules/next/dist/next-devtools/shared/forward-logs-shared.js:44
[ 3253060ms] [LOG] [Fast Refresh] rebuilding @ webpack-internal:///(app-pages-browser)/./node_modules/next/dist/next-devtools/shared/forward-logs-shared.js:44
[ 3253247ms] [LOG] [Fast Refresh] done in 187ms @ webpack-internal:///(app-pages-browser)/./node_modules/next/dist/next-devtools/shared/forward-logs-shared.js:44
[ 3253964ms] [LOG] [Fast Refresh] rebuilding @ webpack-internal:///(app-pages-browser)/./node_modules/next/dist/next-devtools/shared/forward-logs-shared.js:44
[ 3254172ms] [LOG] [Fast Refresh] done in 209ms @ webpack-internal:///(app-pages-browser)/./node_modules/next/dist/next-devtools/shared/forward-logs-shared.js:44
[ 3255084ms] [LOG] [Fast Refresh] rebuilding @ webpack-internal:///(app-pages-browser)/./node_modules/next/dist/next-devtools/shared/forward-logs-shared.js:44
[ 3255266ms] [LOG] [Fast Refresh] done in 181ms @ webpack-internal:///(app-pages-browser)/./node_modules/next/dist/next-devtools/shared/forward-logs-shared.js:44
[ 3256761ms] [LOG] [Fast Refresh] rebuilding @ webpack-internal:///(app-pages-browser)/./node_modules/next/dist/next-devtools/shared/forward-logs-shared.js:44
[ 3257432ms] [LOG] [Fast Refresh] done in 671ms @ webpack-internal:///(app-pages-browser)/./node_modules/next/dist/next-devtools/shared/forward-logs-shared.js:44
[ 3257859ms] [LOG] [Fast Refresh] rebuilding @ webpack-internal:///(app-pages-browser)/./node_modules/next/dist/next-devtools/shared/forward-logs-shared.js:44
[ 3258019ms] [LOG] [Fast Refresh] done in 161ms @ webpack-internal:///(app-pages-browser)/./node_modules/next/dist/next-devtools/shared/forward-logs-shared.js:44
[ 3259074ms] [LOG] [Fast Refresh] rebuilding @ webpack-internal:///(app-pages-browser)/./node_modules/next/dist/next-devtools/shared/forward-logs-shared.js:44
[ 3259262ms] [LOG] [Fast Refresh] done in 187ms @ webpack-internal:///(app-pages-browser)/./node_modules/next/dist/next-devtools/shared/forward-logs-shared.js:44
[ 3260041ms] [LOG] [Fast Refresh] rebuilding @ webpack-internal:///(app-pages-browser)/./node_modules/next/dist/next-devtools/shared/forward-logs-shared.js:44
[ 3260181ms] [LOG] [Fast Refresh] done in 140ms @ webpack-internal:///(app-pages-browser)/./node_modules/next/dist/next-devtools/shared/forward-logs-shared.js:44
[ 3260973ms] [LOG] [Fast Refresh] rebuilding @ webpack-internal:///(app-pages-browser)/./node_modules/next/dist/next-devtools/shared/forward-logs-shared.js:44
[ 3261170ms] [LOG] [Fast Refresh] done in 197ms @ webpack-internal:///(app-pages-browser)/./node_modules/next/dist/next-devtools/shared/forward-logs-shared.js:44
[ 3262085ms] [LOG] [Fast Refresh] rebuilding @ webpack-internal:///(app-pages-browser)/./node_modules/next/dist/next-devtools/shared/forward-logs-shared.js:44
[ 3262319ms] [LOG] [Fast Refresh] done in 233ms @ webpack-internal:///(app-pages-browser)/./node_modules/next/dist/next-devtools/shared/forward-logs-shared.js:44
[ 3263277ms] [LOG] [Fast Refresh] rebuilding @ webpack-internal:///(app-pages-browser)/./node_modules/next/dist/next-devtools/shared/forward-logs-shared.js:44
[ 3263791ms] [LOG] [Fast Refresh] done in 514ms @ webpack-internal:///(app-pages-browser)/./node_modules/next/dist/next-devtools/shared/forward-logs-shared.js:44
[ 3264165ms] [LOG] [Fast Refresh] rebuilding @ webpack-internal:///(app-pages-browser)/./node_modules/next/dist/next-devtools/shared/forward-logs-shared.js:44
[ 3264306ms] [LOG] [Fast Refresh] done in 142ms @ webpack-internal:///(app-pages-browser)/./node_modules/next/dist/next-devtools/shared/forward-logs-shared.js:44
[ 3265035ms] [LOG] [Fast Refresh] rebuilding @ webpack-internal:///(app-pages-browser)/./node_modules/next/dist/next-devtools/shared/forward-logs-shared.js:44
[ 3265242ms] [LOG] [Fast Refresh] done in 208ms @ webpack-internal:///(app-pages-browser)/./node_modules/next/dist/next-devtools/shared/forward-logs-shared.js:44
[ 3265894ms] [LOG] [Fast Refresh] rebuilding @ webpack-internal:///(app-pages-browser)/./node_modules/next/dist/next-devtools/shared/forward-logs-shared.js:44
[ 3266034ms] [LOG] [Fast Refresh] done in 140ms @ webpack-internal:///(app-pages-browser)/./node_modules/next/dist/next-devtools/shared/forward-logs-shared.js:44
[ 3267367ms] [LOG] [Fast Refresh] rebuilding @ webpack-internal:///(app-pages-browser)/./node_modules/next/dist/next-devtools/shared/forward-logs-shared.js:44
[ 3268508ms] [LOG] [Fast Refresh] done in 1141ms @ webpack-internal:///(app-pages-browser)/./node_modules/next/dist/next-devtools/shared/forward-logs-shared.js:44
[ 3269361ms] [LOG] [Fast Refresh] rebuilding @ webpack-internal:///(app-pages-browser)/./node_modules/next/dist/next-devtools/shared/forward-logs-shared.js:44
[ 3269631ms] [LOG] [Fast Refresh] done in 270ms @ webpack-internal:///(app-pages-browser)/./node_modules/next/dist/next-devtools/shared/forward-logs-shared.js:44
[ 3270688ms] [LOG] [Fast Refresh] rebuilding @ webpack-internal:///(app-pages-browser)/./node_modules/next/dist/next-devtools/shared/forward-logs-shared.js:44
[ 3270890ms] [LOG] [Fast Refresh] done in 202ms @ webpack-internal:///(app-pages-browser)/./node_modules/next/dist/next-devtools/shared/forward-logs-shared.js:44
[ 3271639ms] [LOG] [Fast Refresh] rebuilding @ webpack-internal:///(app-pages-browser)/./node_modules/next/dist/next-devtools/shared/forward-logs-shared.js:44
[ 3271794ms] [LOG] [Fast Refresh] done in 156ms @ webpack-internal:///(app-pages-browser)/./node_modules/next/dist/next-devtools/shared/forward-logs-shared.js:44
[ 3272495ms] [LOG] [Fast Refresh] rebuilding @ webpack-internal:///(app-pages-browser)/./node_modules/next/dist/next-devtools/shared/forward-logs-shared.js:44
[ 3272623ms] [LOG] [Fast Refresh] done in 127ms @ webpack-internal:///(app-pages-browser)/./node_modules/next/dist/next-devtools/shared/forward-logs-shared.js:44
[ 3273301ms] [LOG] [Fast Refresh] rebuilding @ webpack-internal:///(app-pages-browser)/./node_modules/next/dist/next-devtools/shared/forward-logs-shared.js:44
[ 3273453ms] [LOG] [Fast Refresh] done in 152ms @ webpack-internal:///(app-pages-browser)/./node_modules/next/dist/next-devtools/shared/forward-logs-shared.js:44
[ 3274119ms] [LOG] [Fast Refresh] rebuilding @ webpack-internal:///(app-pages-browser)/./node_modules/next/dist/next-devtools/shared/forward-logs-shared.js:44
[ 3274266ms] [LOG] [Fast Refresh] done in 147ms @ webpack-internal:///(app-pages-browser)/./node_modules/next/dist/next-devtools/shared/forward-logs-shared.js:44
[ 3274871ms] [LOG] [Fast Refresh] rebuilding @ webpack-internal:///(app-pages-browser)/./node_modules/next/dist/next-devtools/shared/forward-logs-shared.js:44
[ 3274989ms] [LOG] [Fast Refresh] done in 117ms @ webpack-internal:///(app-pages-browser)/./node_modules/next/dist/next-devtools/shared/forward-logs-shared.js:44
[ 3275628ms] [LOG] [Fast Refresh] rebuilding @ webpack-internal:///(app-pages-browser)/./node_modules/next/dist/next-devtools/shared/forward-logs-shared.js:44
[ 3275778ms] [LOG] [Fast Refresh] done in 149ms @ webpack-internal:///(app-pages-browser)/./node_modules/next/dist/next-devtools/shared/forward-logs-shared.js:44
[ 3276388ms] [LOG] [Fast Refresh] rebuilding @ webpack-internal:///(app-pages-browser)/./node_modules/next/dist/next-devtools/shared/forward-logs-shared.js:44
[ 3276534ms] [LOG] [Fast Refresh] done in 146ms @ webpack-internal:///(app-pages-browser)/./node_modules/next/dist/next-devtools/shared/forward-logs-shared.js:44
[ 3277193ms] [LOG] [Fast Refresh] rebuilding @ webpack-internal:///(app-pages-browser)/./node_modules/next/dist/next-devtools/shared/forward-logs-shared.js:44
[ 3277391ms] [LOG] [Fast Refresh] done in 197ms @ webpack-internal:///(app-pages-browser)/./node_modules/next/dist/next-devtools/shared/forward-logs-shared.js:44
[ 3278061ms] [LOG] [Fast Refresh] rebuilding @ webpack-internal:///(app-pages-browser)/./node_modules/next/dist/next-devtools/shared/forward-logs-shared.js:44
[ 3278200ms] [LOG] [Fast Refresh] done in 139ms @ webpack-internal:///(app-pages-browser)/./node_modules/next/dist/next-devtools/shared/forward-logs-shared.js:44
[ 3278824ms] [LOG] [Fast Refresh] rebuilding @ webpack-internal:///(app-pages-browser)/./node_modules/next/dist/next-devtools/shared/forward-logs-shared.js:44
[ 3279009ms] [LOG] [Fast Refresh] done in 186ms @ webpack-internal:///(app-pages-browser)/./node_modules/next/dist/next-devtools/shared/forward-logs-shared.js:44
[ 3279687ms] [LOG] [Fast Refresh] rebuilding @ webpack-internal:///(app-pages-browser)/./node_modules/next/dist/next-devtools/shared/forward-logs-shared.js:44
[ 3279852ms] [LOG] [Fast Refresh] done in 165ms @ webpack-internal:///(app-pages-browser)/./node_modules/next/dist/next-devtools/shared/forward-logs-shared.js:44
[ 3280581ms] [LOG] [Fast Refresh] rebuilding @ webpack-internal:///(app-pages-browser)/./node_modules/next/dist/next-devtools/shared/forward-logs-shared.js:44
[ 3280790ms] [LOG] [Fast Refresh] done in 208ms @ webpack-internal:///(app-pages-browser)/./node_modules/next/dist/next-devtools/shared/forward-logs-shared.js:44
[ 3281404ms] [LOG] [Fast Refresh] rebuilding @ webpack-internal:///(app-pages-browser)/./node_modules/next/dist/next-devtools/shared/forward-logs-shared.js:44
[ 3281564ms] [LOG] [Fast Refresh] done in 161ms @ webpack-internal:///(app-pages-browser)/./node_modules/next/dist/next-devtools/shared/forward-logs-shared.js:44
[ 3282232ms] [LOG] [Fast Refresh] rebuilding @ webpack-internal:///(app-pages-browser)/./node_modules/next/dist/next-devtools/shared/forward-logs-shared.js:44
[ 3282395ms] [LOG] [Fast Refresh] done in 164ms @ webpack-internal:///(app-pages-browser)/./node_modules/next/dist/next-devtools/shared/forward-logs-shared.js:44
[ 3283138ms] [LOG] [Fast Refresh] rebuilding @ webpack-internal:///(app-pages-browser)/./node_modules/next/dist/next-devtools/shared/forward-logs-shared.js:44
[ 3283311ms] [LOG] [Fast Refresh] done in 173ms @ webpack-internal:///(app-pages-browser)/./node_modules/next/dist/next-devtools/shared/forward-logs-shared.js:44
[ 3284069ms] [LOG] [Fast Refresh] rebuilding @ webpack-internal:///(app-pages-browser)/./node_modules/next/dist/next-devtools/shared/forward-logs-shared.js:44
[ 3284272ms] [LOG] [Fast Refresh] done in 202ms @ webpack-internal:///(app-pages-browser)/./node_modules/next/dist/next-devtools/shared/forward-logs-shared.js:44
[ 3285310ms] [LOG] [Fast Refresh] rebuilding @ webpack-internal:///(app-pages-browser)/./node_modules/next/dist/next-devtools/shared/forward-logs-shared.js:44
[ 3285529ms] [LOG] [Fast Refresh] done in 220ms @ webpack-internal:///(app-pages-browser)/./node_modules/next/dist/next-devtools/shared/forward-logs-shared.js:44
[ 3286507ms] [LOG] [Fast Refresh] rebuilding @ webpack-internal:///(app-pages-browser)/./node_modules/next/dist/next-devtools/shared/forward-logs-shared.js:44
[ 3286715ms] [LOG] [Fast Refresh] done in 208ms @ webpack-internal:///(app-pages-browser)/./node_modules/next/dist/next-devtools/shared/forward-logs-shared.js:44
[ 3287433ms] [LOG] [Fast Refresh] rebuilding @ webpack-internal:///(app-pages-browser)/./node_modules/next/dist/next-devtools/shared/forward-logs-shared.js:44
[ 3287596ms] [LOG] [Fast Refresh] done in 163ms @ webpack-internal:///(app-pages-browser)/./node_modules/next/dist/next-devtools/shared/forward-logs-shared.js:44
[ 3288369ms] [LOG] [Fast Refresh] rebuilding @ webpack-internal:///(app-pages-browser)/./node_modules/next/dist/next-devtools/shared/forward-logs-shared.js:44
[ 3288558ms] [LOG] [Fast Refresh] done in 189ms @ webpack-internal:///(app-pages-browser)/./node_modules/next/dist/next-devtools/shared/forward-logs-shared.js:44
[ 3289348ms] [LOG] [Fast Refresh] rebuilding @ webpack-internal:///(app-pages-browser)/./node_modules/next/dist/next-devtools/shared/forward-logs-shared.js:44
[ 3289499ms] [LOG] [Fast Refresh] done in 151ms @ webpack-internal:///(app-pages-browser)/./node_modules/next/dist/next-devtools/shared/forward-logs-shared.js:44
[ 3290302ms] [LOG] [Fast Refresh] rebuilding @ webpack-internal:///(app-pages-browser)/./node_modules/next/dist/next-devtools/shared/forward-logs-shared.js:44
[ 3290479ms] [LOG] [Fast Refresh] done in 177ms @ webpack-internal:///(app-pages-browser)/./node_modules/next/dist/next-devtools/shared/forward-logs-shared.js:44
[ 3291413ms] [LOG] [Fast Refresh] rebuilding @ webpack-internal:///(app-pages-browser)/./node_modules/next/dist/next-devtools/shared/forward-logs-shared.js:44
[ 3291591ms] [LOG] [Fast Refresh] done in 179ms @ webpack-internal:///(app-pages-browser)/./node_modules/next/dist/next-devtools/shared/forward-logs-shared.js:44
[ 3292713ms] [LOG] [Fast Refresh] rebuilding @ webpack-internal:///(app-pages-browser)/./node_modules/next/dist/next-devtools/shared/forward-logs-shared.js:44
[ 3292908ms] [LOG] [Fast Refresh] done in 195ms @ webpack-internal:///(app-pages-browser)/./node_modules/next/dist/next-devtools/shared/forward-logs-shared.js:44
[ 3293714ms] [LOG] [Fast Refresh] rebuilding @ webpack-internal:///(app-pages-browser)/./node_modules/next/dist/next-devtools/shared/forward-logs-shared.js:44
[ 3293994ms] [LOG] [Fast Refresh] done in 280ms @ webpack-internal:///(app-pages-browser)/./node_modules/next/dist/next-devtools/shared/forward-logs-shared.js:44
[ 3295266ms] [LOG] [Fast Refresh] rebuilding @ webpack-internal:///(app-pages-browser)/./node_modules/next/dist/next-devtools/shared/forward-logs-shared.js:44
[ 3296263ms] [LOG] [Fast Refresh] done in 996ms @ webpack-internal:///(app-pages-browser)/./node_modules/next/dist/next-devtools/shared/forward-logs-shared.js:44
[ 3297040ms] [LOG] [Fast Refresh] rebuilding @ webpack-internal:///(app-pages-browser)/./node_modules/next/dist/next-devtools/shared/forward-logs-shared.js:44
[ 3297209ms] [LOG] [Fast Refresh] done in 169ms @ webpack-internal:///(app-pages-browser)/./node_modules/next/dist/next-devtools/shared/forward-logs-shared.js:44
[ 3297873ms] [LOG] [Fast Refresh] rebuilding @ webpack-internal:///(app-pages-browser)/./node_modules/next/dist/next-devtools/shared/forward-logs-shared.js:44
[ 3298000ms] [LOG] [Fast Refresh] done in 128ms @ webpack-internal:///(app-pages-browser)/./node_modules/next/dist/next-devtools/shared/forward-logs-shared.js:44
[ 3298793ms] [LOG] [Fast Refresh] rebuilding @ webpack-internal:///(app-pages-browser)/./node_modules/next/dist/next-devtools/shared/forward-logs-shared.js:44
[ 3299047ms] [LOG] [Fast Refresh] done in 254ms @ webpack-internal:///(app-pages-browser)/./node_modules/next/dist/next-devtools/shared/forward-logs-shared.js:44
[ 3299902ms] [LOG] [Fast Refresh] rebuilding @ webpack-internal:///(app-pages-browser)/./node_modules/next/dist/next-devtools/shared/forward-logs-shared.js:44
[ 3300113ms] [LOG] [Fast Refresh] done in 211ms @ webpack-internal:///(app-pages-browser)/./node_modules/next/dist/next-devtools/shared/forward-logs-shared.js:44
[ 3301085ms] [LOG] [Fast Refresh] rebuilding @ webpack-internal:///(app-pages-browser)/./node_modules/next/dist/next-devtools/shared/forward-logs-shared.js:44
[ 3301407ms] [LOG] [Fast Refresh] done in 321ms @ webpack-internal:///(app-pages-browser)/./node_modules/next/dist/next-devtools/shared/forward-logs-shared.js:44
[ 3301989ms] [LOG] [Fast Refresh] rebuilding @ webpack-internal:///(app-pages-browser)/./node_modules/next/dist/next-devtools/shared/forward-logs-shared.js:44
[ 3302135ms] [LOG] [Fast Refresh] done in 146ms @ webpack-internal:///(app-pages-browser)/./node_modules/next/dist/next-devtools/shared/forward-logs-shared.js:44
[ 3302792ms] [LOG] [Fast Refresh] rebuilding @ webpack-internal:///(app-pages-browser)/./node_modules/next/dist/next-devtools/shared/forward-logs-shared.js:44
[ 3302928ms] [LOG] [Fast Refresh] done in 137ms @ webpack-internal:///(app-pages-browser)/./node_modules/next/dist/next-devtools/shared/forward-logs-shared.js:44
[ 3303541ms] [LOG] [Fast Refresh] rebuilding @ webpack-internal:///(app-pages-browser)/./node_modules/next/dist/next-devtools/shared/forward-logs-shared.js:44
[ 3303656ms] [LOG] [Fast Refresh] done in 114ms @ webpack-internal:///(app-pages-browser)/./node_modules/next/dist/next-devtools/shared/forward-logs-shared.js:44
[ 3304345ms] [LOG] [Fast Refresh] rebuilding @ webpack-internal:///(app-pages-browser)/./node_modules/next/dist/next-devtools/shared/forward-logs-shared.js:44
[ 3304476ms] [LOG] [Fast Refresh] done in 130ms @ webpack-internal:///(app-pages-browser)/./node_modules/next/dist/next-devtools/shared/forward-logs-shared.js:44
[ 3305113ms] [LOG] [Fast Refresh] rebuilding @ webpack-internal:///(app-pages-browser)/./node_modules/next/dist/next-devtools/shared/forward-logs-shared.js:44
[ 3305230ms] [LOG] [Fast Refresh] done in 117ms @ webpack-internal:///(app-pages-browser)/./node_modules/next/dist/next-devtools/shared/forward-logs-shared.js:44
[ 3305915ms] [LOG] [Fast Refresh] rebuilding @ webpack-internal:///(app-pages-browser)/./node_modules/next/dist/next-devtools/shared/forward-logs-shared.js:44
[ 3306061ms] [LOG] [Fast Refresh] done in 146ms @ webpack-internal:///(app-pages-browser)/./node_modules/next/dist/next-devtools/shared/forward-logs-shared.js:44
[ 3306718ms] [LOG] [Fast Refresh] rebuilding @ webpack-internal:///(app-pages-browser)/./node_modules/next/dist/next-devtools/shared/forward-logs-shared.js:44
[ 3306841ms] [LOG] [Fast Refresh] done in 123ms @ webpack-internal:///(app-pages-browser)/./node_modules/next/dist/next-devtools/shared/forward-logs-shared.js:44
[ 3307578ms] [LOG] [Fast Refresh] rebuilding @ webpack-internal:///(app-pages-browser)/./node_modules/next/dist/next-devtools/shared/forward-logs-shared.js:44
[ 3307716ms] [LOG] [Fast Refresh] done in 139ms @ webpack-internal:///(app-pages-browser)/./node_modules/next/dist/next-devtools/shared/forward-logs-shared.js:44
[ 3308424ms] [LOG] [Fast Refresh] rebuilding @ webpack-internal:///(app-pages-browser)/./node_modules/next/dist/next-devtools/shared/forward-logs-shared.js:44
[ 3308558ms] [LOG] [Fast Refresh] done in 134ms @ webpack-internal:///(app-pages-browser)/./node_modules/next/dist/next-devtools/shared/forward-logs-shared.js:44
[ 3309238ms] [LOG] [Fast Refresh] rebuilding @ webpack-internal:///(app-pages-browser)/./node_modules/next/dist/next-devtools/shared/forward-logs-shared.js:44
[ 3309401ms] [LOG] [Fast Refresh] done in 162ms @ webpack-internal:///(app-pages-browser)/./node_modules/next/dist/next-devtools/shared/forward-logs-shared.js:44
[ 3310153ms] [LOG] [Fast Refresh] rebuilding @ webpack-internal:///(app-pages-browser)/./node_modules/next/dist/next-devtools/shared/forward-logs-shared.js:44
[ 3310297ms] [LOG] [Fast Refresh] done in 145ms @ webpack-internal:///(app-pages-browser)/./node_modules/next/dist/next-devtools/shared/forward-logs-shared.js:44
[ 3311284ms] [LOG] [Fast Refresh] rebuilding @ webpack-internal:///(app-pages-browser)/./node_modules/next/dist/next-devtools/shared/forward-logs-shared.js:44
[ 3311824ms] [LOG] [Fast Refresh] done in 540ms @ webpack-internal:///(app-pages-browser)/./node_modules/next/dist/next-devtools/shared/forward-logs-shared.js:44
[ 3312197ms] [LOG] [Fast Refresh] rebuilding @ webpack-internal:///(app-pages-browser)/./node_modules/next/dist/next-devtools/shared/forward-logs-shared.js:44
[ 3312347ms] [LOG] [Fast Refresh] done in 150ms @ webpack-internal:///(app-pages-browser)/./node_modules/next/dist/next-devtools/shared/forward-logs-shared.js:44
[ 3313096ms] [LOG] [Fast Refresh] rebuilding @ webpack-internal:///(app-pages-browser)/./node_modules/next/dist/next-devtools/shared/forward-logs-shared.js:44
[ 3313277ms] [LOG] [Fast Refresh] done in 180ms @ webpack-internal:///(app-pages-browser)/./node_modules/next/dist/next-devtools/shared/forward-logs-shared.js:44
[ 3313951ms] [LOG] [Fast Refresh] rebuilding @ webpack-internal:///(app-pages-browser)/./node_modules/next/dist/next-devtools/shared/forward-logs-shared.js:44
[ 3314047ms] [LOG] [Fast Refresh] done in 95ms @ webpack-internal:///(app-pages-browser)/./node_modules/next/dist/next-devtools/shared/forward-logs-shared.js:44
[ 3315127ms] [LOG] [Fast Refresh] rebuilding @ webpack-internal:///(app-pages-browser)/./node_modules/next/dist/next-devtools/shared/forward-logs-shared.js:44
[ 3315734ms] [LOG] [Fast Refresh] done in 608ms @ webpack-internal:///(app-pages-browser)/./node_modules/next/dist/next-devtools/shared/forward-logs-shared.js:44
[ 3316141ms] [LOG] [Fast Refresh] rebuilding @ webpack-internal:///(app-pages-browser)/./node_modules/next/dist/next-devtools/shared/forward-logs-shared.js:44
[ 3316333ms] [LOG] [Fast Refresh] done in 191ms @ webpack-internal:///(app-pages-browser)/./node_modules/next/dist/next-devtools/shared/forward-logs-shared.js:44
[ 3317046ms] [LOG] [Fast Refresh] rebuilding @ webpack-internal:///(app-pages-browser)/./node_modules/next/dist/next-devtools/shared/forward-logs-shared.js:44
[ 3317229ms] [LOG] [Fast Refresh] done in 183ms @ webpack-internal:///(app-pages-browser)/./node_modules/next/dist/next-devtools/shared/forward-logs-shared.js:44
[ 3317940ms] [LOG] [Fast Refresh] rebuilding @ webpack-internal:///(app-pages-browser)/./node_modules/next/dist/next-devtools/shared/forward-logs-shared.js:44
[ 3318134ms] [LOG] [Fast Refresh] done in 194ms @ webpack-internal:///(app-pages-browser)/./node_modules/next/dist/next-devtools/shared/forward-logs-shared.js:44
[ 3318970ms] [LOG] [Fast Refresh] rebuilding @ webpack-internal:///(app-pages-browser)/./node_modules/next/dist/next-devtools/shared/forward-logs-shared.js:44
[ 3319117ms] [LOG] [Fast Refresh] done in 146ms @ webpack-internal:///(app-pages-browser)/./node_modules/next/dist/next-devtools/shared/forward-logs-shared.js:44
[ 3319847ms] [LOG] [Fast Refresh] rebuilding @ webpack-internal:///(app-pages-browser)/./node_modules/next/dist/next-devtools/shared/forward-logs-shared.js:44
[ 3320002ms] [LOG] [Fast Refresh] done in 156ms @ webpack-internal:///(app-pages-browser)/./node_modules/next/dist/next-devtools/shared/forward-logs-shared.js:44
[ 3320646ms] [LOG] [Fast Refresh] rebuilding @ webpack-internal:///(app-pages-browser)/./node_modules/next/dist/next-devtools/shared/forward-logs-shared.js:44
[ 3320791ms] [LOG] [Fast Refresh] done in 144ms @ webpack-internal:///(app-pages-browser)/./node_modules/next/dist/next-devtools/shared/forward-logs-shared.js:44
[ 3321394ms] [LOG] [Fast Refresh] rebuilding @ webpack-internal:///(app-pages-browser)/./node_modules/next/dist/next-devtools/shared/forward-logs-shared.js:44
[ 3321933ms] [LOG] [Fast Refresh] done in 538ms @ webpack-internal:///(app-pages-browser)/./node_modules/next/dist/next-devtools/shared/forward-logs-shared.js:44
[ 3323432ms] [LOG] [Fast Refresh] rebuilding @ webpack-internal:///(app-pages-browser)/./node_modules/next/dist/next-devtools/shared/forward-logs-shared.js:44
[ 3323591ms] [LOG] [Fast Refresh] done in 159ms @ webpack-internal:///(app-pages-browser)/./node_modules/next/dist/next-devtools/shared/forward-logs-shared.js:44
[ 3324305ms] [LOG] [Fast Refresh] rebuilding @ webpack-internal:///(app-pages-browser)/./node_modules/next/dist/next-devtools/shared/forward-logs-shared.js:44
[ 3324453ms] [LOG] [Fast Refresh] done in 149ms @ webpack-internal:///(app-pages-browser)/./node_modules/next/dist/next-devtools/shared/forward-logs-shared.js:44
[ 3325154ms] [LOG] [Fast Refresh] rebuilding @ webpack-internal:///(app-pages-browser)/./node_modules/next/dist/next-devtools/shared/forward-logs-shared.js:44
[ 3325372ms] [LOG] [Fast Refresh] done in 218ms @ webpack-internal:///(app-pages-browser)/./node_modules/next/dist/next-devtools/shared/forward-logs-shared.js:44
[ 3326041ms] [LOG] [Fast Refresh] rebuilding @ webpack-internal:///(app-pages-browser)/./node_modules/next/dist/next-devtools/shared/forward-logs-shared.js:44
[ 3326130ms] [LOG] [Fast Refresh] done in 89ms @ webpack-internal:///(app-pages-browser)/./node_modules/next/dist/next-devtools/shared/forward-logs-shared.js:44
[ 3326837ms] [LOG] [Fast Refresh] rebuilding @ webpack-internal:///(app-pages-browser)/./node_modules/next/dist/next-devtools/shared/forward-logs-shared.js:44
[ 3326965ms] [LOG] [Fast Refresh] done in 128ms @ webpack-internal:///(app-pages-browser)/./node_modules/next/dist/next-devtools/shared/forward-logs-shared.js:44
[ 3327754ms] [LOG] [Fast Refresh] rebuilding @ webpack-internal:///(app-pages-browser)/./node_modules/next/dist/next-devtools/shared/forward-logs-shared.js:44
[ 3327864ms] [LOG] [Fast Refresh] done in 111ms @ webpack-internal:///(app-pages-browser)/./node_modules/next/dist/next-devtools/shared/forward-logs-shared.js:44
[ 3328560ms] [LOG] [Fast Refresh] rebuilding @ webpack-internal:///(app-pages-browser)/./node_modules/next/dist/next-devtools/shared/forward-logs-shared.js:44
[ 3328720ms] [LOG] [Fast Refresh] done in 160ms @ webpack-internal:///(app-pages-browser)/./node_modules/next/dist/next-devtools/shared/forward-logs-shared.js:44
[ 3329478ms] [LOG] [Fast Refresh] rebuilding @ webpack-internal:///(app-pages-browser)/./node_modules/next/dist/next-devtools/shared/forward-logs-shared.js:44
[ 3329603ms] [LOG] [Fast Refresh] done in 124ms @ webpack-internal:///(app-pages-browser)/./node_modules/next/dist/next-devtools/shared/forward-logs-shared.js:44
[ 3331109ms] [LOG] [Fast Refresh] rebuilding @ webpack-internal:///(app-pages-browser)/./node_modules/next/dist/next-devtools/shared/forward-logs-shared.js:44
[ 3331713ms] [LOG] [Fast Refresh] done in 605ms @ webpack-internal:///(app-pages-browser)/./node_modules/next/dist/next-devtools/shared/forward-logs-shared.js:44
[ 3332138ms] [LOG] [Fast Refresh] rebuilding @ webpack-internal:///(app-pages-browser)/./node_modules/next/dist/next-devtools/shared/forward-logs-shared.js:44
[ 3332441ms] [LOG] [Fast Refresh] done in 304ms @ webpack-internal:///(app-pages-browser)/./node_modules/next/dist/next-devtools/shared/forward-logs-shared.js:44
[ 3333277ms] [LOG] [Fast Refresh] rebuilding @ webpack-internal:///(app-pages-browser)/./node_modules/next/dist/next-devtools/shared/forward-logs-shared.js:44
[ 3333493ms] [LOG] [Fast Refresh] done in 216ms @ webpack-internal:///(app-pages-browser)/./node_modules/next/dist/next-devtools/shared/forward-logs-shared.js:44
[ 3334608ms] [LOG] [Fast Refresh] rebuilding @ webpack-internal:///(app-pages-browser)/./node_modules/next/dist/next-devtools/shared/forward-logs-shared.js:44
[ 3335032ms] [LOG] [Fast Refresh] done in 423ms @ webpack-internal:///(app-pages-browser)/./node_modules/next/dist/next-devtools/shared/forward-logs-shared.js:44
[ 3336052ms] [LOG] [Fast Refresh] rebuilding @ webpack-internal:///(app-pages-browser)/./node_modules/next/dist/next-devtools/shared/forward-logs-shared.js:44
[ 3336254ms] [LOG] [Fast Refresh] done in 202ms @ webpack-internal:///(app-pages-browser)/./node_modules/next/dist/next-devtools/shared/forward-logs-shared.js:44
[ 3337198ms] [LOG] [Fast Refresh] rebuilding @ webpack-internal:///(app-pages-browser)/./node_modules/next/dist/next-devtools/shared/forward-logs-shared.js:44
[ 3337362ms] [LOG] [Fast Refresh] done in 164ms @ webpack-internal:///(app-pages-browser)/./node_modules/next/dist/next-devtools/shared/forward-logs-shared.js:44
[ 3338218ms] [LOG] [Fast Refresh] rebuilding @ webpack-internal:///(app-pages-browser)/./node_modules/next/dist/next-devtools/shared/forward-logs-shared.js:44
[ 3338409ms] [LOG] [Fast Refresh] done in 191ms @ webpack-internal:///(app-pages-browser)/./node_modules/next/dist/next-devtools/shared/forward-logs-shared.js:44
[ 3339147ms] [LOG] [Fast Refresh] rebuilding @ webpack-internal:///(app-pages-browser)/./node_modules/next/dist/next-devtools/shared/forward-logs-shared.js:44
[ 3339330ms] [LOG] [Fast Refresh] done in 182ms @ webpack-internal:///(app-pages-browser)/./node_modules/next/dist/next-devtools/shared/forward-logs-shared.js:44
[ 3340025ms] [LOG] [Fast Refresh] rebuilding @ webpack-internal:///(app-pages-browser)/./node_modules/next/dist/next-devtools/shared/forward-logs-shared.js:44
[ 3340184ms] [LOG] [Fast Refresh] done in 158ms @ webpack-internal:///(app-pages-browser)/./node_modules/next/dist/next-devtools/shared/forward-logs-shared.js:44
[ 3340978ms] [LOG] [Fast Refresh] rebuilding @ webpack-internal:///(app-pages-browser)/./node_modules/next/dist/next-devtools/shared/forward-logs-shared.js:44
[ 3341181ms] [LOG] [Fast Refresh] done in 202ms @ webpack-internal:///(app-pages-browser)/./node_modules/next/dist/next-devtools/shared/forward-logs-shared.js:44
[ 3341886ms] [LOG] [Fast Refresh] rebuilding @ webpack-internal:///(app-pages-browser)/./node_modules/next/dist/next-devtools/shared/forward-logs-shared.js:44
[ 3342018ms] [LOG] [Fast Refresh] done in 132ms @ webpack-internal:///(app-pages-browser)/./node_modules/next/dist/next-devtools/shared/forward-logs-shared.js:44
[ 3342763ms] [LOG] [Fast Refresh] rebuilding @ webpack-internal:///(app-pages-browser)/./node_modules/next/dist/next-devtools/shared/forward-logs-shared.js:44
[ 3342924ms] [LOG] [Fast Refresh] done in 161ms @ webpack-internal:///(app-pages-browser)/./node_modules/next/dist/next-devtools/shared/forward-logs-shared.js:44
[ 3343673ms] [LOG] [Fast Refresh] rebuilding @ webpack-internal:///(app-pages-browser)/./node_modules/next/dist/next-devtools/shared/forward-logs-shared.js:44
[ 3343801ms] [LOG] [Fast Refresh] done in 127ms @ webpack-internal:///(app-pages-browser)/./node_modules/next/dist/next-devtools/shared/forward-logs-shared.js:44
[ 3344528ms] [LOG] [Fast Refresh] rebuilding @ webpack-internal:///(app-pages-browser)/./node_modules/next/dist/next-devtools/shared/forward-logs-shared.js:44
[ 3344665ms] [LOG] [Fast Refresh] done in 137ms @ webpack-internal:///(app-pages-browser)/./node_modules/next/dist/next-devtools/shared/forward-logs-shared.js:44
[ 3345576ms] [LOG] [Fast Refresh] rebuilding @ webpack-internal:///(app-pages-browser)/./node_modules/next/dist/next-devtools/shared/forward-logs-shared.js:44
[ 3345745ms] [LOG] [Fast Refresh] done in 169ms @ webpack-internal:///(app-pages-browser)/./node_modules/next/dist/next-devtools/shared/forward-logs-shared.js:44
[ 3346550ms] [LOG] [Fast Refresh] rebuilding @ webpack-internal:///(app-pages-browser)/./node_modules/next/dist/next-devtools/shared/forward-logs-shared.js:44
[ 3346672ms] [LOG] [Fast Refresh] done in 123ms @ webpack-internal:///(app-pages-browser)/./node_modules/next/dist/next-devtools/shared/forward-logs-shared.js:44
[ 3347408ms] [LOG] [Fast Refresh] rebuilding @ webpack-internal:///(app-pages-browser)/./node_modules/next/dist/next-devtools/shared/forward-logs-shared.js:44
[ 3347593ms] [LOG] [Fast Refresh] done in 184ms @ webpack-internal:///(app-pages-browser)/./node_modules/next/dist/next-devtools/shared/forward-logs-shared.js:44
[ 3348250ms] [LOG] [Fast Refresh] rebuilding @ webpack-internal:///(app-pages-browser)/./node_modules/next/dist/next-devtools/shared/forward-logs-shared.js:44
[ 3348385ms] [LOG] [Fast Refresh] done in 135ms @ webpack-internal:///(app-pages-browser)/./node_modules/next/dist/next-devtools/shared/forward-logs-shared.js:44
[ 3349203ms] [LOG] [Fast Refresh] rebuilding @ webpack-internal:///(app-pages-browser)/./node_modules/next/dist/next-devtools/shared/forward-logs-shared.js:44
[ 3349329ms] [LOG] [Fast Refresh] done in 125ms @ webpack-internal:///(app-pages-browser)/./node_modules/next/dist/next-devtools/shared/forward-logs-shared.js:44
[ 3350061ms] [LOG] [Fast Refresh] rebuilding @ webpack-internal:///(app-pages-browser)/./node_modules/next/dist/next-devtools/shared/forward-logs-shared.js:44
[ 3350481ms] [LOG] [Fast Refresh] done in 420ms @ webpack-internal:///(app-pages-browser)/./node_modules/next/dist/next-devtools/shared/forward-logs-shared.js:44
[ 3352096ms] [LOG] [Fast Refresh] rebuilding @ webpack-internal:///(app-pages-browser)/./node_modules/next/dist/next-devtools/shared/forward-logs-shared.js:44
[ 3352317ms] [LOG] [Fast Refresh] done in 220ms @ webpack-internal:///(app-pages-browser)/./node_modules/next/dist/next-devtools/shared/forward-logs-shared.js:44
[ 3353136ms] [LOG] [Fast Refresh] rebuilding @ webpack-internal:///(app-pages-browser)/./node_modules/next/dist/next-devtools/shared/forward-logs-shared.js:44
[ 3353290ms] [LOG] [Fast Refresh] done in 154ms @ webpack-internal:///(app-pages-browser)/./node_modules/next/dist/next-devtools/shared/forward-logs-shared.js:44
[ 3353988ms] [LOG] [Fast Refresh] rebuilding @ webpack-internal:///(app-pages-browser)/./node_modules/next/dist/next-devtools/shared/forward-logs-shared.js:44
[ 3354145ms] [LOG] [Fast Refresh] done in 156ms @ webpack-internal:///(app-pages-browser)/./node_modules/next/dist/next-devtools/shared/forward-logs-shared.js:44
[ 3354936ms] [LOG] [Fast Refresh] rebuilding @ webpack-internal:///(app-pages-browser)/./node_modules/next/dist/next-devtools/shared/forward-logs-shared.js:44
[ 3355401ms] [LOG] [Fast Refresh] done in 465ms @ webpack-internal:///(app-pages-browser)/./node_modules/next/dist/next-devtools/shared/forward-logs-shared.js:44
[ 3355795ms] [LOG] [Fast Refresh] rebuilding @ webpack-internal:///(app-pages-browser)/./node_modules/next/dist/next-devtools/shared/forward-logs-shared.js:44
[ 3355952ms] [LOG] [Fast Refresh] done in 156ms @ webpack-internal:///(app-pages-browser)/./node_modules/next/dist/next-devtools/shared/forward-logs-shared.js:44
[ 3356896ms] [LOG] [Fast Refresh] rebuilding @ webpack-internal:///(app-pages-browser)/./node_modules/next/dist/next-devtools/shared/forward-logs-shared.js:44
[ 3357198ms] [LOG] [Fast Refresh] done in 302ms @ webpack-internal:///(app-pages-browser)/./node_modules/next/dist/next-devtools/shared/forward-logs-shared.js:44
[ 3358047ms] [LOG] [Fast Refresh] rebuilding @ webpack-internal:///(app-pages-browser)/./node_modules/next/dist/next-devtools/shared/forward-logs-shared.js:44
[ 3358255ms] [LOG] [Fast Refresh] done in 208ms @ webpack-internal:///(app-pages-browser)/./node_modules/next/dist/next-devtools/shared/forward-logs-shared.js:44
[ 3359568ms] [LOG] [Fast Refresh] rebuilding @ webpack-internal:///(app-pages-browser)/./node_modules/next/dist/next-devtools/shared/forward-logs-shared.js:44
[ 3361631ms] [LOG] [Fast Refresh] done in 2063ms @ webpack-internal:///(app-pages-browser)/./node_modules/next/dist/next-devtools/shared/forward-logs-shared.js:44
[ 3362511ms] [LOG] [Fast Refresh] rebuilding @ webpack-internal:///(app-pages-browser)/./node_modules/next/dist/next-devtools/shared/forward-logs-shared.js:44
[ 3362702ms] [LOG] [Fast Refresh] done in 192ms @ webpack-internal:///(app-pages-browser)/./node_modules/next/dist/next-devtools/shared/forward-logs-shared.js:44
[ 3363628ms] [LOG] [Fast Refresh] rebuilding @ webpack-internal:///(app-pages-browser)/./node_modules/next/dist/next-devtools/shared/forward-logs-shared.js:44
[ 3363831ms] [LOG] [Fast Refresh] done in 203ms @ webpack-internal:///(app-pages-browser)/./node_modules/next/dist/next-devtools/shared/forward-logs-shared.js:44
[ 3364825ms] [LOG] [Fast Refresh] rebuilding @ webpack-internal:///(app-pages-browser)/./node_modules/next/dist/next-devtools/shared/forward-logs-shared.js:44
[ 3365049ms] [LOG] [Fast Refresh] done in 224ms @ webpack-internal:///(app-pages-browser)/./node_modules/next/dist/next-devtools/shared/forward-logs-shared.js:44
[ 3366066ms] [LOG] [Fast Refresh] rebuilding @ webpack-internal:///(app-pages-browser)/./node_modules/next/dist/next-devtools/shared/forward-logs-shared.js:44
[ 3366437ms] [LOG] [Fast Refresh] done in 370ms @ webpack-internal:///(app-pages-browser)/./node_modules/next/dist/next-devtools/shared/forward-logs-shared.js:44
[ 3367327ms] [LOG] [Fast Refresh] rebuilding @ webpack-internal:///(app-pages-browser)/./node_modules/next/dist/next-devtools/shared/forward-logs-shared.js:44
[ 3367542ms] [LOG] [Fast Refresh] done in 215ms @ webpack-internal:///(app-pages-browser)/./node_modules/next/dist/next-devtools/shared/forward-logs-shared.js:44
[ 3368610ms] [LOG] [Fast Refresh] rebuilding @ webpack-internal:///(app-pages-browser)/./node_modules/next/dist/next-devtools/shared/forward-logs-shared.js:44
[ 3368825ms] [LOG] [Fast Refresh] done in 215ms @ webpack-internal:///(app-pages-browser)/./node_modules/next/dist/next-devtools/shared/forward-logs-shared.js:44
[ 3369744ms] [LOG] [Fast Refresh] rebuilding @ webpack-internal:///(app-pages-browser)/./node_modules/next/dist/next-devtools/shared/forward-logs-shared.js:44
[ 3370370ms] [LOG] [Fast Refresh] done in 625ms @ webpack-internal:///(app-pages-browser)/./node_modules/next/dist/next-devtools/shared/forward-logs-shared.js:44
[ 3370908ms] [LOG] [Fast Refresh] rebuilding @ webpack-internal:///(app-pages-browser)/./node_modules/next/dist/next-devtools/shared/forward-logs-shared.js:44
[ 3371205ms] [LOG] [Fast Refresh] done in 297ms @ webpack-internal:///(app-pages-browser)/./node_modules/next/dist/next-devtools/shared/forward-logs-shared.js:44
[ 3372031ms] [LOG] [Fast Refresh] rebuilding @ webpack-internal:///(app-pages-browser)/./node_modules/next/dist/next-devtools/shared/forward-logs-shared.js:44
[ 3372215ms] [LOG] [Fast Refresh] done in 185ms @ webpack-internal:///(app-pages-browser)/./node_modules/next/dist/next-devtools/shared/forward-logs-shared.js:44
[ 3373094ms] [LOG] [Fast Refresh] rebuilding @ webpack-internal:///(app-pages-browser)/./node_modules/next/dist/next-devtools/shared/forward-logs-shared.js:44
[ 3373608ms] [LOG] [Fast Refresh] done in 515ms @ webpack-internal:///(app-pages-browser)/./node_modules/next/dist/next-devtools/shared/forward-logs-shared.js:44
[ 3374044ms] [LOG] [Fast Refresh] rebuilding @ webpack-internal:///(app-pages-browser)/./node_modules/next/dist/next-devtools/shared/forward-logs-shared.js:44
[ 3374207ms] [LOG] [Fast Refresh] done in 164ms @ webpack-internal:///(app-pages-browser)/./node_modules/next/dist/next-devtools/shared/forward-logs-shared.js:44
[ 3375314ms] [LOG] [Fast Refresh] rebuilding @ webpack-internal:///(app-pages-browser)/./node_modules/next/dist/next-devtools/shared/forward-logs-shared.js:44
[ 3375948ms] [LOG] [Fast Refresh] done in 635ms @ webpack-internal:///(app-pages-browser)/./node_modules/next/dist/next-devtools/shared/forward-logs-shared.js:44
[ 3376371ms] [LOG] [Fast Refresh] rebuilding @ webpack-internal:///(app-pages-browser)/./node_modules/next/dist/next-devtools/shared/forward-logs-shared.js:44
[ 3376541ms] [LOG] [Fast Refresh] done in 171ms @ webpack-internal:///(app-pages-browser)/./node_modules/next/dist/next-devtools/shared/forward-logs-shared.js:44
[ 3377274ms] [LOG] [Fast Refresh] rebuilding @ webpack-internal:///(app-pages-browser)/./node_modules/next/dist/next-devtools/shared/forward-logs-shared.js:44
[ 3377495ms] [LOG] [Fast Refresh] done in 222ms @ webpack-internal:///(app-pages-browser)/./node_modules/next/dist/next-devtools/shared/forward-logs-shared.js:44
[ 3378141ms] [LOG] [Fast Refresh] rebuilding @ webpack-internal:///(app-pages-browser)/./node_modules/next/dist/next-devtools/shared/forward-logs-shared.js:44
[ 3378309ms] [LOG] [Fast Refresh] done in 167ms @ webpack-internal:///(app-pages-browser)/./node_modules/next/dist/next-devtools/shared/forward-logs-shared.js:44
[ 3379052ms] [LOG] [Fast Refresh] rebuilding @ webpack-internal:///(app-pages-browser)/./node_modules/next/dist/next-devtools/shared/forward-logs-shared.js:44
[ 3379206ms] [LOG] [Fast Refresh] done in 155ms @ webpack-internal:///(app-pages-browser)/./node_modules/next/dist/next-devtools/shared/forward-logs-shared.js:44
[ 3379891ms] [LOG] [Fast Refresh] rebuilding @ webpack-internal:///(app-pages-browser)/./node_modules/next/dist/next-devtools/shared/forward-logs-shared.js:44
[ 3380004ms] [LOG] [Fast Refresh] done in 114ms @ webpack-internal:///(app-pages-browser)/./node_modules/next/dist/next-devtools/shared/forward-logs-shared.js:44
[ 3380705ms] [LOG] [Fast Refresh] rebuilding @ webpack-internal:///(app-pages-browser)/./node_modules/next/dist/next-devtools/shared/forward-logs-shared.js:44
[ 3380879ms] [LOG] [Fast Refresh] done in 174ms @ webpack-internal:///(app-pages-browser)/./node_modules/next/dist/next-devtools/shared/forward-logs-shared.js:44
[ 3381553ms] [LOG] [Fast Refresh] rebuilding @ webpack-internal:///(app-pages-browser)/./node_modules/next/dist/next-devtools/shared/forward-logs-shared.js:44
[ 3381710ms] [LOG] [Fast Refresh] done in 158ms @ webpack-internal:///(app-pages-browser)/./node_modules/next/dist/next-devtools/shared/forward-logs-shared.js:44
[ 3382415ms] [LOG] [Fast Refresh] rebuilding @ webpack-internal:///(app-pages-browser)/./node_modules/next/dist/next-devtools/shared/forward-logs-shared.js:44
[ 3382616ms] [LOG] [Fast Refresh] done in 201ms @ webpack-internal:///(app-pages-browser)/./node_modules/next/dist/next-devtools/shared/forward-logs-shared.js:44
[ 3383166ms] [LOG] [Fast Refresh] rebuilding @ webpack-internal:///(app-pages-browser)/./node_modules/next/dist/next-devtools/shared/forward-logs-shared.js:44
[ 3383301ms] [LOG] [Fast Refresh] done in 134ms @ webpack-internal:///(app-pages-browser)/./node_modules/next/dist/next-devtools/shared/forward-logs-shared.js:44
[ 3384003ms] [LOG] [Fast Refresh] rebuilding @ webpack-internal:///(app-pages-browser)/./node_modules/next/dist/next-devtools/shared/forward-logs-shared.js:44
[ 3384162ms] [LOG] [Fast Refresh] done in 159ms @ webpack-internal:///(app-pages-browser)/./node_modules/next/dist/next-devtools/shared/forward-logs-shared.js:44
[ 3384826ms] [LOG] [Fast Refresh] rebuilding @ webpack-internal:///(app-pages-browser)/./node_modules/next/dist/next-devtools/shared/forward-logs-shared.js:44
[ 3384949ms] [LOG] [Fast Refresh] done in 123ms @ webpack-internal:///(app-pages-browser)/./node_modules/next/dist/next-devtools/shared/forward-logs-shared.js:44
[ 3385657ms] [LOG] [Fast Refresh] rebuilding @ webpack-internal:///(app-pages-browser)/./node_modules/next/dist/next-devtools/shared/forward-logs-shared.js:44
[ 3386104ms] [LOG] [Fast Refresh] done in 447ms @ webpack-internal:///(app-pages-browser)/./node_modules/next/dist/next-devtools/shared/forward-logs-shared.js:44
[ 3386404ms] [LOG] [Fast Refresh] rebuilding @ webpack-internal:///(app-pages-browser)/./node_modules/next/dist/next-devtools/shared/forward-logs-shared.js:44
[ 3386509ms] [LOG] [Fast Refresh] done in 104ms @ webpack-internal:///(app-pages-browser)/./node_modules/next/dist/next-devtools/shared/forward-logs-shared.js:44
[ 3387368ms] [LOG] [Fast Refresh] rebuilding @ webpack-internal:///(app-pages-browser)/./node_modules/next/dist/next-devtools/shared/forward-logs-shared.js:44
[ 3387545ms] [LOG] [Fast Refresh] done in 178ms @ webpack-internal:///(app-pages-browser)/./node_modules/next/dist/next-devtools/shared/forward-logs-shared.js:44
[ 3388277ms] [LOG] [Fast Refresh] rebuilding @ webpack-internal:///(app-pages-browser)/./node_modules/next/dist/next-devtools/shared/forward-logs-shared.js:44
[ 3388477ms] [LOG] [Fast Refresh] done in 200ms @ webpack-internal:///(app-pages-browser)/./node_modules/next/dist/next-devtools/shared/forward-logs-shared.js:44
[ 3389291ms] [LOG] [Fast Refresh] rebuilding @ webpack-internal:///(app-pages-browser)/./node_modules/next/dist/next-devtools/shared/forward-logs-shared.js:44
[ 3391240ms] [LOG] [Fast Refresh] done in 1949ms @ webpack-internal:///(app-pages-browser)/./node_modules/next/dist/next-devtools/shared/forward-logs-shared.js:44
[ 3393199ms] [LOG] [Fast Refresh] rebuilding @ webpack-internal:///(app-pages-browser)/./node_modules/next/dist/next-devtools/shared/forward-logs-shared.js:44
[ 3393462ms] [LOG] [Fast Refresh] done in 264ms @ webpack-internal:///(app-pages-browser)/./node_modules/next/dist/next-devtools/shared/forward-logs-shared.js:44
[ 3394462ms] [LOG] [Fast Refresh] rebuilding @ webpack-internal:///(app-pages-browser)/./node_modules/next/dist/next-devtools/shared/forward-logs-shared.js:44
[ 3395029ms] [LOG] [Fast Refresh] done in 568ms @ webpack-internal:///(app-pages-browser)/./node_modules/next/dist/next-devtools/shared/forward-logs-shared.js:44
[ 3395540ms] [LOG] [Fast Refresh] rebuilding @ webpack-internal:///(app-pages-browser)/./node_modules/next/dist/next-devtools/shared/forward-logs-shared.js:44
[ 3395720ms] [LOG] [Fast Refresh] done in 180ms @ webpack-internal:///(app-pages-browser)/./node_modules/next/dist/next-devtools/shared/forward-logs-shared.js:44
[ 3396607ms] [LOG] [Fast Refresh] rebuilding @ webpack-internal:///(app-pages-browser)/./node_modules/next/dist/next-devtools/shared/forward-logs-shared.js:44
[ 3396793ms] [LOG] [Fast Refresh] done in 187ms @ webpack-internal:///(app-pages-browser)/./node_modules/next/dist/next-devtools/shared/forward-logs-shared.js:44
[ 3397597ms] [LOG] [Fast Refresh] rebuilding @ webpack-internal:///(app-pages-browser)/./node_modules/next/dist/next-devtools/shared/forward-logs-shared.js:44
[ 3397816ms] [LOG] [Fast Refresh] done in 220ms @ webpack-internal:///(app-pages-browser)/./node_modules/next/dist/next-devtools/shared/forward-logs-shared.js:44
[ 3398587ms] [LOG] [Fast Refresh] rebuilding @ webpack-internal:///(app-pages-browser)/./node_modules/next/dist/next-devtools/shared/forward-logs-shared.js:44
[ 3398782ms] [LOG] [Fast Refresh] done in 194ms @ webpack-internal:///(app-pages-browser)/./node_modules/next/dist/next-devtools/shared/forward-logs-shared.js:44
[ 3399575ms] [LOG] [Fast Refresh] rebuilding @ webpack-internal:///(app-pages-browser)/./node_modules/next/dist/next-devtools/shared/forward-logs-shared.js:44
[ 3399726ms] [LOG] [Fast Refresh] done in 152ms @ webpack-internal:///(app-pages-browser)/./node_modules/next/dist/next-devtools/shared/forward-logs-shared.js:44
[ 3400440ms] [LOG] [Fast Refresh] rebuilding @ webpack-internal:///(app-pages-browser)/./node_modules/next/dist/next-devtools/shared/forward-logs-shared.js:44
[ 3400603ms] [LOG] [Fast Refresh] done in 164ms @ webpack-internal:///(app-pages-browser)/./node_modules/next/dist/next-devtools/shared/forward-logs-shared.js:44
[ 3401373ms] [LOG] [Fast Refresh] rebuilding @ webpack-internal:///(app-pages-browser)/./node_modules/next/dist/next-devtools/shared/forward-logs-shared.js:44
[ 3401518ms] [LOG] [Fast Refresh] done in 145ms @ webpack-internal:///(app-pages-browser)/./node_modules/next/dist/next-devtools/shared/forward-logs-shared.js:44
[ 3402232ms] [LOG] [Fast Refresh] rebuilding @ webpack-internal:///(app-pages-browser)/./node_modules/next/dist/next-devtools/shared/forward-logs-shared.js:44
[ 3402392ms] [LOG] [Fast Refresh] done in 159ms @ webpack-internal:///(app-pages-browser)/./node_modules/next/dist/next-devtools/shared/forward-logs-shared.js:44
[ 3403150ms] [LOG] [Fast Refresh] rebuilding @ webpack-internal:///(app-pages-browser)/./node_modules/next/dist/next-devtools/shared/forward-logs-shared.js:44
[ 3403322ms] [LOG] [Fast Refresh] done in 172ms @ webpack-internal:///(app-pages-browser)/./node_modules/next/dist/next-devtools/shared/forward-logs-shared.js:44
[ 3403982ms] [LOG] [Fast Refresh] rebuilding @ webpack-internal:///(app-pages-browser)/./node_modules/next/dist/next-devtools/shared/forward-logs-shared.js:44
[ 3404337ms] [LOG] [Fast Refresh] done in 355ms @ webpack-internal:///(app-pages-browser)/./node_modules/next/dist/next-devtools/shared/forward-logs-shared.js:44
[ 3405519ms] [LOG] [Fast Refresh] rebuilding @ webpack-internal:///(app-pages-browser)/./node_modules/next/dist/next-devtools/shared/forward-logs-shared.js:44
[ 3405875ms] [LOG] [Fast Refresh] done in 355ms @ webpack-internal:///(app-pages-browser)/./node_modules/next/dist/next-devtools/shared/forward-logs-shared.js:44
[ 3407105ms] [LOG] [Fast Refresh] rebuilding @ webpack-internal:///(app-pages-browser)/./node_modules/next/dist/next-devtools/shared/forward-logs-shared.js:44
[ 3407340ms] [LOG] [Fast Refresh] done in 234ms @ webpack-internal:///(app-pages-browser)/./node_modules/next/dist/next-devtools/shared/forward-logs-shared.js:44
[ 3408323ms] [LOG] [Fast Refresh] rebuilding @ webpack-internal:///(app-pages-browser)/./node_modules/next/dist/next-devtools/shared/forward-logs-shared.js:44
[ 3408537ms] [LOG] [Fast Refresh] done in 214ms @ webpack-internal:///(app-pages-browser)/./node_modules/next/dist/next-devtools/shared/forward-logs-shared.js:44
[ 3409401ms] [LOG] [Fast Refresh] rebuilding @ webpack-internal:///(app-pages-browser)/./node_modules/next/dist/next-devtools/shared/forward-logs-shared.js:44
[ 3409558ms] [LOG] [Fast Refresh] done in 158ms @ webpack-internal:///(app-pages-browser)/./node_modules/next/dist/next-devtools/shared/forward-logs-shared.js:44
[ 3410346ms] [LOG] [Fast Refresh] rebuilding @ webpack-internal:///(app-pages-browser)/./node_modules/next/dist/next-devtools/shared/forward-logs-shared.js:44
[ 3410540ms] [LOG] [Fast Refresh] done in 194ms @ webpack-internal:///(app-pages-browser)/./node_modules/next/dist/next-devtools/shared/forward-logs-shared.js:44
[ 3411216ms] [LOG] [Fast Refresh] rebuilding @ webpack-internal:///(app-pages-browser)/./node_modules/next/dist/next-devtools/shared/forward-logs-shared.js:44
[ 3411359ms] [LOG] [Fast Refresh] done in 143ms @ webpack-internal:///(app-pages-browser)/./node_modules/next/dist/next-devtools/shared/forward-logs-shared.js:44
[ 3412039ms] [LOG] [Fast Refresh] rebuilding @ webpack-internal:///(app-pages-browser)/./node_modules/next/dist/next-devtools/shared/forward-logs-shared.js:44
[ 3412179ms] [LOG] [Fast Refresh] done in 141ms @ webpack-internal:///(app-pages-browser)/./node_modules/next/dist/next-devtools/shared/forward-logs-shared.js:44
[ 3412881ms] [LOG] [Fast Refresh] rebuilding @ webpack-internal:///(app-pages-browser)/./node_modules/next/dist/next-devtools/shared/forward-logs-shared.js:44
[ 3413058ms] [LOG] [Fast Refresh] done in 177ms @ webpack-internal:///(app-pages-browser)/./node_modules/next/dist/next-devtools/shared/forward-logs-shared.js:44
[ 3413776ms] [LOG] [Fast Refresh] rebuilding @ webpack-internal:///(app-pages-browser)/./node_modules/next/dist/next-devtools/shared/forward-logs-shared.js:44
[ 3413922ms] [LOG] [Fast Refresh] done in 146ms @ webpack-internal:///(app-pages-browser)/./node_modules/next/dist/next-devtools/shared/forward-logs-shared.js:44
[ 3414870ms] [LOG] [Fast Refresh] rebuilding @ webpack-internal:///(app-pages-browser)/./node_modules/next/dist/next-devtools/shared/forward-logs-shared.js:44
[ 3415153ms] [LOG] [Fast Refresh] done in 283ms @ webpack-internal:///(app-pages-browser)/./node_modules/next/dist/next-devtools/shared/forward-logs-shared.js:44
[ 3416368ms] [LOG] [Fast Refresh] rebuilding @ webpack-internal:///(app-pages-browser)/./node_modules/next/dist/next-devtools/shared/forward-logs-shared.js:44
[ 3416674ms] [LOG] [Fast Refresh] done in 307ms @ webpack-internal:///(app-pages-browser)/./node_modules/next/dist/next-devtools/shared/forward-logs-shared.js:44
[ 3419737ms] [LOG] [Fast Refresh] rebuilding @ webpack-internal:///(app-pages-browser)/./node_modules/next/dist/next-devtools/shared/forward-logs-shared.js:44
[ 3420505ms] [WARNING] The resource http://localhost:3000/_next/static/css/app/layout.css?v=1786518080646 was preloaded using link preload but not used within a few seconds from the window's load event. Please make sure it has an appropriate `as` value and it is preloaded intentionally. @ http://localhost:3000/sales-executive/u4:0
[ 3420618ms] [WARNING] The resource http://localhost:3000/_next/static/css/app/layout.css?v=1786518498544 was preloaded using link preload but not used within a few seconds from the window's load event. Please make sure it has an appropriate `as` value and it is preloaded intentionally. @ http://localhost:3000/sales-executive/u4:0
[ 3420618ms] [WARNING] The resource http://localhost:3000/_next/static/css/app/layout.css?v=1786518060386 was preloaded using link preload but not used within a few seconds from the window's load event. Please make sure it has an appropriate `as` value and it is preloaded intentionally. @ http://localhost:3000/sales-executive/u4:0
[ 3420618ms] [WARNING] The resource http://localhost:3000/_next/static/css/app/layout.css?v=1786518226184 was preloaded using link preload but not used within a few seconds from the window's load event. Please make sure it has an appropriate `as` value and it is preloaded intentionally. @ http://localhost:3000/sales-executive/u4:0
[ 3420923ms] [WARNING] The resource http://localhost:3000/_next/static/css/app/layout.css?v=1786518627651 was preloaded using link preload but not used within a few seconds from the window's load event. Please make sure it has an appropriate `as` value and it is preloaded intentionally. @ http://localhost:3000/sales-executive/u4:0
[ 3420923ms] [WARNING] The resource http://localhost:3000/_next/static/css/app/layout.css?v=1786518190420 was preloaded using link preload but not used within a few seconds from the window's load event. Please make sure it has an appropriate `as` value and it is preloaded intentionally. @ http://localhost:3000/sales-executive/u4:0
[ 3421238ms] [WARNING] The resource http://localhost:3000/_next/static/css/app/layout.css?v=1786518083009 was preloaded using link preload but not used within a few seconds from the window's load event. Please make sure it has an appropriate `as` value and it is preloaded intentionally. @ http://localhost:3000/sales-executive/u4:0
[ 3421238ms] [WARNING] The resource http://localhost:3000/_next/static/css/app/layout.css?v=1786518067276 was preloaded using link preload but not used within a few seconds from the window's load event. Please make sure it has an appropriate `as` value and it is preloaded intentionally. @ http://localhost:3000/sales-executive/u4:0
[ 3421238ms] [WARNING] The resource http://localhost:3000/_next/static/css/app/layout.css?v=1786518066981 was preloaded using link preload but not used within a few seconds from the window's load event. Please make sure it has an appropriate `as` value and it is preloaded intentionally. @ http://localhost:3000/sales-executive/u4:0
[ 3421467ms] [WARNING] The resource http://localhost:3000/_next/static/css/app/layout.css?v=1786518627294 was preloaded using link preload but not used within a few seconds from the window's load event. Please make sure it has an appropriate `as` value and it is preloaded intentionally. @ http://localhost:3000/sales-executive/u4:0
[ 3422771ms] [WARNING] The resource http://localhost:3000/_next/static/css/app/layout.css?v=1786518627155 was preloaded using link preload but not used within a few seconds from the window's load event. Please make sure it has an appropriate `as` value and it is preloaded intentionally. @ http://localhost:3000/sales-executive/u4:0
[ 3422775ms] [WARNING] The resource http://localhost:3000/_next/static/css/app/layout.css?v=1786518067126 was preloaded using link preload but not used within a few seconds from the window's load event. Please make sure it has an appropriate `as` value and it is preloaded intentionally. @ http://localhost:3000/sales-executive/u4:0
[ 3422777ms] [WARNING] The resource http://localhost:3000/_next/static/css/app/layout.css?v=1786518450089 was preloaded using link preload but not used within a few seconds from the window's load event. Please make sure it has an appropriate `as` value and it is preloaded intentionally. @ http://localhost:3000/sales-executive/u4:0
[ 3422778ms] [WARNING] The resource http://localhost:3000/_next/static/css/app/layout.css?v=1786518080810 was preloaded using link preload but not used within a few seconds from the window's load event. Please make sure it has an appropriate `as` value and it is preloaded intentionally. @ http://localhost:3000/sales-executive/u4:0
[ 3422778ms] [WARNING] The resource http://localhost:3000/_next/static/css/app/layout.css?v=1786518288209 was preloaded using link preload but not used within a few seconds from the window's load event. Please make sure it has an appropriate `as` value and it is preloaded intentionally. @ http://localhost:3000/sales-executive/u4:0
[ 3422778ms] [WARNING] The resource http://localhost:3000/_next/static/css/app/layout.css?v=1786518062127 was preloaded using link preload but not used within a few seconds from the window's load event. Please make sure it has an appropriate `as` value and it is preloaded intentionally. @ http://localhost:3000/sales-executive/u4:0
[ 3422789ms] [WARNING] The resource http://localhost:3000/_next/static/css/app/layout.css?v=1786518627003 was preloaded using link preload but not used within a few seconds from the window's load event. Please make sure it has an appropriate `as` value and it is preloaded intentionally. @ http://localhost:3000/sales-executive/u4:0
[ 3422789ms] [WARNING] The resource http://localhost:3000/_next/static/css/app/layout.css?v=1786518082545 was preloaded using link preload but not used within a few seconds from the window's load event. Please make sure it has an appropriate `as` value and it is preloaded intentionally. @ http://localhost:3000/sales-executive/u4:0
[ 3422790ms] [WARNING] The resource http://localhost:3000/_next/static/css/app/layout.css?v=1786518392601 was preloaded using link preload but not used within a few seconds from the window's load event. Please make sure it has an appropriate `as` value and it is preloaded intentionally. @ http://localhost:3000/sales-executive/u4:0
[ 3422790ms] [WARNING] The resource http://localhost:3000/_next/static/css/app/layout.css?v=1786518232196 was preloaded using link preload but not used within a few seconds from the window's load event. Please make sure it has an appropriate `as` value and it is preloaded intentionally. @ http://localhost:3000/sales-executive/u4:0
[ 3422790ms] [WARNING] The resource http://localhost:3000/_next/static/css/app/layout.css?v=1786518224019 was preloaded using link preload but not used within a few seconds from the window's load event. Please make sure it has an appropriate `as` value and it is preloaded intentionally. @ http://localhost:3000/sales-executive/u4:0
[ 3425761ms] [LOG] [Fast Refresh] done in 6023ms @ webpack-internal:///(app-pages-browser)/./node_modules/next/dist/next-devtools/shared/forward-logs-shared.js:44
[ 3425787ms] [LOG] [Fast Refresh] rebuilding @ webpack-internal:///(app-pages-browser)/./node_modules/next/dist/next-devtools/shared/forward-logs-shared.js:44
[ 3425800ms] [LOG] [Fast Refresh] done in 13ms @ webpack-internal:///(app-pages-browser)/./node_modules/next/dist/next-devtools/shared/forward-logs-shared.js:44
[ 3425801ms] [LOG] [Fast Refresh] rebuilding @ webpack-internal:///(app-pages-browser)/./node_modules/next/dist/next-devtools/shared/forward-logs-shared.js:44
[ 3425870ms] [LOG] [Fast Refresh] done in 69ms @ webpack-internal:///(app-pages-browser)/./node_modules/next/dist/next-devtools/shared/forward-logs-shared.js:44
[ 3425886ms] [LOG] [Fast Refresh] rebuilding @ webpack-internal:///(app-pages-browser)/./node_modules/next/dist/next-devtools/shared/forward-logs-shared.js:44
[ 3427613ms] [LOG] [Fast Refresh] done in 1728ms @ webpack-internal:///(app-pages-browser)/./node_modules/next/dist/next-devtools/shared/forward-logs-shared.js:44
[ 3427615ms] [LOG] [Fast Refresh] rebuilding @ webpack-internal:///(app-pages-browser)/./node_modules/next/dist/next-devtools/shared/forward-logs-shared.js:44
[ 3429845ms] [LOG] [Fast Refresh] done in 2231ms @ webpack-internal:///(app-pages-browser)/./node_modules/next/dist/next-devtools/shared/forward-logs-shared.js:44
[ 3429847ms] [LOG] [Fast Refresh] rebuilding @ webpack-internal:///(app-pages-browser)/./node_modules/next/dist/next-devtools/shared/forward-logs-shared.js:44
[ 3431040ms] [LOG] [Fast Refresh] done in 1194ms @ webpack-internal:///(app-pages-browser)/./node_modules/next/dist/next-devtools/shared/forward-logs-shared.js:44
[ 3431049ms] [LOG] [Fast Refresh] rebuilding @ webpack-internal:///(app-pages-browser)/./node_modules/next/dist/next-devtools/shared/forward-logs-shared.js:44
[ 3431756ms] [LOG] [Fast Refresh] done in 707ms @ webpack-internal:///(app-pages-browser)/./node_modules/next/dist/next-devtools/shared/forward-logs-shared.js:44
[ 3432247ms] [LOG] [Fast Refresh] rebuilding @ webpack-internal:///(app-pages-browser)/./node_modules/next/dist/next-devtools/shared/forward-logs-shared.js:44
[ 3432497ms] [LOG] [Fast Refresh] done in 251ms @ webpack-internal:///(app-pages-browser)/./node_modules/next/dist/next-devtools/shared/forward-logs-shared.js:44
[ 3433271ms] [LOG] [Fast Refresh] rebuilding @ webpack-internal:///(app-pages-browser)/./node_modules/next/dist/next-devtools/shared/forward-logs-shared.js:44
[ 3433444ms] [LOG] [Fast Refresh] done in 173ms @ webpack-internal:///(app-pages-browser)/./node_modules/next/dist/next-devtools/shared/forward-logs-shared.js:44
[ 3434138ms] [LOG] [Fast Refresh] rebuilding @ webpack-internal:///(app-pages-browser)/./node_modules/next/dist/next-devtools/shared/forward-logs-shared.js:44
[ 3434368ms] [LOG] [Fast Refresh] done in 231ms @ webpack-internal:///(app-pages-browser)/./node_modules/next/dist/next-devtools/shared/forward-logs-shared.js:44
[ 3435911ms] [LOG] [Fast Refresh] rebuilding @ webpack-internal:///(app-pages-browser)/./node_modules/next/dist/next-devtools/shared/forward-logs-shared.js:44
[ 3436352ms] [LOG] [Fast Refresh] done in 441ms @ webpack-internal:///(app-pages-browser)/./node_modules/next/dist/next-devtools/shared/forward-logs-shared.js:44
[ 3436847ms] [LOG] [Fast Refresh] rebuilding @ webpack-internal:///(app-pages-browser)/./node_modules/next/dist/next-devtools/shared/forward-logs-shared.js:44
[ 3438240ms] [LOG] [Fast Refresh] done in 1393ms @ webpack-internal:///(app-pages-browser)/./node_modules/next/dist/next-devtools/shared/forward-logs-shared.js:44
[ 3438957ms] [LOG] [Fast Refresh] rebuilding @ webpack-internal:///(app-pages-browser)/./node_modules/next/dist/next-devtools/shared/forward-logs-shared.js:44
[ 3439354ms] [LOG] [Fast Refresh] done in 396ms @ webpack-internal:///(app-pages-browser)/./node_modules/next/dist/next-devtools/shared/forward-logs-shared.js:44
[ 3440401ms] [LOG] [Fast Refresh] rebuilding @ webpack-internal:///(app-pages-browser)/./node_modules/next/dist/next-devtools/shared/forward-logs-shared.js:44
[ 3441495ms] [LOG] [Fast Refresh] done in 1093ms @ webpack-internal:///(app-pages-browser)/./node_modules/next/dist/next-devtools/shared/forward-logs-shared.js:44
[ 3441612ms] [LOG] [Fast Refresh] rebuilding @ webpack-internal:///(app-pages-browser)/./node_modules/next/dist/next-devtools/shared/forward-logs-shared.js:44
[ 3442618ms] [LOG] [Fast Refresh] done in 1006ms @ webpack-internal:///(app-pages-browser)/./node_modules/next/dist/next-devtools/shared/forward-logs-shared.js:44
[ 3444373ms] [LOG] [Fast Refresh] rebuilding @ webpack-internal:///(app-pages-browser)/./node_modules/next/dist/next-devtools/shared/forward-logs-shared.js:44
[ 3444915ms] [LOG] [Fast Refresh] done in 543ms @ webpack-internal:///(app-pages-browser)/./node_modules/next/dist/next-devtools/shared/forward-logs-shared.js:44
[ 3445182ms] [LOG] [Fast Refresh] rebuilding @ webpack-internal:///(app-pages-browser)/./node_modules/next/dist/next-devtools/shared/forward-logs-shared.js:44
[ 3445330ms] [LOG] [Fast Refresh] done in 147ms @ webpack-internal:///(app-pages-browser)/./node_modules/next/dist/next-devtools/shared/forward-logs-shared.js:44
[ 3446044ms] [LOG] [Fast Refresh] rebuilding @ webpack-internal:///(app-pages-browser)/./node_modules/next/dist/next-devtools/shared/forward-logs-shared.js:44
[ 3446567ms] [LOG] [Fast Refresh] done in 524ms @ webpack-internal:///(app-pages-browser)/./node_modules/next/dist/next-devtools/shared/forward-logs-shared.js:44
[ 3447074ms] [LOG] [Fast Refresh] rebuilding @ webpack-internal:///(app-pages-browser)/./node_modules/next/dist/next-devtools/shared/forward-logs-shared.js:44
[ 3447230ms] [LOG] [Fast Refresh] done in 157ms @ webpack-internal:///(app-pages-browser)/./node_modules/next/dist/next-devtools/shared/forward-logs-shared.js:44
[ 3447972ms] [LOG] [Fast Refresh] rebuilding @ webpack-internal:///(app-pages-browser)/./node_modules/next/dist/next-devtools/shared/forward-logs-shared.js:44
[ 3448175ms] [LOG] [Fast Refresh] done in 203ms @ webpack-internal:///(app-pages-browser)/./node_modules/next/dist/next-devtools/shared/forward-logs-shared.js:44
[ 3448908ms] [LOG] [Fast Refresh] rebuilding @ webpack-internal:///(app-pages-browser)/./node_modules/next/dist/next-devtools/shared/forward-logs-shared.js:44
[ 3449034ms] [LOG] [Fast Refresh] done in 126ms @ webpack-internal:///(app-pages-browser)/./node_modules/next/dist/next-devtools/shared/forward-logs-shared.js:44
[ 3449684ms] [LOG] [Fast Refresh] rebuilding @ webpack-internal:///(app-pages-browser)/./node_modules/next/dist/next-devtools/shared/forward-logs-shared.js:44
[ 3450144ms] [LOG] [Fast Refresh] done in 459ms @ webpack-internal:///(app-pages-browser)/./node_modules/next/dist/next-devtools/shared/forward-logs-shared.js:44
[ 3450527ms] [LOG] [Fast Refresh] rebuilding @ webpack-internal:///(app-pages-browser)/./node_modules/next/dist/next-devtools/shared/forward-logs-shared.js:44
[ 3451066ms] [LOG] [Fast Refresh] done in 540ms @ webpack-internal:///(app-pages-browser)/./node_modules/next/dist/next-devtools/shared/forward-logs-shared.js:44
[ 3451551ms] [LOG] [Fast Refresh] rebuilding @ webpack-internal:///(app-pages-browser)/./node_modules/next/dist/next-devtools/shared/forward-logs-shared.js:44
[ 3451771ms] [LOG] [Fast Refresh] done in 220ms @ webpack-internal:///(app-pages-browser)/./node_modules/next/dist/next-devtools/shared/forward-logs-shared.js:44
[ 3452875ms] [LOG] [Fast Refresh] rebuilding @ webpack-internal:///(app-pages-browser)/./node_modules/next/dist/next-devtools/shared/forward-logs-shared.js:44
[ 3453124ms] [LOG] [Fast Refresh] done in 249ms @ webpack-internal:///(app-pages-browser)/./node_modules/next/dist/next-devtools/shared/forward-logs-shared.js:44
[ 3454363ms] [LOG] [Fast Refresh] rebuilding @ webpack-internal:///(app-pages-browser)/./node_modules/next/dist/next-devtools/shared/forward-logs-shared.js:44
[ 3454842ms] [LOG] [Fast Refresh] done in 479ms @ webpack-internal:///(app-pages-browser)/./node_modules/next/dist/next-devtools/shared/forward-logs-shared.js:44
[ 3455407ms] [LOG] [Fast Refresh] rebuilding @ webpack-internal:///(app-pages-browser)/./node_modules/next/dist/next-devtools/shared/forward-logs-shared.js:44
[ 3456097ms] [LOG] [Fast Refresh] done in 690ms @ webpack-internal:///(app-pages-browser)/./node_modules/next/dist/next-devtools/shared/forward-logs-shared.js:44
[ 3457075ms] [LOG] [Fast Refresh] rebuilding @ webpack-internal:///(app-pages-browser)/./node_modules/next/dist/next-devtools/shared/forward-logs-shared.js:44
[ 3457355ms] [LOG] [Fast Refresh] done in 279ms @ webpack-internal:///(app-pages-browser)/./node_modules/next/dist/next-devtools/shared/forward-logs-shared.js:44
[ 3458389ms] [LOG] [Fast Refresh] rebuilding @ webpack-internal:///(app-pages-browser)/./node_modules/next/dist/next-devtools/shared/forward-logs-shared.js:44
[ 3458612ms] [LOG] [Fast Refresh] done in 222ms @ webpack-internal:///(app-pages-browser)/./node_modules/next/dist/next-devtools/shared/forward-logs-shared.js:44
[ 3459618ms] [LOG] [Fast Refresh] rebuilding @ webpack-internal:///(app-pages-browser)/./node_modules/next/dist/next-devtools/shared/forward-logs-shared.js:44
[ 3459918ms] [LOG] [Fast Refresh] done in 299ms @ webpack-internal:///(app-pages-browser)/./node_modules/next/dist/next-devtools/shared/forward-logs-shared.js:44
[ 3461054ms] [LOG] [Fast Refresh] rebuilding @ webpack-internal:///(app-pages-browser)/./node_modules/next/dist/next-devtools/shared/forward-logs-shared.js:44
[ 3461425ms] [LOG] [Fast Refresh] done in 372ms @ webpack-internal:///(app-pages-browser)/./node_modules/next/dist/next-devtools/shared/forward-logs-shared.js:44
[ 3462368ms] [LOG] [Fast Refresh] rebuilding @ webpack-internal:///(app-pages-browser)/./node_modules/next/dist/next-devtools/shared/forward-logs-shared.js:44
[ 3462758ms] [LOG] [Fast Refresh] done in 389ms @ webpack-internal:///(app-pages-browser)/./node_modules/next/dist/next-devtools/shared/forward-logs-shared.js:44
[ 3463308ms] [LOG] [Fast Refresh] rebuilding @ webpack-internal:///(app-pages-browser)/./node_modules/next/dist/next-devtools/shared/forward-logs-shared.js:44
[ 3465089ms] [LOG] [Fast Refresh] done in 1781ms @ webpack-internal:///(app-pages-browser)/./node_modules/next/dist/next-devtools/shared/forward-logs-shared.js:44
[ 3466011ms] [LOG] [Fast Refresh] rebuilding @ webpack-internal:///(app-pages-browser)/./node_modules/next/dist/next-devtools/shared/forward-logs-shared.js:44
[ 3468729ms] [LOG] [Fast Refresh] done in 2717ms @ webpack-internal:///(app-pages-browser)/./node_modules/next/dist/next-devtools/shared/forward-logs-shared.js:44
[ 3469609ms] [LOG] [Fast Refresh] rebuilding @ webpack-internal:///(app-pages-browser)/./node_modules/next/dist/next-devtools/shared/forward-logs-shared.js:44
[ 3471717ms] [LOG] [Fast Refresh] done in 2108ms @ webpack-internal:///(app-pages-browser)/./node_modules/next/dist/next-devtools/shared/forward-logs-shared.js:44
[ 3471719ms] [LOG] [Fast Refresh] rebuilding @ webpack-internal:///(app-pages-browser)/./node_modules/next/dist/next-devtools/shared/forward-logs-shared.js:44
[ 3472770ms] [WARNING] The resource http://localhost:3000/_next/static/css/app/layout.css?v=1786518080646 was preloaded using link preload but not used within a few seconds from the window's load event. Please make sure it has an appropriate `as` value and it is preloaded intentionally. @ http://localhost:3000/sales-executive/u4:0
[ 3472774ms] [WARNING] The resource http://localhost:3000/_next/static/css/app/layout.css?v=1786518498544 was preloaded using link preload but not used within a few seconds from the window's load event. Please make sure it has an appropriate `as` value and it is preloaded intentionally. @ http://localhost:3000/sales-executive/u4:0
[ 3472775ms] [WARNING] The resource http://localhost:3000/_next/static/css/app/layout.css?v=1786518226184 was preloaded using link preload but not used within a few seconds from the window's load event. Please make sure it has an appropriate `as` value and it is preloaded intentionally. @ http://localhost:3000/sales-executive/u4:0
[ 3472775ms] [WARNING] The resource http://localhost:3000/_next/static/css/app/layout.css?v=1786518627651 was preloaded using link preload but not used within a few seconds from the window's load event. Please make sure it has an appropriate `as` value and it is preloaded intentionally. @ http://localhost:3000/sales-executive/u4:0
[ 3472775ms] [WARNING] The resource http://localhost:3000/_next/static/css/app/layout.css?v=1786518806653 was preloaded using link preload but not used within a few seconds from the window's load event. Please make sure it has an appropriate `as` value and it is preloaded intentionally. @ http://localhost:3000/sales-executive/u4:0
[ 3472775ms] [WARNING] The resource http://localhost:3000/_next/static/css/app/layout.css?v=1786518190420 was preloaded using link preload but not used within a few seconds from the window's load event. Please make sure it has an appropriate `as` value and it is preloaded intentionally. @ http://localhost:3000/sales-executive/u4:0
[ 3472775ms] [WARNING] The resource http://localhost:3000/_next/static/css/app/layout.css?v=1786518083009 was preloaded using link preload but not used within a few seconds from the window's load event. Please make sure it has an appropriate `as` value and it is preloaded intentionally. @ http://localhost:3000/sales-executive/u4:0
[ 3472775ms] [WARNING] The resource http://localhost:3000/_next/static/css/app/layout.css?v=1786518627294 was preloaded using link preload but not used within a few seconds from the window's load event. Please make sure it has an appropriate `as` value and it is preloaded intentionally. @ http://localhost:3000/sales-executive/u4:0
[ 3472776ms] [WARNING] The resource http://localhost:3000/_next/static/css/app/layout.css?v=1786518627155 was preloaded using link preload but not used within a few seconds from the window's load event. Please make sure it has an appropriate `as` value and it is preloaded intentionally. @ http://localhost:3000/sales-executive/u4:0
[ 3472776ms] [WARNING] The resource http://localhost:3000/_next/static/css/app/layout.css?v=1786518450089 was preloaded using link preload but not used within a few seconds from the window's load event. Please make sure it has an appropriate `as` value and it is preloaded intentionally. @ http://localhost:3000/sales-executive/u4:0
[ 3472776ms] [WARNING] The resource http://localhost:3000/_next/static/css/app/layout.css?v=1786518820247 was preloaded using link preload but not used within a few seconds from the window's load event. Please make sure it has an appropriate `as` value and it is preloaded intentionally. @ http://localhost:3000/sales-executive/u4:0
[ 3472776ms] [WARNING] The resource http://localhost:3000/_next/static/css/app/layout.css?v=1786518808648 was preloaded using link preload but not used within a few seconds from the window's load event. Please make sure it has an appropriate `as` value and it is preloaded intentionally. @ http://localhost:3000/sales-executive/u4:0
[ 3472777ms] [WARNING] The resource http://localhost:3000/_next/static/css/app/layout.css?v=1786518806542 was preloaded using link preload but not used within a few seconds from the window's load event. Please make sure it has an appropriate `as` value and it is preloaded intentionally. @ http://localhost:3000/sales-executive/u4:0
[ 3472777ms] [WARNING] The resource http://localhost:3000/_next/static/css/app/layout.css?v=1786518806420 was preloaded using link preload but not used within a few seconds from the window's load event. Please make sure it has an appropriate `as` value and it is preloaded intentionally. @ http://localhost:3000/sales-executive/u4:0
[ 3472777ms] [WARNING] The resource http://localhost:3000/_next/static/css/app/layout.css?v=1786518806258 was preloaded using link preload but not used within a few seconds from the window's load event. Please make sure it has an appropriate `as` value and it is preloaded intentionally. @ http://localhost:3000/sales-executive/u4:0
[ 3472777ms] [WARNING] The resource http://localhost:3000/_next/static/css/app/layout.css?v=1786518062127 was preloaded using link preload but not used within a few seconds from the window's load event. Please make sure it has an appropriate `as` value and it is preloaded intentionally. @ http://localhost:3000/sales-executive/u4:0
[ 3472777ms] [WARNING] The resource http://localhost:3000/_next/static/css/app/layout.css?v=1786518627003 was preloaded using link preload but not used within a few seconds from the window's load event. Please make sure it has an appropriate `as` value and it is preloaded intentionally. @ http://localhost:3000/sales-executive/u4:0
[ 3472777ms] [WARNING] The resource http://localhost:3000/_next/static/css/app/layout.css?v=1786518392601 was preloaded using link preload but not used within a few seconds from the window's load event. Please make sure it has an appropriate `as` value and it is preloaded intentionally. @ http://localhost:3000/sales-executive/u4:0
[ 3472777ms] [WARNING] The resource http://localhost:3000/_next/static/css/app/layout.css?v=1786518232196 was preloaded using link preload but not used within a few seconds from the window's load event. Please make sure it has an appropriate `as` value and it is preloaded intentionally. @ http://localhost:3000/sales-executive/u4:0
[ 3472777ms] [WARNING] The resource http://localhost:3000/_next/static/css/app/layout.css?v=1786518224019 was preloaded using link preload but not used within a few seconds from the window's load event. Please make sure it has an appropriate `as` value and it is preloaded intentionally. @ http://localhost:3000/sales-executive/u4:0
[ 3472777ms] [WARNING] The resource http://localhost:3000/_next/static/css/app/layout.css?v=1786518060386 was preloaded using link preload but not used within a few seconds from the window's load event. Please make sure it has an appropriate `as` value and it is preloaded intentionally. @ http://localhost:3000/sales-executive/u4:0
[ 3472777ms] [WARNING] The resource http://localhost:3000/_next/static/css/app/layout.css?v=1786518067276 was preloaded using link preload but not used within a few seconds from the window's load event. Please make sure it has an appropriate `as` value and it is preloaded intentionally. @ http://localhost:3000/sales-executive/u4:0
[ 3472777ms] [WARNING] The resource http://localhost:3000/_next/static/css/app/layout.css?v=1786518066981 was preloaded using link preload but not used within a few seconds from the window's load event. Please make sure it has an appropriate `as` value and it is preloaded intentionally. @ http://localhost:3000/sales-executive/u4:0
[ 3472777ms] [WARNING] The resource http://localhost:3000/_next/static/css/app/layout.css?v=1786518067126 was preloaded using link preload but not used within a few seconds from the window's load event. Please make sure it has an appropriate `as` value and it is preloaded intentionally. @ http://localhost:3000/sales-executive/u4:0
[ 3472777ms] [WARNING] The resource http://localhost:3000/_next/static/css/app/layout.css?v=1786518849648 was preloaded using link preload but not used within a few seconds from the window's load event. Please make sure it has an appropriate `as` value and it is preloaded intentionally. @ http://localhost:3000/sales-executive/u4:0
[ 3472777ms] [WARNING] The resource http://localhost:3000/_next/static/css/app/layout.css?v=1786518080810 was preloaded using link preload but not used within a few seconds from the window's load event. Please make sure it has an appropriate `as` value and it is preloaded intentionally. @ http://localhost:3000/sales-executive/u4:0
[ 3472777ms] [WARNING] The resource http://localhost:3000/_next/static/css/app/layout.css?v=1786518809770 was preloaded using link preload but not used within a few seconds from the window's load event. Please make sure it has an appropriate `as` value and it is preloaded intentionally. @ http://localhost:3000/sales-executive/u4:0
[ 3472777ms] [WARNING] The resource http://localhost:3000/_next/static/css/app/layout.css?v=1786518288209 was preloaded using link preload but not used within a few seconds from the window's load event. Please make sure it has an appropriate `as` value and it is preloaded intentionally. @ http://localhost:3000/sales-executive/u4:0
[ 3472777ms] [WARNING] The resource http://localhost:3000/_next/static/css/app/layout.css?v=1786518082545 was preloaded using link preload but not used within a few seconds from the window's load event. Please make sure it has an appropriate `as` value and it is preloaded intentionally. @ http://localhost:3000/sales-executive/u4:0
[ 3473957ms] [LOG] [Fast Refresh] done in 2239ms @ webpack-internal:///(app-pages-browser)/./node_modules/next/dist/next-devtools/shared/forward-logs-shared.js:44
[ 3473962ms] [LOG] [Fast Refresh] rebuilding @ webpack-internal:///(app-pages-browser)/./node_modules/next/dist/next-devtools/shared/forward-logs-shared.js:44
[ 3474287ms] [LOG] [Fast Refresh] done in 325ms @ webpack-internal:///(app-pages-browser)/./node_modules/next/dist/next-devtools/shared/forward-logs-shared.js:44
[ 3474337ms] [LOG] [Fast Refresh] rebuilding @ webpack-internal:///(app-pages-browser)/./node_modules/next/dist/next-devtools/shared/forward-logs-shared.js:44
[ 3475200ms] [LOG] [Fast Refresh] done in 864ms @ webpack-internal:///(app-pages-browser)/./node_modules/next/dist/next-devtools/shared/forward-logs-shared.js:44
[ 3476152ms] [LOG] [Fast Refresh] rebuilding @ webpack-internal:///(app-pages-browser)/./node_modules/next/dist/next-devtools/shared/forward-logs-shared.js:44
[ 3476167ms] [LOG] [Fast Refresh] rebuilding @ webpack-internal:///(app-pages-browser)/./node_modules/next/dist/next-devtools/shared/forward-logs-shared.js:44
[ 3476244ms] [LOG] [Fast Refresh] done in 76ms @ webpack-internal:///(app-pages-browser)/./node_modules/next/dist/next-devtools/shared/forward-logs-shared.js:44
[ 3476627ms] [LOG] [Fast Refresh] done in 459ms @ webpack-internal:///(app-pages-browser)/./node_modules/next/dist/next-devtools/shared/forward-logs-shared.js:44
[ 3476961ms] [LOG] [Fast Refresh] rebuilding @ webpack-internal:///(app-pages-browser)/./node_modules/next/dist/next-devtools/shared/forward-logs-shared.js:44
[ 3476962ms] [ERROR] Failed to load resource: the server responded with a status of 500 (Internal Server Error) @ http://localhost:3000/sales-executive/u4?_rsc=YtxuKjvRMkV035gv:0
