[     502ms] [LOG] [Fast Refresh] rebuilding @ http://localhost:3000/_next/static/chunks/node_modules_next_dist_1ybzpk2._.js:2477
[     929ms] [LOG] [Fast Refresh] done in 540ms @ http://localhost:3000/_next/static/chunks/node_modules_next_dist_1ybzpk2._.js:2477
[    1142ms] [LOG] [Fast Refresh] rebuilding @ http://localhost:3000/_next/static/chunks/node_modules_next_dist_1ybzpk2._.js:2477
[    1502ms] [LOG] [Fast Refresh] done in 465ms @ http://localhost:3000/_next/static/chunks/node_modules_next_dist_1ybzpk2._.js:2477
[    3170ms] [INFO] %cDownload the React DevTools for a better development experience: https://react.dev/link/react-devtools font-weight:bold @ http://localhost:3000/_next/static/chunks/node_modules_next_dist_1ybzpk2._.js:2477
[    3936ms] [LOG] [HMR] connected @ http://localhost:3000/_next/static/chunks/node_modules_next_dist_1ybzpk2._.js:2477
[    4151ms] [LOG] [Fast Refresh] rebuilding @ http://localhost:3000/_next/static/chunks/node_modules_next_dist_1ybzpk2._.js:2477
[    4289ms] [LOG] [Fast Refresh] done in 248ms @ http://localhost:3000/_next/static/chunks/node_modules_next_dist_1ybzpk2._.js:2477
[    4522ms] [LOG] [Fast Refresh] rebuilding @ http://localhost:3000/_next/static/chunks/node_modules_next_dist_1ybzpk2._.js:2477
[    6886ms] [LOG] [Fast Refresh] done in 2472ms @ http://localhost:3000/_next/static/chunks/node_modules_next_dist_1ybzpk2._.js:2477
[    7776ms] [LOG] [Fast Refresh] rebuilding @ http://localhost:3000/_next/static/chunks/node_modules_next_dist_1ybzpk2._.js:2477
[    7789ms] [LOG] [Fast Refresh] done in 180ms @ http://localhost:3000/_next/static/chunks/node_modules_next_dist_1ybzpk2._.js:2477
[    7890ms] [LOG] [Fast Refresh] rebuilding @ http://localhost:3000/_next/static/chunks/node_modules_next_dist_1ybzpk2._.js:2477
[    8005ms] [LOG] [Fast Refresh] done in 215ms @ http://localhost:3000/_next/static/chunks/node_modules_next_dist_1ybzpk2._.js:2477
[    8537ms] [LOG] [Fast Refresh] rebuilding @ http://localhost:3000/_next/static/chunks/node_modules_next_dist_1ybzpk2._.js:2477
[    8623ms] [LOG] [Fast Refresh] done in 187ms @ http://localhost:3000/_next/static/chunks/node_modules_next_dist_1ybzpk2._.js:2477
[    8740ms] [LOG] [Fast Refresh] rebuilding @ http://localhost:3000/_next/static/chunks/node_modules_next_dist_1ybzpk2._.js:2477
[    8781ms] [LOG] [Fast Refresh] done in 149ms @ http://localhost:3000/_next/static/chunks/node_modules_next_dist_1ybzpk2._.js:2477
[    9077ms] [LOG] [Fast Refresh] rebuilding @ http://localhost:3000/_next/static/chunks/node_modules_next_dist_1ybzpk2._.js:2477
[    9171ms] [LOG] [Fast Refresh] done in 207ms @ http://localhost:3000/_next/static/chunks/node_modules_next_dist_1ybzpk2._.js:2477
[    9278ms] [LOG] [Fast Refresh] rebuilding @ http://localhost:3000/_next/static/chunks/node_modules_next_dist_1ybzpk2._.js:2477
[    9340ms] [LOG] [Fast Refresh] done in 162ms @ http://localhost:3000/_next/static/chunks/node_modules_next_dist_1ybzpk2._.js:2477
[    9492ms] [LOG] [Fast Refresh] rebuilding @ http://localhost:3000/_next/static/chunks/node_modules_next_dist_1ybzpk2._.js:2477
[    9603ms] [LOG] [Fast Refresh] done in 254ms @ http://localhost:3000/_next/static/chunks/node_modules_next_dist_1ybzpk2._.js:2477
[    9733ms] [LOG] [Fast Refresh] rebuilding @ http://localhost:3000/_next/static/chunks/node_modules_next_dist_1ybzpk2._.js:2477
[    9788ms] [LOG] [Fast Refresh] done in 166ms @ http://localhost:3000/_next/static/chunks/node_modules_next_dist_1ybzpk2._.js:2477
[    9933ms] [LOG] [Fast Refresh] rebuilding @ http://localhost:3000/_next/static/chunks/node_modules_next_dist_1ybzpk2._.js:2477
[   10081ms] [LOG] [Fast Refresh] done in 253ms @ http://localhost:3000/_next/static/chunks/node_modules_next_dist_1ybzpk2._.js:2477
[   10302ms] [LOG] [Fast Refresh] rebuilding @ http://localhost:3000/_next/static/chunks/node_modules_next_dist_1ybzpk2._.js:2477
[   10858ms] [LOG] [Fast Refresh] done in 682ms @ http://localhost:3000/_next/static/chunks/node_modules_next_dist_1ybzpk2._.js:2477
[   11038ms] [LOG] [Fast Refresh] rebuilding @ http://localhost:3000/_next/static/chunks/node_modules_next_dist_1ybzpk2._.js:2477
[   11151ms] [LOG] [Fast Refresh] done in 290ms @ http://localhost:3000/_next/static/chunks/node_modules_next_dist_1ybzpk2._.js:2477
[   11381ms] [LOG] [Fast Refresh] rebuilding @ http://localhost:3000/_next/static/chunks/node_modules_next_dist_1ybzpk2._.js:2477
[   11694ms] [LOG] [Fast Refresh] done in 414ms @ http://localhost:3000/_next/static/chunks/node_modules_next_dist_1ybzpk2._.js:2477
[   11943ms] [LOG] [Fast Refresh] rebuilding @ http://localhost:3000/_next/static/chunks/node_modules_next_dist_1ybzpk2._.js:2477
[   12033ms] [LOG] [Fast Refresh] done in 196ms @ http://localhost:3000/_next/static/chunks/node_modules_next_dist_1ybzpk2._.js:2477
[   12219ms] [LOG] [Fast Refresh] rebuilding @ http://localhost:3000/_next/static/chunks/node_modules_next_dist_1ybzpk2._.js:2477
[   12373ms] [LOG] [Fast Refresh] done in 260ms @ http://localhost:3000/_next/static/chunks/node_modules_next_dist_1ybzpk2._.js:2477
[   12919ms] [LOG] [Fast Refresh] rebuilding @ http://localhost:3000/_next/static/chunks/node_modules_next_dist_1ybzpk2._.js:2477
[   13010ms] [LOG] [Fast Refresh] done in 192ms @ http://localhost:3000/_next/static/chunks/node_modules_next_dist_1ybzpk2._.js:2477
[   13120ms] [LOG] [Fast Refresh] rebuilding @ http://localhost:3000/_next/static/chunks/node_modules_next_dist_1ybzpk2._.js:2477
[   13191ms] [LOG] [Fast Refresh] done in 180ms @ http://localhost:3000/_next/static/chunks/node_modules_next_dist_1ybzpk2._.js:2477
[   13322ms] [LOG] [Fast Refresh] rebuilding @ http://localhost:3000/_next/static/chunks/node_modules_next_dist_1ybzpk2._.js:2477
[   13644ms] [LOG] [Fast Refresh] done in 437ms @ http://localhost:3000/_next/static/chunks/node_modules_next_dist_1ybzpk2._.js:2477
[   13899ms] [LOG] [Fast Refresh] rebuilding @ http://localhost:3000/_next/static/chunks/node_modules_next_dist_1ybzpk2._.js:2477
[   13992ms] [LOG] [Fast Refresh] done in 212ms @ http://localhost:3000/_next/static/chunks/node_modules_next_dist_1ybzpk2._.js:2477
[   14116ms] [LOG] [Fast Refresh] rebuilding @ http://localhost:3000/_next/static/chunks/node_modules_next_dist_1ybzpk2._.js:2477
[   14174ms] [LOG] [Fast Refresh] done in 165ms @ http://localhost:3000/_next/static/chunks/node_modules_next_dist_1ybzpk2._.js:2477
[   14344ms] [LOG] [Fast Refresh] rebuilding @ http://localhost:3000/_next/static/chunks/node_modules_next_dist_1ybzpk2._.js:2477
[   14688ms] [LOG] [Fast Refresh] done in 448ms @ http://localhost:3000/_next/static/chunks/node_modules_next_dist_1ybzpk2._.js:2477
[   15083ms] [LOG] [Fast Refresh] rebuilding @ http://localhost:3000/_next/static/chunks/node_modules_next_dist_1ybzpk2._.js:2477
[   15159ms] [LOG] [Fast Refresh] done in 191ms @ http://localhost:3000/_next/static/chunks/node_modules_next_dist_1ybzpk2._.js:2477
[   15345ms] [LOG] [Fast Refresh] rebuilding @ http://localhost:3000/_next/static/chunks/node_modules_next_dist_1ybzpk2._.js:2477
[   16883ms] [LOG] [Fast Refresh] done in 1646ms @ http://localhost:3000/_next/static/chunks/node_modules_next_dist_1ybzpk2._.js:2477
[   18184ms] [LOG] [Fast Refresh] rebuilding @ http://localhost:3000/_next/static/chunks/node_modules_next_dist_1ybzpk2._.js:2477
[   18589ms] [LOG] [Fast Refresh] done in 633ms @ http://localhost:3000/_next/static/chunks/node_modules_next_dist_1ybzpk2._.js:2477
[   20362ms] [LOG] [Fast Refresh] rebuilding @ http://localhost:3000/_next/static/chunks/node_modules_next_dist_1ybzpk2._.js:2477
[   20700ms] [LOG] [Fast Refresh] done in 1037ms @ http://localhost:3000/_next/static/chunks/node_modules_next_dist_1ybzpk2._.js:2477
[   21098ms] [LOG] [Fast Refresh] rebuilding @ http://localhost:3000/_next/static/chunks/node_modules_next_dist_1ybzpk2._.js:2477
[   26582ms] [LOG] [Fast Refresh] done in 5828ms @ http://localhost:3000/_next/static/chunks/node_modules_next_dist_1ybzpk2._.js:2477
[   28751ms] [LOG] [Fast Refresh] rebuilding @ http://localhost:3000/_next/static/chunks/node_modules_next_dist_1ybzpk2._.js:2477
[   29547ms] [LOG] [Fast Refresh] done in 1063ms @ http://localhost:3000/_next/static/chunks/node_modules_next_dist_1ybzpk2._.js:2477
[   30025ms] [LOG] [Fast Refresh] rebuilding @ http://localhost:3000/_next/static/chunks/node_modules_next_dist_1ybzpk2._.js:2477
[   30387ms] [LOG] [Fast Refresh] done in 498ms @ http://localhost:3000/_next/static/chunks/node_modules_next_dist_1ybzpk2._.js:2477
[   30756ms] [LOG] [Fast Refresh] rebuilding @ http://localhost:3000/_next/static/chunks/node_modules_next_dist_1ybzpk2._.js:2477
[   30788ms] [LOG] [Fast Refresh] done in 149ms @ http://localhost:3000/_next/static/chunks/node_modules_next_dist_1ybzpk2._.js:2477
[   31018ms] [LOG] [Fast Refresh] rebuilding @ http://localhost:3000/_next/static/chunks/node_modules_next_dist_1ybzpk2._.js:2477
[   31138ms] [LOG] [Fast Refresh] done in 222ms @ http://localhost:3000/_next/static/chunks/node_modules_next_dist_1ybzpk2._.js:2477
[   31275ms] [LOG] [Fast Refresh] rebuilding @ http://localhost:3000/_next/static/chunks/node_modules_next_dist_1ybzpk2._.js:2477
[   31365ms] [LOG] [Fast Refresh] done in 223ms @ http://localhost:3000/_next/static/chunks/node_modules_next_dist_1ybzpk2._.js:2477
[   31482ms] [LOG] [Fast Refresh] rebuilding @ http://localhost:3000/_next/static/chunks/node_modules_next_dist_1ybzpk2._.js:2477
[   31581ms] [LOG] [Fast Refresh] done in 212ms @ http://localhost:3000/_next/static/chunks/node_modules_next_dist_1ybzpk2._.js:2477
[   31744ms] [LOG] [Fast Refresh] rebuilding @ http://localhost:3000/_next/static/chunks/node_modules_next_dist_1ybzpk2._.js:2477
[   32013ms] [LOG] [Fast Refresh] done in 376ms @ http://localhost:3000/_next/static/chunks/node_modules_next_dist_1ybzpk2._.js:2477
[   32393ms] [LOG] [Fast Refresh] rebuilding @ http://localhost:3000/_next/static/chunks/node_modules_next_dist_1ybzpk2._.js:2477
[   32414ms] [LOG] [Fast Refresh] done in 128ms @ http://localhost:3000/_next/static/chunks/node_modules_next_dist_1ybzpk2._.js:2477
[   32531ms] [LOG] [Fast Refresh] rebuilding @ http://localhost:3000/_next/static/chunks/node_modules_next_dist_1ybzpk2._.js:2477
[   32602ms] [LOG] [Fast Refresh] done in 185ms @ http://localhost:3000/_next/static/chunks/node_modules_next_dist_1ybzpk2._.js:2477
[   32718ms] [LOG] [Fast Refresh] rebuilding @ http://localhost:3000/_next/static/chunks/node_modules_next_dist_1ybzpk2._.js:2477
[   32788ms] [LOG] [Fast Refresh] done in 174ms @ http://localhost:3000/_next/static/chunks/node_modules_next_dist_1ybzpk2._.js:2477
[   33025ms] [LOG] [Fast Refresh] rebuilding @ http://localhost:3000/_next/static/chunks/node_modules_next_dist_1ybzpk2._.js:2477
[   33102ms] [LOG] [Fast Refresh] done in 181ms @ http://localhost:3000/_next/static/chunks/node_modules_next_dist_1ybzpk2._.js:2477
[   33227ms] [LOG] [Fast Refresh] rebuilding @ http://localhost:3000/_next/static/chunks/node_modules_next_dist_1ybzpk2._.js:2477
[   33393ms] [LOG] [Fast Refresh] done in 277ms @ http://localhost:3000/_next/static/chunks/node_modules_next_dist_1ybzpk2._.js:2477
[   33537ms] [LOG] [Fast Refresh] rebuilding @ http://localhost:3000/_next/static/chunks/node_modules_next_dist_1ybzpk2._.js:2477
[   33552ms] [LOG] [Fast Refresh] done in 124ms @ http://localhost:3000/_next/static/chunks/node_modules_next_dist_1ybzpk2._.js:2477
[   33699ms] [LOG] [Fast Refresh] rebuilding @ http://localhost:3000/_next/static/chunks/node_modules_next_dist_1ybzpk2._.js:2477
[   34082ms] [LOG] [Fast Refresh] done in 494ms @ http://localhost:3000/_next/static/chunks/node_modules_next_dist_1ybzpk2._.js:2477
[   34427ms] [LOG] [Fast Refresh] rebuilding @ http://localhost:3000/_next/static/chunks/node_modules_next_dist_1ybzpk2._.js:2477
[   34570ms] [LOG] [Fast Refresh] done in 250ms @ http://localhost:3000/_next/static/chunks/node_modules_next_dist_1ybzpk2._.js:2477
[   35182ms] [LOG] [Fast Refresh] rebuilding @ http://localhost:3000/_next/static/chunks/node_modules_next_dist_1ybzpk2._.js:2477
[   35327ms] [LOG] [Fast Refresh] done in 247ms @ http://localhost:3000/_next/static/chunks/node_modules_next_dist_1ybzpk2._.js:2477
[   35587ms] [LOG] [Fast Refresh] rebuilding @ http://localhost:3000/_next/static/chunks/node_modules_next_dist_1ybzpk2._.js:2477
[   35613ms] [LOG] [Fast Refresh] done in 136ms @ http://localhost:3000/_next/static/chunks/node_modules_next_dist_1ybzpk2._.js:2477
[   35725ms] [LOG] [Fast Refresh] rebuilding @ http://localhost:3000/_next/static/chunks/node_modules_next_dist_1ybzpk2._.js:2477
[   35913ms] [LOG] [Fast Refresh] done in 297ms @ http://localhost:3000/_next/static/chunks/node_modules_next_dist_1ybzpk2._.js:2477
[   36068ms] [LOG] [Fast Refresh] rebuilding @ http://localhost:3000/_next/static/chunks/node_modules_next_dist_1ybzpk2._.js:2477
[   36118ms] [LOG] [Fast Refresh] done in 151ms @ http://localhost:3000/_next/static/chunks/node_modules_next_dist_1ybzpk2._.js:2477
[   36237ms] [LOG] [Fast Refresh] rebuilding @ http://localhost:3000/_next/static/chunks/node_modules_next_dist_1ybzpk2._.js:2477
[   36519ms] [LOG] [Fast Refresh] done in 396ms @ http://localhost:3000/_next/static/chunks/node_modules_next_dist_1ybzpk2._.js:2477
[   36850ms] [LOG] [Fast Refresh] rebuilding @ http://localhost:3000/_next/static/chunks/node_modules_next_dist_1ybzpk2._.js:2477
[   37251ms] [LOG] [Fast Refresh] done in 515ms @ http://localhost:3000/_next/static/chunks/node_modules_next_dist_1ybzpk2._.js:2477
[   37378ms] [LOG] [Fast Refresh] rebuilding @ http://localhost:3000/_next/static/chunks/node_modules_next_dist_1ybzpk2._.js:2477
[   37390ms] [LOG] [Fast Refresh] done in 125ms @ http://localhost:3000/_next/static/chunks/node_modules_next_dist_1ybzpk2._.js:2477
[   37550ms] [LOG] [Fast Refresh] rebuilding @ http://localhost:3000/_next/static/chunks/node_modules_next_dist_1ybzpk2._.js:2477
[   37650ms] [LOG] [Fast Refresh] done in 201ms @ http://localhost:3000/_next/static/chunks/node_modules_next_dist_1ybzpk2._.js:2477
[   37892ms] [LOG] [Fast Refresh] rebuilding @ http://localhost:3000/_next/static/chunks/node_modules_next_dist_1ybzpk2._.js:2477
[   37923ms] [LOG] [Fast Refresh] done in 132ms @ http://localhost:3000/_next/static/chunks/node_modules_next_dist_1ybzpk2._.js:2477
[   38169ms] [LOG] [Fast Refresh] rebuilding @ http://localhost:3000/_next/static/chunks/node_modules_next_dist_1ybzpk2._.js:2477
[   38504ms] [LOG] [Fast Refresh] done in 446ms @ http://localhost:3000/_next/static/chunks/node_modules_next_dist_1ybzpk2._.js:2477
[   38821ms] [LOG] [Fast Refresh] rebuilding @ http://localhost:3000/_next/static/chunks/node_modules_next_dist_1ybzpk2._.js:2477
[   38867ms] [LOG] [Fast Refresh] done in 233ms @ http://localhost:3000/_next/static/chunks/node_modules_next_dist_1ybzpk2._.js:2477
[   39004ms] [LOG] [Fast Refresh] rebuilding @ http://localhost:3000/_next/static/chunks/node_modules_next_dist_1ybzpk2._.js:2477
[   39109ms] [LOG] [Fast Refresh] done in 208ms @ http://localhost:3000/_next/static/chunks/node_modules_next_dist_1ybzpk2._.js:2477
[   39423ms] [LOG] [Fast Refresh] rebuilding @ http://localhost:3000/_next/static/chunks/node_modules_next_dist_1ybzpk2._.js:2477
[   39503ms] [LOG] [Fast Refresh] done in 185ms @ http://localhost:3000/_next/static/chunks/node_modules_next_dist_1ybzpk2._.js:2477
[   39761ms] [LOG] [Fast Refresh] rebuilding @ http://localhost:3000/_next/static/chunks/node_modules_next_dist_1ybzpk2._.js:2477
[   39826ms] [LOG] [Fast Refresh] done in 172ms @ http://localhost:3000/_next/static/chunks/node_modules_next_dist_1ybzpk2._.js:2477
[   39996ms] [LOG] [Fast Refresh] rebuilding @ http://localhost:3000/_next/static/chunks/node_modules_next_dist_1ybzpk2._.js:2477
[   40011ms] [LOG] [Fast Refresh] done in 130ms @ http://localhost:3000/_next/static/chunks/node_modules_next_dist_1ybzpk2._.js:2477
[   40441ms] [LOG] [Fast Refresh] rebuilding @ http://localhost:3000/_next/static/chunks/node_modules_next_dist_1ybzpk2._.js:2477
[   40444ms] [LOG] [Fast Refresh] done in 116ms @ http://localhost:3000/_next/static/chunks/node_modules_next_dist_1ybzpk2._.js:2477
[   41186ms] [LOG] [Fast Refresh] rebuilding @ http://localhost:3000/_next/static/chunks/node_modules_next_dist_1ybzpk2._.js:2477
[   41343ms] [LOG] [Fast Refresh] done in 258ms @ http://localhost:3000/_next/static/chunks/node_modules_next_dist_1ybzpk2._.js:2477
[   41539ms] [LOG] [Fast Refresh] rebuilding @ http://localhost:3000/_next/static/chunks/node_modules_next_dist_1ybzpk2._.js:2477
[   41544ms] [LOG] [Fast Refresh] done in 191ms @ http://localhost:3000/_next/static/chunks/node_modules_next_dist_1ybzpk2._.js:2477
[   41757ms] [LOG] [Fast Refresh] rebuilding @ http://localhost:3000/_next/static/chunks/node_modules_next_dist_1ybzpk2._.js:2477
[   42145ms] [LOG] [Fast Refresh] done in 498ms @ http://localhost:3000/_next/static/chunks/node_modules_next_dist_1ybzpk2._.js:2477
[   42808ms] [LOG] [Fast Refresh] rebuilding @ http://localhost:3000/_next/static/chunks/node_modules_next_dist_1ybzpk2._.js:2477
[   42823ms] [LOG] [Fast Refresh] done in 123ms @ http://localhost:3000/_next/static/chunks/node_modules_next_dist_1ybzpk2._.js:2477
[   42989ms] [LOG] [Fast Refresh] rebuilding @ http://localhost:3000/_next/static/chunks/node_modules_next_dist_1ybzpk2._.js:2477
[   43009ms] [LOG] [Fast Refresh] done in 134ms @ http://localhost:3000/_next/static/chunks/node_modules_next_dist_1ybzpk2._.js:2477
[   43142ms] [LOG] [Fast Refresh] rebuilding @ http://localhost:3000/_next/static/chunks/node_modules_next_dist_1ybzpk2._.js:2477
[   43244ms] [LOG] [Fast Refresh] done in 208ms @ http://localhost:3000/_next/static/chunks/node_modules_next_dist_1ybzpk2._.js:2477
[   43561ms] [LOG] [Fast Refresh] rebuilding @ http://localhost:3000/_next/static/chunks/node_modules_next_dist_1ybzpk2._.js:2477
[   43622ms] [LOG] [Fast Refresh] done in 175ms @ http://localhost:3000/_next/static/chunks/node_modules_next_dist_1ybzpk2._.js:2477
[   43866ms] [LOG] [Fast Refresh] rebuilding @ http://localhost:3000/_next/static/chunks/node_modules_next_dist_1ybzpk2._.js:2477
[   43890ms] [LOG] [Fast Refresh] done in 135ms @ http://localhost:3000/_next/static/chunks/node_modules_next_dist_1ybzpk2._.js:2477
[   44006ms] [LOG] [Fast Refresh] rebuilding @ http://localhost:3000/_next/static/chunks/node_modules_next_dist_1ybzpk2._.js:2477
[   44121ms] [LOG] [Fast Refresh] done in 219ms @ http://localhost:3000/_next/static/chunks/node_modules_next_dist_1ybzpk2._.js:2477
[   44360ms] [LOG] [Fast Refresh] rebuilding @ http://localhost:3000/_next/static/chunks/node_modules_next_dist_1ybzpk2._.js:2477
[   44429ms] [LOG] [Fast Refresh] done in 171ms @ http://localhost:3000/_next/static/chunks/node_modules_next_dist_1ybzpk2._.js:2477
[   44682ms] [LOG] [Fast Refresh] rebuilding @ http://localhost:3000/_next/static/chunks/node_modules_next_dist_1ybzpk2._.js:2477
[   44720ms] [LOG] [Fast Refresh] done in 148ms @ http://localhost:3000/_next/static/chunks/node_modules_next_dist_1ybzpk2._.js:2477
[   44838ms] [LOG] [Fast Refresh] rebuilding @ http://localhost:3000/_next/static/chunks/node_modules_next_dist_1ybzpk2._.js:2477
[   44982ms] [LOG] [Fast Refresh] done in 249ms @ http://localhost:3000/_next/static/chunks/node_modules_next_dist_1ybzpk2._.js:2477
[   45563ms] [LOG] [Fast Refresh] rebuilding @ http://localhost:3000/_next/static/chunks/node_modules_next_dist_1ybzpk2._.js:2477
[   45610ms] [LOG] [Fast Refresh] done in 149ms @ http://localhost:3000/_next/static/chunks/node_modules_next_dist_1ybzpk2._.js:2477
[   46529ms] [LOG] [Fast Refresh] rebuilding @ http://localhost:3000/_next/static/chunks/node_modules_next_dist_1ybzpk2._.js:2477
[   46601ms] [LOG] [Fast Refresh] done in 176ms @ http://localhost:3000/_next/static/chunks/node_modules_next_dist_1ybzpk2._.js:2477
[   46746ms] [LOG] [Fast Refresh] rebuilding @ http://localhost:3000/_next/static/chunks/node_modules_next_dist_1ybzpk2._.js:2477
[   46896ms] [LOG] [Fast Refresh] done in 258ms @ http://localhost:3000/_next/static/chunks/node_modules_next_dist_1ybzpk2._.js:2477
[   47178ms] [LOG] [Fast Refresh] rebuilding @ http://localhost:3000/_next/static/chunks/node_modules_next_dist_1ybzpk2._.js:2477
[   47190ms] [LOG] [Fast Refresh] done in 120ms @ http://localhost:3000/_next/static/chunks/node_modules_next_dist_1ybzpk2._.js:2477
[   47298ms] [LOG] [Fast Refresh] rebuilding @ http://localhost:3000/_next/static/chunks/node_modules_next_dist_1ybzpk2._.js:2477
[   47327ms] [LOG] [Fast Refresh] done in 129ms @ http://localhost:3000/_next/static/chunks/node_modules_next_dist_1ybzpk2._.js:2477
[   47511ms] [LOG] [Fast Refresh] rebuilding @ http://localhost:3000/_next/static/chunks/node_modules_next_dist_1ybzpk2._.js:2477
[   47729ms] [LOG] [Fast Refresh] done in 362ms @ http://localhost:3000/_next/static/chunks/node_modules_next_dist_1ybzpk2._.js:2477
[   47894ms] [LOG] [Fast Refresh] rebuilding @ http://localhost:3000/_next/static/chunks/node_modules_next_dist_1ybzpk2._.js:2477
[   47993ms] [LOG] [Fast Refresh] done in 211ms @ http://localhost:3000/_next/static/chunks/node_modules_next_dist_1ybzpk2._.js:2477
[   48179ms] [LOG] [Fast Refresh] rebuilding @ http://localhost:3000/_next/static/chunks/node_modules_next_dist_1ybzpk2._.js:2477
[   48246ms] [LOG] [Fast Refresh] done in 181ms @ http://localhost:3000/_next/static/chunks/node_modules_next_dist_1ybzpk2._.js:2477
[   48423ms] [LOG] [Fast Refresh] rebuilding @ http://localhost:3000/_next/static/chunks/node_modules_next_dist_1ybzpk2._.js:2477
[   48471ms] [LOG] [Fast Refresh] done in 156ms @ http://localhost:3000/_next/static/chunks/node_modules_next_dist_1ybzpk2._.js:2477
[   48575ms] [LOG] [Fast Refresh] rebuilding @ http://localhost:3000/_next/static/chunks/node_modules_next_dist_1ybzpk2._.js:2477
[   48636ms] [LOG] [Fast Refresh] done in 163ms @ http://localhost:3000/_next/static/chunks/node_modules_next_dist_1ybzpk2._.js:2477
[   48761ms] [LOG] [Fast Refresh] rebuilding @ http://localhost:3000/_next/static/chunks/node_modules_next_dist_1ybzpk2._.js:2477
[   48820ms] [LOG] [Fast Refresh] done in 170ms @ http://localhost:3000/_next/static/chunks/node_modules_next_dist_1ybzpk2._.js:2477
[   49075ms] [LOG] [Fast Refresh] rebuilding @ http://localhost:3000/_next/static/chunks/node_modules_next_dist_1ybzpk2._.js:2477
[   49091ms] [LOG] [Fast Refresh] done in 129ms @ http://localhost:3000/_next/static/chunks/node_modules_next_dist_1ybzpk2._.js:2477
[   49229ms] [LOG] [Fast Refresh] rebuilding @ http://localhost:3000/_next/static/chunks/node_modules_next_dist_1ybzpk2._.js:2477
[   49514ms] [LOG] [Fast Refresh] done in 395ms @ http://localhost:3000/_next/static/chunks/node_modules_next_dist_1ybzpk2._.js:2477
[   49660ms] [LOG] [Fast Refresh] rebuilding @ http://localhost:3000/_next/static/chunks/node_modules_next_dist_1ybzpk2._.js:2477
[   49878ms] [LOG] [Fast Refresh] done in 323ms @ http://localhost:3000/_next/static/chunks/node_modules_next_dist_1ybzpk2._.js:2477
[   50048ms] [LOG] [Fast Refresh] rebuilding @ http://localhost:3000/_next/static/chunks/node_modules_next_dist_1ybzpk2._.js:2477
[   50075ms] [LOG] [Fast Refresh] done in 142ms @ http://localhost:3000/_next/static/chunks/node_modules_next_dist_1ybzpk2._.js:2477
[   50217ms] [LOG] [Fast Refresh] rebuilding @ http://localhost:3000/_next/static/chunks/node_modules_next_dist_1ybzpk2._.js:2477
[   50276ms] [LOG] [Fast Refresh] done in 174ms @ http://localhost:3000/_next/static/chunks/node_modules_next_dist_1ybzpk2._.js:2477
[   52814ms] [LOG] [Fast Refresh] rebuilding @ http://localhost:3000/_next/static/chunks/node_modules_next_dist_1ybzpk2._.js:2477
[   52867ms] [LOG] [Fast Refresh] done in 168ms @ http://localhost:3000/_next/static/chunks/node_modules_next_dist_1ybzpk2._.js:2477
[   52971ms] [LOG] [Fast Refresh] rebuilding @ http://localhost:3000/_next/static/chunks/node_modules_next_dist_1ybzpk2._.js:2477
[   52996ms] [LOG] [Fast Refresh] done in 128ms @ http://localhost:3000/_next/static/chunks/node_modules_next_dist_1ybzpk2._.js:2477
[   53125ms] [LOG] [Fast Refresh] rebuilding @ http://localhost:3000/_next/static/chunks/node_modules_next_dist_1ybzpk2._.js:2477
[   53175ms] [LOG] [Fast Refresh] done in 159ms @ http://localhost:3000/_next/static/chunks/node_modules_next_dist_1ybzpk2._.js:2477
[   53279ms] [LOG] [Fast Refresh] rebuilding @ http://localhost:3000/_next/static/chunks/node_modules_next_dist_1ybzpk2._.js:2477
[   53371ms] [LOG] [Fast Refresh] done in 194ms @ http://localhost:3000/_next/static/chunks/node_modules_next_dist_1ybzpk2._.js:2477
[   54378ms] [LOG] [Fast Refresh] rebuilding @ http://localhost:3000/_next/static/chunks/node_modules_next_dist_1ybzpk2._.js:2477
[   54415ms] [LOG] [Fast Refresh] done in 146ms @ http://localhost:3000/_next/static/chunks/node_modules_next_dist_1ybzpk2._.js:2477
[   54548ms] [LOG] [Fast Refresh] rebuilding @ http://localhost:3000/_next/static/chunks/node_modules_next_dist_1ybzpk2._.js:2477
[   54549ms] [LOG] [Fast Refresh] done in 103ms @ http://localhost:3000/_next/static/chunks/node_modules_next_dist_1ybzpk2._.js:2477
[   55054ms] [LOG] [Fast Refresh] rebuilding @ http://localhost:3000/_next/static/chunks/node_modules_next_dist_1ybzpk2._.js:2477
[   55064ms] [LOG] [Fast Refresh] done in 122ms @ http://localhost:3000/_next/static/chunks/node_modules_next_dist_1ybzpk2._.js:2477
[   55191ms] [LOG] [Fast Refresh] rebuilding @ http://localhost:3000/_next/static/chunks/node_modules_next_dist_1ybzpk2._.js:2477
[   55251ms] [LOG] [Fast Refresh] done in 161ms @ http://localhost:3000/_next/static/chunks/node_modules_next_dist_1ybzpk2._.js:2477
[   55541ms] [LOG] [Fast Refresh] rebuilding @ http://localhost:3000/_next/static/chunks/node_modules_next_dist_1ybzpk2._.js:2477
[   55571ms] [LOG] [Fast Refresh] done in 134ms @ http://localhost:3000/_next/static/chunks/node_modules_next_dist_1ybzpk2._.js:2477
[   55731ms] [LOG] [Fast Refresh] rebuilding @ http://localhost:3000/_next/static/chunks/node_modules_next_dist_1ybzpk2._.js:2477
[   55750ms] [LOG] [Fast Refresh] done in 120ms @ http://localhost:3000/_next/static/chunks/node_modules_next_dist_1ybzpk2._.js:2477
[   55995ms] [LOG] [Fast Refresh] rebuilding @ http://localhost:3000/_next/static/chunks/node_modules_next_dist_1ybzpk2._.js:2477
[   56036ms] [LOG] [Fast Refresh] done in 147ms @ http://localhost:3000/_next/static/chunks/node_modules_next_dist_1ybzpk2._.js:2477
[   56152ms] [LOG] [Fast Refresh] rebuilding @ http://localhost:3000/_next/static/chunks/node_modules_next_dist_1ybzpk2._.js:2477
[   56212ms] [LOG] [Fast Refresh] done in 175ms @ http://localhost:3000/_next/static/chunks/node_modules_next_dist_1ybzpk2._.js:2477
[   56324ms] [LOG] [Fast Refresh] rebuilding @ http://localhost:3000/_next/static/chunks/node_modules_next_dist_1ybzpk2._.js:2477
[   56378ms] [LOG] [Fast Refresh] done in 164ms @ http://localhost:3000/_next/static/chunks/node_modules_next_dist_1ybzpk2._.js:2477
[   56523ms] [LOG] [Fast Refresh] rebuilding @ http://localhost:3000/_next/static/chunks/node_modules_next_dist_1ybzpk2._.js:2477
[   56563ms] [LOG] [Fast Refresh] done in 148ms @ http://localhost:3000/_next/static/chunks/node_modules_next_dist_1ybzpk2._.js:2477
[   58639ms] [LOG] [Fast Refresh] rebuilding @ http://localhost:3000/_next/static/chunks/node_modules_next_dist_1ybzpk2._.js:2477
[   58646ms] [LOG] [Fast Refresh] done in 119ms @ http://localhost:3000/_next/static/chunks/node_modules_next_dist_1ybzpk2._.js:2477
[   58768ms] [LOG] [Fast Refresh] rebuilding @ http://localhost:3000/_next/static/chunks/node_modules_next_dist_1ybzpk2._.js:2477
[   58910ms] [LOG] [Fast Refresh] done in 243ms @ http://localhost:3000/_next/static/chunks/node_modules_next_dist_1ybzpk2._.js:2477
[   59470ms] [LOG] [Fast Refresh] rebuilding @ http://localhost:3000/_next/static/chunks/node_modules_next_dist_1ybzpk2._.js:2477
[   59854ms] [LOG] [Fast Refresh] done in 498ms @ http://localhost:3000/_next/static/chunks/node_modules_next_dist_1ybzpk2._.js:2477
[   60222ms] [LOG] [Fast Refresh] rebuilding @ http://localhost:3000/_next/static/chunks/node_modules_next_dist_1ybzpk2._.js:2477
[   60274ms] [LOG] [Fast Refresh] done in 157ms @ http://localhost:3000/_next/static/chunks/node_modules_next_dist_1ybzpk2._.js:2477
[   60562ms] [LOG] [Fast Refresh] rebuilding @ http://localhost:3000/_next/static/chunks/node_modules_next_dist_1ybzpk2._.js:2477
[   60564ms] [LOG] [Fast Refresh] done in 114ms @ http://localhost:3000/_next/static/chunks/node_modules_next_dist_1ybzpk2._.js:2477
[   61484ms] [LOG] [Fast Refresh] rebuilding @ http://localhost:3000/_next/static/chunks/node_modules_next_dist_1ybzpk2._.js:2477
[   61506ms] [LOG] [Fast Refresh] done in 124ms @ http://localhost:3000/_next/static/chunks/node_modules_next_dist_1ybzpk2._.js:2477
[   62533ms] [LOG] [Fast Refresh] rebuilding @ http://localhost:3000/_next/static/chunks/node_modules_next_dist_1ybzpk2._.js:2477
[   62546ms] [LOG] [Fast Refresh] done in 120ms @ http://localhost:3000/_next/static/chunks/node_modules_next_dist_1ybzpk2._.js:2477
[   62901ms] [LOG] [Fast Refresh] rebuilding @ http://localhost:3000/_next/static/chunks/node_modules_next_dist_1ybzpk2._.js:2477
[   62933ms] [LOG] [Fast Refresh] done in 146ms @ http://localhost:3000/_next/static/chunks/node_modules_next_dist_1ybzpk2._.js:2477
[   64554ms] [LOG] [Fast Refresh] rebuilding @ http://localhost:3000/_next/static/chunks/node_modules_next_dist_1ybzpk2._.js:2477
[   64555ms] [LOG] [Fast Refresh] done in 110ms @ http://localhost:3000/_next/static/chunks/node_modules_next_dist_1ybzpk2._.js:2477
[   64965ms] [LOG] [Fast Refresh] rebuilding @ http://localhost:3000/_next/static/chunks/node_modules_next_dist_1ybzpk2._.js:2477
[   64979ms] [LOG] [Fast Refresh] done in 162ms @ http://localhost:3000/_next/static/chunks/node_modules_next_dist_1ybzpk2._.js:2477
[   65096ms] [LOG] [Fast Refresh] rebuilding @ http://localhost:3000/_next/static/chunks/node_modules_next_dist_1ybzpk2._.js:2477
[   65132ms] [LOG] [Fast Refresh] done in 146ms @ http://localhost:3000/_next/static/chunks/node_modules_next_dist_1ybzpk2._.js:2477
[   65251ms] [LOG] [Fast Refresh] rebuilding @ http://localhost:3000/_next/static/chunks/node_modules_next_dist_1ybzpk2._.js:2477
[   65509ms] [LOG] [Fast Refresh] done in 359ms @ http://localhost:3000/_next/static/chunks/node_modules_next_dist_1ybzpk2._.js:2477
[   65887ms] [LOG] [Fast Refresh] rebuilding @ http://localhost:3000/_next/static/chunks/node_modules_next_dist_1ybzpk2._.js:2477
[   65947ms] [LOG] [Fast Refresh] done in 171ms @ http://localhost:3000/_next/static/chunks/node_modules_next_dist_1ybzpk2._.js:2477
[   66057ms] [LOG] [Fast Refresh] rebuilding @ http://localhost:3000/_next/static/chunks/node_modules_next_dist_1ybzpk2._.js:2477
[   66060ms] [LOG] [Fast Refresh] done in 112ms @ http://localhost:3000/_next/static/chunks/node_modules_next_dist_1ybzpk2._.js:2477
[   66673ms] [LOG] [Fast Refresh] rebuilding @ http://localhost:3000/_next/static/chunks/node_modules_next_dist_1ybzpk2._.js:2477
[   66723ms] [LOG] [Fast Refresh] done in 154ms @ http://localhost:3000/_next/static/chunks/node_modules_next_dist_1ybzpk2._.js:2477
[   67366ms] [LOG] [Fast Refresh] rebuilding @ http://localhost:3000/_next/static/chunks/node_modules_next_dist_1ybzpk2._.js:2477
[   67411ms] [LOG] [Fast Refresh] done in 157ms @ http://localhost:3000/_next/static/chunks/node_modules_next_dist_1ybzpk2._.js:2477
[   68014ms] [LOG] [Fast Refresh] rebuilding @ http://localhost:3000/_next/static/chunks/node_modules_next_dist_1ybzpk2._.js:2477
[   68028ms] [LOG] [Fast Refresh] done in 127ms @ http://localhost:3000/_next/static/chunks/node_modules_next_dist_1ybzpk2._.js:2477
[   68322ms] [LOG] [Fast Refresh] rebuilding @ http://localhost:3000/_next/static/chunks/node_modules_next_dist_1ybzpk2._.js:2477
[   68340ms] [LOG] [Fast Refresh] done in 120ms @ http://localhost:3000/_next/static/chunks/node_modules_next_dist_1ybzpk2._.js:2477
[   68619ms] [LOG] [Fast Refresh] rebuilding @ http://localhost:3000/_next/static/chunks/node_modules_next_dist_1ybzpk2._.js:2477
[   68639ms] [LOG] [Fast Refresh] done in 122ms @ http://localhost:3000/_next/static/chunks/node_modules_next_dist_1ybzpk2._.js:2477
[   68772ms] [LOG] [Fast Refresh] rebuilding @ http://localhost:3000/_next/static/chunks/node_modules_next_dist_1ybzpk2._.js:2477
[   68802ms] [LOG] [Fast Refresh] done in 140ms @ http://localhost:3000/_next/static/chunks/node_modules_next_dist_1ybzpk2._.js:2477
[   69944ms] [LOG] [Fast Refresh] rebuilding @ http://localhost:3000/_next/static/chunks/node_modules_next_dist_1ybzpk2._.js:2477
[   69957ms] [LOG] [Fast Refresh] done in 114ms @ http://localhost:3000/_next/static/chunks/node_modules_next_dist_1ybzpk2._.js:2477
[   70114ms] [LOG] [Fast Refresh] rebuilding @ http://localhost:3000/_next/static/chunks/node_modules_next_dist_1ybzpk2._.js:2477
[   70161ms] [LOG] [Fast Refresh] done in 159ms @ http://localhost:3000/_next/static/chunks/node_modules_next_dist_1ybzpk2._.js:2477
[   70402ms] [LOG] [Fast Refresh] rebuilding @ http://localhost:3000/_next/static/chunks/node_modules_next_dist_1ybzpk2._.js:2477
[   70414ms] [LOG] [Fast Refresh] done in 112ms @ http://localhost:3000/_next/static/chunks/node_modules_next_dist_1ybzpk2._.js:2477
[   70669ms] [LOG] [Fast Refresh] rebuilding @ http://localhost:3000/_next/static/chunks/node_modules_next_dist_1ybzpk2._.js:2477
[   70674ms] [LOG] [Fast Refresh] done in 120ms @ http://localhost:3000/_next/static/chunks/node_modules_next_dist_1ybzpk2._.js:2477
[   70875ms] [LOG] [Fast Refresh] rebuilding @ http://localhost:3000/_next/static/chunks/node_modules_next_dist_1ybzpk2._.js:2477
[   70915ms] [LOG] [Fast Refresh] done in 226ms @ http://localhost:3000/_next/static/chunks/node_modules_next_dist_1ybzpk2._.js:2477
[   71041ms] [LOG] [Fast Refresh] rebuilding @ http://localhost:3000/_next/static/chunks/node_modules_next_dist_1ybzpk2._.js:2477
[   71197ms] [LOG] [Fast Refresh] done in 268ms @ http://localhost:3000/_next/static/chunks/node_modules_next_dist_1ybzpk2._.js:2477
[   71522ms] [LOG] [Fast Refresh] rebuilding @ http://localhost:3000/_next/static/chunks/node_modules_next_dist_1ybzpk2._.js:2477
[   71568ms] [LOG] [Fast Refresh] done in 151ms @ http://localhost:3000/_next/static/chunks/node_modules_next_dist_1ybzpk2._.js:2477
[   71739ms] [LOG] [Fast Refresh] rebuilding @ http://localhost:3000/_next/static/chunks/node_modules_next_dist_1ybzpk2._.js:2477
[   71830ms] [LOG] [Fast Refresh] done in 201ms @ http://localhost:3000/_next/static/chunks/node_modules_next_dist_1ybzpk2._.js:2477
[   71972ms] [LOG] [Fast Refresh] rebuilding @ http://localhost:3000/_next/static/chunks/node_modules_next_dist_1ybzpk2._.js:2477
[   72107ms] [LOG] [Fast Refresh] done in 243ms @ http://localhost:3000/_next/static/chunks/node_modules_next_dist_1ybzpk2._.js:2477
[   72355ms] [LOG] [Fast Refresh] rebuilding @ http://localhost:3000/_next/static/chunks/node_modules_next_dist_1ybzpk2._.js:2477
[   72399ms] [LOG] [Fast Refresh] done in 146ms @ http://localhost:3000/_next/static/chunks/node_modules_next_dist_1ybzpk2._.js:2477
[   74347ms] [LOG] [Fast Refresh] rebuilding @ http://localhost:3000/_next/static/chunks/node_modules_next_dist_1ybzpk2._.js:2477
[   74361ms] [LOG] [Fast Refresh] done in 120ms @ http://localhost:3000/_next/static/chunks/node_modules_next_dist_1ybzpk2._.js:2477
[   74500ms] [LOG] [Fast Refresh] rebuilding @ http://localhost:3000/_next/static/chunks/node_modules_next_dist_1ybzpk2._.js:2477
[   74565ms] [LOG] [Fast Refresh] done in 165ms @ http://localhost:3000/_next/static/chunks/node_modules_next_dist_1ybzpk2._.js:2477
[   74811ms] [LOG] [Fast Refresh] rebuilding @ http://localhost:3000/_next/static/chunks/node_modules_next_dist_1ybzpk2._.js:2477
[   80926ms] [LOG] [Fast Refresh] done in 6216ms @ http://localhost:3000/_next/static/chunks/node_modules_next_dist_1ybzpk2._.js:2477
[   81818ms] [LOG] [Fast Refresh] rebuilding @ http://localhost:3000/_next/static/chunks/node_modules_next_dist_1ybzpk2._.js:2477
[   81822ms] [LOG] [Fast Refresh] done in 110ms @ http://localhost:3000/_next/static/chunks/node_modules_next_dist_1ybzpk2._.js:2477
[   83634ms] [LOG] [Fast Refresh] rebuilding @ http://localhost:3000/_next/static/chunks/node_modules_next_dist_1ybzpk2._.js:2477
[   83638ms] [LOG] [Fast Refresh] done in 110ms @ http://localhost:3000/_next/static/chunks/node_modules_next_dist_1ybzpk2._.js:2477
[   86577ms] [LOG] [Fast Refresh] rebuilding @ http://localhost:3000/_next/static/chunks/node_modules_next_dist_1ybzpk2._.js:2477
[   86610ms] [LOG] [Fast Refresh] done in 135ms @ http://localhost:3000/_next/static/chunks/node_modules_next_dist_1ybzpk2._.js:2477
[   86749ms] [LOG] [Fast Refresh] rebuilding @ http://localhost:3000/_next/static/chunks/node_modules_next_dist_1ybzpk2._.js:2477
[   86781ms] [LOG] [Fast Refresh] done in 144ms @ http://localhost:3000/_next/static/chunks/node_modules_next_dist_1ybzpk2._.js:2477
[   86949ms] [LOG] [Fast Refresh] rebuilding @ http://localhost:3000/_next/static/chunks/node_modules_next_dist_1ybzpk2._.js:2477
[   86969ms] [LOG] [Fast Refresh] done in 124ms @ http://localhost:3000/_next/static/chunks/node_modules_next_dist_1ybzpk2._.js:2477
[   87153ms] [LOG] [Fast Refresh] rebuilding @ http://localhost:3000/_next/static/chunks/node_modules_next_dist_1ybzpk2._.js:2477
[   87155ms] [LOG] [Fast Refresh] done in 121ms @ http://localhost:3000/_next/static/chunks/node_modules_next_dist_1ybzpk2._.js:2477
[   87301ms] [LOG] [Fast Refresh] rebuilding @ http://localhost:3000/_next/static/chunks/node_modules_next_dist_1ybzpk2._.js:2477
[   87342ms] [LOG] [Fast Refresh] done in 148ms @ http://localhost:3000/_next/static/chunks/node_modules_next_dist_1ybzpk2._.js:2477
[   87471ms] [LOG] [Fast Refresh] rebuilding @ http://localhost:3000/_next/static/chunks/node_modules_next_dist_1ybzpk2._.js:2477
[   87685ms] [LOG] [Fast Refresh] done in 328ms @ http://localhost:3000/_next/static/chunks/node_modules_next_dist_1ybzpk2._.js:2477
[   87851ms] [LOG] [Fast Refresh] rebuilding @ http://localhost:3000/_next/static/chunks/node_modules_next_dist_1ybzpk2._.js:2477
[   87883ms] [LOG] [Fast Refresh] done in 139ms @ http://localhost:3000/_next/static/chunks/node_modules_next_dist_1ybzpk2._.js:2477
[   88062ms] [LOG] [Fast Refresh] rebuilding @ http://localhost:3000/_next/static/chunks/node_modules_next_dist_1ybzpk2._.js:2477
[   88081ms] [LOG] [Fast Refresh] done in 119ms @ http://localhost:3000/_next/static/chunks/node_modules_next_dist_1ybzpk2._.js:2477
[   88315ms] [LOG] [Fast Refresh] rebuilding @ http://localhost:3000/_next/static/chunks/node_modules_next_dist_1ybzpk2._.js:2477
[   88650ms] [LOG] [Fast Refresh] done in 445ms @ http://localhost:3000/_next/static/chunks/node_modules_next_dist_1ybzpk2._.js:2477
[   88906ms] [LOG] [Fast Refresh] rebuilding @ http://localhost:3000/_next/static/chunks/node_modules_next_dist_1ybzpk2._.js:2477
[   88994ms] [LOG] [Fast Refresh] done in 192ms @ http://localhost:3000/_next/static/chunks/node_modules_next_dist_1ybzpk2._.js:2477
[   89279ms] [LOG] [Fast Refresh] rebuilding @ http://localhost:3000/_next/static/chunks/node_modules_next_dist_1ybzpk2._.js:2477
[   89332ms] [LOG] [Fast Refresh] done in 158ms @ http://localhost:3000/_next/static/chunks/node_modules_next_dist_1ybzpk2._.js:2477
[   89543ms] [LOG] [Fast Refresh] rebuilding @ http://localhost:3000/_next/static/chunks/node_modules_next_dist_1ybzpk2._.js:2477
[   89556ms] [LOG] [Fast Refresh] done in 117ms @ http://localhost:3000/_next/static/chunks/node_modules_next_dist_1ybzpk2._.js:2477
[   89685ms] [LOG] [Fast Refresh] rebuilding @ http://localhost:3000/_next/static/chunks/node_modules_next_dist_1ybzpk2._.js:2477
[   89692ms] [LOG] [Fast Refresh] done in 123ms @ http://localhost:3000/_next/static/chunks/node_modules_next_dist_1ybzpk2._.js:2477
[   90425ms] [LOG] [Fast Refresh] rebuilding @ http://localhost:3000/_next/static/chunks/node_modules_next_dist_1ybzpk2._.js:2477
[   90460ms] [LOG] [Fast Refresh] done in 147ms @ http://localhost:3000/_next/static/chunks/node_modules_next_dist_1ybzpk2._.js:2477
[   90567ms] [LOG] [Fast Refresh] rebuilding @ http://localhost:3000/_next/static/chunks/node_modules_next_dist_1ybzpk2._.js:2477
[   90676ms] [LOG] [Fast Refresh] done in 210ms @ http://localhost:3000/_next/static/chunks/node_modules_next_dist_1ybzpk2._.js:2477
[   90979ms] [LOG] [Fast Refresh] rebuilding @ http://localhost:3000/_next/static/chunks/node_modules_next_dist_1ybzpk2._.js:2477
[   90989ms] [LOG] [Fast Refresh] done in 122ms @ http://localhost:3000/_next/static/chunks/node_modules_next_dist_1ybzpk2._.js:2477
[   91351ms] [LOG] [Fast Refresh] rebuilding @ http://localhost:3000/_next/static/chunks/node_modules_next_dist_1ybzpk2._.js:2477
[   91407ms] [LOG] [Fast Refresh] done in 158ms @ http://localhost:3000/_next/static/chunks/node_modules_next_dist_1ybzpk2._.js:2477
[   92417ms] [LOG] [Fast Refresh] rebuilding @ http://localhost:3000/_next/static/chunks/node_modules_next_dist_1ybzpk2._.js:2477
[   92459ms] [LOG] [Fast Refresh] done in 144ms @ http://localhost:3000/_next/static/chunks/node_modules_next_dist_1ybzpk2._.js:2477
[   92633ms] [LOG] [Fast Refresh] rebuilding @ http://localhost:3000/_next/static/chunks/node_modules_next_dist_1ybzpk2._.js:2477
[   92649ms] [LOG] [Fast Refresh] done in 129ms @ http://localhost:3000/_next/static/chunks/node_modules_next_dist_1ybzpk2._.js:2477
[   92879ms] [LOG] [Fast Refresh] rebuilding @ http://localhost:3000/_next/static/chunks/node_modules_next_dist_1ybzpk2._.js:2477
[   92882ms] [LOG] [Fast Refresh] done in 108ms @ http://localhost:3000/_next/static/chunks/node_modules_next_dist_1ybzpk2._.js:2477
[   93495ms] [LOG] [Fast Refresh] rebuilding @ http://localhost:3000/_next/static/chunks/node_modules_next_dist_1ybzpk2._.js:2477
[   93627ms] [LOG] [Fast Refresh] done in 238ms @ http://localhost:3000/_next/static/chunks/node_modules_next_dist_1ybzpk2._.js:2477
[   93743ms] [LOG] [Fast Refresh] rebuilding @ http://localhost:3000/_next/static/chunks/node_modules_next_dist_1ybzpk2._.js:2477
[   93750ms] [LOG] [Fast Refresh] done in 110ms @ http://localhost:3000/_next/static/chunks/node_modules_next_dist_1ybzpk2._.js:2477
[   93959ms] [LOG] [Fast Refresh] rebuilding @ http://localhost:3000/_next/static/chunks/node_modules_next_dist_1ybzpk2._.js:2477
[   94016ms] [LOG] [Fast Refresh] done in 158ms @ http://localhost:3000/_next/static/chunks/node_modules_next_dist_1ybzpk2._.js:2477
[   94570ms] [LOG] [Fast Refresh] rebuilding @ http://localhost:3000/_next/static/chunks/node_modules_next_dist_1ybzpk2._.js:2477
[   94651ms] [LOG] [Fast Refresh] done in 215ms @ http://localhost:3000/_next/static/chunks/node_modules_next_dist_1ybzpk2._.js:2477
[   94761ms] [LOG] [Fast Refresh] rebuilding @ http://localhost:3000/_next/static/chunks/node_modules_next_dist_1ybzpk2._.js:2477
[   94911ms] [LOG] [Fast Refresh] done in 253ms @ http://localhost:3000/_next/static/chunks/node_modules_next_dist_1ybzpk2._.js:2477
[   95499ms] [LOG] [Fast Refresh] rebuilding @ http://localhost:3000/_next/static/chunks/node_modules_next_dist_1ybzpk2._.js:2477
[   95543ms] [LOG] [Fast Refresh] done in 150ms @ http://localhost:3000/_next/static/chunks/node_modules_next_dist_1ybzpk2._.js:2477
[   95657ms] [LOG] [Fast Refresh] rebuilding @ http://localhost:3000/_next/static/chunks/node_modules_next_dist_1ybzpk2._.js:2477
[   95775ms] [LOG] [Fast Refresh] done in 232ms @ http://localhost:3000/_next/static/chunks/node_modules_next_dist_1ybzpk2._.js:2477
[   95919ms] [LOG] [Fast Refresh] rebuilding @ http://localhost:3000/_next/static/chunks/node_modules_next_dist_1ybzpk2._.js:2477
[   96033ms] [LOG] [Fast Refresh] done in 217ms @ http://localhost:3000/_next/static/chunks/node_modules_next_dist_1ybzpk2._.js:2477
[   96245ms] [LOG] [Fast Refresh] rebuilding @ http://localhost:3000/_next/static/chunks/node_modules_next_dist_1ybzpk2._.js:2477
[   96285ms] [LOG] [Fast Refresh] done in 155ms @ http://localhost:3000/_next/static/chunks/node_modules_next_dist_1ybzpk2._.js:2477
[   96415ms] [LOG] [Fast Refresh] rebuilding @ http://localhost:3000/_next/static/chunks/node_modules_next_dist_1ybzpk2._.js:2477
[   96478ms] [LOG] [Fast Refresh] done in 165ms @ http://localhost:3000/_next/static/chunks/node_modules_next_dist_1ybzpk2._.js:2477
[   96639ms] [LOG] [Fast Refresh] rebuilding @ http://localhost:3000/_next/static/chunks/node_modules_next_dist_1ybzpk2._.js:2477
[   96674ms] [LOG] [Fast Refresh] done in 137ms @ http://localhost:3000/_next/static/chunks/node_modules_next_dist_1ybzpk2._.js:2477
[   96783ms] [LOG] [Fast Refresh] rebuilding @ http://localhost:3000/_next/static/chunks/node_modules_next_dist_1ybzpk2._.js:2477
[   96816ms] [LOG] [Fast Refresh] done in 141ms @ http://localhost:3000/_next/static/chunks/node_modules_next_dist_1ybzpk2._.js:2477
[   96952ms] [LOG] [Fast Refresh] rebuilding @ http://localhost:3000/_next/static/chunks/node_modules_next_dist_1ybzpk2._.js:2477
[   97053ms] [LOG] [Fast Refresh] done in 214ms @ http://localhost:3000/_next/static/chunks/node_modules_next_dist_1ybzpk2._.js:2477
[   97183ms] [LOG] [Fast Refresh] rebuilding @ http://localhost:3000/_next/static/chunks/node_modules_next_dist_1ybzpk2._.js:2477
[   97204ms] [LOG] [Fast Refresh] done in 123ms @ http://localhost:3000/_next/static/chunks/node_modules_next_dist_1ybzpk2._.js:2477
[   97370ms] [LOG] [Fast Refresh] rebuilding @ http://localhost:3000/_next/static/chunks/node_modules_next_dist_1ybzpk2._.js:2477
[   97440ms] [LOG] [Fast Refresh] done in 184ms @ http://localhost:3000/_next/static/chunks/node_modules_next_dist_1ybzpk2._.js:2477
[   97571ms] [LOG] [Fast Refresh] rebuilding @ http://localhost:3000/_next/static/chunks/node_modules_next_dist_1ybzpk2._.js:2477
[   97740ms] [LOG] [Fast Refresh] done in 270ms @ http://localhost:3000/_next/static/chunks/node_modules_next_dist_1ybzpk2._.js:2477
[   97914ms] [LOG] [Fast Refresh] rebuilding @ http://localhost:3000/_next/static/chunks/node_modules_next_dist_1ybzpk2._.js:2477
[   97987ms] [LOG] [Fast Refresh] done in 187ms @ http://localhost:3000/_next/static/chunks/node_modules_next_dist_1ybzpk2._.js:2477
[   98130ms] [LOG] [Fast Refresh] rebuilding @ http://localhost:3000/_next/static/chunks/node_modules_next_dist_1ybzpk2._.js:2477
[   98133ms] [LOG] [Fast Refresh] done in 111ms @ http://localhost:3000/_next/static/chunks/node_modules_next_dist_1ybzpk2._.js:2477
[   98249ms] [LOG] [Fast Refresh] rebuilding @ http://localhost:3000/_next/static/chunks/node_modules_next_dist_1ybzpk2._.js:2477
[   98286ms] [LOG] [Fast Refresh] done in 139ms @ http://localhost:3000/_next/static/chunks/node_modules_next_dist_1ybzpk2._.js:2477
[   98395ms] [LOG] [Fast Refresh] rebuilding @ http://localhost:3000/_next/static/chunks/node_modules_next_dist_1ybzpk2._.js:2477
[   98435ms] [LOG] [Fast Refresh] done in 145ms @ http://localhost:3000/_next/static/chunks/node_modules_next_dist_1ybzpk2._.js:2477
[   98550ms] [LOG] [Fast Refresh] rebuilding @ http://localhost:3000/_next/static/chunks/node_modules_next_dist_1ybzpk2._.js:2477
[   98584ms] [LOG] [Fast Refresh] done in 147ms @ http://localhost:3000/_next/static/chunks/node_modules_next_dist_1ybzpk2._.js:2477
[   98718ms] [LOG] [Fast Refresh] rebuilding @ http://localhost:3000/_next/static/chunks/node_modules_next_dist_1ybzpk2._.js:2477
[   98720ms] [LOG] [Fast Refresh] done in 107ms @ http://localhost:3000/_next/static/chunks/node_modules_next_dist_1ybzpk2._.js:2477
[   99444ms] [LOG] [Fast Refresh] rebuilding @ http://localhost:3000/_next/static/chunks/node_modules_next_dist_1ybzpk2._.js:2477
[   99484ms] [LOG] [Fast Refresh] done in 140ms @ http://localhost:3000/_next/static/chunks/node_modules_next_dist_1ybzpk2._.js:2477
[   99600ms] [LOG] [Fast Refresh] rebuilding @ http://localhost:3000/_next/static/chunks/node_modules_next_dist_1ybzpk2._.js:2477
[   99672ms] [LOG] [Fast Refresh] done in 181ms @ http://localhost:3000/_next/static/chunks/node_modules_next_dist_1ybzpk2._.js:2477
[   99786ms] [LOG] [Fast Refresh] rebuilding @ http://localhost:3000/_next/static/chunks/node_modules_next_dist_1ybzpk2._.js:2477
[   99815ms] [LOG] [Fast Refresh] done in 143ms @ http://localhost:3000/_next/static/chunks/node_modules_next_dist_1ybzpk2._.js:2477
[   99987ms] [LOG] [Fast Refresh] rebuilding @ http://localhost:3000/_next/static/chunks/node_modules_next_dist_1ybzpk2._.js:2477
[  100070ms] [LOG] [Fast Refresh] done in 194ms @ http://localhost:3000/_next/static/chunks/node_modules_next_dist_1ybzpk2._.js:2477
[  100466ms] [LOG] [Fast Refresh] rebuilding @ http://localhost:3000/_next/static/chunks/node_modules_next_dist_1ybzpk2._.js:2477
[  100508ms] [LOG] [Fast Refresh] done in 146ms @ http://localhost:3000/_next/static/chunks/node_modules_next_dist_1ybzpk2._.js:2477
[  100706ms] [LOG] [Fast Refresh] rebuilding @ http://localhost:3000/_next/static/chunks/node_modules_next_dist_1ybzpk2._.js:2477
[  100712ms] [LOG] [Fast Refresh] done in 107ms @ http://localhost:3000/_next/static/chunks/node_modules_next_dist_1ybzpk2._.js:2477
[  100830ms] [LOG] [Fast Refresh] rebuilding @ http://localhost:3000/_next/static/chunks/node_modules_next_dist_1ybzpk2._.js:2477
[  100973ms] [LOG] [Fast Refresh] done in 249ms @ http://localhost:3000/_next/static/chunks/node_modules_next_dist_1ybzpk2._.js:2477
[  101314ms] [LOG] [Fast Refresh] rebuilding @ http://localhost:3000/_next/static/chunks/node_modules_next_dist_1ybzpk2._.js:2477
[  101357ms] [LOG] [Fast Refresh] done in 154ms @ http://localhost:3000/_next/static/chunks/node_modules_next_dist_1ybzpk2._.js:2477
[  101485ms] [LOG] [Fast Refresh] rebuilding @ http://localhost:3000/_next/static/chunks/node_modules_next_dist_1ybzpk2._.js:2477
[  101507ms] [LOG] [Fast Refresh] done in 137ms @ http://localhost:3000/_next/static/chunks/node_modules_next_dist_1ybzpk2._.js:2477
[  101611ms] [LOG] [Fast Refresh] rebuilding @ http://localhost:3000/_next/static/chunks/node_modules_next_dist_1ybzpk2._.js:2477
[  101907ms] [LOG] [Fast Refresh] done in 397ms @ http://localhost:3000/_next/static/chunks/node_modules_next_dist_1ybzpk2._.js:2477
[  102226ms] [LOG] [Fast Refresh] rebuilding @ http://localhost:3000/_next/static/chunks/node_modules_next_dist_1ybzpk2._.js:2477
[  102274ms] [LOG] [Fast Refresh] done in 150ms @ http://localhost:3000/_next/static/chunks/node_modules_next_dist_1ybzpk2._.js:2477
[  102387ms] [LOG] [Fast Refresh] rebuilding @ http://localhost:3000/_next/static/chunks/node_modules_next_dist_1ybzpk2._.js:2477
[  102585ms] [LOG] [Fast Refresh] done in 307ms @ http://localhost:3000/_next/static/chunks/node_modules_next_dist_1ybzpk2._.js:2477
[  102918ms] [LOG] [Fast Refresh] rebuilding @ http://localhost:3000/_next/static/chunks/node_modules_next_dist_1ybzpk2._.js:2477
[  102922ms] [LOG] [Fast Refresh] done in 120ms @ http://localhost:3000/_next/static/chunks/node_modules_next_dist_1ybzpk2._.js:2477
[  103059ms] [LOG] [Fast Refresh] rebuilding @ http://localhost:3000/_next/static/chunks/node_modules_next_dist_1ybzpk2._.js:2477
[  103267ms] [LOG] [Fast Refresh] done in 323ms @ http://localhost:3000/_next/static/chunks/node_modules_next_dist_1ybzpk2._.js:2477
[  103427ms] [LOG] [Fast Refresh] rebuilding @ http://localhost:3000/_next/static/chunks/node_modules_next_dist_1ybzpk2._.js:2477
[  103484ms] [LOG] [Fast Refresh] done in 159ms @ http://localhost:3000/_next/static/chunks/node_modules_next_dist_1ybzpk2._.js:2477
[  103677ms] [LOG] [Fast Refresh] rebuilding @ http://localhost:3000/_next/static/chunks/node_modules_next_dist_1ybzpk2._.js:2477
[  103803ms] [LOG] [Fast Refresh] done in 242ms @ http://localhost:3000/_next/static/chunks/node_modules_next_dist_1ybzpk2._.js:2477
[  104004ms] [LOG] [Fast Refresh] rebuilding @ http://localhost:3000/_next/static/chunks/node_modules_next_dist_1ybzpk2._.js:2477
[  104035ms] [LOG] [Fast Refresh] done in 147ms @ http://localhost:3000/_next/static/chunks/node_modules_next_dist_1ybzpk2._.js:2477
[  104157ms] [LOG] [Fast Refresh] rebuilding @ http://localhost:3000/_next/static/chunks/node_modules_next_dist_1ybzpk2._.js:2477
[  104262ms] [LOG] [Fast Refresh] done in 215ms @ http://localhost:3000/_next/static/chunks/node_modules_next_dist_1ybzpk2._.js:2477
[  104374ms] [LOG] [Fast Refresh] rebuilding @ http://localhost:3000/_next/static/chunks/node_modules_next_dist_1ybzpk2._.js:2477
[  104408ms] [LOG] [Fast Refresh] done in 141ms @ http://localhost:3000/_next/static/chunks/node_modules_next_dist_1ybzpk2._.js:2477
[  104930ms] [LOG] [Fast Refresh] rebuilding @ http://localhost:3000/_next/static/chunks/node_modules_next_dist_1ybzpk2._.js:2477
[  104940ms] [LOG] [Fast Refresh] done in 115ms @ http://localhost:3000/_next/static/chunks/node_modules_next_dist_1ybzpk2._.js:2477
[  105672ms] [LOG] [Fast Refresh] rebuilding @ http://localhost:3000/_next/static/chunks/node_modules_next_dist_1ybzpk2._.js:2477
[  105811ms] [LOG] [Fast Refresh] done in 239ms @ http://localhost:3000/_next/static/chunks/node_modules_next_dist_1ybzpk2._.js:2477
[  105950ms] [LOG] [Fast Refresh] rebuilding @ http://localhost:3000/_next/static/chunks/node_modules_next_dist_1ybzpk2._.js:2477
[  105963ms] [LOG] [Fast Refresh] done in 126ms @ http://localhost:3000/_next/static/chunks/node_modules_next_dist_1ybzpk2._.js:2477
[  106493ms] [LOG] [Fast Refresh] rebuilding @ http://localhost:3000/_next/static/chunks/node_modules_next_dist_1ybzpk2._.js:2477
[  106509ms] [LOG] [Fast Refresh] done in 119ms @ http://localhost:3000/_next/static/chunks/node_modules_next_dist_1ybzpk2._.js:2477
[  106649ms] [LOG] [Fast Refresh] rebuilding @ http://localhost:3000/_next/static/chunks/node_modules_next_dist_1ybzpk2._.js:2477
[  106759ms] [LOG] [Fast Refresh] done in 211ms @ http://localhost:3000/_next/static/chunks/node_modules_next_dist_1ybzpk2._.js:2477
[  106958ms] [LOG] [Fast Refresh] rebuilding @ http://localhost:3000/_next/static/chunks/node_modules_next_dist_1ybzpk2._.js:2477
[  106980ms] [LOG] [Fast Refresh] done in 131ms @ http://localhost:3000/_next/static/chunks/node_modules_next_dist_1ybzpk2._.js:2477
[  107116ms] [LOG] [Fast Refresh] rebuilding @ http://localhost:3000/_next/static/chunks/node_modules_next_dist_1ybzpk2._.js:2477
[  107292ms] [LOG] [Fast Refresh] done in 286ms @ http://localhost:3000/_next/static/chunks/node_modules_next_dist_1ybzpk2._.js:2477
[  107922ms] [LOG] [Fast Refresh] rebuilding @ http://localhost:3000/_next/static/chunks/node_modules_next_dist_1ybzpk2._.js:2477
[  107971ms] [LOG] [Fast Refresh] done in 149ms @ http://localhost:3000/_next/static/chunks/node_modules_next_dist_1ybzpk2._.js:2477
[  108122ms] [LOG] [Fast Refresh] rebuilding @ http://localhost:3000/_next/static/chunks/node_modules_next_dist_1ybzpk2._.js:2477
[  108140ms] [LOG] [Fast Refresh] done in 128ms @ http://localhost:3000/_next/static/chunks/node_modules_next_dist_1ybzpk2._.js:2477
[  108869ms] [LOG] [Fast Refresh] rebuilding @ http://localhost:3000/_next/static/chunks/node_modules_next_dist_1ybzpk2._.js:2477
[  108898ms] [LOG] [Fast Refresh] done in 189ms @ http://localhost:3000/_next/static/chunks/node_modules_next_dist_1ybzpk2._.js:2477
[  109015ms] [LOG] [Fast Refresh] rebuilding @ http://localhost:3000/_next/static/chunks/node_modules_next_dist_1ybzpk2._.js:2477
[  109043ms] [LOG] [Fast Refresh] done in 133ms @ http://localhost:3000/_next/static/chunks/node_modules_next_dist_1ybzpk2._.js:2477
[  109278ms] [LOG] [Fast Refresh] rebuilding @ http://localhost:3000/_next/static/chunks/node_modules_next_dist_1ybzpk2._.js:2477
[  109288ms] [LOG] [Fast Refresh] done in 113ms @ http://localhost:3000/_next/static/chunks/node_modules_next_dist_1ybzpk2._.js:2477
[  109418ms] [LOG] [Fast Refresh] rebuilding @ http://localhost:3000/_next/static/chunks/node_modules_next_dist_1ybzpk2._.js:2477
[  109561ms] [LOG] [Fast Refresh] done in 249ms @ http://localhost:3000/_next/static/chunks/node_modules_next_dist_1ybzpk2._.js:2477
[  109897ms] [LOG] [Fast Refresh] rebuilding @ http://localhost:3000/_next/static/chunks/node_modules_next_dist_1ybzpk2._.js:2477
[  109922ms] [LOG] [Fast Refresh] done in 134ms @ http://localhost:3000/_next/static/chunks/node_modules_next_dist_1ybzpk2._.js:2477
[  110190ms] [LOG] [Fast Refresh] rebuilding @ http://localhost:3000/_next/static/chunks/node_modules_next_dist_1ybzpk2._.js:2477
[  110210ms] [LOG] [Fast Refresh] done in 121ms @ http://localhost:3000/_next/static/chunks/node_modules_next_dist_1ybzpk2._.js:2477
[  110360ms] [LOG] [Fast Refresh] rebuilding @ http://localhost:3000/_next/static/chunks/node_modules_next_dist_1ybzpk2._.js:2477
[  110362ms] [LOG] [Fast Refresh] done in 107ms @ http://localhost:3000/_next/static/chunks/node_modules_next_dist_1ybzpk2._.js:2477
[  110548ms] [LOG] [Fast Refresh] rebuilding @ http://localhost:3000/_next/static/chunks/node_modules_next_dist_1ybzpk2._.js:2477
[  110588ms] [LOG] [Fast Refresh] done in 155ms @ http://localhost:3000/_next/static/chunks/node_modules_next_dist_1ybzpk2._.js:2477
[  110719ms] [LOG] [Fast Refresh] rebuilding @ http://localhost:3000/_next/static/chunks/node_modules_next_dist_1ybzpk2._.js:2477
[  110736ms] [LOG] [Fast Refresh] done in 119ms @ http://localhost:3000/_next/static/chunks/node_modules_next_dist_1ybzpk2._.js:2477
[  111165ms] [LOG] [Fast Refresh] rebuilding @ http://localhost:3000/_next/static/chunks/node_modules_next_dist_1ybzpk2._.js:2477
[  111217ms] [LOG] [Fast Refresh] done in 161ms @ http://localhost:3000/_next/static/chunks/node_modules_next_dist_1ybzpk2._.js:2477
[  111476ms] [LOG] [Fast Refresh] rebuilding @ http://localhost:3000/_next/static/chunks/node_modules_next_dist_1ybzpk2._.js:2477
[  111505ms] [LOG] [Fast Refresh] done in 133ms @ http://localhost:3000/_next/static/chunks/node_modules_next_dist_1ybzpk2._.js:2477
[  111614ms] [LOG] [Fast Refresh] rebuilding @ http://localhost:3000/_next/static/chunks/node_modules_next_dist_1ybzpk2._.js:2477
[  111705ms] [LOG] [Fast Refresh] done in 192ms @ http://localhost:3000/_next/static/chunks/node_modules_next_dist_1ybzpk2._.js:2477
[  112092ms] [LOG] [Fast Refresh] rebuilding @ http://localhost:3000/_next/static/chunks/node_modules_next_dist_1ybzpk2._.js:2477
[  112134ms] [LOG] [Fast Refresh] done in 146ms @ http://localhost:3000/_next/static/chunks/node_modules_next_dist_1ybzpk2._.js:2477
[  112240ms] [LOG] [Fast Refresh] rebuilding @ http://localhost:3000/_next/static/chunks/node_modules_next_dist_1ybzpk2._.js:2477
[  112271ms] [LOG] [Fast Refresh] done in 137ms @ http://localhost:3000/_next/static/chunks/node_modules_next_dist_1ybzpk2._.js:2477
[  112724ms] [LOG] [Fast Refresh] rebuilding @ http://localhost:3000/_next/static/chunks/node_modules_next_dist_1ybzpk2._.js:2477
[  112730ms] [LOG] [Fast Refresh] done in 117ms @ http://localhost:3000/_next/static/chunks/node_modules_next_dist_1ybzpk2._.js:2477
[  112956ms] [LOG] [Fast Refresh] rebuilding @ http://localhost:3000/_next/static/chunks/node_modules_next_dist_1ybzpk2._.js:2477
[  112980ms] [LOG] [Fast Refresh] done in 132ms @ http://localhost:3000/_next/static/chunks/node_modules_next_dist_1ybzpk2._.js:2477
[  113111ms] [LOG] [Fast Refresh] rebuilding @ http://localhost:3000/_next/static/chunks/node_modules_next_dist_1ybzpk2._.js:2477
[  113188ms] [LOG] [Fast Refresh] done in 185ms @ http://localhost:3000/_next/static/chunks/node_modules_next_dist_1ybzpk2._.js:2477
[  113641ms] [LOG] [Fast Refresh] rebuilding @ http://localhost:3000/_next/static/chunks/node_modules_next_dist_1ybzpk2._.js:2477
[  113643ms] [LOG] [Fast Refresh] done in 117ms @ http://localhost:3000/_next/static/chunks/node_modules_next_dist_1ybzpk2._.js:2477
[  114482ms] [LOG] [Fast Refresh] rebuilding @ http://localhost:3000/_next/static/chunks/node_modules_next_dist_1ybzpk2._.js:2477
[  114484ms] [LOG] [Fast Refresh] done in 169ms @ http://localhost:3000/_next/static/chunks/node_modules_next_dist_1ybzpk2._.js:2477
[  114920ms] [LOG] [Fast Refresh] rebuilding @ http://localhost:3000/_next/static/chunks/node_modules_next_dist_1ybzpk2._.js:2477
[  114985ms] [LOG] [Fast Refresh] done in 172ms @ http://localhost:3000/_next/static/chunks/node_modules_next_dist_1ybzpk2._.js:2477
[  115250ms] [LOG] [Fast Refresh] rebuilding @ http://localhost:3000/_next/static/chunks/node_modules_next_dist_1ybzpk2._.js:2477
[  115255ms] [LOG] [Fast Refresh] done in 167ms @ http://localhost:3000/_next/static/chunks/node_modules_next_dist_1ybzpk2._.js:2477
[  115380ms] [LOG] [Fast Refresh] rebuilding @ http://localhost:3000/_next/static/chunks/node_modules_next_dist_1ybzpk2._.js:2477
[  115391ms] [LOG] [Fast Refresh] done in 124ms @ http://localhost:3000/_next/static/chunks/node_modules_next_dist_1ybzpk2._.js:2477
[  115502ms] [LOG] [Fast Refresh] rebuilding @ http://localhost:3000/_next/static/chunks/node_modules_next_dist_1ybzpk2._.js:2477
[  115532ms] [LOG] [Fast Refresh] done in 139ms @ http://localhost:3000/_next/static/chunks/node_modules_next_dist_1ybzpk2._.js:2477
[  115703ms] [LOG] [Fast Refresh] rebuilding @ http://localhost:3000/_next/static/chunks/node_modules_next_dist_1ybzpk2._.js:2477
[  115853ms] [LOG] [Fast Refresh] done in 251ms @ http://localhost:3000/_next/static/chunks/node_modules_next_dist_1ybzpk2._.js:2477
[  116224ms] [LOG] [Fast Refresh] rebuilding @ http://localhost:3000/_next/static/chunks/node_modules_next_dist_1ybzpk2._.js:2477
[  116225ms] [LOG] [Fast Refresh] done in 112ms @ http://localhost:3000/_next/static/chunks/node_modules_next_dist_1ybzpk2._.js:2477
[  116333ms] [LOG] [Fast Refresh] rebuilding @ http://localhost:3000/_next/static/chunks/node_modules_next_dist_1ybzpk2._.js:2477
[  116333ms] [LOG] [Fast Refresh] done in 101ms @ http://localhost:3000/_next/static/chunks/node_modules_next_dist_1ybzpk2._.js:2477
[  116488ms] [LOG] [Fast Refresh] rebuilding @ http://localhost:3000/_next/static/chunks/node_modules_next_dist_1ybzpk2._.js:2477
[  116642ms] [LOG] [Fast Refresh] done in 256ms @ http://localhost:3000/_next/static/chunks/node_modules_next_dist_1ybzpk2._.js:2477
[  116813ms] [LOG] [Fast Refresh] rebuilding @ http://localhost:3000/_next/static/chunks/node_modules_next_dist_1ybzpk2._.js:2477
[  116912ms] [LOG] [Fast Refresh] done in 205ms @ http://localhost:3000/_next/static/chunks/node_modules_next_dist_1ybzpk2._.js:2477
[  117202ms] [LOG] [Fast Refresh] rebuilding @ http://localhost:3000/_next/static/chunks/node_modules_next_dist_1ybzpk2._.js:2477
[  117269ms] [LOG] [Fast Refresh] done in 168ms @ http://localhost:3000/_next/static/chunks/node_modules_next_dist_1ybzpk2._.js:2477
[  117419ms] [LOG] [Fast Refresh] rebuilding @ http://localhost:3000/_next/static/chunks/node_modules_next_dist_1ybzpk2._.js:2477
[  117525ms] [LOG] [Fast Refresh] done in 208ms @ http://localhost:3000/_next/static/chunks/node_modules_next_dist_1ybzpk2._.js:2477
[  117992ms] [LOG] [Fast Refresh] rebuilding @ http://localhost:3000/_next/static/chunks/node_modules_next_dist_1ybzpk2._.js:2477
[  118015ms] [LOG] [Fast Refresh] done in 135ms @ http://localhost:3000/_next/static/chunks/node_modules_next_dist_1ybzpk2._.js:2477
[  118162ms] [LOG] [Fast Refresh] rebuilding @ http://localhost:3000/_next/static/chunks/node_modules_next_dist_1ybzpk2._.js:2477
[  118361ms] [LOG] [Fast Refresh] done in 313ms @ http://localhost:3000/_next/static/chunks/node_modules_next_dist_1ybzpk2._.js:2477
[  119123ms] [LOG] [Fast Refresh] rebuilding @ http://localhost:3000/_next/static/chunks/node_modules_next_dist_1ybzpk2._.js:2477
[  119225ms] [LOG] [Fast Refresh] done in 206ms @ http://localhost:3000/_next/static/chunks/node_modules_next_dist_1ybzpk2._.js:2477
[  119458ms] [LOG] [Fast Refresh] rebuilding @ http://localhost:3000/_next/static/chunks/node_modules_next_dist_1ybzpk2._.js:2477
[  119675ms] [LOG] [Fast Refresh] done in 326ms @ http://localhost:3000/_next/static/chunks/node_modules_next_dist_1ybzpk2._.js:2477
[  119814ms] [LOG] [Fast Refresh] rebuilding @ http://localhost:3000/_next/static/chunks/node_modules_next_dist_1ybzpk2._.js:2477
[  119822ms] [LOG] [Fast Refresh] done in 134ms @ http://localhost:3000/_next/static/chunks/node_modules_next_dist_1ybzpk2._.js:2477
[  119930ms] [LOG] [Fast Refresh] rebuilding @ http://localhost:3000/_next/static/chunks/node_modules_next_dist_1ybzpk2._.js:2477
[  119942ms] [LOG] [Fast Refresh] done in 119ms @ http://localhost:3000/_next/static/chunks/node_modules_next_dist_1ybzpk2._.js:2477
[  120052ms] [LOG] [Fast Refresh] rebuilding @ http://localhost:3000/_next/static/chunks/node_modules_next_dist_1ybzpk2._.js:2477
[  120102ms] [LOG] [Fast Refresh] done in 151ms @ http://localhost:3000/_next/static/chunks/node_modules_next_dist_1ybzpk2._.js:2477
[  120239ms] [LOG] [Fast Refresh] rebuilding @ http://localhost:3000/_next/static/chunks/node_modules_next_dist_1ybzpk2._.js:2477
[  120674ms] [LOG] [Fast Refresh] done in 549ms @ http://localhost:3000/_next/static/chunks/node_modules_next_dist_1ybzpk2._.js:2477
[  120962ms] [LOG] [Fast Refresh] rebuilding @ http://localhost:3000/_next/static/chunks/node_modules_next_dist_1ybzpk2._.js:2477
[  121003ms] [LOG] [Fast Refresh] done in 142ms @ http://localhost:3000/_next/static/chunks/node_modules_next_dist_1ybzpk2._.js:2477
[  121114ms] [LOG] [Fast Refresh] rebuilding @ http://localhost:3000/_next/static/chunks/node_modules_next_dist_1ybzpk2._.js:2477
[  121283ms] [LOG] [Fast Refresh] done in 272ms @ http://localhost:3000/_next/static/chunks/node_modules_next_dist_1ybzpk2._.js:2477
[  121453ms] [LOG] [Fast Refresh] rebuilding @ http://localhost:3000/_next/static/chunks/node_modules_next_dist_1ybzpk2._.js:2477
[  121487ms] [LOG] [Fast Refresh] done in 139ms @ http://localhost:3000/_next/static/chunks/node_modules_next_dist_1ybzpk2._.js:2477
[  121609ms] [LOG] [Fast Refresh] rebuilding @ http://localhost:3000/_next/static/chunks/node_modules_next_dist_1ybzpk2._.js:2477
[  121751ms] [LOG] [Fast Refresh] done in 242ms @ http://localhost:3000/_next/static/chunks/node_modules_next_dist_1ybzpk2._.js:2477
[  122087ms] [LOG] [Fast Refresh] rebuilding @ http://localhost:3000/_next/static/chunks/node_modules_next_dist_1ybzpk2._.js:2477
[  122174ms] [LOG] [Fast Refresh] done in 189ms @ http://localhost:3000/_next/static/chunks/node_modules_next_dist_1ybzpk2._.js:2477
[  122280ms] [LOG] [Fast Refresh] rebuilding @ http://localhost:3000/_next/static/chunks/node_modules_next_dist_1ybzpk2._.js:2477
[  122281ms] [LOG] [Fast Refresh] done in 106ms @ http://localhost:3000/_next/static/chunks/node_modules_next_dist_1ybzpk2._.js:2477
[  122434ms] [LOG] [Fast Refresh] rebuilding @ http://localhost:3000/_next/static/chunks/node_modules_next_dist_1ybzpk2._.js:2477
[  122566ms] [LOG] [Fast Refresh] done in 248ms @ http://localhost:3000/_next/static/chunks/node_modules_next_dist_1ybzpk2._.js:2477
[  123225ms] [LOG] [Fast Refresh] rebuilding @ http://localhost:3000/_next/static/chunks/node_modules_next_dist_1ybzpk2._.js:2477
[  123295ms] [LOG] [Fast Refresh] done in 185ms @ http://localhost:3000/_next/static/chunks/node_modules_next_dist_1ybzpk2._.js:2477
[  123458ms] [LOG] [Fast Refresh] rebuilding @ http://localhost:3000/_next/static/chunks/node_modules_next_dist_1ybzpk2._.js:2477
[  123488ms] [LOG] [Fast Refresh] done in 133ms @ http://localhost:3000/_next/static/chunks/node_modules_next_dist_1ybzpk2._.js:2477
[  123659ms] [LOG] [Fast Refresh] rebuilding @ http://localhost:3000/_next/static/chunks/node_modules_next_dist_1ybzpk2._.js:2477
[  123782ms] [LOG] [Fast Refresh] done in 232ms @ http://localhost:3000/_next/static/chunks/node_modules_next_dist_1ybzpk2._.js:2477
[  124638ms] [LOG] [Fast Refresh] rebuilding @ http://localhost:3000/_next/static/chunks/node_modules_next_dist_1ybzpk2._.js:2477
[  124867ms] [LOG] [Fast Refresh] done in 330ms @ http://localhost:3000/_next/static/chunks/node_modules_next_dist_1ybzpk2._.js:2477
[  128875ms] [LOG] [Fast Refresh] rebuilding @ http://localhost:3000/_next/static/chunks/node_modules_next_dist_1ybzpk2._.js:2477
[  128922ms] [LOG] [Fast Refresh] done in 155ms @ http://localhost:3000/_next/static/chunks/node_modules_next_dist_1ybzpk2._.js:2477
[  129082ms] [LOG] [Fast Refresh] rebuilding @ http://localhost:3000/_next/static/chunks/node_modules_next_dist_1ybzpk2._.js:2477
[  129187ms] [LOG] [Fast Refresh] done in 205ms @ http://localhost:3000/_next/static/chunks/node_modules_next_dist_1ybzpk2._.js:2477
[  129460ms] [LOG] [Fast Refresh] rebuilding @ http://localhost:3000/_next/static/chunks/node_modules_next_dist_1ybzpk2._.js:2477
[  129534ms] [LOG] [Fast Refresh] done in 179ms @ http://localhost:3000/_next/static/chunks/node_modules_next_dist_1ybzpk2._.js:2477
[  129646ms] [LOG] [Fast Refresh] rebuilding @ http://localhost:3000/_next/static/chunks/node_modules_next_dist_1ybzpk2._.js:2477
[  129682ms] [LOG] [Fast Refresh] done in 146ms @ http://localhost:3000/_next/static/chunks/node_modules_next_dist_1ybzpk2._.js:2477
[  129786ms] [LOG] [Fast Refresh] rebuilding @ http://localhost:3000/_next/static/chunks/node_modules_next_dist_1ybzpk2._.js:2477
[  129878ms] [LOG] [Fast Refresh] done in 194ms @ http://localhost:3000/_next/static/chunks/node_modules_next_dist_1ybzpk2._.js:2477
[  130207ms] [LOG] [Fast Refresh] rebuilding @ http://localhost:3000/_next/static/chunks/node_modules_next_dist_1ybzpk2._.js:2477
[  130214ms] [LOG] [Fast Refresh] done in 119ms @ http://localhost:3000/_next/static/chunks/node_modules_next_dist_1ybzpk2._.js:2477
[  130363ms] [LOG] [Fast Refresh] rebuilding @ http://localhost:3000/_next/static/chunks/node_modules_next_dist_1ybzpk2._.js:2477
[  130613ms] [LOG] [Fast Refresh] done in 358ms @ http://localhost:3000/_next/static/chunks/node_modules_next_dist_1ybzpk2._.js:2477
[  130781ms] [LOG] [Fast Refresh] rebuilding @ http://localhost:3000/_next/static/chunks/node_modules_next_dist_1ybzpk2._.js:2477
[  130862ms] [LOG] [Fast Refresh] done in 188ms @ http://localhost:3000/_next/static/chunks/node_modules_next_dist_1ybzpk2._.js:2477
[  130966ms] [LOG] [Fast Refresh] rebuilding @ http://localhost:3000/_next/static/chunks/node_modules_next_dist_1ybzpk2._.js:2477
[  130971ms] [LOG] [Fast Refresh] done in 106ms @ http://localhost:3000/_next/static/chunks/node_modules_next_dist_1ybzpk2._.js:2477
[  131396ms] [LOG] [Fast Refresh] rebuilding @ http://localhost:3000/_next/static/chunks/node_modules_next_dist_1ybzpk2._.js:2477
[  131466ms] [LOG] [Fast Refresh] done in 182ms @ http://localhost:3000/_next/static/chunks/node_modules_next_dist_1ybzpk2._.js:2477
[  131661ms] [LOG] [Fast Refresh] rebuilding @ http://localhost:3000/_next/static/chunks/node_modules_next_dist_1ybzpk2._.js:2477
[  131673ms] [LOG] [Fast Refresh] done in 119ms @ http://localhost:3000/_next/static/chunks/node_modules_next_dist_1ybzpk2._.js:2477
[  131801ms] [LOG] [Fast Refresh] rebuilding @ http://localhost:3000/_next/static/chunks/node_modules_next_dist_1ybzpk2._.js:2477
[  131921ms] [LOG] [Fast Refresh] done in 222ms @ http://localhost:3000/_next/static/chunks/node_modules_next_dist_1ybzpk2._.js:2477
[  132158ms] [LOG] [Fast Refresh] rebuilding @ http://localhost:3000/_next/static/chunks/node_modules_next_dist_1ybzpk2._.js:2477
[  132173ms] [LOG] [Fast Refresh] done in 116ms @ http://localhost:3000/_next/static/chunks/node_modules_next_dist_1ybzpk2._.js:2477
[  132368ms] [LOG] [Fast Refresh] rebuilding @ http://localhost:3000/_next/static/chunks/node_modules_next_dist_1ybzpk2._.js:2477
[  132401ms] [LOG] [Fast Refresh] done in 134ms @ http://localhost:3000/_next/static/chunks/node_modules_next_dist_1ybzpk2._.js:2477
[  133070ms] [LOG] [Fast Refresh] rebuilding @ http://localhost:3000/_next/static/chunks/node_modules_next_dist_1ybzpk2._.js:2477
[  133106ms] [LOG] [Fast Refresh] done in 137ms @ http://localhost:3000/_next/static/chunks/node_modules_next_dist_1ybzpk2._.js:2477
[  133303ms] [LOG] [Fast Refresh] rebuilding @ http://localhost:3000/_next/static/chunks/node_modules_next_dist_1ybzpk2._.js:2477
[  133357ms] [LOG] [Fast Refresh] done in 169ms @ http://localhost:3000/_next/static/chunks/node_modules_next_dist_1ybzpk2._.js:2477
[  133518ms] [LOG] [Fast Refresh] rebuilding @ http://localhost:3000/_next/static/chunks/node_modules_next_dist_1ybzpk2._.js:2477
[  133679ms] [LOG] [Fast Refresh] done in 268ms @ http://localhost:3000/_next/static/chunks/node_modules_next_dist_1ybzpk2._.js:2477
[  133829ms] [LOG] [Fast Refresh] rebuilding @ http://localhost:3000/_next/static/chunks/node_modules_next_dist_1ybzpk2._.js:2477
[  133893ms] [LOG] [Fast Refresh] done in 173ms @ http://localhost:3000/_next/static/chunks/node_modules_next_dist_1ybzpk2._.js:2477
[  134078ms] [LOG] [Fast Refresh] rebuilding @ http://localhost:3000/_next/static/chunks/node_modules_next_dist_1ybzpk2._.js:2477
[  134085ms] [LOG] [Fast Refresh] done in 117ms @ http://localhost:3000/_next/static/chunks/node_modules_next_dist_1ybzpk2._.js:2477
[  134341ms] [LOG] [Fast Refresh] rebuilding @ http://localhost:3000/_next/static/chunks/node_modules_next_dist_1ybzpk2._.js:2477
[  134360ms] [LOG] [Fast Refresh] done in 119ms @ http://localhost:3000/_next/static/chunks/node_modules_next_dist_1ybzpk2._.js:2477
[  134485ms] [LOG] [Fast Refresh] rebuilding @ http://localhost:3000/_next/static/chunks/node_modules_next_dist_1ybzpk2._.js:2477
[  134510ms] [LOG] [Fast Refresh] done in 126ms @ http://localhost:3000/_next/static/chunks/node_modules_next_dist_1ybzpk2._.js:2477
[  135858ms] [LOG] [Fast Refresh] rebuilding @ http://localhost:3000/_next/static/chunks/node_modules_next_dist_1ybzpk2._.js:2477
[  135865ms] [LOG] [Fast Refresh] done in 115ms @ http://localhost:3000/_next/static/chunks/node_modules_next_dist_1ybzpk2._.js:2477
[  135998ms] [LOG] [Fast Refresh] rebuilding @ http://localhost:3000/_next/static/chunks/node_modules_next_dist_1ybzpk2._.js:2477
[  136198ms] [LOG] [Fast Refresh] done in 302ms @ http://localhost:3000/_next/static/chunks/node_modules_next_dist_1ybzpk2._.js:2477
[  136424ms] [LOG] [Fast Refresh] rebuilding @ http://localhost:3000/_next/static/chunks/node_modules_next_dist_1ybzpk2._.js:2477
[  136480ms] [LOG] [Fast Refresh] done in 179ms @ http://localhost:3000/_next/static/chunks/node_modules_next_dist_1ybzpk2._.js:2477
[  136788ms] [LOG] [Fast Refresh] rebuilding @ http://localhost:3000/_next/static/chunks/node_modules_next_dist_1ybzpk2._.js:2477
[  136866ms] [LOG] [Fast Refresh] done in 194ms @ http://localhost:3000/_next/static/chunks/node_modules_next_dist_1ybzpk2._.js:2477
[  137004ms] [LOG] [Fast Refresh] rebuilding @ http://localhost:3000/_next/static/chunks/node_modules_next_dist_1ybzpk2._.js:2477
[  137264ms] [LOG] [Fast Refresh] done in 362ms @ http://localhost:3000/_next/static/chunks/node_modules_next_dist_1ybzpk2._.js:2477
[  137420ms] [LOG] [Fast Refresh] rebuilding @ http://localhost:3000/_next/static/chunks/node_modules_next_dist_1ybzpk2._.js:2477
[  137450ms] [LOG] [Fast Refresh] done in 131ms @ http://localhost:3000/_next/static/chunks/node_modules_next_dist_1ybzpk2._.js:2477
[  137575ms] [LOG] [Fast Refresh] rebuilding @ http://localhost:3000/_next/static/chunks/node_modules_next_dist_1ybzpk2._.js:2477
[  137671ms] [LOG] [Fast Refresh] done in 203ms @ http://localhost:3000/_next/static/chunks/node_modules_next_dist_1ybzpk2._.js:2477
[  137964ms] [LOG] [Fast Refresh] rebuilding @ http://localhost:3000/_next/static/chunks/node_modules_next_dist_1ybzpk2._.js:2477
[  137969ms] [LOG] [Fast Refresh] done in 120ms @ http://localhost:3000/_next/static/chunks/node_modules_next_dist_1ybzpk2._.js:2477
[  138118ms] [LOG] [Fast Refresh] rebuilding @ http://localhost:3000/_next/static/chunks/node_modules_next_dist_1ybzpk2._.js:2477
[  138152ms] [LOG] [Fast Refresh] done in 138ms @ http://localhost:3000/_next/static/chunks/node_modules_next_dist_1ybzpk2._.js:2477
[  138554ms] [LOG] [Fast Refresh] rebuilding @ http://localhost:3000/_next/static/chunks/node_modules_next_dist_1ybzpk2._.js:2477
[  138613ms] [LOG] [Fast Refresh] done in 164ms @ http://localhost:3000/_next/static/chunks/node_modules_next_dist_1ybzpk2._.js:2477
[  138772ms] [LOG] [Fast Refresh] rebuilding @ http://localhost:3000/_next/static/chunks/node_modules_next_dist_1ybzpk2._.js:2477
[  138895ms] [LOG] [Fast Refresh] done in 238ms @ http://localhost:3000/_next/static/chunks/node_modules_next_dist_1ybzpk2._.js:2477
[  139069ms] [LOG] [Fast Refresh] rebuilding @ http://localhost:3000/_next/static/chunks/node_modules_next_dist_1ybzpk2._.js:2477
[  139078ms] [LOG] [Fast Refresh] done in 110ms @ http://localhost:3000/_next/static/chunks/node_modules_next_dist_1ybzpk2._.js:2477
[  139208ms] [LOG] [Fast Refresh] rebuilding @ http://localhost:3000/_next/static/chunks/node_modules_next_dist_1ybzpk2._.js:2477
[  139250ms] [LOG] [Fast Refresh] done in 144ms @ http://localhost:3000/_next/static/chunks/node_modules_next_dist_1ybzpk2._.js:2477
[  139362ms] [LOG] [Fast Refresh] rebuilding @ http://localhost:3000/_next/static/chunks/node_modules_next_dist_1ybzpk2._.js:2477
[  139386ms] [LOG] [Fast Refresh] done in 130ms @ http://localhost:3000/_next/static/chunks/node_modules_next_dist_1ybzpk2._.js:2477
[  139520ms] [LOG] [Fast Refresh] rebuilding @ http://localhost:3000/_next/static/chunks/node_modules_next_dist_1ybzpk2._.js:2477
[  139540ms] [LOG] [Fast Refresh] done in 136ms @ http://localhost:3000/_next/static/chunks/node_modules_next_dist_1ybzpk2._.js:2477
[  139794ms] [LOG] [Fast Refresh] rebuilding @ http://localhost:3000/_next/static/chunks/node_modules_next_dist_1ybzpk2._.js:2477
[  139854ms] [LOG] [Fast Refresh] done in 168ms @ http://localhost:3000/_next/static/chunks/node_modules_next_dist_1ybzpk2._.js:2477
[  140022ms] [LOG] [Fast Refresh] rebuilding @ http://localhost:3000/_next/static/chunks/node_modules_next_dist_1ybzpk2._.js:2477
[  140113ms] [LOG] [Fast Refresh] done in 202ms @ http://localhost:3000/_next/static/chunks/node_modules_next_dist_1ybzpk2._.js:2477
[  140284ms] [LOG] [Fast Refresh] rebuilding @ http://localhost:3000/_next/static/chunks/node_modules_next_dist_1ybzpk2._.js:2477
[  140413ms] [LOG] [Fast Refresh] done in 229ms @ http://localhost:3000/_next/static/chunks/node_modules_next_dist_1ybzpk2._.js:2477
[  140564ms] [LOG] [Fast Refresh] rebuilding @ http://localhost:3000/_next/static/chunks/node_modules_next_dist_1ybzpk2._.js:2477
[  140672ms] [LOG] [Fast Refresh] done in 211ms @ http://localhost:3000/_next/static/chunks/node_modules_next_dist_1ybzpk2._.js:2477
[  140792ms] [LOG] [Fast Refresh] rebuilding @ http://localhost:3000/_next/static/chunks/node_modules_next_dist_1ybzpk2._.js:2477
[  140817ms] [LOG] [Fast Refresh] done in 136ms @ http://localhost:3000/_next/static/chunks/node_modules_next_dist_1ybzpk2._.js:2477
[  141390ms] [LOG] [Fast Refresh] rebuilding @ http://localhost:3000/_next/static/chunks/node_modules_next_dist_1ybzpk2._.js:2477
[  141412ms] [LOG] [Fast Refresh] done in 128ms @ http://localhost:3000/_next/static/chunks/node_modules_next_dist_1ybzpk2._.js:2477
[  141530ms] [LOG] [Fast Refresh] rebuilding @ http://localhost:3000/_next/static/chunks/node_modules_next_dist_1ybzpk2._.js:2477
[  141609ms] [LOG] [Fast Refresh] done in 187ms @ http://localhost:3000/_next/static/chunks/node_modules_next_dist_1ybzpk2._.js:2477
[  141716ms] [LOG] [Fast Refresh] rebuilding @ http://localhost:3000/_next/static/chunks/node_modules_next_dist_1ybzpk2._.js:2477
[  141745ms] [LOG] [Fast Refresh] done in 132ms @ http://localhost:3000/_next/static/chunks/node_modules_next_dist_1ybzpk2._.js:2477
[  141979ms] [LOG] [Fast Refresh] rebuilding @ http://localhost:3000/_next/static/chunks/node_modules_next_dist_1ybzpk2._.js:2477
[  142028ms] [LOG] [Fast Refresh] done in 161ms @ http://localhost:3000/_next/static/chunks/node_modules_next_dist_1ybzpk2._.js:2477
[  142130ms] [LOG] [Fast Refresh] rebuilding @ http://localhost:3000/_next/static/chunks/node_modules_next_dist_1ybzpk2._.js:2477
[  142225ms] [LOG] [Fast Refresh] done in 195ms @ http://localhost:3000/_next/static/chunks/node_modules_next_dist_1ybzpk2._.js:2477
[  142334ms] [LOG] [Fast Refresh] rebuilding @ http://localhost:3000/_next/static/chunks/node_modules_next_dist_1ybzpk2._.js:2477
[  142355ms] [LOG] [Fast Refresh] done in 127ms @ http://localhost:3000/_next/static/chunks/node_modules_next_dist_1ybzpk2._.js:2477
[  142472ms] [LOG] [Fast Refresh] rebuilding @ http://localhost:3000/_next/static/chunks/node_modules_next_dist_1ybzpk2._.js:2477
[  142478ms] [LOG] [Fast Refresh] done in 115ms @ http://localhost:3000/_next/static/chunks/node_modules_next_dist_1ybzpk2._.js:2477
[  142611ms] [LOG] [Fast Refresh] rebuilding @ http://localhost:3000/_next/static/chunks/node_modules_next_dist_1ybzpk2._.js:2477
[  142688ms] [LOG] [Fast Refresh] done in 187ms @ http://localhost:3000/_next/static/chunks/node_modules_next_dist_1ybzpk2._.js:2477
[  143039ms] [LOG] [Fast Refresh] rebuilding @ http://localhost:3000/_next/static/chunks/node_modules_next_dist_1ybzpk2._.js:2477
[  143081ms] [LOG] [Fast Refresh] done in 151ms @ http://localhost:3000/_next/static/chunks/node_modules_next_dist_1ybzpk2._.js:2477
[  143303ms] [LOG] [Fast Refresh] rebuilding @ http://localhost:3000/_next/static/chunks/node_modules_next_dist_1ybzpk2._.js:2477
[  143325ms] [LOG] [Fast Refresh] done in 127ms @ http://localhost:3000/_next/static/chunks/node_modules_next_dist_1ybzpk2._.js:2477
[  143701ms] [LOG] [Fast Refresh] rebuilding @ http://localhost:3000/_next/static/chunks/node_modules_next_dist_1ybzpk2._.js:2477
[  143730ms] [LOG] [Fast Refresh] done in 129ms @ http://localhost:3000/_next/static/chunks/node_modules_next_dist_1ybzpk2._.js:2477
[  143875ms] [LOG] [Fast Refresh] rebuilding @ http://localhost:3000/_next/static/chunks/node_modules_next_dist_1ybzpk2._.js:2477
[  143947ms] [LOG] [Fast Refresh] done in 177ms @ http://localhost:3000/_next/static/chunks/node_modules_next_dist_1ybzpk2._.js:2477
[  144089ms] [LOG] [Fast Refresh] rebuilding @ http://localhost:3000/_next/static/chunks/node_modules_next_dist_1ybzpk2._.js:2477
[  144169ms] [LOG] [Fast Refresh] done in 191ms @ http://localhost:3000/_next/static/chunks/node_modules_next_dist_1ybzpk2._.js:2477
[  144495ms] [LOG] [Fast Refresh] rebuilding @ http://localhost:3000/_next/static/chunks/node_modules_next_dist_1ybzpk2._.js:2477
[  144530ms] [LOG] [Fast Refresh] done in 140ms @ http://localhost:3000/_next/static/chunks/node_modules_next_dist_1ybzpk2._.js:2477
[  144642ms] [LOG] [Fast Refresh] rebuilding @ http://localhost:3000/_next/static/chunks/node_modules_next_dist_1ybzpk2._.js:2477
[  144667ms] [LOG] [Fast Refresh] done in 129ms @ http://localhost:3000/_next/static/chunks/node_modules_next_dist_1ybzpk2._.js:2477
[  144800ms] [LOG] [Fast Refresh] rebuilding @ http://localhost:3000/_next/static/chunks/node_modules_next_dist_1ybzpk2._.js:2477
[  144800ms] [LOG] [Fast Refresh] done in 103ms @ http://localhost:3000/_next/static/chunks/node_modules_next_dist_1ybzpk2._.js:2477
[  145234ms] [LOG] [Fast Refresh] rebuilding @ http://localhost:3000/_next/static/chunks/node_modules_next_dist_1ybzpk2._.js:2477
[  145271ms] [LOG] [Fast Refresh] done in 142ms @ http://localhost:3000/_next/static/chunks/node_modules_next_dist_1ybzpk2._.js:2477
[  145378ms] [LOG] [Fast Refresh] rebuilding @ http://localhost:3000/_next/static/chunks/node_modules_next_dist_1ybzpk2._.js:2477
[  145496ms] [LOG] [Fast Refresh] done in 219ms @ http://localhost:3000/_next/static/chunks/node_modules_next_dist_1ybzpk2._.js:2477
[  146067ms] [LOG] [Fast Refresh] rebuilding @ http://localhost:3000/_next/static/chunks/node_modules_next_dist_1ybzpk2._.js:2477
[  146073ms] [LOG] [Fast Refresh] done in 116ms @ http://localhost:3000/_next/static/chunks/node_modules_next_dist_1ybzpk2._.js:2477
[  146425ms] [LOG] [Fast Refresh] rebuilding @ http://localhost:3000/_next/static/chunks/node_modules_next_dist_1ybzpk2._.js:2477
[  146446ms] [LOG] [Fast Refresh] done in 134ms @ http://localhost:3000/_next/static/chunks/node_modules_next_dist_1ybzpk2._.js:2477
[  146562ms] [LOG] [Fast Refresh] rebuilding @ http://localhost:3000/_next/static/chunks/node_modules_next_dist_1ybzpk2._.js:2477
[  146563ms] [LOG] [Fast Refresh] done in 116ms @ http://localhost:3000/_next/static/chunks/node_modules_next_dist_1ybzpk2._.js:2477
[  146715ms] [LOG] [Fast Refresh] rebuilding @ http://localhost:3000/_next/static/chunks/node_modules_next_dist_1ybzpk2._.js:2477
[  146806ms] [LOG] [Fast Refresh] done in 199ms @ http://localhost:3000/_next/static/chunks/node_modules_next_dist_1ybzpk2._.js:2477
[  147395ms] [LOG] [Fast Refresh] rebuilding @ http://localhost:3000/_next/static/chunks/node_modules_next_dist_1ybzpk2._.js:2477
[  147397ms] [LOG] [Fast Refresh] done in 117ms @ http://localhost:3000/_next/static/chunks/node_modules_next_dist_1ybzpk2._.js:2477
[  147520ms] [LOG] [Fast Refresh] rebuilding @ http://localhost:3000/_next/static/chunks/node_modules_next_dist_1ybzpk2._.js:2477
[  147584ms] [LOG] [Fast Refresh] done in 169ms @ http://localhost:3000/_next/static/chunks/node_modules_next_dist_1ybzpk2._.js:2477
[  148335ms] [LOG] [Fast Refresh] rebuilding @ http://localhost:3000/_next/static/chunks/node_modules_next_dist_1ybzpk2._.js:2477
[  148348ms] [LOG] [Fast Refresh] done in 116ms @ http://localhost:3000/_next/static/chunks/node_modules_next_dist_1ybzpk2._.js:2477
[  148491ms] [LOG] [Fast Refresh] rebuilding @ http://localhost:3000/_next/static/chunks/node_modules_next_dist_1ybzpk2._.js:2477
[  148547ms] [LOG] [Fast Refresh] done in 167ms @ http://localhost:3000/_next/static/chunks/node_modules_next_dist_1ybzpk2._.js:2477
[  150688ms] [LOG] [Fast Refresh] rebuilding @ http://localhost:3000/_next/static/chunks/node_modules_next_dist_1ybzpk2._.js:2477
[  150837ms] [LOG] [Fast Refresh] done in 263ms @ http://localhost:3000/_next/static/chunks/node_modules_next_dist_1ybzpk2._.js:2477
[  150948ms] [LOG] [Fast Refresh] rebuilding @ http://localhost:3000/_next/static/chunks/node_modules_next_dist_1ybzpk2._.js:2477
[  150978ms] [LOG] [Fast Refresh] done in 133ms @ http://localhost:3000/_next/static/chunks/node_modules_next_dist_1ybzpk2._.js:2477
[  151671ms] [LOG] [Fast Refresh] rebuilding @ http://localhost:3000/_next/static/chunks/node_modules_next_dist_1ybzpk2._.js:2477
[  151762ms] [LOG] [Fast Refresh] done in 193ms @ http://localhost:3000/_next/static/chunks/node_modules_next_dist_1ybzpk2._.js:2477
[  151932ms] [LOG] [Fast Refresh] rebuilding @ http://localhost:3000/_next/static/chunks/node_modules_next_dist_1ybzpk2._.js:2477
[  151938ms] [LOG] [Fast Refresh] done in 122ms @ http://localhost:3000/_next/static/chunks/node_modules_next_dist_1ybzpk2._.js:2477
[  152591ms] [LOG] [Fast Refresh] rebuilding @ http://localhost:3000/_next/static/chunks/node_modules_next_dist_1ybzpk2._.js:2477
[  152593ms] [LOG] [Fast Refresh] done in 113ms @ http://localhost:3000/_next/static/chunks/node_modules_next_dist_1ybzpk2._.js:2477
[  152728ms] [LOG] [Fast Refresh] rebuilding @ http://localhost:3000/_next/static/chunks/node_modules_next_dist_1ybzpk2._.js:2477
[  152732ms] [LOG] [Fast Refresh] done in 120ms @ http://localhost:3000/_next/static/chunks/node_modules_next_dist_1ybzpk2._.js:2477
[  153460ms] [LOG] [Fast Refresh] rebuilding @ http://localhost:3000/_next/static/chunks/node_modules_next_dist_1ybzpk2._.js:2477
[  153476ms] [LOG] [Fast Refresh] done in 122ms @ http://localhost:3000/_next/static/chunks/node_modules_next_dist_1ybzpk2._.js:2477
[  153597ms] [LOG] [Fast Refresh] rebuilding @ http://localhost:3000/_next/static/chunks/node_modules_next_dist_1ybzpk2._.js:2477
[  153628ms] [LOG] [Fast Refresh] done in 134ms @ http://localhost:3000/_next/static/chunks/node_modules_next_dist_1ybzpk2._.js:2477
[  153999ms] [LOG] [Fast Refresh] rebuilding @ http://localhost:3000/_next/static/chunks/node_modules_next_dist_1ybzpk2._.js:2477
[  154009ms] [LOG] [Fast Refresh] done in 115ms @ http://localhost:3000/_next/static/chunks/node_modules_next_dist_1ybzpk2._.js:2477
[  154277ms] [LOG] [Fast Refresh] rebuilding @ http://localhost:3000/_next/static/chunks/node_modules_next_dist_1ybzpk2._.js:2477
[  154356ms] [LOG] [Fast Refresh] done in 190ms @ http://localhost:3000/_next/static/chunks/node_modules_next_dist_1ybzpk2._.js:2477
[  154493ms] [LOG] [Fast Refresh] rebuilding @ http://localhost:3000/_next/static/chunks/node_modules_next_dist_1ybzpk2._.js:2477
[  154556ms] [LOG] [Fast Refresh] done in 172ms @ http://localhost:3000/_next/static/chunks/node_modules_next_dist_1ybzpk2._.js:2477
[  155066ms] [LOG] [Fast Refresh] rebuilding @ http://localhost:3000/_next/static/chunks/node_modules_next_dist_1ybzpk2._.js:2477
[  155103ms] [LOG] [Fast Refresh] done in 140ms @ http://localhost:3000/_next/static/chunks/node_modules_next_dist_1ybzpk2._.js:2477
[  155205ms] [LOG] [Fast Refresh] rebuilding @ http://localhost:3000/_next/static/chunks/node_modules_next_dist_1ybzpk2._.js:2477
[  155230ms] [LOG] [Fast Refresh] done in 127ms @ http://localhost:3000/_next/static/chunks/node_modules_next_dist_1ybzpk2._.js:2477
[  155361ms] [LOG] [Fast Refresh] rebuilding @ http://localhost:3000/_next/static/chunks/node_modules_next_dist_1ybzpk2._.js:2477
[  155429ms] [LOG] [Fast Refresh] done in 176ms @ http://localhost:3000/_next/static/chunks/node_modules_next_dist_1ybzpk2._.js:2477
[  155732ms] [LOG] [Fast Refresh] rebuilding @ http://localhost:3000/_next/static/chunks/node_modules_next_dist_1ybzpk2._.js:2477
[  155765ms] [LOG] [Fast Refresh] done in 138ms @ http://localhost:3000/_next/static/chunks/node_modules_next_dist_1ybzpk2._.js:2477
[  155886ms] [LOG] [Fast Refresh] rebuilding @ http://localhost:3000/_next/static/chunks/node_modules_next_dist_1ybzpk2._.js:2477
[  155973ms] [LOG] [Fast Refresh] done in 196ms @ http://localhost:3000/_next/static/chunks/node_modules_next_dist_1ybzpk2._.js:2477
[  156181ms] [LOG] [Fast Refresh] rebuilding @ http://localhost:3000/_next/static/chunks/node_modules_next_dist_1ybzpk2._.js:2477
[  156212ms] [LOG] [Fast Refresh] done in 138ms @ http://localhost:3000/_next/static/chunks/node_modules_next_dist_1ybzpk2._.js:2477
[  156318ms] [LOG] [Fast Refresh] rebuilding @ http://localhost:3000/_next/static/chunks/node_modules_next_dist_1ybzpk2._.js:2477
[  156325ms] [LOG] [Fast Refresh] done in 113ms @ http://localhost:3000/_next/static/chunks/node_modules_next_dist_1ybzpk2._.js:2477
[  156723ms] [LOG] [Fast Refresh] rebuilding @ http://localhost:3000/_next/static/chunks/node_modules_next_dist_1ybzpk2._.js:2477
[  156743ms] [LOG] [Fast Refresh] done in 136ms @ http://localhost:3000/_next/static/chunks/node_modules_next_dist_1ybzpk2._.js:2477
[  157368ms] [LOG] [Fast Refresh] rebuilding @ http://localhost:3000/_next/static/chunks/node_modules_next_dist_1ybzpk2._.js:2477
[  157377ms] [LOG] [Fast Refresh] done in 115ms @ http://localhost:3000/_next/static/chunks/node_modules_next_dist_1ybzpk2._.js:2477
[  157506ms] [LOG] [Fast Refresh] rebuilding @ http://localhost:3000/_next/static/chunks/node_modules_next_dist_1ybzpk2._.js:2477
[  157535ms] [LOG] [Fast Refresh] done in 138ms @ http://localhost:3000/_next/static/chunks/node_modules_next_dist_1ybzpk2._.js:2477
[  158222ms] [LOG] [Fast Refresh] rebuilding @ http://localhost:3000/_next/static/chunks/node_modules_next_dist_1ybzpk2._.js:2477
[  158247ms] [LOG] [Fast Refresh] done in 124ms @ http://localhost:3000/_next/static/chunks/node_modules_next_dist_1ybzpk2._.js:2477
[  159417ms] [LOG] [Fast Refresh] rebuilding @ http://localhost:3000/_next/static/chunks/node_modules_next_dist_1ybzpk2._.js:2477
[  159428ms] [LOG] [Fast Refresh] done in 121ms @ http://localhost:3000/_next/static/chunks/node_modules_next_dist_1ybzpk2._.js:2477
[  160087ms] [LOG] [Fast Refresh] rebuilding @ http://localhost:3000/_next/static/chunks/node_modules_next_dist_1ybzpk2._.js:2477
[  160126ms] [LOG] [Fast Refresh] done in 150ms @ http://localhost:3000/_next/static/chunks/node_modules_next_dist_1ybzpk2._.js:2477
[  160239ms] [LOG] [Fast Refresh] rebuilding @ http://localhost:3000/_next/static/chunks/node_modules_next_dist_1ybzpk2._.js:2477
[  160459ms] [LOG] [Fast Refresh] done in 321ms @ http://localhost:3000/_next/static/chunks/node_modules_next_dist_1ybzpk2._.js:2477
[  161150ms] [LOG] [Fast Refresh] rebuilding @ http://localhost:3000/_next/static/chunks/node_modules_next_dist_1ybzpk2._.js:2477
[  161490ms] [LOG] [Fast Refresh] done in 455ms @ http://localhost:3000/_next/static/chunks/node_modules_next_dist_1ybzpk2._.js:2477
[  161668ms] [LOG] [Fast Refresh] rebuilding @ http://localhost:3000/_next/static/chunks/node_modules_next_dist_1ybzpk2._.js:2477
[  161999ms] [LOG] [Fast Refresh] done in 437ms @ http://localhost:3000/_next/static/chunks/node_modules_next_dist_1ybzpk2._.js:2477
[  162293ms] [LOG] [Fast Refresh] rebuilding @ http://localhost:3000/_next/static/chunks/node_modules_next_dist_1ybzpk2._.js:2477
[  162295ms] [LOG] [Fast Refresh] done in 113ms @ http://localhost:3000/_next/static/chunks/node_modules_next_dist_1ybzpk2._.js:2477
[  162445ms] [LOG] [Fast Refresh] rebuilding @ http://localhost:3000/_next/static/chunks/node_modules_next_dist_1ybzpk2._.js:2477
[  162606ms] [LOG] [Fast Refresh] done in 262ms @ http://localhost:3000/_next/static/chunks/node_modules_next_dist_1ybzpk2._.js:2477
[  162753ms] [LOG] [Fast Refresh] rebuilding @ http://localhost:3000/_next/static/chunks/node_modules_next_dist_1ybzpk2._.js:2477
[  162892ms] [LOG] [Fast Refresh] done in 251ms @ http://localhost:3000/_next/static/chunks/node_modules_next_dist_1ybzpk2._.js:2477
[  163045ms] [LOG] [Fast Refresh] rebuilding @ http://localhost:3000/_next/static/chunks/node_modules_next_dist_1ybzpk2._.js:2477
[  163047ms] [LOG] [Fast Refresh] done in 107ms @ http://localhost:3000/_next/static/chunks/node_modules_next_dist_1ybzpk2._.js:2477
[  163216ms] [LOG] [Fast Refresh] rebuilding @ http://localhost:3000/_next/static/chunks/node_modules_next_dist_1ybzpk2._.js:2477
[  163307ms] [LOG] [Fast Refresh] done in 197ms @ http://localhost:3000/_next/static/chunks/node_modules_next_dist_1ybzpk2._.js:2477
[  163477ms] [LOG] [Fast Refresh] rebuilding @ http://localhost:3000/_next/static/chunks/node_modules_next_dist_1ybzpk2._.js:2477
[  163478ms] [LOG] [Fast Refresh] done in 111ms @ http://localhost:3000/_next/static/chunks/node_modules_next_dist_1ybzpk2._.js:2477
[  164749ms] [LOG] [Fast Refresh] rebuilding @ http://localhost:3000/_next/static/chunks/node_modules_next_dist_1ybzpk2._.js:2477
[  164777ms] [LOG] [Fast Refresh] done in 133ms @ http://localhost:3000/_next/static/chunks/node_modules_next_dist_1ybzpk2._.js:2477
[  165012ms] [LOG] [Fast Refresh] rebuilding @ http://localhost:3000/_next/static/chunks/node_modules_next_dist_1ybzpk2._.js:2477
[  167734ms] [LOG] [Fast Refresh] done in 2812ms @ http://localhost:3000/_next/static/chunks/node_modules_next_dist_1ybzpk2._.js:2477
[  167964ms] [LOG] [Fast Refresh] rebuilding @ http://localhost:3000/_next/static/chunks/node_modules_next_dist_1ybzpk2._.js:2477
[  168009ms] [LOG] [Fast Refresh] done in 272ms @ http://localhost:3000/_next/static/chunks/node_modules_next_dist_1ybzpk2._.js:2477
[  168188ms] [LOG] [Fast Refresh] rebuilding @ http://localhost:3000/_next/static/chunks/node_modules_next_dist_1ybzpk2._.js:2477
[  169076ms] [LOG] [Fast Refresh] done in 989ms @ http://localhost:3000/_next/static/chunks/node_modules_next_dist_1ybzpk2._.js:2477
[  169300ms] [LOG] [Fast Refresh] rebuilding @ http://localhost:3000/_next/static/chunks/node_modules_next_dist_1ybzpk2._.js:2477
[  169464ms] [LOG] [Fast Refresh] done in 270ms @ http://localhost:3000/_next/static/chunks/node_modules_next_dist_1ybzpk2._.js:2477
[  169751ms] [LOG] [Fast Refresh] rebuilding @ http://localhost:3000/_next/static/chunks/node_modules_next_dist_1ybzpk2._.js:2477
[  169858ms] [LOG] [Fast Refresh] done in 218ms @ http://localhost:3000/_next/static/chunks/node_modules_next_dist_1ybzpk2._.js:2477
[  170018ms] [LOG] [Fast Refresh] rebuilding @ http://localhost:3000/_next/static/chunks/node_modules_next_dist_1ybzpk2._.js:2477
[  170025ms] [LOG] [Fast Refresh] done in 115ms @ http://localhost:3000/_next/static/chunks/node_modules_next_dist_1ybzpk2._.js:2477
[  170250ms] [LOG] [Fast Refresh] rebuilding @ http://localhost:3000/_next/static/chunks/node_modules_next_dist_1ybzpk2._.js:2477
[  170260ms] [LOG] [Fast Refresh] done in 123ms @ http://localhost:3000/_next/static/chunks/node_modules_next_dist_1ybzpk2._.js:2477
[  170403ms] [LOG] [Fast Refresh] rebuilding @ http://localhost:3000/_next/static/chunks/node_modules_next_dist_1ybzpk2._.js:2477
[  170413ms] [LOG] [Fast Refresh] done in 119ms @ http://localhost:3000/_next/static/chunks/node_modules_next_dist_1ybzpk2._.js:2477
[  170517ms] [LOG] [Fast Refresh] rebuilding @ http://localhost:3000/_next/static/chunks/node_modules_next_dist_1ybzpk2._.js:2477
[  170580ms] [LOG] [Fast Refresh] done in 167ms @ http://localhost:3000/_next/static/chunks/node_modules_next_dist_1ybzpk2._.js:2477
[  170728ms] [LOG] [Fast Refresh] rebuilding @ http://localhost:3000/_next/static/chunks/node_modules_next_dist_1ybzpk2._.js:2477
[  170798ms] [LOG] [Fast Refresh] done in 180ms @ http://localhost:3000/_next/static/chunks/node_modules_next_dist_1ybzpk2._.js:2477
[  170944ms] [LOG] [Fast Refresh] rebuilding @ http://localhost:3000/_next/static/chunks/node_modules_next_dist_1ybzpk2._.js:2477
[  171148ms] [LOG] [Fast Refresh] done in 313ms @ http://localhost:3000/_next/static/chunks/node_modules_next_dist_1ybzpk2._.js:2477
[  171798ms] [LOG] [Fast Refresh] rebuilding @ http://localhost:3000/_next/static/chunks/node_modules_next_dist_1ybzpk2._.js:2477
[  171847ms] [LOG] [Fast Refresh] done in 163ms @ http://localhost:3000/_next/static/chunks/node_modules_next_dist_1ybzpk2._.js:2477
[  171953ms] [LOG] [Fast Refresh] rebuilding @ http://localhost:3000/_next/static/chunks/node_modules_next_dist_1ybzpk2._.js:2477
[  171990ms] [LOG] [Fast Refresh] done in 142ms @ http://localhost:3000/_next/static/chunks/node_modules_next_dist_1ybzpk2._.js:2477
[  172093ms] [LOG] [Fast Refresh] rebuilding @ http://localhost:3000/_next/static/chunks/node_modules_next_dist_1ybzpk2._.js:2477
[  172212ms] [LOG] [Fast Refresh] done in 220ms @ http://localhost:3000/_next/static/chunks/node_modules_next_dist_1ybzpk2._.js:2477
[  172324ms] [LOG] [Fast Refresh] rebuilding @ http://localhost:3000/_next/static/chunks/node_modules_next_dist_1ybzpk2._.js:2477
[  172412ms] [LOG] [Fast Refresh] done in 199ms @ http://localhost:3000/_next/static/chunks/node_modules_next_dist_1ybzpk2._.js:2477
[  172620ms] [LOG] [Fast Refresh] rebuilding @ http://localhost:3000/_next/static/chunks/node_modules_next_dist_1ybzpk2._.js:2477
[  172726ms] [LOG] [Fast Refresh] done in 207ms @ http://localhost:3000/_next/static/chunks/node_modules_next_dist_1ybzpk2._.js:2477
[  174385ms] [LOG] [Fast Refresh] rebuilding @ http://localhost:3000/_next/static/chunks/node_modules_next_dist_1ybzpk2._.js:2477
[  174395ms] [LOG] [Fast Refresh] done in 125ms @ http://localhost:3000/_next/static/chunks/node_modules_next_dist_1ybzpk2._.js:2477
[  174523ms] [LOG] [Fast Refresh] rebuilding @ http://localhost:3000/_next/static/chunks/node_modules_next_dist_1ybzpk2._.js:2477
[  174549ms] [LOG] [Fast Refresh] done in 142ms @ http://localhost:3000/_next/static/chunks/node_modules_next_dist_1ybzpk2._.js:2477
[  174660ms] [LOG] [Fast Refresh] rebuilding @ http://localhost:3000/_next/static/chunks/node_modules_next_dist_1ybzpk2._.js:2477
[  174713ms] [LOG] [Fast Refresh] done in 153ms @ http://localhost:3000/_next/static/chunks/node_modules_next_dist_1ybzpk2._.js:2477
[  174836ms] [LOG] [Fast Refresh] rebuilding @ http://localhost:3000/_next/static/chunks/node_modules_next_dist_1ybzpk2._.js:2477
[  174860ms] [LOG] [Fast Refresh] done in 124ms @ http://localhost:3000/_next/static/chunks/node_modules_next_dist_1ybzpk2._.js:2477
[  175574ms] [LOG] [Fast Refresh] rebuilding @ http://localhost:3000/_next/static/chunks/node_modules_next_dist_1ybzpk2._.js:2477
[  175575ms] [LOG] [Fast Refresh] done in 114ms @ http://localhost:3000/_next/static/chunks/node_modules_next_dist_1ybzpk2._.js:2477
[  175868ms] [LOG] [Fast Refresh] rebuilding @ http://localhost:3000/_next/static/chunks/node_modules_next_dist_1ybzpk2._.js:2477
[  175881ms] [LOG] [Fast Refresh] done in 122ms @ http://localhost:3000/_next/static/chunks/node_modules_next_dist_1ybzpk2._.js:2477
[  176146ms] [LOG] [Fast Refresh] rebuilding @ http://localhost:3000/_next/static/chunks/node_modules_next_dist_1ybzpk2._.js:2477
[  176154ms] [LOG] [Fast Refresh] done in 116ms @ http://localhost:3000/_next/static/chunks/node_modules_next_dist_1ybzpk2._.js:2477
[  176441ms] [LOG] [Fast Refresh] rebuilding @ http://localhost:3000/_next/static/chunks/node_modules_next_dist_1ybzpk2._.js:2477
[  176491ms] [LOG] [Fast Refresh] done in 165ms @ http://localhost:3000/_next/static/chunks/node_modules_next_dist_1ybzpk2._.js:2477
[  176608ms] [LOG] [Fast Refresh] rebuilding @ http://localhost:3000/_next/static/chunks/node_modules_next_dist_1ybzpk2._.js:2477
[  176798ms] [LOG] [Fast Refresh] done in 301ms @ http://localhost:3000/_next/static/chunks/node_modules_next_dist_1ybzpk2._.js:2477
[  177386ms] [LOG] [Fast Refresh] rebuilding @ http://localhost:3000/_next/static/chunks/node_modules_next_dist_1ybzpk2._.js:2477
[  177466ms] [LOG] [Fast Refresh] done in 187ms @ http://localhost:3000/_next/static/chunks/node_modules_next_dist_1ybzpk2._.js:2477
[  178098ms] [LOG] [Fast Refresh] rebuilding @ http://localhost:3000/_next/static/chunks/node_modules_next_dist_1ybzpk2._.js:2477
[  178214ms] [LOG] [Fast Refresh] done in 218ms @ http://localhost:3000/_next/static/chunks/node_modules_next_dist_1ybzpk2._.js:2477
[  178560ms] [LOG] [Fast Refresh] rebuilding @ http://localhost:3000/_next/static/chunks/node_modules_next_dist_1ybzpk2._.js:2477
[  178654ms] [LOG] [Fast Refresh] done in 205ms @ http://localhost:3000/_next/static/chunks/node_modules_next_dist_1ybzpk2._.js:2477
[  178806ms] [LOG] [Fast Refresh] rebuilding @ http://localhost:3000/_next/static/chunks/node_modules_next_dist_1ybzpk2._.js:2477
[  178851ms] [LOG] [Fast Refresh] done in 151ms @ http://localhost:3000/_next/static/chunks/node_modules_next_dist_1ybzpk2._.js:2477
[  179682ms] [LOG] [Fast Refresh] rebuilding @ http://localhost:3000/_next/static/chunks/node_modules_next_dist_1ybzpk2._.js:2477
[  179780ms] [LOG] [Fast Refresh] done in 209ms @ http://localhost:3000/_next/static/chunks/node_modules_next_dist_1ybzpk2._.js:2477
[  179883ms] [LOG] [Fast Refresh] rebuilding @ http://localhost:3000/_next/static/chunks/node_modules_next_dist_1ybzpk2._.js:2477
[  179911ms] [LOG] [Fast Refresh] done in 131ms @ http://localhost:3000/_next/static/chunks/node_modules_next_dist_1ybzpk2._.js:2477
[  180058ms] [LOG] [Fast Refresh] rebuilding @ http://localhost:3000/_next/static/chunks/node_modules_next_dist_1ybzpk2._.js:2477
[  180188ms] [LOG] [Fast Refresh] done in 243ms @ http://localhost:3000/_next/static/chunks/node_modules_next_dist_1ybzpk2._.js:2477
[  180335ms] [LOG] [Fast Refresh] rebuilding @ http://localhost:3000/_next/static/chunks/node_modules_next_dist_1ybzpk2._.js:2477
[  180360ms] [LOG] [Fast Refresh] done in 127ms @ http://localhost:3000/_next/static/chunks/node_modules_next_dist_1ybzpk2._.js:2477
[  180491ms] [LOG] [Fast Refresh] rebuilding @ http://localhost:3000/_next/static/chunks/node_modules_next_dist_1ybzpk2._.js:2477
[  180726ms] [LOG] [Fast Refresh] done in 345ms @ http://localhost:3000/_next/static/chunks/node_modules_next_dist_1ybzpk2._.js:2477
[  180893ms] [LOG] [Fast Refresh] rebuilding @ http://localhost:3000/_next/static/chunks/node_modules_next_dist_1ybzpk2._.js:2477
[  181000ms] [LOG] [Fast Refresh] done in 208ms @ http://localhost:3000/_next/static/chunks/node_modules_next_dist_1ybzpk2._.js:2477
[  181191ms] [LOG] [Fast Refresh] rebuilding @ http://localhost:3000/_next/static/chunks/node_modules_next_dist_1ybzpk2._.js:2477
[  181284ms] [LOG] [Fast Refresh] done in 205ms @ http://localhost:3000/_next/static/chunks/node_modules_next_dist_1ybzpk2._.js:2477
[  181388ms] [LOG] [Fast Refresh] rebuilding @ http://localhost:3000/_next/static/chunks/node_modules_next_dist_1ybzpk2._.js:2477
[  181481ms] [LOG] [Fast Refresh] done in 195ms @ http://localhost:3000/_next/static/chunks/node_modules_next_dist_1ybzpk2._.js:2477
[  181589ms] [LOG] [Fast Refresh] rebuilding @ http://localhost:3000/_next/static/chunks/node_modules_next_dist_1ybzpk2._.js:2477
[  181646ms] [LOG] [Fast Refresh] done in 163ms @ http://localhost:3000/_next/static/chunks/node_modules_next_dist_1ybzpk2._.js:2477
[  181819ms] [LOG] [Fast Refresh] rebuilding @ http://localhost:3000/_next/static/chunks/node_modules_next_dist_1ybzpk2._.js:2477
[  181879ms] [LOG] [Fast Refresh] done in 169ms @ http://localhost:3000/_next/static/chunks/node_modules_next_dist_1ybzpk2._.js:2477
[  181989ms] [LOG] [Fast Refresh] rebuilding @ http://localhost:3000/_next/static/chunks/node_modules_next_dist_1ybzpk2._.js:2477
[  182049ms] [LOG] [Fast Refresh] done in 162ms @ http://localhost:3000/_next/static/chunks/node_modules_next_dist_1ybzpk2._.js:2477
[  182161ms] [LOG] [Fast Refresh] rebuilding @ http://localhost:3000/_next/static/chunks/node_modules_next_dist_1ybzpk2._.js:2477
[  182229ms] [LOG] [Fast Refresh] done in 174ms @ http://localhost:3000/_next/static/chunks/node_modules_next_dist_1ybzpk2._.js:2477
[  182529ms] [LOG] [Fast Refresh] rebuilding @ http://localhost:3000/_next/static/chunks/node_modules_next_dist_1ybzpk2._.js:2477
[  182611ms] [LOG] [Fast Refresh] done in 200ms @ http://localhost:3000/_next/static/chunks/node_modules_next_dist_1ybzpk2._.js:2477
[  182714ms] [LOG] [Fast Refresh] rebuilding @ http://localhost:3000/_next/static/chunks/node_modules_next_dist_1ybzpk2._.js:2477
[  182799ms] [LOG] [Fast Refresh] done in 187ms @ http://localhost:3000/_next/static/chunks/node_modules_next_dist_1ybzpk2._.js:2477
[  182912ms] [LOG] [Fast Refresh] rebuilding @ http://localhost:3000/_next/static/chunks/node_modules_next_dist_1ybzpk2._.js:2477
[  183018ms] [LOG] [Fast Refresh] done in 217ms @ http://localhost:3000/_next/static/chunks/node_modules_next_dist_1ybzpk2._.js:2477
[  183205ms] [LOG] [Fast Refresh] rebuilding @ http://localhost:3000/_next/static/chunks/node_modules_next_dist_1ybzpk2._.js:2477
[  183411ms] [LOG] [Fast Refresh] done in 322ms @ http://localhost:3000/_next/static/chunks/node_modules_next_dist_1ybzpk2._.js:2477
[  183585ms] [LOG] [Fast Refresh] rebuilding @ http://localhost:3000/_next/static/chunks/node_modules_next_dist_1ybzpk2._.js:2477
[  183610ms] [LOG] [Fast Refresh] done in 134ms @ http://localhost:3000/_next/static/chunks/node_modules_next_dist_1ybzpk2._.js:2477
[  185145ms] [LOG] [Fast Refresh] rebuilding @ http://localhost:3000/_next/static/chunks/node_modules_next_dist_1ybzpk2._.js:2477
[  185495ms] [LOG] [Fast Refresh] done in 457ms @ http://localhost:3000/_next/static/chunks/node_modules_next_dist_1ybzpk2._.js:2477
[  190202ms] [LOG] [Fast Refresh] rebuilding @ http://localhost:3000/_next/static/chunks/node_modules_next_dist_1ybzpk2._.js:2477
[  190353ms] [LOG] [Fast Refresh] done in 263ms @ http://localhost:3000/_next/static/chunks/node_modules_next_dist_1ybzpk2._.js:2477
[  190934ms] [LOG] [Fast Refresh] rebuilding @ http://localhost:3000/_next/static/chunks/node_modules_next_dist_1ybzpk2._.js:2477
[  190962ms] [LOG] [Fast Refresh] done in 134ms @ http://localhost:3000/_next/static/chunks/node_modules_next_dist_1ybzpk2._.js:2477
[  192627ms] [LOG] [Fast Refresh] rebuilding @ http://localhost:3000/_next/static/chunks/node_modules_next_dist_1ybzpk2._.js:2477
[  192699ms] [LOG] [Fast Refresh] done in 224ms @ http://localhost:3000/_next/static/chunks/node_modules_next_dist_1ybzpk2._.js:2477
[  192802ms] [LOG] [Fast Refresh] rebuilding @ http://localhost:3000/_next/static/chunks/node_modules_next_dist_1ybzpk2._.js:2477
[  193101ms] [LOG] [Fast Refresh] done in 401ms @ http://localhost:3000/_next/static/chunks/node_modules_next_dist_1ybzpk2._.js:2477
[  193266ms] [LOG] [Fast Refresh] rebuilding @ http://localhost:3000/_next/static/chunks/node_modules_next_dist_1ybzpk2._.js:2477
[  193511ms] [LOG] [Fast Refresh] done in 352ms @ http://localhost:3000/_next/static/chunks/node_modules_next_dist_1ybzpk2._.js:2477
[  193867ms] [LOG] [Fast Refresh] rebuilding @ http://localhost:3000/_next/static/chunks/node_modules_next_dist_1ybzpk2._.js:2477
[  194063ms] [LOG] [Fast Refresh] done in 301ms @ http://localhost:3000/_next/static/chunks/node_modules_next_dist_1ybzpk2._.js:2477
[  194334ms] [LOG] [Fast Refresh] rebuilding @ http://localhost:3000/_next/static/chunks/node_modules_next_dist_1ybzpk2._.js:2477
[  194973ms] [LOG] [Fast Refresh] done in 745ms @ http://localhost:3000/_next/static/chunks/node_modules_next_dist_1ybzpk2._.js:2477
[  197356ms] [LOG] [Fast Refresh] rebuilding @ http://localhost:3000/_next/static/chunks/node_modules_next_dist_1ybzpk2._.js:2477
[  197601ms] [LOG] [Fast Refresh] done in 353ms @ http://localhost:3000/_next/static/chunks/node_modules_next_dist_1ybzpk2._.js:2477
[  197713ms] [LOG] [Fast Refresh] rebuilding @ http://localhost:3000/_next/static/chunks/node_modules_next_dist_1ybzpk2._.js:2477
[  198232ms] [LOG] [Fast Refresh] done in 630ms @ http://localhost:3000/_next/static/chunks/node_modules_next_dist_1ybzpk2._.js:2477
[  198490ms] [LOG] [Fast Refresh] rebuilding @ http://localhost:3000/_next/static/chunks/node_modules_next_dist_1ybzpk2._.js:2477
[  198773ms] [LOG] [Fast Refresh] done in 396ms @ http://localhost:3000/_next/static/chunks/node_modules_next_dist_1ybzpk2._.js:2477
[  199224ms] [LOG] [Fast Refresh] rebuilding @ http://localhost:3000/_next/static/chunks/node_modules_next_dist_1ybzpk2._.js:2477
[  199228ms] [LOG] [Fast Refresh] done in 114ms @ http://localhost:3000/_next/static/chunks/node_modules_next_dist_1ybzpk2._.js:2477
[  199332ms] [LOG] [Fast Refresh] rebuilding @ http://localhost:3000/_next/static/chunks/node_modules_next_dist_1ybzpk2._.js:2477
[  199546ms] [LOG] [Fast Refresh] done in 316ms @ http://localhost:3000/_next/static/chunks/node_modules_next_dist_1ybzpk2._.js:2477
[  199766ms] [LOG] [Fast Refresh] rebuilding @ http://localhost:3000/_next/static/chunks/node_modules_next_dist_1ybzpk2._.js:2477
[  199803ms] [LOG] [Fast Refresh] done in 139ms @ http://localhost:3000/_next/static/chunks/node_modules_next_dist_1ybzpk2._.js:2477
[  199935ms] [LOG] [Fast Refresh] rebuilding @ http://localhost:3000/_next/static/chunks/node_modules_next_dist_1ybzpk2._.js:2477
[  199938ms] [LOG] [Fast Refresh] done in 112ms @ http://localhost:3000/_next/static/chunks/node_modules_next_dist_1ybzpk2._.js:2477
[  200073ms] [LOG] [Fast Refresh] rebuilding @ http://localhost:3000/_next/static/chunks/node_modules_next_dist_1ybzpk2._.js:2477
[  200125ms] [LOG] [Fast Refresh] done in 164ms @ http://localhost:3000/_next/static/chunks/node_modules_next_dist_1ybzpk2._.js:2477
[  200274ms] [LOG] [Fast Refresh] rebuilding @ http://localhost:3000/_next/static/chunks/node_modules_next_dist_1ybzpk2._.js:2477
[  200288ms] [LOG] [Fast Refresh] done in 124ms @ http://localhost:3000/_next/static/chunks/node_modules_next_dist_1ybzpk2._.js:2477
[  200445ms] [LOG] [Fast Refresh] rebuilding @ http://localhost:3000/_next/static/chunks/node_modules_next_dist_1ybzpk2._.js:2477
[  200638ms] [LOG] [Fast Refresh] done in 307ms @ http://localhost:3000/_next/static/chunks/node_modules_next_dist_1ybzpk2._.js:2477
[  200743ms] [LOG] [Fast Refresh] rebuilding @ http://localhost:3000/_next/static/chunks/node_modules_next_dist_1ybzpk2._.js:2477
[  201324ms] [LOG] [Fast Refresh] done in 685ms @ http://localhost:3000/_next/static/chunks/node_modules_next_dist_1ybzpk2._.js:2477
[  201489ms] [LOG] [Fast Refresh] rebuilding @ http://localhost:3000/_next/static/chunks/node_modules_next_dist_1ybzpk2._.js:2477
[  201534ms] [LOG] [Fast Refresh] done in 156ms @ http://localhost:3000/_next/static/chunks/node_modules_next_dist_1ybzpk2._.js:2477
[  201708ms] [LOG] [Fast Refresh] rebuilding @ http://localhost:3000/_next/static/chunks/node_modules_next_dist_1ybzpk2._.js:2477
[  201749ms] [LOG] [Fast Refresh] done in 147ms @ http://localhost:3000/_next/static/chunks/node_modules_next_dist_1ybzpk2._.js:2477
[  202156ms] [LOG] [Fast Refresh] rebuilding @ http://localhost:3000/_next/static/chunks/node_modules_next_dist_1ybzpk2._.js:2477
[  202166ms] [LOG] [Fast Refresh] done in 124ms @ http://localhost:3000/_next/static/chunks/node_modules_next_dist_1ybzpk2._.js:2477
[  202295ms] [LOG] [Fast Refresh] rebuilding @ http://localhost:3000/_next/static/chunks/node_modules_next_dist_1ybzpk2._.js:2477
[  202386ms] [LOG] [Fast Refresh] done in 197ms @ http://localhost:3000/_next/static/chunks/node_modules_next_dist_1ybzpk2._.js:2477
[  202559ms] [LOG] [Fast Refresh] rebuilding @ http://localhost:3000/_next/static/chunks/node_modules_next_dist_1ybzpk2._.js:2477
[  202575ms] [LOG] [Fast Refresh] done in 124ms @ http://localhost:3000/_next/static/chunks/node_modules_next_dist_1ybzpk2._.js:2477
[  202945ms] [LOG] [Fast Refresh] rebuilding @ http://localhost:3000/_next/static/chunks/node_modules_next_dist_1ybzpk2._.js:2477
[  202951ms] [LOG] [Fast Refresh] done in 120ms @ http://localhost:3000/_next/static/chunks/node_modules_next_dist_1ybzpk2._.js:2477
[  203121ms] [LOG] [Fast Refresh] rebuilding @ http://localhost:3000/_next/static/chunks/node_modules_next_dist_1ybzpk2._.js:2477
[  203128ms] [LOG] [Fast Refresh] done in 124ms @ http://localhost:3000/_next/static/chunks/node_modules_next_dist_1ybzpk2._.js:2477
[  203259ms] [LOG] [Fast Refresh] rebuilding @ http://localhost:3000/_next/static/chunks/node_modules_next_dist_1ybzpk2._.js:2477
[  203278ms] [LOG] [Fast Refresh] done in 126ms @ http://localhost:3000/_next/static/chunks/node_modules_next_dist_1ybzpk2._.js:2477
[  203415ms] [LOG] [Fast Refresh] rebuilding @ http://localhost:3000/_next/static/chunks/node_modules_next_dist_1ybzpk2._.js:2477
[  203606ms] [LOG] [Fast Refresh] done in 299ms @ http://localhost:3000/_next/static/chunks/node_modules_next_dist_1ybzpk2._.js:2477
[  203850ms] [LOG] [Fast Refresh] rebuilding @ http://localhost:3000/_next/static/chunks/node_modules_next_dist_1ybzpk2._.js:2477
[  203905ms] [LOG] [Fast Refresh] done in 168ms @ http://localhost:3000/_next/static/chunks/node_modules_next_dist_1ybzpk2._.js:2477
[  204009ms] [LOG] [Fast Refresh] rebuilding @ http://localhost:3000/_next/static/chunks/node_modules_next_dist_1ybzpk2._.js:2477
[  204098ms] [LOG] [Fast Refresh] done in 191ms @ http://localhost:3000/_next/static/chunks/node_modules_next_dist_1ybzpk2._.js:2477
[  204270ms] [LOG] [Fast Refresh] rebuilding @ http://localhost:3000/_next/static/chunks/node_modules_next_dist_1ybzpk2._.js:2477
[  204289ms] [LOG] [Fast Refresh] done in 120ms @ http://localhost:3000/_next/static/chunks/node_modules_next_dist_1ybzpk2._.js:2477
[  204440ms] [LOG] [Fast Refresh] rebuilding @ http://localhost:3000/_next/static/chunks/node_modules_next_dist_1ybzpk2._.js:2477
[  204497ms] [LOG] [Fast Refresh] done in 167ms @ http://localhost:3000/_next/static/chunks/node_modules_next_dist_1ybzpk2._.js:2477
[  204654ms] [LOG] [Fast Refresh] rebuilding @ http://localhost:3000/_next/static/chunks/node_modules_next_dist_1ybzpk2._.js:2477
[  204668ms] [LOG] [Fast Refresh] done in 116ms @ http://localhost:3000/_next/static/chunks/node_modules_next_dist_1ybzpk2._.js:2477
[  204809ms] [LOG] [Fast Refresh] rebuilding @ http://localhost:3000/_next/static/chunks/node_modules_next_dist_1ybzpk2._.js:2477
[  204837ms] [LOG] [Fast Refresh] done in 140ms @ http://localhost:3000/_next/static/chunks/node_modules_next_dist_1ybzpk2._.js:2477
[  205088ms] [LOG] [Fast Refresh] rebuilding @ http://localhost:3000/_next/static/chunks/node_modules_next_dist_1ybzpk2._.js:2477
[  205189ms] [LOG] [Fast Refresh] done in 202ms @ http://localhost:3000/_next/static/chunks/node_modules_next_dist_1ybzpk2._.js:2477
[  205336ms] [LOG] [Fast Refresh] rebuilding @ http://localhost:3000/_next/static/chunks/node_modules_next_dist_1ybzpk2._.js:2477
[  205371ms] [LOG] [Fast Refresh] done in 145ms @ http://localhost:3000/_next/static/chunks/node_modules_next_dist_1ybzpk2._.js:2477
[  205557ms] [LOG] [Fast Refresh] rebuilding @ http://localhost:3000/_next/static/chunks/node_modules_next_dist_1ybzpk2._.js:2477
[  205565ms] [LOG] [Fast Refresh] done in 118ms @ http://localhost:3000/_next/static/chunks/node_modules_next_dist_1ybzpk2._.js:2477
[  205692ms] [LOG] [Fast Refresh] rebuilding @ http://localhost:3000/_next/static/chunks/node_modules_next_dist_1ybzpk2._.js:2477
[  205704ms] [LOG] [Fast Refresh] done in 112ms @ http://localhost:3000/_next/static/chunks/node_modules_next_dist_1ybzpk2._.js:2477
[  212260ms] [LOG] [Fast Refresh] rebuilding @ http://localhost:3000/_next/static/chunks/node_modules_next_dist_1ybzpk2._.js:2477
[  212281ms] [LOG] [Fast Refresh] done in 121ms @ http://localhost:3000/_next/static/chunks/node_modules_next_dist_1ybzpk2._.js:2477
[  212928ms] [LOG] [Fast Refresh] rebuilding @ http://localhost:3000/_next/static/chunks/node_modules_next_dist_1ybzpk2._.js:2477
[  212956ms] [LOG] [Fast Refresh] done in 130ms @ http://localhost:3000/_next/static/chunks/node_modules_next_dist_1ybzpk2._.js:2477
[  213392ms] [LOG] [Fast Refresh] rebuilding @ http://localhost:3000/_next/static/chunks/node_modules_next_dist_1ybzpk2._.js:2477
[  213445ms] [LOG] [Fast Refresh] done in 154ms @ http://localhost:3000/_next/static/chunks/node_modules_next_dist_1ybzpk2._.js:2477
[  214371ms] [LOG] [Fast Refresh] rebuilding @ http://localhost:3000/_next/static/chunks/node_modules_next_dist_1ybzpk2._.js:2477
[  214381ms] [LOG] [Fast Refresh] done in 111ms @ http://localhost:3000/_next/static/chunks/node_modules_next_dist_1ybzpk2._.js:2477
[  214507ms] [LOG] [Fast Refresh] rebuilding @ http://localhost:3000/_next/static/chunks/node_modules_next_dist_1ybzpk2._.js:2477
[  214592ms] [LOG] [Fast Refresh] done in 189ms @ http://localhost:3000/_next/static/chunks/node_modules_next_dist_1ybzpk2._.js:2477
[  316941ms] [LOG] [Fast Refresh] rebuilding @ http://localhost:3000/_next/static/chunks/node_modules_next_dist_1ybzpk2._.js:2477
[  317171ms] [LOG] [Fast Refresh] done in 391ms @ http://localhost:3000/_next/static/chunks/node_modules_next_dist_1ybzpk2._.js:2477
[  329971ms] [LOG] [Fast Refresh] rebuilding @ http://localhost:3000/_next/static/chunks/node_modules_next_dist_1ybzpk2._.js:2477
[  330173ms] [LOG] [Fast Refresh] done in 318ms @ http://localhost:3000/_next/static/chunks/node_modules_next_dist_1ybzpk2._.js:2477
[  330689ms] [LOG] [Fast Refresh] rebuilding @ http://localhost:3000/_next/static/chunks/node_modules_next_dist_1ybzpk2._.js:2477
[  331320ms] [LOG] [Fast Refresh] done in 743ms @ http://localhost:3000/_next/static/chunks/node_modules_next_dist_1ybzpk2._.js:2477
[  331575ms] [LOG] [Fast Refresh] rebuilding @ http://localhost:3000/_next/static/chunks/node_modules_next_dist_1ybzpk2._.js:2477
[  331694ms] [LOG] [Fast Refresh] done in 231ms @ http://localhost:3000/_next/static/chunks/node_modules_next_dist_1ybzpk2._.js:2477
[  331847ms] [LOG] [Fast Refresh] rebuilding @ http://localhost:3000/_next/static/chunks/node_modules_next_dist_1ybzpk2._.js:2477
[  331862ms] [LOG] [Fast Refresh] done in 140ms @ http://localhost:3000/_next/static/chunks/node_modules_next_dist_1ybzpk2._.js:2477
[  332528ms] [LOG] [Fast Refresh] rebuilding @ http://localhost:3000/_next/static/chunks/node_modules_next_dist_1ybzpk2._.js:2477
[  332559ms] [LOG] [Fast Refresh] done in 582ms @ http://localhost:3000/_next/static/chunks/node_modules_next_dist_1ybzpk2._.js:2477
[  346956ms] [LOG] [Fast Refresh] rebuilding @ http://localhost:3000/_next/static/chunks/node_modules_next_dist_1ybzpk2._.js:2477
[  347128ms] [LOG] [Fast Refresh] done in 286ms @ http://localhost:3000/_next/static/chunks/node_modules_next_dist_1ybzpk2._.js:2477
[  347807ms] [LOG] [Fast Refresh] rebuilding @ http://localhost:3000/_next/static/chunks/node_modules_next_dist_1ybzpk2._.js:2477
[  347918ms] [LOG] [Fast Refresh] done in 224ms @ http://localhost:3000/_next/static/chunks/node_modules_next_dist_1ybzpk2._.js:2477
[  348105ms] [LOG] [Fast Refresh] rebuilding @ http://localhost:3000/_next/static/chunks/node_modules_next_dist_1ybzpk2._.js:2477
[  348355ms] [LOG] [Fast Refresh] done in 353ms @ http://localhost:3000/_next/static/chunks/node_modules_next_dist_1ybzpk2._.js:2477
[  357800ms] [LOG] [Fast Refresh] rebuilding @ http://localhost:3000/_next/static/chunks/node_modules_next_dist_1ybzpk2._.js:2477
[  357806ms] [LOG] [Fast Refresh] done in 120ms @ http://localhost:3000/_next/static/chunks/node_modules_next_dist_1ybzpk2._.js:2477
[  365593ms] [LOG] [Fast Refresh] rebuilding @ http://localhost:3000/_next/static/chunks/node_modules_next_dist_1ybzpk2._.js:2477
[  365598ms] [LOG] [Fast Refresh] done in 108ms @ http://localhost:3000/_next/static/chunks/node_modules_next_dist_1ybzpk2._.js:2477
[  365873ms] [LOG] [Fast Refresh] rebuilding @ http://localhost:3000/_next/static/chunks/node_modules_next_dist_1ybzpk2._.js:2477
[  365964ms] [LOG] [Fast Refresh] done in 199ms @ http://localhost:3000/_next/static/chunks/node_modules_next_dist_1ybzpk2._.js:2477
[  366105ms] [LOG] [Fast Refresh] rebuilding @ http://localhost:3000/_next/static/chunks/node_modules_next_dist_1ybzpk2._.js:2477
[  366107ms] [LOG] [Fast Refresh] done in 109ms @ http://localhost:3000/_next/static/chunks/node_modules_next_dist_1ybzpk2._.js:2477
[  366274ms] [LOG] [Fast Refresh] rebuilding @ http://localhost:3000/_next/static/chunks/node_modules_next_dist_1ybzpk2._.js:2477
[  366297ms] [LOG] [Fast Refresh] done in 136ms @ http://localhost:3000/_next/static/chunks/node_modules_next_dist_1ybzpk2._.js:2477
[  367358ms] [LOG] [Fast Refresh] rebuilding @ http://localhost:3000/_next/static/chunks/node_modules_next_dist_1ybzpk2._.js:2477
[  367781ms] [LOG] [Fast Refresh] done in 527ms @ http://localhost:3000/_next/static/chunks/node_modules_next_dist_1ybzpk2._.js:2477
[  368049ms] [LOG] [Fast Refresh] rebuilding @ http://localhost:3000/_next/static/chunks/node_modules_next_dist_1ybzpk2._.js:2477
[  368078ms] [LOG] [Fast Refresh] done in 133ms @ http://localhost:3000/_next/static/chunks/node_modules_next_dist_1ybzpk2._.js:2477
[  368250ms] [LOG] [Fast Refresh] rebuilding @ http://localhost:3000/_next/static/chunks/node_modules_next_dist_1ybzpk2._.js:2477
[  368250ms] [LOG] [Fast Refresh] done in 108ms @ http://localhost:3000/_next/static/chunks/node_modules_next_dist_1ybzpk2._.js:2477
[  368363ms] [LOG] [Fast Refresh] rebuilding @ http://localhost:3000/_next/static/chunks/node_modules_next_dist_1ybzpk2._.js:2477
[  368364ms] [LOG] [Fast Refresh] done in 114ms @ http://localhost:3000/_next/static/chunks/node_modules_next_dist_1ybzpk2._.js:2477
[  368685ms] [LOG] [Fast Refresh] rebuilding @ http://localhost:3000/_next/static/chunks/node_modules_next_dist_1ybzpk2._.js:2477
[  368692ms] [LOG] [Fast Refresh] done in 120ms @ http://localhost:3000/_next/static/chunks/node_modules_next_dist_1ybzpk2._.js:2477
[  368810ms] [LOG] [Fast Refresh] rebuilding @ http://localhost:3000/_next/static/chunks/node_modules_next_dist_1ybzpk2._.js:2477
[  368813ms] [LOG] [Fast Refresh] done in 109ms @ http://localhost:3000/_next/static/chunks/node_modules_next_dist_1ybzpk2._.js:2477
[  368918ms] [LOG] [Fast Refresh] rebuilding @ http://localhost:3000/_next/static/chunks/node_modules_next_dist_1ybzpk2._.js:2477
[  368934ms] [LOG] [Fast Refresh] done in 120ms @ http://localhost:3000/_next/static/chunks/node_modules_next_dist_1ybzpk2._.js:2477
[  369088ms] [LOG] [Fast Refresh] rebuilding @ http://localhost:3000/_next/static/chunks/node_modules_next_dist_1ybzpk2._.js:2477
[  369192ms] [LOG] [Fast Refresh] done in 217ms @ http://localhost:3000/_next/static/chunks/node_modules_next_dist_1ybzpk2._.js:2477
[  369304ms] [LOG] [Fast Refresh] rebuilding @ http://localhost:3000/_next/static/chunks/node_modules_next_dist_1ybzpk2._.js:2477
[  369314ms] [LOG] [Fast Refresh] done in 121ms @ http://localhost:3000/_next/static/chunks/node_modules_next_dist_1ybzpk2._.js:2477
[  369459ms] [LOG] [Fast Refresh] rebuilding @ http://localhost:3000/_next/static/chunks/node_modules_next_dist_1ybzpk2._.js:2477
[  369519ms] [LOG] [Fast Refresh] done in 166ms @ http://localhost:3000/_next/static/chunks/node_modules_next_dist_1ybzpk2._.js:2477
[  369681ms] [LOG] [Fast Refresh] rebuilding @ http://localhost:3000/_next/static/chunks/node_modules_next_dist_1ybzpk2._.js:2477
[  369711ms] [LOG] [Fast Refresh] done in 138ms @ http://localhost:3000/_next/static/chunks/node_modules_next_dist_1ybzpk2._.js:2477
[  378653ms] [LOG] [Fast Refresh] rebuilding @ http://localhost:3000/_next/static/chunks/node_modules_next_dist_1ybzpk2._.js:2477
[  378658ms] [LOG] [Fast Refresh] done in 117ms @ http://localhost:3000/_next/static/chunks/node_modules_next_dist_1ybzpk2._.js:2477
[  383844ms] [LOG] [Fast Refresh] rebuilding @ http://localhost:3000/_next/static/chunks/node_modules_next_dist_1ybzpk2._.js:2477
[  383914ms] [LOG] [Fast Refresh] done in 174ms @ http://localhost:3000/_next/static/chunks/node_modules_next_dist_1ybzpk2._.js:2477
[  400191ms] [LOG] [Fast Refresh] rebuilding @ http://localhost:3000/_next/static/chunks/node_modules_next_dist_1ybzpk2._.js:2477
[  400215ms] [LOG] [Fast Refresh] done in 125ms @ http://localhost:3000/_next/static/chunks/node_modules_next_dist_1ybzpk2._.js:2477
[  401392ms] [LOG] [Fast Refresh] rebuilding @ http://localhost:3000/_next/static/chunks/node_modules_next_dist_1ybzpk2._.js:2477
[  401549ms] [LOG] [Fast Refresh] done in 261ms @ http://localhost:3000/_next/static/chunks/node_modules_next_dist_1ybzpk2._.js:2477
[  401671ms] [LOG] [Fast Refresh] rebuilding @ http://localhost:3000/_next/static/chunks/node_modules_next_dist_1ybzpk2._.js:2477
[  401718ms] [LOG] [Fast Refresh] done in 155ms @ http://localhost:3000/_next/static/chunks/node_modules_next_dist_1ybzpk2._.js:2477
[  401843ms] [LOG] [Fast Refresh] rebuilding @ http://localhost:3000/_next/static/chunks/node_modules_next_dist_1ybzpk2._.js:2477
[  401891ms] [LOG] [Fast Refresh] done in 153ms @ http://localhost:3000/_next/static/chunks/node_modules_next_dist_1ybzpk2._.js:2477
[  403468ms] [LOG] [Fast Refresh] rebuilding @ http://localhost:3000/_next/static/chunks/node_modules_next_dist_1ybzpk2._.js:2477
[  403478ms] [LOG] [Fast Refresh] done in 119ms @ http://localhost:3000/_next/static/chunks/node_modules_next_dist_1ybzpk2._.js:2477
[  403609ms] [LOG] [Fast Refresh] rebuilding @ http://localhost:3000/_next/static/chunks/node_modules_next_dist_1ybzpk2._.js:2477
[  403699ms] [LOG] [Fast Refresh] done in 197ms @ http://localhost:3000/_next/static/chunks/node_modules_next_dist_1ybzpk2._.js:2477
[  407706ms] [LOG] [Fast Refresh] rebuilding @ http://localhost:3000/_next/static/chunks/node_modules_next_dist_1ybzpk2._.js:2477
[  407707ms] [LOG] [Fast Refresh] done in 102ms @ http://localhost:3000/_next/static/chunks/node_modules_next_dist_1ybzpk2._.js:2477
[  409407ms] [LOG] [Fast Refresh] rebuilding @ http://localhost:3000/_next/static/chunks/node_modules_next_dist_1ybzpk2._.js:2477
[  409441ms] [LOG] [Fast Refresh] done in 141ms @ http://localhost:3000/_next/static/chunks/node_modules_next_dist_1ybzpk2._.js:2477
[  409595ms] [LOG] [Fast Refresh] rebuilding @ http://localhost:3000/_next/static/chunks/node_modules_next_dist_1ybzpk2._.js:2477
[  409652ms] [LOG] [Fast Refresh] done in 172ms @ http://localhost:3000/_next/static/chunks/node_modules_next_dist_1ybzpk2._.js:2477
[  410067ms] [LOG] [Fast Refresh] rebuilding @ http://localhost:3000/_next/static/chunks/node_modules_next_dist_1ybzpk2._.js:2477
[  410118ms] [LOG] [Fast Refresh] done in 151ms @ http://localhost:3000/_next/static/chunks/node_modules_next_dist_1ybzpk2._.js:2477
[  412620ms] [LOG] [Fast Refresh] rebuilding @ http://localhost:3000/_next/static/chunks/node_modules_next_dist_1ybzpk2._.js:2477
[  412622ms] [LOG] [Fast Refresh] done in 104ms @ http://localhost:3000/_next/static/chunks/node_modules_next_dist_1ybzpk2._.js:2477
[  413287ms] [LOG] [Fast Refresh] rebuilding @ http://localhost:3000/_next/static/chunks/node_modules_next_dist_1ybzpk2._.js:2477
[  413310ms] [LOG] [Fast Refresh] done in 124ms @ http://localhost:3000/_next/static/chunks/node_modules_next_dist_1ybzpk2._.js:2477
[  414840ms] [LOG] [Fast Refresh] rebuilding @ http://localhost:3000/_next/static/chunks/node_modules_next_dist_1ybzpk2._.js:2477
[  414886ms] [LOG] [Fast Refresh] done in 233ms @ http://localhost:3000/_next/static/chunks/node_modules_next_dist_1ybzpk2._.js:2477
[  414997ms] [LOG] [Fast Refresh] rebuilding @ http://localhost:3000/_next/static/chunks/node_modules_next_dist_1ybzpk2._.js:2477
[  415636ms] [LOG] [Fast Refresh] done in 742ms @ http://localhost:3000/_next/static/chunks/node_modules_next_dist_1ybzpk2._.js:2477
[  415789ms] [LOG] [Fast Refresh] rebuilding @ http://localhost:3000/_next/static/chunks/node_modules_next_dist_1ybzpk2._.js:2477
[  415836ms] [LOG] [Fast Refresh] done in 158ms @ http://localhost:3000/_next/static/chunks/node_modules_next_dist_1ybzpk2._.js:2477
[  416085ms] [LOG] [Fast Refresh] rebuilding @ http://localhost:3000/_next/static/chunks/node_modules_next_dist_1ybzpk2._.js:2477
[  416095ms] [LOG] [Fast Refresh] done in 117ms @ http://localhost:3000/_next/static/chunks/node_modules_next_dist_1ybzpk2._.js:2477
[  417124ms] [LOG] [Fast Refresh] rebuilding @ http://localhost:3000/_next/static/chunks/node_modules_next_dist_1ybzpk2._.js:2477
[  417147ms] [LOG] [Fast Refresh] done in 130ms @ http://localhost:3000/_next/static/chunks/node_modules_next_dist_1ybzpk2._.js:2477
[  417368ms] [LOG] [Fast Refresh] rebuilding @ http://localhost:3000/_next/static/chunks/node_modules_next_dist_1ybzpk2._.js:2477
[  417438ms] [LOG] [Fast Refresh] done in 170ms @ http://localhost:3000/_next/static/chunks/node_modules_next_dist_1ybzpk2._.js:2477
[  418562ms] [LOG] [Fast Refresh] rebuilding @ http://localhost:3000/_next/static/chunks/node_modules_next_dist_1ybzpk2._.js:2477
[  418591ms] [LOG] [Fast Refresh] done in 140ms @ http://localhost:3000/_next/static/chunks/node_modules_next_dist_1ybzpk2._.js:2477
[  419458ms] [LOG] [Fast Refresh] rebuilding @ http://localhost:3000/_next/static/chunks/node_modules_next_dist_1ybzpk2._.js:2477
[  419504ms] [LOG] [Fast Refresh] done in 155ms @ http://localhost:3000/_next/static/chunks/node_modules_next_dist_1ybzpk2._.js:2477
[  419612ms] [LOG] [Fast Refresh] rebuilding @ http://localhost:3000/_next/static/chunks/node_modules_next_dist_1ybzpk2._.js:2477
[  419662ms] [LOG] [Fast Refresh] done in 150ms @ http://localhost:3000/_next/static/chunks/node_modules_next_dist_1ybzpk2._.js:2477
[  419766ms] [LOG] [Fast Refresh] rebuilding @ http://localhost:3000/_next/static/chunks/node_modules_next_dist_1ybzpk2._.js:2477
[  419844ms] [LOG] [Fast Refresh] done in 181ms @ http://localhost:3000/_next/static/chunks/node_modules_next_dist_1ybzpk2._.js:2477
[  419949ms] [LOG] [Fast Refresh] rebuilding @ http://localhost:3000/_next/static/chunks/node_modules_next_dist_1ybzpk2._.js:2477
[  419951ms] [LOG] [Fast Refresh] done in 105ms @ http://localhost:3000/_next/static/chunks/node_modules_next_dist_1ybzpk2._.js:2477
[  420077ms] [LOG] [Fast Refresh] rebuilding @ http://localhost:3000/_next/static/chunks/node_modules_next_dist_1ybzpk2._.js:2477
[  420131ms] [LOG] [Fast Refresh] done in 163ms @ http://localhost:3000/_next/static/chunks/node_modules_next_dist_1ybzpk2._.js:2477
[  420385ms] [LOG] [Fast Refresh] rebuilding @ http://localhost:3000/_next/static/chunks/node_modules_next_dist_1ybzpk2._.js:2477
[  420394ms] [LOG] [Fast Refresh] done in 118ms @ http://localhost:3000/_next/static/chunks/node_modules_next_dist_1ybzpk2._.js:2477
[  420663ms] [LOG] [Fast Refresh] rebuilding @ http://localhost:3000/_next/static/chunks/node_modules_next_dist_1ybzpk2._.js:2477
[  420684ms] [LOG] [Fast Refresh] done in 134ms @ http://localhost:3000/_next/static/chunks/node_modules_next_dist_1ybzpk2._.js:2477
[  420817ms] [LOG] [Fast Refresh] rebuilding @ http://localhost:3000/_next/static/chunks/node_modules_next_dist_1ybzpk2._.js:2477
[  420855ms] [LOG] [Fast Refresh] done in 140ms @ http://localhost:3000/_next/static/chunks/node_modules_next_dist_1ybzpk2._.js:2477
[  421973ms] [LOG] [Fast Refresh] rebuilding @ http://localhost:3000/_next/static/chunks/node_modules_next_dist_1ybzpk2._.js:2477
[  422009ms] [LOG] [Fast Refresh] done in 136ms @ http://localhost:3000/_next/static/chunks/node_modules_next_dist_1ybzpk2._.js:2477
[  422129ms] [LOG] [Fast Refresh] rebuilding @ http://localhost:3000/_next/static/chunks/node_modules_next_dist_1ybzpk2._.js:2477
[  422231ms] [LOG] [Fast Refresh] done in 204ms @ http://localhost:3000/_next/static/chunks/node_modules_next_dist_1ybzpk2._.js:2477
[  424824ms] [LOG] [Fast Refresh] rebuilding @ http://localhost:3000/_next/static/chunks/node_modules_next_dist_1ybzpk2._.js:2477
[  424845ms] [LOG] [Fast Refresh] done in 122ms @ http://localhost:3000/_next/static/chunks/node_modules_next_dist_1ybzpk2._.js:2477
[  427098ms] [LOG] [Fast Refresh] rebuilding @ http://localhost:3000/_next/static/chunks/node_modules_next_dist_1ybzpk2._.js:2477
[  427417ms] [LOG] [Fast Refresh] done in 419ms @ http://localhost:3000/_next/static/chunks/node_modules_next_dist_1ybzpk2._.js:2477
[  428104ms] [LOG] [Fast Refresh] rebuilding @ http://localhost:3000/_next/static/chunks/node_modules_next_dist_1ybzpk2._.js:2477
[  428149ms] [LOG] [Fast Refresh] done in 150ms @ http://localhost:3000/_next/static/chunks/node_modules_next_dist_1ybzpk2._.js:2477
[  428259ms] [LOG] [Fast Refresh] rebuilding @ http://localhost:3000/_next/static/chunks/node_modules_next_dist_1ybzpk2._.js:2477
[  428364ms] [LOG] [Fast Refresh] done in 215ms @ http://localhost:3000/_next/static/chunks/node_modules_next_dist_1ybzpk2._.js:2477
[  428637ms] [LOG] [Fast Refresh] rebuilding @ http://localhost:3000/_next/static/chunks/node_modules_next_dist_1ybzpk2._.js:2477
[  428818ms] [LOG] [Fast Refresh] done in 304ms @ http://localhost:3000/_next/static/chunks/node_modules_next_dist_1ybzpk2._.js:2477
[  429012ms] [LOG] [Fast Refresh] rebuilding @ http://localhost:3000/_next/static/chunks/node_modules_next_dist_1ybzpk2._.js:2477
[  429085ms] [LOG] [Fast Refresh] done in 173ms @ http://localhost:3000/_next/static/chunks/node_modules_next_dist_1ybzpk2._.js:2477
[  429561ms] [LOG] [Fast Refresh] rebuilding @ http://localhost:3000/_next/static/chunks/node_modules_next_dist_1ybzpk2._.js:2477
[  429694ms] [LOG] [Fast Refresh] done in 238ms @ http://localhost:3000/_next/static/chunks/node_modules_next_dist_1ybzpk2._.js:2477
[  430506ms] [LOG] [Fast Refresh] rebuilding @ http://localhost:3000/_next/static/chunks/node_modules_next_dist_1ybzpk2._.js:2477
[  430611ms] [LOG] [Fast Refresh] done in 205ms @ http://localhost:3000/_next/static/chunks/node_modules_next_dist_1ybzpk2._.js:2477
[  430742ms] [LOG] [Fast Refresh] rebuilding @ http://localhost:3000/_next/static/chunks/node_modules_next_dist_1ybzpk2._.js:2477
[  430792ms] [LOG] [Fast Refresh] done in 150ms @ http://localhost:3000/_next/static/chunks/node_modules_next_dist_1ybzpk2._.js:2477
[  430894ms] [LOG] [Fast Refresh] rebuilding @ http://localhost:3000/_next/static/chunks/node_modules_next_dist_1ybzpk2._.js:2477
[  430993ms] [LOG] [Fast Refresh] done in 201ms @ http://localhost:3000/_next/static/chunks/node_modules_next_dist_1ybzpk2._.js:2477
[  431121ms] [LOG] [Fast Refresh] rebuilding @ http://localhost:3000/_next/static/chunks/node_modules_next_dist_1ybzpk2._.js:2477
[  431287ms] [LOG] [Fast Refresh] done in 267ms @ http://localhost:3000/_next/static/chunks/node_modules_next_dist_1ybzpk2._.js:2477
[  431629ms] [LOG] [Fast Refresh] rebuilding @ http://localhost:3000/_next/static/chunks/node_modules_next_dist_1ybzpk2._.js:2477
[  431764ms] [LOG] [Fast Refresh] done in 244ms @ http://localhost:3000/_next/static/chunks/node_modules_next_dist_1ybzpk2._.js:2477
[  431984ms] [LOG] [Fast Refresh] rebuilding @ http://localhost:3000/_next/static/chunks/node_modules_next_dist_1ybzpk2._.js:2477
[  432021ms] [LOG] [Fast Refresh] done in 144ms @ http://localhost:3000/_next/static/chunks/node_modules_next_dist_1ybzpk2._.js:2477
[  432140ms] [LOG] [Fast Refresh] rebuilding @ http://localhost:3000/_next/static/chunks/node_modules_next_dist_1ybzpk2._.js:2477
[  432253ms] [LOG] [Fast Refresh] done in 218ms @ http://localhost:3000/_next/static/chunks/node_modules_next_dist_1ybzpk2._.js:2477
[  432405ms] [LOG] [Fast Refresh] rebuilding @ http://localhost:3000/_next/static/chunks/node_modules_next_dist_1ybzpk2._.js:2477
[  432433ms] [LOG] [Fast Refresh] done in 140ms @ http://localhost:3000/_next/static/chunks/node_modules_next_dist_1ybzpk2._.js:2477
[  432544ms] [LOG] [Fast Refresh] rebuilding @ http://localhost:3000/_next/static/chunks/node_modules_next_dist_1ybzpk2._.js:2477
[  432658ms] [LOG] [Fast Refresh] done in 224ms @ http://localhost:3000/_next/static/chunks/node_modules_next_dist_1ybzpk2._.js:2477
[  432762ms] [LOG] [Fast Refresh] rebuilding @ http://localhost:3000/_next/static/chunks/node_modules_next_dist_1ybzpk2._.js:2477
[  432772ms] [LOG] [Fast Refresh] done in 112ms @ http://localhost:3000/_next/static/chunks/node_modules_next_dist_1ybzpk2._.js:2477
[  432899ms] [LOG] [Fast Refresh] rebuilding @ http://localhost:3000/_next/static/chunks/node_modules_next_dist_1ybzpk2._.js:2477
[  432994ms] [LOG] [Fast Refresh] done in 203ms @ http://localhost:3000/_next/static/chunks/node_modules_next_dist_1ybzpk2._.js:2477
[  433144ms] [LOG] [Fast Refresh] rebuilding @ http://localhost:3000/_next/static/chunks/node_modules_next_dist_1ybzpk2._.js:2477
[  433172ms] [LOG] [Fast Refresh] done in 144ms @ http://localhost:3000/_next/static/chunks/node_modules_next_dist_1ybzpk2._.js:2477
[  433559ms] [LOG] [Fast Refresh] rebuilding @ http://localhost:3000/_next/static/chunks/node_modules_next_dist_1ybzpk2._.js:2477
[  433573ms] [LOG] [Fast Refresh] done in 124ms @ http://localhost:3000/_next/static/chunks/node_modules_next_dist_1ybzpk2._.js:2477
[  433773ms] [LOG] [Fast Refresh] rebuilding @ http://localhost:3000/_next/static/chunks/node_modules_next_dist_1ybzpk2._.js:2477
[  433789ms] [LOG] [Fast Refresh] done in 129ms @ http://localhost:3000/_next/static/chunks/node_modules_next_dist_1ybzpk2._.js:2477
[  434189ms] [LOG] [Fast Refresh] rebuilding @ http://localhost:3000/_next/static/chunks/node_modules_next_dist_1ybzpk2._.js:2477
[  434202ms] [LOG] [Fast Refresh] done in 125ms @ http://localhost:3000/_next/static/chunks/node_modules_next_dist_1ybzpk2._.js:2477
[  434325ms] [LOG] [Fast Refresh] rebuilding @ http://localhost:3000/_next/static/chunks/node_modules_next_dist_1ybzpk2._.js:2477
[  434445ms] [LOG] [Fast Refresh] done in 222ms @ http://localhost:3000/_next/static/chunks/node_modules_next_dist_1ybzpk2._.js:2477
[  434874ms] [LOG] [Fast Refresh] rebuilding @ http://localhost:3000/_next/static/chunks/node_modules_next_dist_1ybzpk2._.js:2477
[  434925ms] [LOG] [Fast Refresh] done in 152ms @ http://localhost:3000/_next/static/chunks/node_modules_next_dist_1ybzpk2._.js:2477
[  435028ms] [LOG] [Fast Refresh] rebuilding @ http://localhost:3000/_next/static/chunks/node_modules_next_dist_1ybzpk2._.js:2477
[  435133ms] [LOG] [Fast Refresh] done in 207ms @ http://localhost:3000/_next/static/chunks/node_modules_next_dist_1ybzpk2._.js:2477
[  435648ms] [LOG] [Fast Refresh] rebuilding @ http://localhost:3000/_next/static/chunks/node_modules_next_dist_1ybzpk2._.js:2477
[  435763ms] [LOG] [Fast Refresh] done in 226ms @ http://localhost:3000/_next/static/chunks/node_modules_next_dist_1ybzpk2._.js:2477
[  435895ms] [LOG] [Fast Refresh] rebuilding @ http://localhost:3000/_next/static/chunks/node_modules_next_dist_1ybzpk2._.js:2477
[  436023ms] [LOG] [Fast Refresh] done in 230ms @ http://localhost:3000/_next/static/chunks/node_modules_next_dist_1ybzpk2._.js:2477
[  436268ms] [LOG] [Fast Refresh] rebuilding @ http://localhost:3000/_next/static/chunks/node_modules_next_dist_1ybzpk2._.js:2477
[  436336ms] [LOG] [Fast Refresh] done in 171ms @ http://localhost:3000/_next/static/chunks/node_modules_next_dist_1ybzpk2._.js:2477
[  436500ms] [LOG] [Fast Refresh] rebuilding @ http://localhost:3000/_next/static/chunks/node_modules_next_dist_1ybzpk2._.js:2477
[  436604ms] [LOG] [Fast Refresh] done in 208ms @ http://localhost:3000/_next/static/chunks/node_modules_next_dist_1ybzpk2._.js:2477
[  436733ms] [LOG] [Fast Refresh] rebuilding @ http://localhost:3000/_next/static/chunks/node_modules_next_dist_1ybzpk2._.js:2477
[  436758ms] [LOG] [Fast Refresh] done in 131ms @ http://localhost:3000/_next/static/chunks/node_modules_next_dist_1ybzpk2._.js:2477
[  437346ms] [LOG] [Fast Refresh] rebuilding @ http://localhost:3000/_next/static/chunks/node_modules_next_dist_1ybzpk2._.js:2477
[  437431ms] [LOG] [Fast Refresh] done in 187ms @ http://localhost:3000/_next/static/chunks/node_modules_next_dist_1ybzpk2._.js:2477
[  437608ms] [LOG] [Fast Refresh] rebuilding @ http://localhost:3000/_next/static/chunks/node_modules_next_dist_1ybzpk2._.js:2477
[  437612ms] [LOG] [Fast Refresh] done in 111ms @ http://localhost:3000/_next/static/chunks/node_modules_next_dist_1ybzpk2._.js:2477
[  437732ms] [LOG] [Fast Refresh] rebuilding @ http://localhost:3000/_next/static/chunks/node_modules_next_dist_1ybzpk2._.js:2477
[  437839ms] [LOG] [Fast Refresh] done in 212ms @ http://localhost:3000/_next/static/chunks/node_modules_next_dist_1ybzpk2._.js:2477
[  437951ms] [LOG] [Fast Refresh] rebuilding @ http://localhost:3000/_next/static/chunks/node_modules_next_dist_1ybzpk2._.js:2477
[  437954ms] [LOG] [Fast Refresh] done in 114ms @ http://localhost:3000/_next/static/chunks/node_modules_next_dist_1ybzpk2._.js:2477
[  438122ms] [LOG] [Fast Refresh] rebuilding @ http://localhost:3000/_next/static/chunks/node_modules_next_dist_1ybzpk2._.js:2477
[  438123ms] [LOG] [Fast Refresh] done in 115ms @ http://localhost:3000/_next/static/chunks/node_modules_next_dist_1ybzpk2._.js:2477
[  438291ms] [LOG] [Fast Refresh] rebuilding @ http://localhost:3000/_next/static/chunks/node_modules_next_dist_1ybzpk2._.js:2477
[  438339ms] [LOG] [Fast Refresh] done in 155ms @ http://localhost:3000/_next/static/chunks/node_modules_next_dist_1ybzpk2._.js:2477
[  439081ms] [LOG] [Fast Refresh] rebuilding @ http://localhost:3000/_next/static/chunks/node_modules_next_dist_1ybzpk2._.js:2477
[  439100ms] [LOG] [Fast Refresh] done in 122ms @ http://localhost:3000/_next/static/chunks/node_modules_next_dist_1ybzpk2._.js:2477
[  439219ms] [LOG] [Fast Refresh] rebuilding @ http://localhost:3000/_next/static/chunks/node_modules_next_dist_1ybzpk2._.js:2477
[  439228ms] [LOG] [Fast Refresh] done in 120ms @ http://localhost:3000/_next/static/chunks/node_modules_next_dist_1ybzpk2._.js:2477
[  439373ms] [LOG] [Fast Refresh] rebuilding @ http://localhost:3000/_next/static/chunks/node_modules_next_dist_1ybzpk2._.js:2477
[  439412ms] [LOG] [Fast Refresh] done in 142ms @ http://localhost:3000/_next/static/chunks/node_modules_next_dist_1ybzpk2._.js:2477
[  439591ms] [LOG] [Fast Refresh] rebuilding @ http://localhost:3000/_next/static/chunks/node_modules_next_dist_1ybzpk2._.js:2477
[  439599ms] [LOG] [Fast Refresh] done in 123ms @ http://localhost:3000/_next/static/chunks/node_modules_next_dist_1ybzpk2._.js:2477
[  440338ms] [LOG] [Fast Refresh] rebuilding @ http://localhost:3000/_next/static/chunks/node_modules_next_dist_1ybzpk2._.js:2477
[  440848ms] [LOG] [Fast Refresh] done in 625ms @ http://localhost:3000/_next/static/chunks/node_modules_next_dist_1ybzpk2._.js:2477
[  440974ms] [LOG] [Fast Refresh] rebuilding @ http://localhost:3000/_next/static/chunks/node_modules_next_dist_1ybzpk2._.js:2477
[  441096ms] [LOG] [Fast Refresh] done in 234ms @ http://localhost:3000/_next/static/chunks/node_modules_next_dist_1ybzpk2._.js:2477
[  441361ms] [LOG] [Fast Refresh] rebuilding @ http://localhost:3000/_next/static/chunks/node_modules_next_dist_1ybzpk2._.js:2477
[  441428ms] [LOG] [Fast Refresh] done in 175ms @ http://localhost:3000/_next/static/chunks/node_modules_next_dist_1ybzpk2._.js:2477
[  441700ms] [LOG] [Fast Refresh] rebuilding @ http://localhost:3000/_next/static/chunks/node_modules_next_dist_1ybzpk2._.js:2477
[  441714ms] [LOG] [Fast Refresh] done in 116ms @ http://localhost:3000/_next/static/chunks/node_modules_next_dist_1ybzpk2._.js:2477
[  441852ms] [LOG] [Fast Refresh] rebuilding @ http://localhost:3000/_next/static/chunks/node_modules_next_dist_1ybzpk2._.js:2477
[  441862ms] [LOG] [Fast Refresh] done in 114ms @ http://localhost:3000/_next/static/chunks/node_modules_next_dist_1ybzpk2._.js:2477
[  441975ms] [LOG] [Fast Refresh] rebuilding @ http://localhost:3000/_next/static/chunks/node_modules_next_dist_1ybzpk2._.js:2477
[  442069ms] [LOG] [Fast Refresh] done in 207ms @ http://localhost:3000/_next/static/chunks/node_modules_next_dist_1ybzpk2._.js:2477
[  442348ms] [LOG] [Fast Refresh] rebuilding @ http://localhost:3000/_next/static/chunks/node_modules_next_dist_1ybzpk2._.js:2477
[  442412ms] [LOG] [Fast Refresh] done in 171ms @ http://localhost:3000/_next/static/chunks/node_modules_next_dist_1ybzpk2._.js:2477
[  442518ms] [LOG] [Fast Refresh] rebuilding @ http://localhost:3000/_next/static/chunks/node_modules_next_dist_1ybzpk2._.js:2477
[  442583ms] [LOG] [Fast Refresh] done in 170ms @ http://localhost:3000/_next/static/chunks/node_modules_next_dist_1ybzpk2._.js:2477
[  442687ms] [LOG] [Fast Refresh] rebuilding @ http://localhost:3000/_next/static/chunks/node_modules_next_dist_1ybzpk2._.js:2477
[  442759ms] [LOG] [Fast Refresh] done in 175ms @ http://localhost:3000/_next/static/chunks/node_modules_next_dist_1ybzpk2._.js:2477
[  443060ms] [LOG] [Fast Refresh] rebuilding @ http://localhost:3000/_next/static/chunks/node_modules_next_dist_1ybzpk2._.js:2477
[  443111ms] [LOG] [Fast Refresh] done in 160ms @ http://localhost:3000/_next/static/chunks/node_modules_next_dist_1ybzpk2._.js:2477
[  443216ms] [LOG] [Fast Refresh] rebuilding @ http://localhost:3000/_next/static/chunks/node_modules_next_dist_1ybzpk2._.js:2477
[  443228ms] [LOG] [Fast Refresh] done in 116ms @ http://localhost:3000/_next/static/chunks/node_modules_next_dist_1ybzpk2._.js:2477
[  443335ms] [LOG] [Fast Refresh] rebuilding @ http://localhost:3000/_next/static/chunks/node_modules_next_dist_1ybzpk2._.js:2477
[  443373ms] [LOG] [Fast Refresh] done in 143ms @ http://localhost:3000/_next/static/chunks/node_modules_next_dist_1ybzpk2._.js:2477
[  443528ms] [LOG] [Fast Refresh] rebuilding @ http://localhost:3000/_next/static/chunks/node_modules_next_dist_1ybzpk2._.js:2477
[  443726ms] [LOG] [Fast Refresh] done in 310ms @ http://localhost:3000/_next/static/chunks/node_modules_next_dist_1ybzpk2._.js:2477
[  443853ms] [LOG] [Fast Refresh] rebuilding @ http://localhost:3000/_next/static/chunks/node_modules_next_dist_1ybzpk2._.js:2477
[  443999ms] [LOG] [Fast Refresh] done in 248ms @ http://localhost:3000/_next/static/chunks/node_modules_next_dist_1ybzpk2._.js:2477
[  444163ms] [LOG] [Fast Refresh] rebuilding @ http://localhost:3000/_next/static/chunks/node_modules_next_dist_1ybzpk2._.js:2477
[  444375ms] [LOG] [Fast Refresh] done in 314ms @ http://localhost:3000/_next/static/chunks/node_modules_next_dist_1ybzpk2._.js:2477
[  444548ms] [LOG] [Fast Refresh] rebuilding @ http://localhost:3000/_next/static/chunks/node_modules_next_dist_1ybzpk2._.js:2477
[  444569ms] [LOG] [Fast Refresh] done in 123ms @ http://localhost:3000/_next/static/chunks/node_modules_next_dist_1ybzpk2._.js:2477
[  444686ms] [LOG] [Fast Refresh] rebuilding @ http://localhost:3000/_next/static/chunks/node_modules_next_dist_1ybzpk2._.js:2477
[  444804ms] [LOG] [Fast Refresh] done in 228ms @ http://localhost:3000/_next/static/chunks/node_modules_next_dist_1ybzpk2._.js:2477
[  445124ms] [LOG] [Fast Refresh] rebuilding @ http://localhost:3000/_next/static/chunks/node_modules_next_dist_1ybzpk2._.js:2477
[  445226ms] [LOG] [Fast Refresh] done in 204ms @ http://localhost:3000/_next/static/chunks/node_modules_next_dist_1ybzpk2._.js:2477
[  445402ms] [LOG] [Fast Refresh] rebuilding @ http://localhost:3000/_next/static/chunks/node_modules_next_dist_1ybzpk2._.js:2477
[  445406ms] [LOG] [Fast Refresh] done in 105ms @ http://localhost:3000/_next/static/chunks/node_modules_next_dist_1ybzpk2._.js:2477
[  445630ms] [LOG] [Fast Refresh] rebuilding @ http://localhost:3000/_next/static/chunks/node_modules_next_dist_1ybzpk2._.js:2477
[  445665ms] [LOG] [Fast Refresh] done in 141ms @ http://localhost:3000/_next/static/chunks/node_modules_next_dist_1ybzpk2._.js:2477
[  445820ms] [LOG] [Fast Refresh] rebuilding @ http://localhost:3000/_next/static/chunks/node_modules_next_dist_1ybzpk2._.js:2477
[  445832ms] [LOG] [Fast Refresh] done in 120ms @ http://localhost:3000/_next/static/chunks/node_modules_next_dist_1ybzpk2._.js:2477
[  446327ms] [LOG] [Fast Refresh] rebuilding @ http://localhost:3000/_next/static/chunks/node_modules_next_dist_1ybzpk2._.js:2477
[  446417ms] [LOG] [Fast Refresh] done in 194ms @ http://localhost:3000/_next/static/chunks/node_modules_next_dist_1ybzpk2._.js:2477
[  446652ms] [LOG] [Fast Refresh] rebuilding @ http://localhost:3000/_next/static/chunks/node_modules_next_dist_1ybzpk2._.js:2477
[  446669ms] [LOG] [Fast Refresh] done in 120ms @ http://localhost:3000/_next/static/chunks/node_modules_next_dist_1ybzpk2._.js:2477
[  446931ms] [LOG] [Fast Refresh] rebuilding @ http://localhost:3000/_next/static/chunks/node_modules_next_dist_1ybzpk2._.js:2477
[  447028ms] [LOG] [Fast Refresh] done in 200ms @ http://localhost:3000/_next/static/chunks/node_modules_next_dist_1ybzpk2._.js:2477
[  447466ms] [LOG] [Fast Refresh] rebuilding @ http://localhost:3000/_next/static/chunks/node_modules_next_dist_1ybzpk2._.js:2477
[  447537ms] [LOG] [Fast Refresh] done in 181ms @ http://localhost:3000/_next/static/chunks/node_modules_next_dist_1ybzpk2._.js:2477
[  448645ms] [LOG] [Fast Refresh] rebuilding @ http://localhost:3000/_next/static/chunks/node_modules_next_dist_1ybzpk2._.js:2477
[  448678ms] [LOG] [Fast Refresh] done in 147ms @ http://localhost:3000/_next/static/chunks/node_modules_next_dist_1ybzpk2._.js:2477
[  448796ms] [LOG] [Fast Refresh] rebuilding @ http://localhost:3000/_next/static/chunks/node_modules_next_dist_1ybzpk2._.js:2477
[  448826ms] [LOG] [Fast Refresh] done in 141ms @ http://localhost:3000/_next/static/chunks/node_modules_next_dist_1ybzpk2._.js:2477
[  449002ms] [LOG] [Fast Refresh] rebuilding @ http://localhost:3000/_next/static/chunks/node_modules_next_dist_1ybzpk2._.js:2477
[  449007ms] [LOG] [Fast Refresh] done in 113ms @ http://localhost:3000/_next/static/chunks/node_modules_next_dist_1ybzpk2._.js:2477
[  449310ms] [LOG] [Fast Refresh] rebuilding @ http://localhost:3000/_next/static/chunks/node_modules_next_dist_1ybzpk2._.js:2477
[  449347ms] [LOG] [Fast Refresh] done in 148ms @ http://localhost:3000/_next/static/chunks/node_modules_next_dist_1ybzpk2._.js:2477
[  449777ms] [LOG] [Fast Refresh] rebuilding @ http://localhost:3000/_next/static/chunks/node_modules_next_dist_1ybzpk2._.js:2477
[  449826ms] [LOG] [Fast Refresh] done in 155ms @ http://localhost:3000/_next/static/chunks/node_modules_next_dist_1ybzpk2._.js:2477
[  449946ms] [LOG] [Fast Refresh] rebuilding @ http://localhost:3000/_next/static/chunks/node_modules_next_dist_1ybzpk2._.js:2477
[  449995ms] [LOG] [Fast Refresh] done in 162ms @ http://localhost:3000/_next/static/chunks/node_modules_next_dist_1ybzpk2._.js:2477
[  450162ms] [LOG] [Fast Refresh] rebuilding @ http://localhost:3000/_next/static/chunks/node_modules_next_dist_1ybzpk2._.js:2477
[  450218ms] [LOG] [Fast Refresh] done in 164ms @ http://localhost:3000/_next/static/chunks/node_modules_next_dist_1ybzpk2._.js:2477
[  450365ms] [LOG] [Fast Refresh] rebuilding @ http://localhost:3000/_next/static/chunks/node_modules_next_dist_1ybzpk2._.js:2477
[  450380ms] [LOG] [Fast Refresh] done in 118ms @ http://localhost:3000/_next/static/chunks/node_modules_next_dist_1ybzpk2._.js:2477
[  450642ms] [LOG] [Fast Refresh] rebuilding @ http://localhost:3000/_next/static/chunks/node_modules_next_dist_1ybzpk2._.js:2477
[  450759ms] [LOG] [Fast Refresh] done in 229ms @ http://localhost:3000/_next/static/chunks/node_modules_next_dist_1ybzpk2._.js:2477
[  450902ms] [LOG] [Fast Refresh] rebuilding @ http://localhost:3000/_next/static/chunks/node_modules_next_dist_1ybzpk2._.js:2477
[  450949ms] [LOG] [Fast Refresh] done in 159ms @ http://localhost:3000/_next/static/chunks/node_modules_next_dist_1ybzpk2._.js:2477
[  451138ms] [LOG] [Fast Refresh] rebuilding @ http://localhost:3000/_next/static/chunks/node_modules_next_dist_1ybzpk2._.js:2477
[  451178ms] [LOG] [Fast Refresh] done in 144ms @ http://localhost:3000/_next/static/chunks/node_modules_next_dist_1ybzpk2._.js:2477
[  451395ms] [LOG] [Fast Refresh] rebuilding @ http://localhost:3000/_next/static/chunks/node_modules_next_dist_1ybzpk2._.js:2477
[  451448ms] [LOG] [Fast Refresh] done in 164ms @ http://localhost:3000/_next/static/chunks/node_modules_next_dist_1ybzpk2._.js:2477
[  451552ms] [LOG] [Fast Refresh] rebuilding @ http://localhost:3000/_next/static/chunks/node_modules_next_dist_1ybzpk2._.js:2477
[  451650ms] [LOG] [Fast Refresh] done in 200ms @ http://localhost:3000/_next/static/chunks/node_modules_next_dist_1ybzpk2._.js:2477
[  451754ms] [LOG] [Fast Refresh] rebuilding @ http://localhost:3000/_next/static/chunks/node_modules_next_dist_1ybzpk2._.js:2477
[  451763ms] [LOG] [Fast Refresh] done in 113ms @ http://localhost:3000/_next/static/chunks/node_modules_next_dist_1ybzpk2._.js:2477
[  451925ms] [LOG] [Fast Refresh] rebuilding @ http://localhost:3000/_next/static/chunks/node_modules_next_dist_1ybzpk2._.js:2477
[  451943ms] [LOG] [Fast Refresh] done in 129ms @ http://localhost:3000/_next/static/chunks/node_modules_next_dist_1ybzpk2._.js:2477
[  452063ms] [LOG] [Fast Refresh] rebuilding @ http://localhost:3000/_next/static/chunks/node_modules_next_dist_1ybzpk2._.js:2477
[  452159ms] [LOG] [Fast Refresh] done in 204ms @ http://localhost:3000/_next/static/chunks/node_modules_next_dist_1ybzpk2._.js:2477
[  452311ms] [LOG] [Fast Refresh] rebuilding @ http://localhost:3000/_next/static/chunks/node_modules_next_dist_1ybzpk2._.js:2477
[  452577ms] [LOG] [Fast Refresh] done in 375ms @ http://localhost:3000/_next/static/chunks/node_modules_next_dist_1ybzpk2._.js:2477
[  452727ms] [LOG] [Fast Refresh] rebuilding @ http://localhost:3000/_next/static/chunks/node_modules_next_dist_1ybzpk2._.js:2477
[  452804ms] [LOG] [Fast Refresh] done in 178ms @ http://localhost:3000/_next/static/chunks/node_modules_next_dist_1ybzpk2._.js:2477
[  452911ms] [LOG] [Fast Refresh] rebuilding @ http://localhost:3000/_next/static/chunks/node_modules_next_dist_1ybzpk2._.js:2477
[  452954ms] [LOG] [Fast Refresh] done in 149ms @ http://localhost:3000/_next/static/chunks/node_modules_next_dist_1ybzpk2._.js:2477
[  453065ms] [LOG] [Fast Refresh] rebuilding @ http://localhost:3000/_next/static/chunks/node_modules_next_dist_1ybzpk2._.js:2477
[  453065ms] [LOG] [Fast Refresh] done in 111ms @ http://localhost:3000/_next/static/chunks/node_modules_next_dist_1ybzpk2._.js:2477
[  453202ms] [LOG] [Fast Refresh] rebuilding @ http://localhost:3000/_next/static/chunks/node_modules_next_dist_1ybzpk2._.js:2477
[  453443ms] [LOG] [Fast Refresh] done in 342ms @ http://localhost:3000/_next/static/chunks/node_modules_next_dist_1ybzpk2._.js:2477
[  453669ms] [LOG] [Fast Refresh] rebuilding @ http://localhost:3000/_next/static/chunks/node_modules_next_dist_1ybzpk2._.js:2477
[  453747ms] [LOG] [Fast Refresh] done in 190ms @ http://localhost:3000/_next/static/chunks/node_modules_next_dist_1ybzpk2._.js:2477
[  453889ms] [LOG] [Fast Refresh] rebuilding @ http://localhost:3000/_next/static/chunks/node_modules_next_dist_1ybzpk2._.js:2477
[  454066ms] [LOG] [Fast Refresh] done in 280ms @ http://localhost:3000/_next/static/chunks/node_modules_next_dist_1ybzpk2._.js:2477
[  454605ms] [LOG] [Fast Refresh] rebuilding @ http://localhost:3000/_next/static/chunks/node_modules_next_dist_1ybzpk2._.js:2477
[  454637ms] [LOG] [Fast Refresh] done in 134ms @ http://localhost:3000/_next/static/chunks/node_modules_next_dist_1ybzpk2._.js:2477
[  454937ms] [LOG] [Fast Refresh] rebuilding @ http://localhost:3000/_next/static/chunks/node_modules_next_dist_1ybzpk2._.js:2477
[  455414ms] [LOG] [Fast Refresh] done in 583ms @ http://localhost:3000/_next/static/chunks/node_modules_next_dist_1ybzpk2._.js:2477
[  455592ms] [LOG] [Fast Refresh] rebuilding @ http://localhost:3000/_next/static/chunks/node_modules_next_dist_1ybzpk2._.js:2477
[  456036ms] [LOG] [Fast Refresh] done in 553ms @ http://localhost:3000/_next/static/chunks/node_modules_next_dist_1ybzpk2._.js:2477
[  456181ms] [LOG] [Fast Refresh] rebuilding @ http://localhost:3000/_next/static/chunks/node_modules_next_dist_1ybzpk2._.js:2477
[  456401ms] [LOG] [Fast Refresh] done in 333ms @ http://localhost:3000/_next/static/chunks/node_modules_next_dist_1ybzpk2._.js:2477
[  457279ms] [LOG] [Fast Refresh] rebuilding @ http://localhost:3000/_next/static/chunks/node_modules_next_dist_1ybzpk2._.js:2477
[  457283ms] [LOG] [Fast Refresh] done in 111ms @ http://localhost:3000/_next/static/chunks/node_modules_next_dist_1ybzpk2._.js:2477
[  458485ms] [LOG] [Fast Refresh] rebuilding @ http://localhost:3000/_next/static/chunks/node_modules_next_dist_1ybzpk2._.js:2477
[  458570ms] [LOG] [Fast Refresh] done in 188ms @ http://localhost:3000/_next/static/chunks/node_modules_next_dist_1ybzpk2._.js:2477
[  458694ms] [LOG] [Fast Refresh] rebuilding @ http://localhost:3000/_next/static/chunks/node_modules_next_dist_1ybzpk2._.js:2477
[  458700ms] [LOG] [Fast Refresh] done in 125ms @ http://localhost:3000/_next/static/chunks/node_modules_next_dist_1ybzpk2._.js:2477
[  459114ms] [LOG] [Fast Refresh] rebuilding @ http://localhost:3000/_next/static/chunks/node_modules_next_dist_1ybzpk2._.js:2477
[  459143ms] [LOG] [Fast Refresh] done in 148ms @ http://localhost:3000/_next/static/chunks/node_modules_next_dist_1ybzpk2._.js:2477
[  459816ms] [LOG] [Fast Refresh] rebuilding @ http://localhost:3000/_next/static/chunks/node_modules_next_dist_1ybzpk2._.js:2477
[  459875ms] [LOG] [Fast Refresh] done in 164ms @ http://localhost:3000/_next/static/chunks/node_modules_next_dist_1ybzpk2._.js:2477
[  459989ms] [LOG] [Fast Refresh] rebuilding @ http://localhost:3000/_next/static/chunks/node_modules_next_dist_1ybzpk2._.js:2477
[  460024ms] [LOG] [Fast Refresh] done in 149ms @ http://localhost:3000/_next/static/chunks/node_modules_next_dist_1ybzpk2._.js:2477
[  460139ms] [LOG] [Fast Refresh] rebuilding @ http://localhost:3000/_next/static/chunks/node_modules_next_dist_1ybzpk2._.js:2477
[  460334ms] [LOG] [Fast Refresh] done in 308ms @ http://localhost:3000/_next/static/chunks/node_modules_next_dist_1ybzpk2._.js:2477
[  460497ms] [LOG] [Fast Refresh] rebuilding @ http://localhost:3000/_next/static/chunks/node_modules_next_dist_1ybzpk2._.js:2477
[  460557ms] [LOG] [Fast Refresh] done in 165ms @ http://localhost:3000/_next/static/chunks/node_modules_next_dist_1ybzpk2._.js:2477
[  460668ms] [LOG] [Fast Refresh] rebuilding @ http://localhost:3000/_next/static/chunks/node_modules_next_dist_1ybzpk2._.js:2477
[  460673ms] [LOG] [Fast Refresh] done in 112ms @ http://localhost:3000/_next/static/chunks/node_modules_next_dist_1ybzpk2._.js:2477
[  460824ms] [LOG] [Fast Refresh] rebuilding @ http://localhost:3000/_next/static/chunks/node_modules_next_dist_1ybzpk2._.js:2477
[  461149ms] [LOG] [Fast Refresh] done in 426ms @ http://localhost:3000/_next/static/chunks/node_modules_next_dist_1ybzpk2._.js:2477
[  462117ms] [LOG] [Fast Refresh] rebuilding @ http://localhost:3000/_next/static/chunks/node_modules_next_dist_1ybzpk2._.js:2477
[  462133ms] [LOG] [Fast Refresh] done in 125ms @ http://localhost:3000/_next/static/chunks/node_modules_next_dist_1ybzpk2._.js:2477
[  462427ms] [LOG] [Fast Refresh] rebuilding @ http://localhost:3000/_next/static/chunks/node_modules_next_dist_1ybzpk2._.js:2477
[  462430ms] [LOG] [Fast Refresh] done in 107ms @ http://localhost:3000/_next/static/chunks/node_modules_next_dist_1ybzpk2._.js:2477
[  462566ms] [LOG] [Fast Refresh] rebuilding @ http://localhost:3000/_next/static/chunks/node_modules_next_dist_1ybzpk2._.js:2477
[  462633ms] [LOG] [Fast Refresh] done in 179ms @ http://localhost:3000/_next/static/chunks/node_modules_next_dist_1ybzpk2._.js:2477
[  462737ms] [LOG] [Fast Refresh] rebuilding @ http://localhost:3000/_next/static/chunks/node_modules_next_dist_1ybzpk2._.js:2477
[  462763ms] [LOG] [Fast Refresh] done in 128ms @ http://localhost:3000/_next/static/chunks/node_modules_next_dist_1ybzpk2._.js:2477
[  462951ms] [LOG] [Fast Refresh] rebuilding @ http://localhost:3000/_next/static/chunks/node_modules_next_dist_1ybzpk2._.js:2477
[  462996ms] [LOG] [Fast Refresh] done in 147ms @ http://localhost:3000/_next/static/chunks/node_modules_next_dist_1ybzpk2._.js:2477
[  463122ms] [LOG] [Fast Refresh] rebuilding @ http://localhost:3000/_next/static/chunks/node_modules_next_dist_1ybzpk2._.js:2477
[  463263ms] [LOG] [Fast Refresh] done in 254ms @ http://localhost:3000/_next/static/chunks/node_modules_next_dist_1ybzpk2._.js:2477
[  463543ms] [LOG] [Fast Refresh] rebuilding @ http://localhost:3000/_next/static/chunks/node_modules_next_dist_1ybzpk2._.js:2477
[  463556ms] [LOG] [Fast Refresh] done in 126ms @ http://localhost:3000/_next/static/chunks/node_modules_next_dist_1ybzpk2._.js:2477
[  464387ms] [LOG] [Fast Refresh] rebuilding @ http://localhost:3000/_next/static/chunks/node_modules_next_dist_1ybzpk2._.js:2477
[  464445ms] [LOG] [Fast Refresh] done in 160ms @ http://localhost:3000/_next/static/chunks/node_modules_next_dist_1ybzpk2._.js:2477
[  466704ms] [LOG] [Fast Refresh] rebuilding @ http://localhost:3000/_next/static/chunks/node_modules_next_dist_1ybzpk2._.js:2477
[  466705ms] [LOG] [Fast Refresh] done in 105ms @ http://localhost:3000/_next/static/chunks/node_modules_next_dist_1ybzpk2._.js:2477
[  466874ms] [LOG] [Fast Refresh] rebuilding @ http://localhost:3000/_next/static/chunks/node_modules_next_dist_1ybzpk2._.js:2477
[  466878ms] [LOG] [Fast Refresh] done in 113ms @ http://localhost:3000/_next/static/chunks/node_modules_next_dist_1ybzpk2._.js:2477
[  467401ms] [LOG] [Fast Refresh] rebuilding @ http://localhost:3000/_next/static/chunks/node_modules_next_dist_1ybzpk2._.js:2477
[  467416ms] [LOG] [Fast Refresh] done in 116ms @ http://localhost:3000/_next/static/chunks/node_modules_next_dist_1ybzpk2._.js:2477
[  467558ms] [LOG] [Fast Refresh] rebuilding @ http://localhost:3000/_next/static/chunks/node_modules_next_dist_1ybzpk2._.js:2477
[  467562ms] [LOG] [Fast Refresh] done in 108ms @ http://localhost:3000/_next/static/chunks/node_modules_next_dist_1ybzpk2._.js:2477
[  467665ms] [LOG] [Fast Refresh] rebuilding @ http://localhost:3000/_next/static/chunks/node_modules_next_dist_1ybzpk2._.js:2477
[  468109ms] [LOG] [Fast Refresh] done in 545ms @ http://localhost:3000/_next/static/chunks/node_modules_next_dist_1ybzpk2._.js:2477
[  468224ms] [LOG] [Fast Refresh] rebuilding @ http://localhost:3000/_next/static/chunks/node_modules_next_dist_1ybzpk2._.js:2477
[  468234ms] [LOG] [Fast Refresh] done in 119ms @ http://localhost:3000/_next/static/chunks/node_modules_next_dist_1ybzpk2._.js:2477
[  468362ms] [LOG] [Fast Refresh] rebuilding @ http://localhost:3000/_next/static/chunks/node_modules_next_dist_1ybzpk2._.js:2477
[  468432ms] [LOG] [Fast Refresh] done in 184ms @ http://localhost:3000/_next/static/chunks/node_modules_next_dist_1ybzpk2._.js:2477
[  469233ms] [LOG] [Fast Refresh] rebuilding @ http://localhost:3000/_next/static/chunks/node_modules_next_dist_1ybzpk2._.js:2477
[  469258ms] [LOG] [Fast Refresh] done in 129ms @ http://localhost:3000/_next/static/chunks/node_modules_next_dist_1ybzpk2._.js:2477
[  469388ms] [LOG] [Fast Refresh] rebuilding @ http://localhost:3000/_next/static/chunks/node_modules_next_dist_1ybzpk2._.js:2477
[  469478ms] [LOG] [Fast Refresh] done in 204ms @ http://localhost:3000/_next/static/chunks/node_modules_next_dist_1ybzpk2._.js:2477
[  469628ms] [LOG] [Fast Refresh] rebuilding @ http://localhost:3000/_next/static/chunks/node_modules_next_dist_1ybzpk2._.js:2477
[  469660ms] [LOG] [Fast Refresh] done in 140ms @ http://localhost:3000/_next/static/chunks/node_modules_next_dist_1ybzpk2._.js:2477
[  471359ms] [LOG] [Fast Refresh] rebuilding @ http://localhost:3000/_next/static/chunks/node_modules_next_dist_1ybzpk2._.js:2477
[  471360ms] [LOG] [Fast Refresh] done in 101ms @ http://localhost:3000/_next/static/chunks/node_modules_next_dist_1ybzpk2._.js:2477
[  473091ms] [LOG] [Fast Refresh] rebuilding @ http://localhost:3000/_next/static/chunks/node_modules_next_dist_1ybzpk2._.js:2477
[  473109ms] [LOG] [Fast Refresh] done in 120ms @ http://localhost:3000/_next/static/chunks/node_modules_next_dist_1ybzpk2._.js:2477
[  473759ms] [LOG] [Fast Refresh] rebuilding @ http://localhost:3000/_next/static/chunks/node_modules_next_dist_1ybzpk2._.js:2477
[  473843ms] [LOG] [Fast Refresh] done in 189ms @ http://localhost:3000/_next/static/chunks/node_modules_next_dist_1ybzpk2._.js:2477
[  473946ms] [LOG] [Fast Refresh] rebuilding @ http://localhost:3000/_next/static/chunks/node_modules_next_dist_1ybzpk2._.js:2477
[  474263ms] [LOG] [Fast Refresh] done in 418ms @ http://localhost:3000/_next/static/chunks/node_modules_next_dist_1ybzpk2._.js:2477
[  474442ms] [LOG] [Fast Refresh] rebuilding @ http://localhost:3000/_next/static/chunks/node_modules_next_dist_1ybzpk2._.js:2477
[  474626ms] [LOG] [Fast Refresh] done in 300ms @ http://localhost:3000/_next/static/chunks/node_modules_next_dist_1ybzpk2._.js:2477
[  474799ms] [LOG] [Fast Refresh] rebuilding @ http://localhost:3000/_next/static/chunks/node_modules_next_dist_1ybzpk2._.js:2477
[  474915ms] [LOG] [Fast Refresh] done in 222ms @ http://localhost:3000/_next/static/chunks/node_modules_next_dist_1ybzpk2._.js:2477
[  475043ms] [LOG] [Fast Refresh] rebuilding @ http://localhost:3000/_next/static/chunks/node_modules_next_dist_1ybzpk2._.js:2477
[  475092ms] [LOG] [Fast Refresh] done in 163ms @ http://localhost:3000/_next/static/chunks/node_modules_next_dist_1ybzpk2._.js:2477
[  475197ms] [LOG] [Fast Refresh] rebuilding @ http://localhost:3000/_next/static/chunks/node_modules_next_dist_1ybzpk2._.js:2477
[  475339ms] [LOG] [Fast Refresh] done in 247ms @ http://localhost:3000/_next/static/chunks/node_modules_next_dist_1ybzpk2._.js:2477
[  475518ms] [LOG] [Fast Refresh] rebuilding @ http://localhost:3000/_next/static/chunks/node_modules_next_dist_1ybzpk2._.js:2477
[  475583ms] [LOG] [Fast Refresh] done in 180ms @ http://localhost:3000/_next/static/chunks/node_modules_next_dist_1ybzpk2._.js:2477
[  475703ms] [LOG] [Fast Refresh] rebuilding @ http://localhost:3000/_next/static/chunks/node_modules_next_dist_1ybzpk2._.js:2477
[  475949ms] [LOG] [Fast Refresh] done in 357ms @ http://localhost:3000/_next/static/chunks/node_modules_next_dist_1ybzpk2._.js:2477
[  476284ms] [LOG] [Fast Refresh] rebuilding @ http://localhost:3000/_next/static/chunks/node_modules_next_dist_1ybzpk2._.js:2477
[  476725ms] [LOG] [Fast Refresh] done in 547ms @ http://localhost:3000/_next/static/chunks/node_modules_next_dist_1ybzpk2._.js:2477
[  476832ms] [LOG] [Fast Refresh] rebuilding @ http://localhost:3000/_next/static/chunks/node_modules_next_dist_1ybzpk2._.js:2477
[  476890ms] [LOG] [Fast Refresh] done in 162ms @ http://localhost:3000/_next/static/chunks/node_modules_next_dist_1ybzpk2._.js:2477
[  477003ms] [LOG] [Fast Refresh] rebuilding @ http://localhost:3000/_next/static/chunks/node_modules_next_dist_1ybzpk2._.js:2477
[  477118ms] [LOG] [Fast Refresh] done in 225ms @ http://localhost:3000/_next/static/chunks/node_modules_next_dist_1ybzpk2._.js:2477
[  477563ms] [LOG] [Fast Refresh] rebuilding @ http://localhost:3000/_next/static/chunks/node_modules_next_dist_1ybzpk2._.js:2477
[  477672ms] [LOG] [Fast Refresh] done in 222ms @ http://localhost:3000/_next/static/chunks/node_modules_next_dist_1ybzpk2._.js:2477
[  477784ms] [LOG] [Fast Refresh] rebuilding @ http://localhost:3000/_next/static/chunks/node_modules_next_dist_1ybzpk2._.js:2477
[  477822ms] [LOG] [Fast Refresh] done in 143ms @ http://localhost:3000/_next/static/chunks/node_modules_next_dist_1ybzpk2._.js:2477
[  477973ms] [LOG] [Fast Refresh] rebuilding @ http://localhost:3000/_next/static/chunks/node_modules_next_dist_1ybzpk2._.js:2477
[  478107ms] [LOG] [Fast Refresh] done in 283ms @ http://localhost:3000/_next/static/chunks/node_modules_next_dist_1ybzpk2._.js:2477
[  478233ms] [LOG] [Fast Refresh] rebuilding @ http://localhost:3000/_next/static/chunks/node_modules_next_dist_1ybzpk2._.js:2477
[  478457ms] [LOG] [Fast Refresh] done in 338ms @ http://localhost:3000/_next/static/chunks/node_modules_next_dist_1ybzpk2._.js:2477
[  478622ms] [LOG] [Fast Refresh] rebuilding @ http://localhost:3000/_next/static/chunks/node_modules_next_dist_1ybzpk2._.js:2477
[  478724ms] [LOG] [Fast Refresh] done in 209ms @ http://localhost:3000/_next/static/chunks/node_modules_next_dist_1ybzpk2._.js:2477
[  478980ms] [LOG] [Fast Refresh] rebuilding @ http://localhost:3000/_next/static/chunks/node_modules_next_dist_1ybzpk2._.js:2477
[  478983ms] [LOG] [Fast Refresh] done in 106ms @ http://localhost:3000/_next/static/chunks/node_modules_next_dist_1ybzpk2._.js:2477
[  479118ms] [LOG] [Fast Refresh] rebuilding @ http://localhost:3000/_next/static/chunks/node_modules_next_dist_1ybzpk2._.js:2477
[  479183ms] [LOG] [Fast Refresh] done in 179ms @ http://localhost:3000/_next/static/chunks/node_modules_next_dist_1ybzpk2._.js:2477
[  479518ms] [LOG] [Fast Refresh] rebuilding @ http://localhost:3000/_next/static/chunks/node_modules_next_dist_1ybzpk2._.js:2477
[  479521ms] [LOG] [Fast Refresh] done in 103ms @ http://localhost:3000/_next/static/chunks/node_modules_next_dist_1ybzpk2._.js:2477
[  479656ms] [LOG] [Fast Refresh] rebuilding @ http://localhost:3000/_next/static/chunks/node_modules_next_dist_1ybzpk2._.js:2477
[  479675ms] [LOG] [Fast Refresh] done in 128ms @ http://localhost:3000/_next/static/chunks/node_modules_next_dist_1ybzpk2._.js:2477
[  479890ms] [LOG] [Fast Refresh] rebuilding @ http://localhost:3000/_next/static/chunks/node_modules_next_dist_1ybzpk2._.js:2477
[  479895ms] [LOG] [Fast Refresh] done in 109ms @ http://localhost:3000/_next/static/chunks/node_modules_next_dist_1ybzpk2._.js:2477
[  480041ms] [LOG] [Fast Refresh] rebuilding @ http://localhost:3000/_next/static/chunks/node_modules_next_dist_1ybzpk2._.js:2477
[  480127ms] [LOG] [Fast Refresh] done in 201ms @ http://localhost:3000/_next/static/chunks/node_modules_next_dist_1ybzpk2._.js:2477
[  480306ms] [LOG] [Fast Refresh] rebuilding @ http://localhost:3000/_next/static/chunks/node_modules_next_dist_1ybzpk2._.js:2477
[  480384ms] [LOG] [Fast Refresh] done in 186ms @ http://localhost:3000/_next/static/chunks/node_modules_next_dist_1ybzpk2._.js:2477
[  480538ms] [LOG] [Fast Refresh] rebuilding @ http://localhost:3000/_next/static/chunks/node_modules_next_dist_1ybzpk2._.js:2477
[  480570ms] [LOG] [Fast Refresh] done in 134ms @ http://localhost:3000/_next/static/chunks/node_modules_next_dist_1ybzpk2._.js:2477
[  480708ms] [LOG] [Fast Refresh] rebuilding @ http://localhost:3000/_next/static/chunks/node_modules_next_dist_1ybzpk2._.js:2477
[  480935ms] [LOG] [Fast Refresh] done in 340ms @ http://localhost:3000/_next/static/chunks/node_modules_next_dist_1ybzpk2._.js:2477
[  481232ms] [LOG] [Fast Refresh] rebuilding @ http://localhost:3000/_next/static/chunks/node_modules_next_dist_1ybzpk2._.js:2477
[  481251ms] [LOG] [Fast Refresh] done in 121ms @ http://localhost:3000/_next/static/chunks/node_modules_next_dist_1ybzpk2._.js:2477
[  481372ms] [LOG] [Fast Refresh] rebuilding @ http://localhost:3000/_next/static/chunks/node_modules_next_dist_1ybzpk2._.js:2477
[  481490ms] [LOG] [Fast Refresh] done in 218ms @ http://localhost:3000/_next/static/chunks/node_modules_next_dist_1ybzpk2._.js:2477
[  481668ms] [LOG] [Fast Refresh] rebuilding @ http://localhost:3000/_next/static/chunks/node_modules_next_dist_1ybzpk2._.js:2477
[  481734ms] [LOG] [Fast Refresh] done in 178ms @ http://localhost:3000/_next/static/chunks/node_modules_next_dist_1ybzpk2._.js:2477
[  481836ms] [LOG] [Fast Refresh] rebuilding @ http://localhost:3000/_next/static/chunks/node_modules_next_dist_1ybzpk2._.js:2477
[  482070ms] [LOG] [Fast Refresh] done in 335ms @ http://localhost:3000/_next/static/chunks/node_modules_next_dist_1ybzpk2._.js:2477
[  482223ms] [LOG] [Fast Refresh] rebuilding @ http://localhost:3000/_next/static/chunks/node_modules_next_dist_1ybzpk2._.js:2477
[  482339ms] [LOG] [Fast Refresh] done in 218ms @ http://localhost:3000/_next/static/chunks/node_modules_next_dist_1ybzpk2._.js:2477
[  482470ms] [LOG] [Fast Refresh] rebuilding @ http://localhost:3000/_next/static/chunks/node_modules_next_dist_1ybzpk2._.js:2477
[  482597ms] [LOG] [Fast Refresh] done in 241ms @ http://localhost:3000/_next/static/chunks/node_modules_next_dist_1ybzpk2._.js:2477
[  482732ms] [LOG] [Fast Refresh] rebuilding @ http://localhost:3000/_next/static/chunks/node_modules_next_dist_1ybzpk2._.js:2477
[  482898ms] [LOG] [Fast Refresh] done in 277ms @ http://localhost:3000/_next/static/chunks/node_modules_next_dist_1ybzpk2._.js:2477
[  483274ms] [LOG] [Fast Refresh] rebuilding @ http://localhost:3000/_next/static/chunks/node_modules_next_dist_1ybzpk2._.js:2477
[  483296ms] [LOG] [Fast Refresh] done in 129ms @ http://localhost:3000/_next/static/chunks/node_modules_next_dist_1ybzpk2._.js:2477
[  483770ms] [LOG] [Fast Refresh] rebuilding @ http://localhost:3000/_next/static/chunks/node_modules_next_dist_1ybzpk2._.js:2477
[  483784ms] [LOG] [Fast Refresh] done in 117ms @ http://localhost:3000/_next/static/chunks/node_modules_next_dist_1ybzpk2._.js:2477
[  483942ms] [LOG] [Fast Refresh] rebuilding @ http://localhost:3000/_next/static/chunks/node_modules_next_dist_1ybzpk2._.js:2477
[  483942ms] [LOG] [Fast Refresh] done in 102ms @ http://localhost:3000/_next/static/chunks/node_modules_next_dist_1ybzpk2._.js:2477
[  484066ms] [LOG] [Fast Refresh] rebuilding @ http://localhost:3000/_next/static/chunks/node_modules_next_dist_1ybzpk2._.js:2477
[  484210ms] [LOG] [Fast Refresh] done in 249ms @ http://localhost:3000/_next/static/chunks/node_modules_next_dist_1ybzpk2._.js:2477
[  484376ms] [LOG] [Fast Refresh] rebuilding @ http://localhost:3000/_next/static/chunks/node_modules_next_dist_1ybzpk2._.js:2477
[  484421ms] [LOG] [Fast Refresh] done in 159ms @ http://localhost:3000/_next/static/chunks/node_modules_next_dist_1ybzpk2._.js:2477
[  484998ms] [LOG] [Fast Refresh] rebuilding @ http://localhost:3000/_next/static/chunks/node_modules_next_dist_1ybzpk2._.js:2477
[  485682ms] [LOG] [Fast Refresh] done in 797ms @ http://localhost:3000/_next/static/chunks/node_modules_next_dist_1ybzpk2._.js:2477
[  485935ms] [LOG] [Fast Refresh] rebuilding @ http://localhost:3000/_next/static/chunks/node_modules_next_dist_1ybzpk2._.js:2477
[  486008ms] [LOG] [Fast Refresh] done in 189ms @ http://localhost:3000/_next/static/chunks/node_modules_next_dist_1ybzpk2._.js:2477
[  486136ms] [LOG] [Fast Refresh] rebuilding @ http://localhost:3000/_next/static/chunks/node_modules_next_dist_1ybzpk2._.js:2477
[  486230ms] [LOG] [Fast Refresh] done in 203ms @ http://localhost:3000/_next/static/chunks/node_modules_next_dist_1ybzpk2._.js:2477
[  486384ms] [LOG] [Fast Refresh] rebuilding @ http://localhost:3000/_next/static/chunks/node_modules_next_dist_1ybzpk2._.js:2477
[  486420ms] [LOG] [Fast Refresh] done in 141ms @ http://localhost:3000/_next/static/chunks/node_modules_next_dist_1ybzpk2._.js:2477
[  486647ms] [LOG] [Fast Refresh] rebuilding @ http://localhost:3000/_next/static/chunks/node_modules_next_dist_1ybzpk2._.js:2477
[  486656ms] [LOG] [Fast Refresh] done in 113ms @ http://localhost:3000/_next/static/chunks/node_modules_next_dist_1ybzpk2._.js:2477
[  486922ms] [LOG] [Fast Refresh] rebuilding @ http://localhost:3000/_next/static/chunks/node_modules_next_dist_1ybzpk2._.js:2477
[  486958ms] [LOG] [Fast Refresh] done in 149ms @ http://localhost:3000/_next/static/chunks/node_modules_next_dist_1ybzpk2._.js:2477
[  487074ms] [LOG] [Fast Refresh] rebuilding @ http://localhost:3000/_next/static/chunks/node_modules_next_dist_1ybzpk2._.js:2477
[  487125ms] [LOG] [Fast Refresh] done in 161ms @ http://localhost:3000/_next/static/chunks/node_modules_next_dist_1ybzpk2._.js:2477
[  487306ms] [LOG] [Fast Refresh] rebuilding @ http://localhost:3000/_next/static/chunks/node_modules_next_dist_1ybzpk2._.js:2477
[  487387ms] [LOG] [Fast Refresh] done in 189ms @ http://localhost:3000/_next/static/chunks/node_modules_next_dist_1ybzpk2._.js:2477
[  488057ms] [LOG] [Fast Refresh] rebuilding @ http://localhost:3000/_next/static/chunks/node_modules_next_dist_1ybzpk2._.js:2477
[  488065ms] [LOG] [Fast Refresh] done in 115ms @ http://localhost:3000/_next/static/chunks/node_modules_next_dist_1ybzpk2._.js:2477
[  488194ms] [LOG] [Fast Refresh] rebuilding @ http://localhost:3000/_next/static/chunks/node_modules_next_dist_1ybzpk2._.js:2477
[  488249ms] [LOG] [Fast Refresh] done in 168ms @ http://localhost:3000/_next/static/chunks/node_modules_next_dist_1ybzpk2._.js:2477
[  488474ms] [LOG] [Fast Refresh] rebuilding @ http://localhost:3000/_next/static/chunks/node_modules_next_dist_1ybzpk2._.js:2477
[  488478ms] [LOG] [Fast Refresh] done in 112ms @ http://localhost:3000/_next/static/chunks/node_modules_next_dist_1ybzpk2._.js:2477
[  488715ms] [LOG] [Fast Refresh] rebuilding @ http://localhost:3000/_next/static/chunks/node_modules_next_dist_1ybzpk2._.js:2477
[  488782ms] [LOG] [Fast Refresh] done in 179ms @ http://localhost:3000/_next/static/chunks/node_modules_next_dist_1ybzpk2._.js:2477
[  488925ms] [LOG] [Fast Refresh] rebuilding @ http://localhost:3000/_next/static/chunks/node_modules_next_dist_1ybzpk2._.js:2477
[  489321ms] [LOG] [Fast Refresh] done in 514ms @ http://localhost:3000/_next/static/chunks/node_modules_next_dist_1ybzpk2._.js:2477
[  489562ms] [LOG] [Fast Refresh] rebuilding @ http://localhost:3000/_next/static/chunks/node_modules_next_dist_1ybzpk2._.js:2477
[  489653ms] [LOG] [Fast Refresh] done in 195ms @ http://localhost:3000/_next/static/chunks/node_modules_next_dist_1ybzpk2._.js:2477
[  489766ms] [LOG] [Fast Refresh] rebuilding @ http://localhost:3000/_next/static/chunks/node_modules_next_dist_1ybzpk2._.js:2477
[  489872ms] [LOG] [Fast Refresh] done in 219ms @ http://localhost:3000/_next/static/chunks/node_modules_next_dist_1ybzpk2._.js:2477
[  490605ms] [LOG] [Fast Refresh] rebuilding @ http://localhost:3000/_next/static/chunks/node_modules_next_dist_1ybzpk2._.js:2477
[  490609ms] [LOG] [Fast Refresh] done in 118ms @ http://localhost:3000/_next/static/chunks/node_modules_next_dist_1ybzpk2._.js:2477
[  490744ms] [LOG] [Fast Refresh] rebuilding @ http://localhost:3000/_next/static/chunks/node_modules_next_dist_1ybzpk2._.js:2477
[  490777ms] [LOG] [Fast Refresh] done in 135ms @ http://localhost:3000/_next/static/chunks/node_modules_next_dist_1ybzpk2._.js:2477
[  490915ms] [LOG] [Fast Refresh] rebuilding @ http://localhost:3000/_next/static/chunks/node_modules_next_dist_1ybzpk2._.js:2477
[  491123ms] [LOG] [Fast Refresh] done in 321ms @ http://localhost:3000/_next/static/chunks/node_modules_next_dist_1ybzpk2._.js:2477
[  491305ms] [LOG] [Fast Refresh] rebuilding @ http://localhost:3000/_next/static/chunks/node_modules_next_dist_1ybzpk2._.js:2477
[  491305ms] [LOG] [Fast Refresh] done in 113ms @ http://localhost:3000/_next/static/chunks/node_modules_next_dist_1ybzpk2._.js:2477
[  492171ms] [LOG] [Fast Refresh] rebuilding @ http://localhost:3000/_next/static/chunks/node_modules_next_dist_1ybzpk2._.js:2477
[  492182ms] [LOG] [Fast Refresh] done in 111ms @ http://localhost:3000/_next/static/chunks/node_modules_next_dist_1ybzpk2._.js:2477
[  493146ms] [LOG] [Fast Refresh] rebuilding @ http://localhost:3000/_next/static/chunks/node_modules_next_dist_1ybzpk2._.js:2477
[  493157ms] [LOG] [Fast Refresh] done in 117ms @ http://localhost:3000/_next/static/chunks/node_modules_next_dist_1ybzpk2._.js:2477
[  493301ms] [LOG] [Fast Refresh] rebuilding @ http://localhost:3000/_next/static/chunks/node_modules_next_dist_1ybzpk2._.js:2477
[  493348ms] [LOG] [Fast Refresh] done in 163ms @ http://localhost:3000/_next/static/chunks/node_modules_next_dist_1ybzpk2._.js:2477
[  493581ms] [LOG] [Fast Refresh] rebuilding @ http://localhost:3000/_next/static/chunks/node_modules_next_dist_1ybzpk2._.js:2477
[  493596ms] [LOG] [Fast Refresh] done in 121ms @ http://localhost:3000/_next/static/chunks/node_modules_next_dist_1ybzpk2._.js:2477
[  493904ms] [LOG] [Fast Refresh] rebuilding @ http://localhost:3000/_next/static/chunks/node_modules_next_dist_1ybzpk2._.js:2477
[  493936ms] [LOG] [Fast Refresh] done in 140ms @ http://localhost:3000/_next/static/chunks/node_modules_next_dist_1ybzpk2._.js:2477
[  494058ms] [LOG] [Fast Refresh] rebuilding @ http://localhost:3000/_next/static/chunks/node_modules_next_dist_1ybzpk2._.js:2477
[  494158ms] [LOG] [Fast Refresh] done in 203ms @ http://localhost:3000/_next/static/chunks/node_modules_next_dist_1ybzpk2._.js:2477
[  494383ms] [LOG] [Fast Refresh] rebuilding @ http://localhost:3000/_next/static/chunks/node_modules_next_dist_1ybzpk2._.js:2477
[  494456ms] [LOG] [Fast Refresh] done in 177ms @ http://localhost:3000/_next/static/chunks/node_modules_next_dist_1ybzpk2._.js:2477
[  494602ms] [LOG] [Fast Refresh] rebuilding @ http://localhost:3000/_next/static/chunks/node_modules_next_dist_1ybzpk2._.js:2477
[  494639ms] [LOG] [Fast Refresh] done in 141ms @ http://localhost:3000/_next/static/chunks/node_modules_next_dist_1ybzpk2._.js:2477
[  494760ms] [LOG] [Fast Refresh] rebuilding @ http://localhost:3000/_next/static/chunks/node_modules_next_dist_1ybzpk2._.js:2477
[  494780ms] [LOG] [Fast Refresh] done in 132ms @ http://localhost:3000/_next/static/chunks/node_modules_next_dist_1ybzpk2._.js:2477
[  495224ms] [LOG] [Fast Refresh] rebuilding @ http://localhost:3000/_next/static/chunks/node_modules_next_dist_1ybzpk2._.js:2477
[  495275ms] [LOG] [Fast Refresh] done in 162ms @ http://localhost:3000/_next/static/chunks/node_modules_next_dist_1ybzpk2._.js:2477
[  495396ms] [LOG] [Fast Refresh] rebuilding @ http://localhost:3000/_next/static/chunks/node_modules_next_dist_1ybzpk2._.js:2477
[  495540ms] [LOG] [Fast Refresh] done in 257ms @ http://localhost:3000/_next/static/chunks/node_modules_next_dist_1ybzpk2._.js:2477
[  495756ms] [LOG] [Fast Refresh] rebuilding @ http://localhost:3000/_next/static/chunks/node_modules_next_dist_1ybzpk2._.js:2477
[  495814ms] [LOG] [Fast Refresh] done in 173ms @ http://localhost:3000/_next/static/chunks/node_modules_next_dist_1ybzpk2._.js:2477
[  495927ms] [LOG] [Fast Refresh] rebuilding @ http://localhost:3000/_next/static/chunks/node_modules_next_dist_1ybzpk2._.js:2477
[  496031ms] [LOG] [Fast Refresh] done in 217ms @ http://localhost:3000/_next/static/chunks/node_modules_next_dist_1ybzpk2._.js:2477
[  496177ms] [LOG] [Fast Refresh] rebuilding @ http://localhost:3000/_next/static/chunks/node_modules_next_dist_1ybzpk2._.js:2477
[  496234ms] [LOG] [Fast Refresh] done in 158ms @ http://localhost:3000/_next/static/chunks/node_modules_next_dist_1ybzpk2._.js:2477
[  497447ms] [LOG] [Fast Refresh] rebuilding @ http://localhost:3000/_next/static/chunks/node_modules_next_dist_1ybzpk2._.js:2477
[  497538ms] [LOG] [Fast Refresh] done in 198ms @ http://localhost:3000/_next/static/chunks/node_modules_next_dist_1ybzpk2._.js:2477
[  497912ms] [LOG] [Fast Refresh] rebuilding @ http://localhost:3000/_next/static/chunks/node_modules_next_dist_1ybzpk2._.js:2477
[  497913ms] [LOG] [Fast Refresh] done in 111ms @ http://localhost:3000/_next/static/chunks/node_modules_next_dist_1ybzpk2._.js:2477
[  498080ms] [LOG] [Fast Refresh] rebuilding @ http://localhost:3000/_next/static/chunks/node_modules_next_dist_1ybzpk2._.js:2477
[  498156ms] [LOG] [Fast Refresh] done in 200ms @ http://localhost:3000/_next/static/chunks/node_modules_next_dist_1ybzpk2._.js:2477
[  498270ms] [LOG] [Fast Refresh] rebuilding @ http://localhost:3000/_next/static/chunks/node_modules_next_dist_1ybzpk2._.js:2477
[  498334ms] [LOG] [Fast Refresh] done in 166ms @ http://localhost:3000/_next/static/chunks/node_modules_next_dist_1ybzpk2._.js:2477
[  498502ms] [LOG] [Fast Refresh] rebuilding @ http://localhost:3000/_next/static/chunks/node_modules_next_dist_1ybzpk2._.js:2477
[  498557ms] [LOG] [Fast Refresh] done in 166ms @ http://localhost:3000/_next/static/chunks/node_modules_next_dist_1ybzpk2._.js:2477
[  498672ms] [LOG] [Fast Refresh] rebuilding @ http://localhost:3000/_next/static/chunks/node_modules_next_dist_1ybzpk2._.js:2477
[  498680ms] [LOG] [Fast Refresh] done in 122ms @ http://localhost:3000/_next/static/chunks/node_modules_next_dist_1ybzpk2._.js:2477
[  499262ms] [LOG] [Fast Refresh] rebuilding @ http://localhost:3000/_next/static/chunks/node_modules_next_dist_1ybzpk2._.js:2477
[  499306ms] [LOG] [Fast Refresh] done in 160ms @ http://localhost:3000/_next/static/chunks/node_modules_next_dist_1ybzpk2._.js:2477
[  499419ms] [LOG] [Fast Refresh] rebuilding @ http://localhost:3000/_next/static/chunks/node_modules_next_dist_1ybzpk2._.js:2477
[  499618ms] [LOG] [Fast Refresh] done in 305ms @ http://localhost:3000/_next/static/chunks/node_modules_next_dist_1ybzpk2._.js:2477
[  500086ms] [LOG] [Fast Refresh] rebuilding @ http://localhost:3000/_next/static/chunks/node_modules_next_dist_1ybzpk2._.js:2477
[  500306ms] [LOG] [Fast Refresh] done in 328ms @ http://localhost:3000/_next/static/chunks/node_modules_next_dist_1ybzpk2._.js:2477
[  500412ms] [LOG] [Fast Refresh] rebuilding @ http://localhost:3000/_next/static/chunks/node_modules_next_dist_1ybzpk2._.js:2477
[  500850ms] [LOG] [Fast Refresh] done in 542ms @ http://localhost:3000/_next/static/chunks/node_modules_next_dist_1ybzpk2._.js:2477
[  501020ms] [LOG] [Fast Refresh] rebuilding @ http://localhost:3000/_next/static/chunks/node_modules_next_dist_1ybzpk2._.js:2477
[  501025ms] [LOG] [Fast Refresh] done in 115ms @ http://localhost:3000/_next/static/chunks/node_modules_next_dist_1ybzpk2._.js:2477
[  502787ms] [LOG] [Fast Refresh] rebuilding @ http://localhost:3000/_next/static/chunks/node_modules_next_dist_1ybzpk2._.js:2477
[  502788ms] [LOG] [Fast Refresh] done in 101ms @ http://localhost:3000/_next/static/chunks/node_modules_next_dist_1ybzpk2._.js:2477
[  503237ms] [LOG] [Fast Refresh] rebuilding @ http://localhost:3000/_next/static/chunks/node_modules_next_dist_1ybzpk2._.js:2477
[  503251ms] [LOG] [Fast Refresh] done in 116ms @ http://localhost:3000/_next/static/chunks/node_modules_next_dist_1ybzpk2._.js:2477
[  504039ms] [LOG] [Fast Refresh] rebuilding @ http://localhost:3000/_next/static/chunks/node_modules_next_dist_1ybzpk2._.js:2477
[  504289ms] [LOG] [Fast Refresh] done in 379ms @ http://localhost:3000/_next/static/chunks/node_modules_next_dist_1ybzpk2._.js:2477
[  504500ms] [LOG] [Fast Refresh] rebuilding @ http://localhost:3000/_next/static/chunks/node_modules_next_dist_1ybzpk2._.js:2477
[  504574ms] [LOG] [Fast Refresh] done in 187ms @ http://localhost:3000/_next/static/chunks/node_modules_next_dist_1ybzpk2._.js:2477
[  504682ms] [LOG] [Fast Refresh] rebuilding @ http://localhost:3000/_next/static/chunks/node_modules_next_dist_1ybzpk2._.js:2477
[  505137ms] [LOG] [Fast Refresh] done in 562ms @ http://localhost:3000/_next/static/chunks/node_modules_next_dist_1ybzpk2._.js:2477
[  505433ms] [LOG] [Fast Refresh] rebuilding @ http://localhost:3000/_next/static/chunks/node_modules_next_dist_1ybzpk2._.js:2477
[  505580ms] [LOG] [Fast Refresh] done in 247ms @ http://localhost:3000/_next/static/chunks/node_modules_next_dist_1ybzpk2._.js:2477
[  505696ms] [LOG] [Fast Refresh] rebuilding @ http://localhost:3000/_next/static/chunks/node_modules_next_dist_1ybzpk2._.js:2477
[  505789ms] [LOG] [Fast Refresh] done in 207ms @ http://localhost:3000/_next/static/chunks/node_modules_next_dist_1ybzpk2._.js:2477
[  505898ms] [LOG] [Fast Refresh] rebuilding @ http://localhost:3000/_next/static/chunks/node_modules_next_dist_1ybzpk2._.js:2477
[  505911ms] [LOG] [Fast Refresh] done in 120ms @ http://localhost:3000/_next/static/chunks/node_modules_next_dist_1ybzpk2._.js:2477
[  506068ms] [LOG] [Fast Refresh] rebuilding @ http://localhost:3000/_next/static/chunks/node_modules_next_dist_1ybzpk2._.js:2477
[  506156ms] [LOG] [Fast Refresh] done in 192ms @ http://localhost:3000/_next/static/chunks/node_modules_next_dist_1ybzpk2._.js:2477
[  506522ms] [LOG] [Fast Refresh] rebuilding @ http://localhost:3000/_next/static/chunks/node_modules_next_dist_1ybzpk2._.js:2477
[  506543ms] [LOG] [Fast Refresh] done in 131ms @ http://localhost:3000/_next/static/chunks/node_modules_next_dist_1ybzpk2._.js:2477
[  506661ms] [LOG] [Fast Refresh] rebuilding @ http://localhost:3000/_next/static/chunks/node_modules_next_dist_1ybzpk2._.js:2477
[  506699ms] [LOG] [Fast Refresh] done in 149ms @ http://localhost:3000/_next/static/chunks/node_modules_next_dist_1ybzpk2._.js:2477
[  507360ms] [LOG] [Fast Refresh] rebuilding @ http://localhost:3000/_next/static/chunks/node_modules_next_dist_1ybzpk2._.js:2477
[  507399ms] [LOG] [Fast Refresh] done in 154ms @ http://localhost:3000/_next/static/chunks/node_modules_next_dist_1ybzpk2._.js:2477
[  507565ms] [LOG] [Fast Refresh] rebuilding @ http://localhost:3000/_next/static/chunks/node_modules_next_dist_1ybzpk2._.js:2477
[  507583ms] [LOG] [Fast Refresh] done in 123ms @ http://localhost:3000/_next/static/chunks/node_modules_next_dist_1ybzpk2._.js:2477
[  507816ms] [LOG] [Fast Refresh] rebuilding @ http://localhost:3000/_next/static/chunks/node_modules_next_dist_1ybzpk2._.js:2477
[  507903ms] [LOG] [Fast Refresh] done in 197ms @ http://localhost:3000/_next/static/chunks/node_modules_next_dist_1ybzpk2._.js:2477
[  508017ms] [LOG] [Fast Refresh] rebuilding @ http://localhost:3000/_next/static/chunks/node_modules_next_dist_1ybzpk2._.js:2477
[  508086ms] [LOG] [Fast Refresh] done in 183ms @ http://localhost:3000/_next/static/chunks/node_modules_next_dist_1ybzpk2._.js:2477
[  508189ms] [LOG] [Fast Refresh] rebuilding @ http://localhost:3000/_next/static/chunks/node_modules_next_dist_1ybzpk2._.js:2477
[  508203ms] [LOG] [Fast Refresh] done in 116ms @ http://localhost:3000/_next/static/chunks/node_modules_next_dist_1ybzpk2._.js:2477
[  508360ms] [LOG] [Fast Refresh] rebuilding @ http://localhost:3000/_next/static/chunks/node_modules_next_dist_1ybzpk2._.js:2477
[  508520ms] [LOG] [Fast Refresh] done in 276ms @ http://localhost:3000/_next/static/chunks/node_modules_next_dist_1ybzpk2._.js:2477
[  508899ms] [LOG] [Fast Refresh] rebuilding @ http://localhost:3000/_next/static/chunks/node_modules_next_dist_1ybzpk2._.js:2477
[  508964ms] [LOG] [Fast Refresh] done in 166ms @ http://localhost:3000/_next/static/chunks/node_modules_next_dist_1ybzpk2._.js:2477
[  509072ms] [LOG] [Fast Refresh] rebuilding @ http://localhost:3000/_next/static/chunks/node_modules_next_dist_1ybzpk2._.js:2477
[  509156ms] [LOG] [Fast Refresh] done in 192ms @ http://localhost:3000/_next/static/chunks/node_modules_next_dist_1ybzpk2._.js:2477
[  509273ms] [LOG] [Fast Refresh] rebuilding @ http://localhost:3000/_next/static/chunks/node_modules_next_dist_1ybzpk2._.js:2477
[  509290ms] [LOG] [Fast Refresh] done in 126ms @ http://localhost:3000/_next/static/chunks/node_modules_next_dist_1ybzpk2._.js:2477
[  509600ms] [LOG] [Fast Refresh] rebuilding @ http://localhost:3000/_next/static/chunks/node_modules_next_dist_1ybzpk2._.js:2477
[  509678ms] [LOG] [Fast Refresh] done in 190ms @ http://localhost:3000/_next/static/chunks/node_modules_next_dist_1ybzpk2._.js:2477
[  509954ms] [LOG] [Fast Refresh] rebuilding @ http://localhost:3000/_next/static/chunks/node_modules_next_dist_1ybzpk2._.js:2477
[  510014ms] [LOG] [Fast Refresh] done in 164ms @ http://localhost:3000/_next/static/chunks/node_modules_next_dist_1ybzpk2._.js:2477
[  510669ms] [LOG] [Fast Refresh] rebuilding @ http://localhost:3000/_next/static/chunks/node_modules_next_dist_1ybzpk2._.js:2477
[  510684ms] [LOG] [Fast Refresh] done in 121ms @ http://localhost:3000/_next/static/chunks/node_modules_next_dist_1ybzpk2._.js:2477
[  510791ms] [LOG] [Fast Refresh] rebuilding @ http://localhost:3000/_next/static/chunks/node_modules_next_dist_1ybzpk2._.js:2477
[  510821ms] [LOG] [Fast Refresh] done in 130ms @ http://localhost:3000/_next/static/chunks/node_modules_next_dist_1ybzpk2._.js:2477
[  511147ms] [LOG] [Fast Refresh] rebuilding @ http://localhost:3000/_next/static/chunks/node_modules_next_dist_1ybzpk2._.js:2477
[  511148ms] [LOG] [Fast Refresh] done in 105ms @ http://localhost:3000/_next/static/chunks/node_modules_next_dist_1ybzpk2._.js:2477
[  511523ms] [LOG] [Fast Refresh] rebuilding @ http://localhost:3000/_next/static/chunks/node_modules_next_dist_1ybzpk2._.js:2477
[  511615ms] [LOG] [Fast Refresh] done in 204ms @ http://localhost:3000/_next/static/chunks/node_modules_next_dist_1ybzpk2._.js:2477
[  511724ms] [LOG] [Fast Refresh] rebuilding @ http://localhost:3000/_next/static/chunks/node_modules_next_dist_1ybzpk2._.js:2477
[  511726ms] [LOG] [Fast Refresh] done in 111ms @ http://localhost:3000/_next/static/chunks/node_modules_next_dist_1ybzpk2._.js:2477
[  511880ms] [LOG] [Fast Refresh] rebuilding @ http://localhost:3000/_next/static/chunks/node_modules_next_dist_1ybzpk2._.js:2477
[  512026ms] [LOG] [Fast Refresh] done in 262ms @ http://localhost:3000/_next/static/chunks/node_modules_next_dist_1ybzpk2._.js:2477
[  512252ms] [LOG] [Fast Refresh] rebuilding @ http://localhost:3000/_next/static/chunks/node_modules_next_dist_1ybzpk2._.js:2477
[  512301ms] [LOG] [Fast Refresh] done in 153ms @ http://localhost:3000/_next/static/chunks/node_modules_next_dist_1ybzpk2._.js:2477
[  512503ms] [LOG] [Fast Refresh] rebuilding @ http://localhost:3000/_next/static/chunks/node_modules_next_dist_1ybzpk2._.js:2477
[  512560ms] [LOG] [Fast Refresh] done in 171ms @ http://localhost:3000/_next/static/chunks/node_modules_next_dist_1ybzpk2._.js:2477
[  512907ms] [LOG] [Fast Refresh] rebuilding @ http://localhost:3000/_next/static/chunks/node_modules_next_dist_1ybzpk2._.js:2477
[  512942ms] [LOG] [Fast Refresh] done in 140ms @ http://localhost:3000/_next/static/chunks/node_modules_next_dist_1ybzpk2._.js:2477
[  513046ms] [LOG] [Fast Refresh] rebuilding @ http://localhost:3000/_next/static/chunks/node_modules_next_dist_1ybzpk2._.js:2477
[  513058ms] [LOG] [Fast Refresh] done in 115ms @ http://localhost:3000/_next/static/chunks/node_modules_next_dist_1ybzpk2._.js:2477
[  513216ms] [LOG] [Fast Refresh] rebuilding @ http://localhost:3000/_next/static/chunks/node_modules_next_dist_1ybzpk2._.js:2477
[  513251ms] [LOG] [Fast Refresh] done in 137ms @ http://localhost:3000/_next/static/chunks/node_modules_next_dist_1ybzpk2._.js:2477
[  513417ms] [LOG] [Fast Refresh] rebuilding @ http://localhost:3000/_next/static/chunks/node_modules_next_dist_1ybzpk2._.js:2477
[  513448ms] [LOG] [Fast Refresh] done in 138ms @ http://localhost:3000/_next/static/chunks/node_modules_next_dist_1ybzpk2._.js:2477
[  514806ms] [LOG] [Fast Refresh] rebuilding @ http://localhost:3000/_next/static/chunks/node_modules_next_dist_1ybzpk2._.js:2477
[  514891ms] [LOG] [Fast Refresh] done in 194ms @ http://localhost:3000/_next/static/chunks/node_modules_next_dist_1ybzpk2._.js:2477
[  515162ms] [LOG] [Fast Refresh] rebuilding @ http://localhost:3000/_next/static/chunks/node_modules_next_dist_1ybzpk2._.js:2477
[  515245ms] [LOG] [Fast Refresh] done in 187ms @ http://localhost:3000/_next/static/chunks/node_modules_next_dist_1ybzpk2._.js:2477
[  515381ms] [LOG] [Fast Refresh] rebuilding @ http://localhost:3000/_next/static/chunks/node_modules_next_dist_1ybzpk2._.js:2477
[  515394ms] [LOG] [Fast Refresh] done in 117ms @ http://localhost:3000/_next/static/chunks/node_modules_next_dist_1ybzpk2._.js:2477
[  516236ms] [LOG] [Fast Refresh] rebuilding @ http://localhost:3000/_next/static/chunks/node_modules_next_dist_1ybzpk2._.js:2477
[  516427ms] [LOG] [Fast Refresh] done in 301ms @ http://localhost:3000/_next/static/chunks/node_modules_next_dist_1ybzpk2._.js:2477
[  517604ms] [LOG] [Fast Refresh] rebuilding @ http://localhost:3000/_next/static/chunks/node_modules_next_dist_1ybzpk2._.js:2477
[  517619ms] [LOG] [Fast Refresh] done in 119ms @ http://localhost:3000/_next/static/chunks/node_modules_next_dist_1ybzpk2._.js:2477
[  517738ms] [LOG] [Fast Refresh] rebuilding @ http://localhost:3000/_next/static/chunks/node_modules_next_dist_1ybzpk2._.js:2477
[  517826ms] [LOG] [Fast Refresh] done in 187ms @ http://localhost:3000/_next/static/chunks/node_modules_next_dist_1ybzpk2._.js:2477
[  518254ms] [LOG] [Fast Refresh] rebuilding @ http://localhost:3000/_next/static/chunks/node_modules_next_dist_1ybzpk2._.js:2477
[  518254ms] [LOG] [Fast Refresh] done in 115ms @ http://localhost:3000/_next/static/chunks/node_modules_next_dist_1ybzpk2._.js:2477
[  518426ms] [LOG] [Fast Refresh] rebuilding @ http://localhost:3000/_next/static/chunks/node_modules_next_dist_1ybzpk2._.js:2477
[  518448ms] [LOG] [Fast Refresh] done in 124ms @ http://localhost:3000/_next/static/chunks/node_modules_next_dist_1ybzpk2._.js:2477
[  518784ms] [LOG] [Fast Refresh] rebuilding @ http://localhost:3000/_next/static/chunks/node_modules_next_dist_1ybzpk2._.js:2477
[  518795ms] [LOG] [Fast Refresh] done in 126ms @ http://localhost:3000/_next/static/chunks/node_modules_next_dist_1ybzpk2._.js:2477
[  518999ms] [LOG] [Fast Refresh] rebuilding @ http://localhost:3000/_next/static/chunks/node_modules_next_dist_1ybzpk2._.js:2477
[  519160ms] [LOG] [Fast Refresh] done in 272ms @ http://localhost:3000/_next/static/chunks/node_modules_next_dist_1ybzpk2._.js:2477
[  519311ms] [LOG] [Fast Refresh] rebuilding @ http://localhost:3000/_next/static/chunks/node_modules_next_dist_1ybzpk2._.js:2477
[  519312ms] [LOG] [Fast Refresh] done in 107ms @ http://localhost:3000/_next/static/chunks/node_modules_next_dist_1ybzpk2._.js:2477
[  519432ms] [LOG] [Fast Refresh] rebuilding @ http://localhost:3000/_next/static/chunks/node_modules_next_dist_1ybzpk2._.js:2477
[  519591ms] [LOG] [Fast Refresh] done in 260ms @ http://localhost:3000/_next/static/chunks/node_modules_next_dist_1ybzpk2._.js:2477
[  520210ms] [LOG] [Fast Refresh] rebuilding @ http://localhost:3000/_next/static/chunks/node_modules_next_dist_1ybzpk2._.js:2477
[  520233ms] [LOG] [Fast Refresh] done in 131ms @ http://localhost:3000/_next/static/chunks/node_modules_next_dist_1ybzpk2._.js:2477
[  520366ms] [LOG] [Fast Refresh] rebuilding @ http://localhost:3000/_next/static/chunks/node_modules_next_dist_1ybzpk2._.js:2477
[  520461ms] [LOG] [Fast Refresh] done in 208ms @ http://localhost:3000/_next/static/chunks/node_modules_next_dist_1ybzpk2._.js:2477
[  520616ms] [LOG] [Fast Refresh] rebuilding @ http://localhost:3000/_next/static/chunks/node_modules_next_dist_1ybzpk2._.js:2477
[  520675ms] [LOG] [Fast Refresh] done in 166ms @ http://localhost:3000/_next/static/chunks/node_modules_next_dist_1ybzpk2._.js:2477
[  520832ms] [LOG] [Fast Refresh] rebuilding @ http://localhost:3000/_next/static/chunks/node_modules_next_dist_1ybzpk2._.js:2477
[  520839ms] [LOG] [Fast Refresh] done in 112ms @ http://localhost:3000/_next/static/chunks/node_modules_next_dist_1ybzpk2._.js:2477
[  520969ms] [LOG] [Fast Refresh] rebuilding @ http://localhost:3000/_next/static/chunks/node_modules_next_dist_1ybzpk2._.js:2477
[  521044ms] [LOG] [Fast Refresh] done in 185ms @ http://localhost:3000/_next/static/chunks/node_modules_next_dist_1ybzpk2._.js:2477
[  521309ms] [LOG] [Fast Refresh] rebuilding @ http://localhost:3000/_next/static/chunks/node_modules_next_dist_1ybzpk2._.js:2477
[  521342ms] [LOG] [Fast Refresh] done in 139ms @ http://localhost:3000/_next/static/chunks/node_modules_next_dist_1ybzpk2._.js:2477
[  521464ms] [LOG] [Fast Refresh] rebuilding @ http://localhost:3000/_next/static/chunks/node_modules_next_dist_1ybzpk2._.js:2477
[  521504ms] [LOG] [Fast Refresh] done in 154ms @ http://localhost:3000/_next/static/chunks/node_modules_next_dist_1ybzpk2._.js:2477
[  521618ms] [LOG] [Fast Refresh] rebuilding @ http://localhost:3000/_next/static/chunks/node_modules_next_dist_1ybzpk2._.js:2477
[  521713ms] [LOG] [Fast Refresh] done in 198ms @ http://localhost:3000/_next/static/chunks/node_modules_next_dist_1ybzpk2._.js:2477
[  521881ms] [LOG] [Fast Refresh] rebuilding @ http://localhost:3000/_next/static/chunks/node_modules_next_dist_1ybzpk2._.js:2477
[  521942ms] [LOG] [Fast Refresh] done in 172ms @ http://localhost:3000/_next/static/chunks/node_modules_next_dist_1ybzpk2._.js:2477
[  522599ms] [LOG] [Fast Refresh] rebuilding @ http://localhost:3000/_next/static/chunks/node_modules_next_dist_1ybzpk2._.js:2477
[  522608ms] [LOG] [Fast Refresh] done in 111ms @ http://localhost:3000/_next/static/chunks/node_modules_next_dist_1ybzpk2._.js:2477
[  523108ms] [LOG] [Fast Refresh] rebuilding @ http://localhost:3000/_next/static/chunks/node_modules_next_dist_1ybzpk2._.js:2477
[  523151ms] [LOG] [Fast Refresh] done in 147ms @ http://localhost:3000/_next/static/chunks/node_modules_next_dist_1ybzpk2._.js:2477
[  523852ms] [LOG] [Fast Refresh] rebuilding @ http://localhost:3000/_next/static/chunks/node_modules_next_dist_1ybzpk2._.js:2477
[  523933ms] [LOG] [Fast Refresh] done in 185ms @ http://localhost:3000/_next/static/chunks/node_modules_next_dist_1ybzpk2._.js:2477
[  524039ms] [LOG] [Fast Refresh] rebuilding @ http://localhost:3000/_next/static/chunks/node_modules_next_dist_1ybzpk2._.js:2477
[  524079ms] [LOG] [Fast Refresh] done in 144ms @ http://localhost:3000/_next/static/chunks/node_modules_next_dist_1ybzpk2._.js:2477
[  524196ms] [LOG] [Fast Refresh] rebuilding @ http://localhost:3000/_next/static/chunks/node_modules_next_dist_1ybzpk2._.js:2477
[  524273ms] [LOG] [Fast Refresh] done in 194ms @ http://localhost:3000/_next/static/chunks/node_modules_next_dist_1ybzpk2._.js:2477
[  524429ms] [LOG] [Fast Refresh] rebuilding @ http://localhost:3000/_next/static/chunks/node_modules_next_dist_1ybzpk2._.js:2477
[  524479ms] [LOG] [Fast Refresh] done in 158ms @ http://localhost:3000/_next/static/chunks/node_modules_next_dist_1ybzpk2._.js:2477
[  524601ms] [LOG] [Fast Refresh] rebuilding @ http://localhost:3000/_next/static/chunks/node_modules_next_dist_1ybzpk2._.js:2477
[  524697ms] [LOG] [Fast Refresh] done in 207ms @ http://localhost:3000/_next/static/chunks/node_modules_next_dist_1ybzpk2._.js:2477
[  524868ms] [LOG] [Fast Refresh] rebuilding @ http://localhost:3000/_next/static/chunks/node_modules_next_dist_1ybzpk2._.js:2477
[  524884ms] [LOG] [Fast Refresh] done in 124ms @ http://localhost:3000/_next/static/chunks/node_modules_next_dist_1ybzpk2._.js:2477
[  525021ms] [LOG] [Fast Refresh] rebuilding @ http://localhost:3000/_next/static/chunks/node_modules_next_dist_1ybzpk2._.js:2477
[  525056ms] [LOG] [Fast Refresh] done in 147ms @ http://localhost:3000/_next/static/chunks/node_modules_next_dist_1ybzpk2._.js:2477
[  525193ms] [LOG] [Fast Refresh] rebuilding @ http://localhost:3000/_next/static/chunks/node_modules_next_dist_1ybzpk2._.js:2477
[  525232ms] [LOG] [Fast Refresh] done in 149ms @ http://localhost:3000/_next/static/chunks/node_modules_next_dist_1ybzpk2._.js:2477
[  529437ms] [LOG] [Fast Refresh] rebuilding @ http://localhost:3000/_next/static/chunks/node_modules_next_dist_1ybzpk2._.js:2477
[  529451ms] [LOG] [Fast Refresh] done in 125ms @ http://localhost:3000/_next/static/chunks/node_modules_next_dist_1ybzpk2._.js:2477
[  529576ms] [LOG] [Fast Refresh] rebuilding @ http://localhost:3000/_next/static/chunks/node_modules_next_dist_1ybzpk2._.js:2477
[  529592ms] [LOG] [Fast Refresh] done in 125ms @ http://localhost:3000/_next/static/chunks/node_modules_next_dist_1ybzpk2._.js:2477
[  529717ms] [LOG] [Fast Refresh] rebuilding @ http://localhost:3000/_next/static/chunks/node_modules_next_dist_1ybzpk2._.js:2477
[  529742ms] [LOG] [Fast Refresh] done in 128ms @ http://localhost:3000/_next/static/chunks/node_modules_next_dist_1ybzpk2._.js:2477
[  529872ms] [LOG] [Fast Refresh] rebuilding @ http://localhost:3000/_next/static/chunks/node_modules_next_dist_1ybzpk2._.js:2477
[  529887ms] [LOG] [Fast Refresh] done in 126ms @ http://localhost:3000/_next/static/chunks/node_modules_next_dist_1ybzpk2._.js:2477
[  530011ms] [LOG] [Fast Refresh] rebuilding @ http://localhost:3000/_next/static/chunks/node_modules_next_dist_1ybzpk2._.js:2477
[  530081ms] [LOG] [Fast Refresh] done in 174ms @ http://localhost:3000/_next/static/chunks/node_modules_next_dist_1ybzpk2._.js:2477
[  530242ms] [LOG] [Fast Refresh] rebuilding @ http://localhost:3000/_next/static/chunks/node_modules_next_dist_1ybzpk2._.js:2477
[  530252ms] [LOG] [Fast Refresh] done in 121ms @ http://localhost:3000/_next/static/chunks/node_modules_next_dist_1ybzpk2._.js:2477
[  530489ms] [LOG] [Fast Refresh] rebuilding @ http://localhost:3000/_next/static/chunks/node_modules_next_dist_1ybzpk2._.js:2477
[  530492ms] [LOG] [Fast Refresh] done in 111ms @ http://localhost:3000/_next/static/chunks/node_modules_next_dist_1ybzpk2._.js:2477
[  530737ms] [LOG] [Fast Refresh] rebuilding @ http://localhost:3000/_next/static/chunks/node_modules_next_dist_1ybzpk2._.js:2477
[  530765ms] [LOG] [Fast Refresh] done in 134ms @ http://localhost:3000/_next/static/chunks/node_modules_next_dist_1ybzpk2._.js:2477
[  530877ms] [LOG] [Fast Refresh] rebuilding @ http://localhost:3000/_next/static/chunks/node_modules_next_dist_1ybzpk2._.js:2477
[  530894ms] [LOG] [Fast Refresh] done in 125ms @ http://localhost:3000/_next/static/chunks/node_modules_next_dist_1ybzpk2._.js:2477
[  531016ms] [LOG] [Fast Refresh] rebuilding @ http://localhost:3000/_next/static/chunks/node_modules_next_dist_1ybzpk2._.js:2477
[  531063ms] [LOG] [Fast Refresh] done in 149ms @ http://localhost:3000/_next/static/chunks/node_modules_next_dist_1ybzpk2._.js:2477
[  531188ms] [LOG] [Fast Refresh] rebuilding @ http://localhost:3000/_next/static/chunks/node_modules_next_dist_1ybzpk2._.js:2477
[  531365ms] [LOG] [Fast Refresh] done in 290ms @ http://localhost:3000/_next/static/chunks/node_modules_next_dist_1ybzpk2._.js:2477
[  531551ms] [LOG] [Fast Refresh] rebuilding @ http://localhost:3000/_next/static/chunks/node_modules_next_dist_1ybzpk2._.js:2477
[  531664ms] [LOG] [Fast Refresh] done in 224ms @ http://localhost:3000/_next/static/chunks/node_modules_next_dist_1ybzpk2._.js:2477
[  531799ms] [LOG] [Fast Refresh] rebuilding @ http://localhost:3000/_next/static/chunks/node_modules_next_dist_1ybzpk2._.js:2477
[  531912ms] [LOG] [Fast Refresh] done in 226ms @ http://localhost:3000/_next/static/chunks/node_modules_next_dist_1ybzpk2._.js:2477
[  532063ms] [LOG] [Fast Refresh] rebuilding @ http://localhost:3000/_next/static/chunks/node_modules_next_dist_1ybzpk2._.js:2477
[  532301ms] [LOG] [Fast Refresh] done in 343ms @ http://localhost:3000/_next/static/chunks/node_modules_next_dist_1ybzpk2._.js:2477
[  532548ms] [LOG] [Fast Refresh] rebuilding @ http://localhost:3000/_next/static/chunks/node_modules_next_dist_1ybzpk2._.js:2477
[  532633ms] [LOG] [Fast Refresh] done in 195ms @ http://localhost:3000/_next/static/chunks/node_modules_next_dist_1ybzpk2._.js:2477
[  532799ms] [LOG] [Fast Refresh] rebuilding @ http://localhost:3000/_next/static/chunks/node_modules_next_dist_1ybzpk2._.js:2477
[  533023ms] [LOG] [Fast Refresh] done in 339ms @ http://localhost:3000/_next/static/chunks/node_modules_next_dist_1ybzpk2._.js:2477
[  533205ms] [LOG] [Fast Refresh] rebuilding @ http://localhost:3000/_next/static/chunks/node_modules_next_dist_1ybzpk2._.js:2477
[  533320ms] [LOG] [Fast Refresh] done in 231ms @ http://localhost:3000/_next/static/chunks/node_modules_next_dist_1ybzpk2._.js:2477
[  533459ms] [LOG] [Fast Refresh] rebuilding @ http://localhost:3000/_next/static/chunks/node_modules_next_dist_1ybzpk2._.js:2477
[  533700ms] [LOG] [Fast Refresh] done in 352ms @ http://localhost:3000/_next/static/chunks/node_modules_next_dist_1ybzpk2._.js:2477
[  533813ms] [LOG] [Fast Refresh] rebuilding @ http://localhost:3000/_next/static/chunks/node_modules_next_dist_1ybzpk2._.js:2477
[  533981ms] [LOG] [Fast Refresh] done in 279ms @ http://localhost:3000/_next/static/chunks/node_modules_next_dist_1ybzpk2._.js:2477
[  534227ms] [LOG] [Fast Refresh] rebuilding @ http://localhost:3000/_next/static/chunks/node_modules_next_dist_1ybzpk2._.js:2477
[  534460ms] [LOG] [Fast Refresh] done in 475ms @ http://localhost:3000/_next/static/chunks/node_modules_next_dist_1ybzpk2._.js:2477
[  534761ms] [LOG] [Fast Refresh] rebuilding @ http://localhost:3000/_next/static/chunks/node_modules_next_dist_1ybzpk2._.js:2477
[  534950ms] [LOG] [Fast Refresh] done in 308ms @ http://localhost:3000/_next/static/chunks/node_modules_next_dist_1ybzpk2._.js:2477
[  535147ms] [LOG] [Fast Refresh] rebuilding @ http://localhost:3000/_next/static/chunks/node_modules_next_dist_1ybzpk2._.js:2477
[  535226ms] [LOG] [Fast Refresh] done in 191ms @ http://localhost:3000/_next/static/chunks/node_modules_next_dist_1ybzpk2._.js:2477
[  535376ms] [LOG] [Fast Refresh] rebuilding @ http://localhost:3000/_next/static/chunks/node_modules_next_dist_1ybzpk2._.js:2477
[  535475ms] [LOG] [Fast Refresh] done in 202ms @ http://localhost:3000/_next/static/chunks/node_modules_next_dist_1ybzpk2._.js:2477
[  535589ms] [LOG] [Fast Refresh] rebuilding @ http://localhost:3000/_next/static/chunks/node_modules_next_dist_1ybzpk2._.js:2477
[  535641ms] [LOG] [Fast Refresh] done in 164ms @ http://localhost:3000/_next/static/chunks/node_modules_next_dist_1ybzpk2._.js:2477
[  535823ms] [LOG] [Fast Refresh] rebuilding @ http://localhost:3000/_next/static/chunks/node_modules_next_dist_1ybzpk2._.js:2477
[  535855ms] [LOG] [Fast Refresh] done in 132ms @ http://localhost:3000/_next/static/chunks/node_modules_next_dist_1ybzpk2._.js:2477
[  535980ms] [LOG] [Fast Refresh] rebuilding @ http://localhost:3000/_next/static/chunks/node_modules_next_dist_1ybzpk2._.js:2477
[  536065ms] [LOG] [Fast Refresh] done in 196ms @ http://localhost:3000/_next/static/chunks/node_modules_next_dist_1ybzpk2._.js:2477
[  536168ms] [LOG] [Fast Refresh] rebuilding @ http://localhost:3000/_next/static/chunks/node_modules_next_dist_1ybzpk2._.js:2477
[  536208ms] [LOG] [Fast Refresh] done in 141ms @ http://localhost:3000/_next/static/chunks/node_modules_next_dist_1ybzpk2._.js:2477
[  536323ms] [LOG] [Fast Refresh] rebuilding @ http://localhost:3000/_next/static/chunks/node_modules_next_dist_1ybzpk2._.js:2477
[  536568ms] [LOG] [Fast Refresh] done in 348ms @ http://localhost:3000/_next/static/chunks/node_modules_next_dist_1ybzpk2._.js:2477
[  537006ms] [LOG] [Fast Refresh] rebuilding @ http://localhost:3000/_next/static/chunks/node_modules_next_dist_1ybzpk2._.js:2477
[  538175ms] [LOG] [Fast Refresh] done in 1274ms @ http://localhost:3000/_next/static/chunks/node_modules_next_dist_1ybzpk2._.js:2477
[  538339ms] [LOG] [Fast Refresh] rebuilding @ http://localhost:3000/_next/static/chunks/node_modules_next_dist_1ybzpk2._.js:2477
[  538532ms] [LOG] [Fast Refresh] done in 301ms @ http://localhost:3000/_next/static/chunks/node_modules_next_dist_1ybzpk2._.js:2477
[  538697ms] [LOG] [Fast Refresh] rebuilding @ http://localhost:3000/_next/static/chunks/node_modules_next_dist_1ybzpk2._.js:2477
[  538809ms] [LOG] [Fast Refresh] done in 226ms @ http://localhost:3000/_next/static/chunks/node_modules_next_dist_1ybzpk2._.js:2477
[  539118ms] [LOG] [Fast Refresh] rebuilding @ http://localhost:3000/_next/static/chunks/node_modules_next_dist_1ybzpk2._.js:2477
[  539131ms] [LOG] [Fast Refresh] done in 118ms @ http://localhost:3000/_next/static/chunks/node_modules_next_dist_1ybzpk2._.js:2477
[  539368ms] [LOG] [Fast Refresh] rebuilding @ http://localhost:3000/_next/static/chunks/node_modules_next_dist_1ybzpk2._.js:2477
[  539382ms] [LOG] [Fast Refresh] done in 115ms @ http://localhost:3000/_next/static/chunks/node_modules_next_dist_1ybzpk2._.js:2477
[  539509ms] [LOG] [Fast Refresh] rebuilding @ http://localhost:3000/_next/static/chunks/node_modules_next_dist_1ybzpk2._.js:2477
[  539603ms] [LOG] [Fast Refresh] done in 198ms @ http://localhost:3000/_next/static/chunks/node_modules_next_dist_1ybzpk2._.js:2477
[  540199ms] [LOG] [Fast Refresh] rebuilding @ http://localhost:3000/_next/static/chunks/node_modules_next_dist_1ybzpk2._.js:2477
[  540233ms] [LOG] [Fast Refresh] done in 142ms @ http://localhost:3000/_next/static/chunks/node_modules_next_dist_1ybzpk2._.js:2477
[  540392ms] [LOG] [Fast Refresh] rebuilding @ http://localhost:3000/_next/static/chunks/node_modules_next_dist_1ybzpk2._.js:2477
[  540406ms] [LOG] [Fast Refresh] done in 123ms @ http://localhost:3000/_next/static/chunks/node_modules_next_dist_1ybzpk2._.js:2477
[  540534ms] [LOG] [Fast Refresh] rebuilding @ http://localhost:3000/_next/static/chunks/node_modules_next_dist_1ybzpk2._.js:2477
[  540709ms] [LOG] [Fast Refresh] done in 277ms @ http://localhost:3000/_next/static/chunks/node_modules_next_dist_1ybzpk2._.js:2477
[  541122ms] [LOG] [Fast Refresh] rebuilding @ http://localhost:3000/_next/static/chunks/node_modules_next_dist_1ybzpk2._.js:2477
[  541128ms] [LOG] [Fast Refresh] done in 109ms @ http://localhost:3000/_next/static/chunks/node_modules_next_dist_1ybzpk2._.js:2477
[  541936ms] [LOG] [Fast Refresh] rebuilding @ http://localhost:3000/_next/static/chunks/node_modules_next_dist_1ybzpk2._.js:2477
[  541974ms] [LOG] [Fast Refresh] done in 143ms @ http://localhost:3000/_next/static/chunks/node_modules_next_dist_1ybzpk2._.js:2477
[  542117ms] [LOG] [Fast Refresh] rebuilding @ http://localhost:3000/_next/static/chunks/node_modules_next_dist_1ybzpk2._.js:2477
[  542122ms] [LOG] [Fast Refresh] done in 109ms @ http://localhost:3000/_next/static/chunks/node_modules_next_dist_1ybzpk2._.js:2477
[  542241ms] [LOG] [Fast Refresh] rebuilding @ http://localhost:3000/_next/static/chunks/node_modules_next_dist_1ybzpk2._.js:2477
[  542249ms] [LOG] [Fast Refresh] done in 110ms @ http://localhost:3000/_next/static/chunks/node_modules_next_dist_1ybzpk2._.js:2477
[  542947ms] [LOG] [Fast Refresh] rebuilding @ http://localhost:3000/_next/static/chunks/node_modules_next_dist_1ybzpk2._.js:2477
[  542966ms] [LOG] [Fast Refresh] done in 123ms @ http://localhost:3000/_next/static/chunks/node_modules_next_dist_1ybzpk2._.js:2477
[  543083ms] [LOG] [Fast Refresh] rebuilding @ http://localhost:3000/_next/static/chunks/node_modules_next_dist_1ybzpk2._.js:2477
[  543189ms] [LOG] [Fast Refresh] done in 215ms @ http://localhost:3000/_next/static/chunks/node_modules_next_dist_1ybzpk2._.js:2477
[  543363ms] [LOG] [Fast Refresh] rebuilding @ http://localhost:3000/_next/static/chunks/node_modules_next_dist_1ybzpk2._.js:2477
[  543398ms] [LOG] [Fast Refresh] done in 137ms @ http://localhost:3000/_next/static/chunks/node_modules_next_dist_1ybzpk2._.js:2477
[  543518ms] [LOG] [Fast Refresh] rebuilding @ http://localhost:3000/_next/static/chunks/node_modules_next_dist_1ybzpk2._.js:2477
[  543642ms] [LOG] [Fast Refresh] done in 229ms @ http://localhost:3000/_next/static/chunks/node_modules_next_dist_1ybzpk2._.js:2477
[  544936ms] [LOG] [Fast Refresh] rebuilding @ http://localhost:3000/_next/static/chunks/node_modules_next_dist_1ybzpk2._.js:2477
[  544939ms] [LOG] [Fast Refresh] done in 111ms @ http://localhost:3000/_next/static/chunks/node_modules_next_dist_1ybzpk2._.js:2477
[  545588ms] [LOG] [Fast Refresh] rebuilding @ http://localhost:3000/_next/static/chunks/node_modules_next_dist_1ybzpk2._.js:2477
[  545599ms] [LOG] [Fast Refresh] done in 124ms @ http://localhost:3000/_next/static/chunks/node_modules_next_dist_1ybzpk2._.js:2477
[  545866ms] [LOG] [Fast Refresh] rebuilding @ http://localhost:3000/_next/static/chunks/node_modules_next_dist_1ybzpk2._.js:2477
[  545953ms] [LOG] [Fast Refresh] done in 192ms @ http://localhost:3000/_next/static/chunks/node_modules_next_dist_1ybzpk2._.js:2477
[  546084ms] [LOG] [Fast Refresh] rebuilding @ http://localhost:3000/_next/static/chunks/node_modules_next_dist_1ybzpk2._.js:2477
[  546173ms] [LOG] [Fast Refresh] done in 193ms @ http://localhost:3000/_next/static/chunks/node_modules_next_dist_1ybzpk2._.js:2477
[  546674ms] [LOG] [Fast Refresh] rebuilding @ http://localhost:3000/_next/static/chunks/node_modules_next_dist_1ybzpk2._.js:2477
[  546685ms] [LOG] [Fast Refresh] done in 114ms @ http://localhost:3000/_next/static/chunks/node_modules_next_dist_1ybzpk2._.js:2477
[  546862ms] [LOG] [Fast Refresh] rebuilding @ http://localhost:3000/_next/static/chunks/node_modules_next_dist_1ybzpk2._.js:2477
[  546873ms] [LOG] [Fast Refresh] done in 114ms @ http://localhost:3000/_next/static/chunks/node_modules_next_dist_1ybzpk2._.js:2477
[  547000ms] [LOG] [Fast Refresh] rebuilding @ http://localhost:3000/_next/static/chunks/node_modules_next_dist_1ybzpk2._.js:2477
[  547009ms] [LOG] [Fast Refresh] done in 118ms @ http://localhost:3000/_next/static/chunks/node_modules_next_dist_1ybzpk2._.js:2477
[  547539ms] [LOG] [Fast Refresh] rebuilding @ http://localhost:3000/_next/static/chunks/node_modules_next_dist_1ybzpk2._.js:2477
[  547554ms] [LOG] [Fast Refresh] done in 120ms @ http://localhost:3000/_next/static/chunks/node_modules_next_dist_1ybzpk2._.js:2477
[  547695ms] [LOG] [Fast Refresh] rebuilding @ http://localhost:3000/_next/static/chunks/node_modules_next_dist_1ybzpk2._.js:2477
[  547724ms] [LOG] [Fast Refresh] done in 131ms @ http://localhost:3000/_next/static/chunks/node_modules_next_dist_1ybzpk2._.js:2477
[  547851ms] [LOG] [Fast Refresh] rebuilding @ http://localhost:3000/_next/static/chunks/node_modules_next_dist_1ybzpk2._.js:2477
[  547879ms] [LOG] [Fast Refresh] done in 139ms @ http://localhost:3000/_next/static/chunks/node_modules_next_dist_1ybzpk2._.js:2477
[  548793ms] [LOG] [Fast Refresh] rebuilding @ http://localhost:3000/_next/static/chunks/node_modules_next_dist_1ybzpk2._.js:2477
[  549012ms] [LOG] [Fast Refresh] done in 322ms @ http://localhost:3000/_next/static/chunks/node_modules_next_dist_1ybzpk2._.js:2477
[  549117ms] [LOG] [Fast Refresh] rebuilding @ http://localhost:3000/_next/static/chunks/node_modules_next_dist_1ybzpk2._.js:2477
[  549424ms] [LOG] [Fast Refresh] done in 411ms @ http://localhost:3000/_next/static/chunks/node_modules_next_dist_1ybzpk2._.js:2477
[  549698ms] [LOG] [Fast Refresh] rebuilding @ http://localhost:3000/_next/static/chunks/node_modules_next_dist_1ybzpk2._.js:2477
[  549746ms] [LOG] [Fast Refresh] done in 151ms @ http://localhost:3000/_next/static/chunks/node_modules_next_dist_1ybzpk2._.js:2477
[  549978ms] [LOG] [Fast Refresh] rebuilding @ http://localhost:3000/_next/static/chunks/node_modules_next_dist_1ybzpk2._.js:2477
[  550158ms] [LOG] [Fast Refresh] done in 292ms @ http://localhost:3000/_next/static/chunks/node_modules_next_dist_1ybzpk2._.js:2477
[  550460ms] [LOG] [Fast Refresh] rebuilding @ http://localhost:3000/_next/static/chunks/node_modules_next_dist_1ybzpk2._.js:2477
[  550502ms] [LOG] [Fast Refresh] done in 149ms @ http://localhost:3000/_next/static/chunks/node_modules_next_dist_1ybzpk2._.js:2477
[  550618ms] [LOG] [Fast Refresh] rebuilding @ http://localhost:3000/_next/static/chunks/node_modules_next_dist_1ybzpk2._.js:2477
[  550741ms] [LOG] [Fast Refresh] done in 230ms @ http://localhost:3000/_next/static/chunks/node_modules_next_dist_1ybzpk2._.js:2477
[  550851ms] [LOG] [Fast Refresh] rebuilding @ http://localhost:3000/_next/static/chunks/node_modules_next_dist_1ybzpk2._.js:2477
[  550928ms] [LOG] [Fast Refresh] done in 185ms @ http://localhost:3000/_next/static/chunks/node_modules_next_dist_1ybzpk2._.js:2477
[  551035ms] [LOG] [Fast Refresh] rebuilding @ http://localhost:3000/_next/static/chunks/node_modules_next_dist_1ybzpk2._.js:2477
[  551256ms] [LOG] [Fast Refresh] done in 325ms @ http://localhost:3000/_next/static/chunks/node_modules_next_dist_1ybzpk2._.js:2477
[  551362ms] [LOG] [Fast Refresh] rebuilding @ http://localhost:3000/_next/static/chunks/node_modules_next_dist_1ybzpk2._.js:2477
[  551410ms] [LOG] [Fast Refresh] done in 153ms @ http://localhost:3000/_next/static/chunks/node_modules_next_dist_1ybzpk2._.js:2477
[  551531ms] [LOG] [Fast Refresh] rebuilding @ http://localhost:3000/_next/static/chunks/node_modules_next_dist_1ybzpk2._.js:2477
[  551644ms] [LOG] [Fast Refresh] done in 214ms @ http://localhost:3000/_next/static/chunks/node_modules_next_dist_1ybzpk2._.js:2477
[  551750ms] [LOG] [Fast Refresh] rebuilding @ http://localhost:3000/_next/static/chunks/node_modules_next_dist_1ybzpk2._.js:2477
[  551752ms] [LOG] [Fast Refresh] done in 106ms @ http://localhost:3000/_next/static/chunks/node_modules_next_dist_1ybzpk2._.js:2477
[  551918ms] [LOG] [Fast Refresh] rebuilding @ http://localhost:3000/_next/static/chunks/node_modules_next_dist_1ybzpk2._.js:2477
[  551932ms] [LOG] [Fast Refresh] done in 119ms @ http://localhost:3000/_next/static/chunks/node_modules_next_dist_1ybzpk2._.js:2477
[  552071ms] [LOG] [Fast Refresh] rebuilding @ http://localhost:3000/_next/static/chunks/node_modules_next_dist_1ybzpk2._.js:2477
[  552245ms] [LOG] [Fast Refresh] done in 288ms @ http://localhost:3000/_next/static/chunks/node_modules_next_dist_1ybzpk2._.js:2477
[  552552ms] [LOG] [Fast Refresh] rebuilding @ http://localhost:3000/_next/static/chunks/node_modules_next_dist_1ybzpk2._.js:2477
[  552592ms] [LOG] [Fast Refresh] done in 148ms @ http://localhost:3000/_next/static/chunks/node_modules_next_dist_1ybzpk2._.js:2477
[  552708ms] [LOG] [Fast Refresh] rebuilding @ http://localhost:3000/_next/static/chunks/node_modules_next_dist_1ybzpk2._.js:2477
[  552739ms] [LOG] [Fast Refresh] done in 146ms @ http://localhost:3000/_next/static/chunks/node_modules_next_dist_1ybzpk2._.js:2477
[  553112ms] [LOG] [Fast Refresh] rebuilding @ http://localhost:3000/_next/static/chunks/node_modules_next_dist_1ybzpk2._.js:2477
[  553213ms] [LOG] [Fast Refresh] done in 214ms @ http://localhost:3000/_next/static/chunks/node_modules_next_dist_1ybzpk2._.js:2477
[  553346ms] [LOG] [Fast Refresh] rebuilding @ http://localhost:3000/_next/static/chunks/node_modules_next_dist_1ybzpk2._.js:2477
[  553386ms] [LOG] [Fast Refresh] done in 150ms @ http://localhost:3000/_next/static/chunks/node_modules_next_dist_1ybzpk2._.js:2477
[  553731ms] [LOG] [Fast Refresh] rebuilding @ http://localhost:3000/_next/static/chunks/node_modules_next_dist_1ybzpk2._.js:2477
[  553733ms] [LOG] [Fast Refresh] done in 117ms @ http://localhost:3000/_next/static/chunks/node_modules_next_dist_1ybzpk2._.js:2477
[  553853ms] [LOG] [Fast Refresh] rebuilding @ http://localhost:3000/_next/static/chunks/node_modules_next_dist_1ybzpk2._.js:2477
[  553888ms] [LOG] [Fast Refresh] done in 138ms @ http://localhost:3000/_next/static/chunks/node_modules_next_dist_1ybzpk2._.js:2477
[  554778ms] [LOG] [Fast Refresh] rebuilding @ http://localhost:3000/_next/static/chunks/node_modules_next_dist_1ybzpk2._.js:2477
[  554813ms] [LOG] [Fast Refresh] done in 136ms @ http://localhost:3000/_next/static/chunks/node_modules_next_dist_1ybzpk2._.js:2477
[  554933ms] [LOG] [Fast Refresh] rebuilding @ http://localhost:3000/_next/static/chunks/node_modules_next_dist_1ybzpk2._.js:2477
[  554946ms] [LOG] [Fast Refresh] done in 117ms @ http://localhost:3000/_next/static/chunks/node_modules_next_dist_1ybzpk2._.js:2477
[  555819ms] [LOG] [Fast Refresh] rebuilding @ http://localhost:3000/_next/static/chunks/node_modules_next_dist_1ybzpk2._.js:2477
[  555836ms] [LOG] [Fast Refresh] done in 124ms @ http://localhost:3000/_next/static/chunks/node_modules_next_dist_1ybzpk2._.js:2477
[  556884ms] [LOG] [Fast Refresh] rebuilding @ http://localhost:3000/_next/static/chunks/node_modules_next_dist_1ybzpk2._.js:2477
[  556891ms] [LOG] [Fast Refresh] done in 123ms @ http://localhost:3000/_next/static/chunks/node_modules_next_dist_1ybzpk2._.js:2477
[  557033ms] [LOG] [Fast Refresh] rebuilding @ http://localhost:3000/_next/static/chunks/node_modules_next_dist_1ybzpk2._.js:2477
[  557100ms] [LOG] [Fast Refresh] done in 174ms @ http://localhost:3000/_next/static/chunks/node_modules_next_dist_1ybzpk2._.js:2477
[  557287ms] [LOG] [Fast Refresh] rebuilding @ http://localhost:3000/_next/static/chunks/node_modules_next_dist_1ybzpk2._.js:2477
[  557307ms] [LOG] [Fast Refresh] done in 131ms @ http://localhost:3000/_next/static/chunks/node_modules_next_dist_1ybzpk2._.js:2477
[  557457ms] [LOG] [Fast Refresh] rebuilding @ http://localhost:3000/_next/static/chunks/node_modules_next_dist_1ybzpk2._.js:2477
[  558139ms] [LOG] [Fast Refresh] done in 788ms @ http://localhost:3000/_next/static/chunks/node_modules_next_dist_1ybzpk2._.js:2477
[  558454ms] [LOG] [Fast Refresh] rebuilding @ http://localhost:3000/_next/static/chunks/node_modules_next_dist_1ybzpk2._.js:2477
[  558506ms] [LOG] [Fast Refresh] done in 158ms @ http://localhost:3000/_next/static/chunks/node_modules_next_dist_1ybzpk2._.js:2477
[  558934ms] [LOG] [Fast Refresh] rebuilding @ http://localhost:3000/_next/static/chunks/node_modules_next_dist_1ybzpk2._.js:2477
[  558945ms] [LOG] [Fast Refresh] done in 114ms @ http://localhost:3000/_next/static/chunks/node_modules_next_dist_1ybzpk2._.js:2477
[  559133ms] [LOG] [Fast Refresh] rebuilding @ http://localhost:3000/_next/static/chunks/node_modules_next_dist_1ybzpk2._.js:2477
[  559141ms] [LOG] [Fast Refresh] done in 118ms @ http://localhost:3000/_next/static/chunks/node_modules_next_dist_1ybzpk2._.js:2477
[  559949ms] [LOG] [Fast Refresh] rebuilding @ http://localhost:3000/_next/static/chunks/node_modules_next_dist_1ybzpk2._.js:2477
[  559970ms] [LOG] [Fast Refresh] done in 130ms @ http://localhost:3000/_next/static/chunks/node_modules_next_dist_1ybzpk2._.js:2477
[  560256ms] [LOG] [Fast Refresh] rebuilding @ http://localhost:3000/_next/static/chunks/node_modules_next_dist_1ybzpk2._.js:2477
[  560315ms] [LOG] [Fast Refresh] done in 172ms @ http://localhost:3000/_next/static/chunks/node_modules_next_dist_1ybzpk2._.js:2477
[  561124ms] [LOG] [Fast Refresh] rebuilding @ http://localhost:3000/_next/static/chunks/node_modules_next_dist_1ybzpk2._.js:2477
[  561129ms] [LOG] [Fast Refresh] done in 119ms @ http://localhost:3000/_next/static/chunks/node_modules_next_dist_1ybzpk2._.js:2477
[  561373ms] [LOG] [Fast Refresh] rebuilding @ http://localhost:3000/_next/static/chunks/node_modules_next_dist_1ybzpk2._.js:2477
[  561422ms] [LOG] [Fast Refresh] done in 161ms @ http://localhost:3000/_next/static/chunks/node_modules_next_dist_1ybzpk2._.js:2477
[  561884ms] [LOG] [Fast Refresh] rebuilding @ http://localhost:3000/_next/static/chunks/node_modules_next_dist_1ybzpk2._.js:2477
[  561890ms] [LOG] [Fast Refresh] done in 111ms @ http://localhost:3000/_next/static/chunks/node_modules_next_dist_1ybzpk2._.js:2477
[  562018ms] [LOG] [Fast Refresh] rebuilding @ http://localhost:3000/_next/static/chunks/node_modules_next_dist_1ybzpk2._.js:2477
[  562097ms] [LOG] [Fast Refresh] done in 186ms @ http://localhost:3000/_next/static/chunks/node_modules_next_dist_1ybzpk2._.js:2477
[  562491ms] [LOG] [Fast Refresh] rebuilding @ http://localhost:3000/_next/static/chunks/node_modules_next_dist_1ybzpk2._.js:2477
[  562510ms] [LOG] [Fast Refresh] done in 128ms @ http://localhost:3000/_next/static/chunks/node_modules_next_dist_1ybzpk2._.js:2477
[  562646ms] [LOG] [Fast Refresh] rebuilding @ http://localhost:3000/_next/static/chunks/node_modules_next_dist_1ybzpk2._.js:2477
[  562779ms] [LOG] [Fast Refresh] done in 245ms @ http://localhost:3000/_next/static/chunks/node_modules_next_dist_1ybzpk2._.js:2477
[  563049ms] [LOG] [Fast Refresh] rebuilding @ http://localhost:3000/_next/static/chunks/node_modules_next_dist_1ybzpk2._.js:2477
[  563062ms] [LOG] [Fast Refresh] done in 117ms @ http://localhost:3000/_next/static/chunks/node_modules_next_dist_1ybzpk2._.js:2477
[  563268ms] [LOG] [Fast Refresh] rebuilding @ http://localhost:3000/_next/static/chunks/node_modules_next_dist_1ybzpk2._.js:2477
[  563270ms] [LOG] [Fast Refresh] done in 114ms @ http://localhost:3000/_next/static/chunks/node_modules_next_dist_1ybzpk2._.js:2477
[  563422ms] [LOG] [Fast Refresh] rebuilding @ http://localhost:3000/_next/static/chunks/node_modules_next_dist_1ybzpk2._.js:2477
[  563456ms] [LOG] [Fast Refresh] done in 141ms @ http://localhost:3000/_next/static/chunks/node_modules_next_dist_1ybzpk2._.js:2477
[  564091ms] [LOG] [Fast Refresh] rebuilding @ http://localhost:3000/_next/static/chunks/node_modules_next_dist_1ybzpk2._.js:2477
[  564104ms] [LOG] [Fast Refresh] done in 291ms @ http://localhost:3000/_next/static/chunks/node_modules_next_dist_1ybzpk2._.js:2477
[  564445ms] [LOG] [Fast Refresh] rebuilding @ http://localhost:3000/_next/static/chunks/node_modules_next_dist_1ybzpk2._.js:2477
[  564984ms] [LOG] [Fast Refresh] done in 656ms @ http://localhost:3000/_next/static/chunks/node_modules_next_dist_1ybzpk2._.js:2477
[  565201ms] [LOG] [Fast Refresh] rebuilding @ http://localhost:3000/_next/static/chunks/node_modules_next_dist_1ybzpk2._.js:2477
[  565320ms] [LOG] [Fast Refresh] done in 230ms @ http://localhost:3000/_next/static/chunks/node_modules_next_dist_1ybzpk2._.js:2477
[  565513ms] [LOG] [Fast Refresh] rebuilding @ http://localhost:3000/_next/static/chunks/node_modules_next_dist_1ybzpk2._.js:2477
[  565659ms] [LOG] [Fast Refresh] done in 260ms @ http://localhost:3000/_next/static/chunks/node_modules_next_dist_1ybzpk2._.js:2477
[  565819ms] [LOG] [Fast Refresh] rebuilding @ http://localhost:3000/_next/static/chunks/node_modules_next_dist_1ybzpk2._.js:2477
[  565985ms] [LOG] [Fast Refresh] done in 268ms @ http://localhost:3000/_next/static/chunks/node_modules_next_dist_1ybzpk2._.js:2477
[  566118ms] [LOG] [Fast Refresh] rebuilding @ http://localhost:3000/_next/static/chunks/node_modules_next_dist_1ybzpk2._.js:2477
[  566270ms] [LOG] [Fast Refresh] done in 252ms @ http://localhost:3000/_next/static/chunks/node_modules_next_dist_1ybzpk2._.js:2477
[  566398ms] [LOG] [Fast Refresh] rebuilding @ http://localhost:3000/_next/static/chunks/node_modules_next_dist_1ybzpk2._.js:2477
[  566471ms] [LOG] [Fast Refresh] done in 181ms @ http://localhost:3000/_next/static/chunks/node_modules_next_dist_1ybzpk2._.js:2477
[  566585ms] [LOG] [Fast Refresh] rebuilding @ http://localhost:3000/_next/static/chunks/node_modules_next_dist_1ybzpk2._.js:2477
[  566683ms] [LOG] [Fast Refresh] done in 210ms @ http://localhost:3000/_next/static/chunks/node_modules_next_dist_1ybzpk2._.js:2477
[  566866ms] [LOG] [Fast Refresh] rebuilding @ http://localhost:3000/_next/static/chunks/node_modules_next_dist_1ybzpk2._.js:2477
[  566919ms] [LOG] [Fast Refresh] done in 163ms @ http://localhost:3000/_next/static/chunks/node_modules_next_dist_1ybzpk2._.js:2477
[  567037ms] [LOG] [Fast Refresh] rebuilding @ http://localhost:3000/_next/static/chunks/node_modules_next_dist_1ybzpk2._.js:2477
[  567070ms] [LOG] [Fast Refresh] done in 139ms @ http://localhost:3000/_next/static/chunks/node_modules_next_dist_1ybzpk2._.js:2477
[  567177ms] [LOG] [Fast Refresh] rebuilding @ http://localhost:3000/_next/static/chunks/node_modules_next_dist_1ybzpk2._.js:2477
[  567253ms] [LOG] [Fast Refresh] done in 182ms @ http://localhost:3000/_next/static/chunks/node_modules_next_dist_1ybzpk2._.js:2477
[  568343ms] [LOG] [Fast Refresh] rebuilding @ http://localhost:3000/_next/static/chunks/node_modules_next_dist_1ybzpk2._.js:2477
[  568391ms] [LOG] [Fast Refresh] done in 150ms @ http://localhost:3000/_next/static/chunks/node_modules_next_dist_1ybzpk2._.js:2477
[  568499ms] [LOG] [Fast Refresh] rebuilding @ http://localhost:3000/_next/static/chunks/node_modules_next_dist_1ybzpk2._.js:2477
[  568573ms] [LOG] [Fast Refresh] done in 177ms @ http://localhost:3000/_next/static/chunks/node_modules_next_dist_1ybzpk2._.js:2477
[  572927ms] [LOG] [Fast Refresh] rebuilding @ http://localhost:3000/_next/static/chunks/node_modules_next_dist_1ybzpk2._.js:2477
[  572945ms] [LOG] [Fast Refresh] done in 126ms @ http://localhost:3000/_next/static/chunks/node_modules_next_dist_1ybzpk2._.js:2477
[  573082ms] [LOG] [Fast Refresh] rebuilding @ http://localhost:3000/_next/static/chunks/node_modules_next_dist_1ybzpk2._.js:2477
[  573096ms] [LOG] [Fast Refresh] done in 127ms @ http://localhost:3000/_next/static/chunks/node_modules_next_dist_1ybzpk2._.js:2477
[  573456ms] [LOG] [Fast Refresh] rebuilding @ http://localhost:3000/_next/static/chunks/node_modules_next_dist_1ybzpk2._.js:2477
[  573475ms] [LOG] [Fast Refresh] done in 135ms @ http://localhost:3000/_next/static/chunks/node_modules_next_dist_1ybzpk2._.js:2477
[  573609ms] [LOG] [Fast Refresh] rebuilding @ http://localhost:3000/_next/static/chunks/node_modules_next_dist_1ybzpk2._.js:2477
[  573674ms] [LOG] [Fast Refresh] done in 171ms @ http://localhost:3000/_next/static/chunks/node_modules_next_dist_1ybzpk2._.js:2477
[  573996ms] [LOG] [Fast Refresh] rebuilding @ http://localhost:3000/_next/static/chunks/node_modules_next_dist_1ybzpk2._.js:2477
[  574100ms] [LOG] [Fast Refresh] done in 217ms @ http://localhost:3000/_next/static/chunks/node_modules_next_dist_1ybzpk2._.js:2477
[  574493ms] [LOG] [Fast Refresh] rebuilding @ http://localhost:3000/_next/static/chunks/node_modules_next_dist_1ybzpk2._.js:2477
[  575283ms] [LOG] [Fast Refresh] done in 898ms @ http://localhost:3000/_next/static/chunks/node_modules_next_dist_1ybzpk2._.js:2477
[  575552ms] [LOG] [Fast Refresh] rebuilding @ http://localhost:3000/_next/static/chunks/node_modules_next_dist_1ybzpk2._.js:2477
[  575645ms] [LOG] [Fast Refresh] done in 202ms @ http://localhost:3000/_next/static/chunks/node_modules_next_dist_1ybzpk2._.js:2477
[  575813ms] [LOG] [Fast Refresh] rebuilding @ http://localhost:3000/_next/static/chunks/node_modules_next_dist_1ybzpk2._.js:2477
[  575872ms] [LOG] [Fast Refresh] done in 171ms @ http://localhost:3000/_next/static/chunks/node_modules_next_dist_1ybzpk2._.js:2477
[  576140ms] [LOG] [Fast Refresh] rebuilding @ http://localhost:3000/_next/static/chunks/node_modules_next_dist_1ybzpk2._.js:2477
[  576193ms] [LOG] [Fast Refresh] done in 160ms @ http://localhost:3000/_next/static/chunks/node_modules_next_dist_1ybzpk2._.js:2477
[  576977ms] [LOG] [Fast Refresh] rebuilding @ http://localhost:3000/_next/static/chunks/node_modules_next_dist_1ybzpk2._.js:2477
[  576982ms] [LOG] [Fast Refresh] done in 109ms @ http://localhost:3000/_next/static/chunks/node_modules_next_dist_1ybzpk2._.js:2477
[  577810ms] [LOG] [Fast Refresh] rebuilding @ http://localhost:3000/_next/static/chunks/node_modules_next_dist_1ybzpk2._.js:2477
[  577927ms] [LOG] [Fast Refresh] done in 224ms @ http://localhost:3000/_next/static/chunks/node_modules_next_dist_1ybzpk2._.js:2477
[  578058ms] [LOG] [Fast Refresh] rebuilding @ http://localhost:3000/_next/static/chunks/node_modules_next_dist_1ybzpk2._.js:2477
[  578228ms] [LOG] [Fast Refresh] done in 274ms @ http://localhost:3000/_next/static/chunks/node_modules_next_dist_1ybzpk2._.js:2477
[  578400ms] [LOG] [Fast Refresh] rebuilding @ http://localhost:3000/_next/static/chunks/node_modules_next_dist_1ybzpk2._.js:2477
[  578407ms] [LOG] [Fast Refresh] done in 111ms @ http://localhost:3000/_next/static/chunks/node_modules_next_dist_1ybzpk2._.js:2477
[  578540ms] [LOG] [Fast Refresh] rebuilding @ http://localhost:3000/_next/static/chunks/node_modules_next_dist_1ybzpk2._.js:2477
[  578736ms] [LOG] [Fast Refresh] done in 297ms @ http://localhost:3000/_next/static/chunks/node_modules_next_dist_1ybzpk2._.js:2477
[  579046ms] [LOG] [Fast Refresh] rebuilding @ http://localhost:3000/_next/static/chunks/node_modules_next_dist_1ybzpk2._.js:2477
[  579380ms] [LOG] [Fast Refresh] done in 487ms @ http://localhost:3000/_next/static/chunks/node_modules_next_dist_1ybzpk2._.js:2477
[  579519ms] [LOG] [Fast Refresh] rebuilding @ http://localhost:3000/_next/static/chunks/node_modules_next_dist_1ybzpk2._.js:2477
[  579595ms] [LOG] [Fast Refresh] done in 178ms @ http://localhost:3000/_next/static/chunks/node_modules_next_dist_1ybzpk2._.js:2477
[  579702ms] [LOG] [Fast Refresh] rebuilding @ http://localhost:3000/_next/static/chunks/node_modules_next_dist_1ybzpk2._.js:2477
[  579725ms] [LOG] [Fast Refresh] done in 130ms @ http://localhost:3000/_next/static/chunks/node_modules_next_dist_1ybzpk2._.js:2477
[  579868ms] [LOG] [Fast Refresh] rebuilding @ http://localhost:3000/_next/static/chunks/node_modules_next_dist_1ybzpk2._.js:2477
[  580183ms] [LOG] [Fast Refresh] done in 416ms @ http://localhost:3000/_next/static/chunks/node_modules_next_dist_1ybzpk2._.js:2477
[  580699ms] [LOG] [Fast Refresh] rebuilding @ http://localhost:3000/_next/static/chunks/node_modules_next_dist_1ybzpk2._.js:2477
[  580873ms] [LOG] [Fast Refresh] done in 277ms @ http://localhost:3000/_next/static/chunks/node_modules_next_dist_1ybzpk2._.js:2477
[  581203ms] [LOG] [Fast Refresh] rebuilding @ http://localhost:3000/_next/static/chunks/node_modules_next_dist_1ybzpk2._.js:2477
[  581246ms] [LOG] [Fast Refresh] done in 144ms @ http://localhost:3000/_next/static/chunks/node_modules_next_dist_1ybzpk2._.js:2477
[  582052ms] [LOG] [Fast Refresh] rebuilding @ http://localhost:3000/_next/static/chunks/node_modules_next_dist_1ybzpk2._.js:2477
[  582092ms] [LOG] [Fast Refresh] done in 151ms @ http://localhost:3000/_next/static/chunks/node_modules_next_dist_1ybzpk2._.js:2477
[  582207ms] [LOG] [Fast Refresh] rebuilding @ http://localhost:3000/_next/static/chunks/node_modules_next_dist_1ybzpk2._.js:2477
[  582261ms] [LOG] [Fast Refresh] done in 157ms @ http://localhost:3000/_next/static/chunks/node_modules_next_dist_1ybzpk2._.js:2477
[  583011ms] [LOG] [Fast Refresh] rebuilding @ http://localhost:3000/_next/static/chunks/node_modules_next_dist_1ybzpk2._.js:2477
[  583039ms] [LOG] [Fast Refresh] done in 127ms @ http://localhost:3000/_next/static/chunks/node_modules_next_dist_1ybzpk2._.js:2477
[  583336ms] [LOG] [Fast Refresh] rebuilding @ http://localhost:3000/_next/static/chunks/node_modules_next_dist_1ybzpk2._.js:2477
[  583411ms] [LOG] [Fast Refresh] done in 189ms @ http://localhost:3000/_next/static/chunks/node_modules_next_dist_1ybzpk2._.js:2477
[  583601ms] [LOG] [Fast Refresh] rebuilding @ http://localhost:3000/_next/static/chunks/node_modules_next_dist_1ybzpk2._.js:2477
[  583642ms] [LOG] [Fast Refresh] done in 155ms @ http://localhost:3000/_next/static/chunks/node_modules_next_dist_1ybzpk2._.js:2477
[  583757ms] [LOG] [Fast Refresh] rebuilding @ http://localhost:3000/_next/static/chunks/node_modules_next_dist_1ybzpk2._.js:2477
[  583871ms] [LOG] [Fast Refresh] done in 228ms @ http://localhost:3000/_next/static/chunks/node_modules_next_dist_1ybzpk2._.js:2477
[  583973ms] [LOG] [Fast Refresh] rebuilding @ http://localhost:3000/_next/static/chunks/node_modules_next_dist_1ybzpk2._.js:2477
[  584035ms] [LOG] [Fast Refresh] done in 163ms @ http://localhost:3000/_next/static/chunks/node_modules_next_dist_1ybzpk2._.js:2477
[  584301ms] [LOG] [Fast Refresh] rebuilding @ http://localhost:3000/_next/static/chunks/node_modules_next_dist_1ybzpk2._.js:2477
[  584387ms] [LOG] [Fast Refresh] done in 197ms @ http://localhost:3000/_next/static/chunks/node_modules_next_dist_1ybzpk2._.js:2477
[  584658ms] [LOG] [Fast Refresh] rebuilding @ http://localhost:3000/_next/static/chunks/node_modules_next_dist_1ybzpk2._.js:2477
[  584703ms] [LOG] [Fast Refresh] done in 161ms @ http://localhost:3000/_next/static/chunks/node_modules_next_dist_1ybzpk2._.js:2477
[  585002ms] [LOG] [Fast Refresh] rebuilding @ http://localhost:3000/_next/static/chunks/node_modules_next_dist_1ybzpk2._.js:2477
[  585077ms] [LOG] [Fast Refresh] done in 187ms @ http://localhost:3000/_next/static/chunks/node_modules_next_dist_1ybzpk2._.js:2477
[  585298ms] [LOG] [Fast Refresh] rebuilding @ http://localhost:3000/_next/static/chunks/node_modules_next_dist_1ybzpk2._.js:2477
[  585384ms] [LOG] [Fast Refresh] done in 199ms @ http://localhost:3000/_next/static/chunks/node_modules_next_dist_1ybzpk2._.js:2477
[  585729ms] [LOG] [Fast Refresh] rebuilding @ http://localhost:3000/_next/static/chunks/node_modules_next_dist_1ybzpk2._.js:2477
[  585765ms] [LOG] [Fast Refresh] done in 146ms @ http://localhost:3000/_next/static/chunks/node_modules_next_dist_1ybzpk2._.js:2477
[  586102ms] [LOG] [Fast Refresh] rebuilding @ http://localhost:3000/_next/static/chunks/node_modules_next_dist_1ybzpk2._.js:2477
[  586222ms] [LOG] [Fast Refresh] done in 231ms @ http://localhost:3000/_next/static/chunks/node_modules_next_dist_1ybzpk2._.js:2477
[  586353ms] [LOG] [Fast Refresh] rebuilding @ http://localhost:3000/_next/static/chunks/node_modules_next_dist_1ybzpk2._.js:2477
[  586469ms] [LOG] [Fast Refresh] done in 219ms @ http://localhost:3000/_next/static/chunks/node_modules_next_dist_1ybzpk2._.js:2477
[  587112ms] [LOG] [Fast Refresh] rebuilding @ http://localhost:3000/_next/static/chunks/node_modules_next_dist_1ybzpk2._.js:2477
[  587121ms] [LOG] [Fast Refresh] done in 113ms @ http://localhost:3000/_next/static/chunks/node_modules_next_dist_1ybzpk2._.js:2477
[  587358ms] [LOG] [Fast Refresh] rebuilding @ http://localhost:3000/_next/static/chunks/node_modules_next_dist_1ybzpk2._.js:2477
[  587402ms] [LOG] [Fast Refresh] done in 153ms @ http://localhost:3000/_next/static/chunks/node_modules_next_dist_1ybzpk2._.js:2477
[  587513ms] [LOG] [Fast Refresh] rebuilding @ http://localhost:3000/_next/static/chunks/node_modules_next_dist_1ybzpk2._.js:2477
[  587565ms] [LOG] [Fast Refresh] done in 156ms @ http://localhost:3000/_next/static/chunks/node_modules_next_dist_1ybzpk2._.js:2477
[  587856ms] [LOG] [Fast Refresh] rebuilding @ http://localhost:3000/_next/static/chunks/node_modules_next_dist_1ybzpk2._.js:2477
[  587862ms] [LOG] [Fast Refresh] done in 113ms @ http://localhost:3000/_next/static/chunks/node_modules_next_dist_1ybzpk2._.js:2477
[  588008ms] [LOG] [Fast Refresh] rebuilding @ http://localhost:3000/_next/static/chunks/node_modules_next_dist_1ybzpk2._.js:2477
[  588014ms] [LOG] [Fast Refresh] done in 113ms @ http://localhost:3000/_next/static/chunks/node_modules_next_dist_1ybzpk2._.js:2477
[  588227ms] [LOG] [Fast Refresh] rebuilding @ http://localhost:3000/_next/static/chunks/node_modules_next_dist_1ybzpk2._.js:2477
[  588235ms] [LOG] [Fast Refresh] done in 109ms @ http://localhost:3000/_next/static/chunks/node_modules_next_dist_1ybzpk2._.js:2477
[  588659ms] [LOG] [Fast Refresh] rebuilding @ http://localhost:3000/_next/static/chunks/node_modules_next_dist_1ybzpk2._.js:2477
[  588710ms] [LOG] [Fast Refresh] done in 159ms @ http://localhost:3000/_next/static/chunks/node_modules_next_dist_1ybzpk2._.js:2477
[  588814ms] [LOG] [Fast Refresh] rebuilding @ http://localhost:3000/_next/static/chunks/node_modules_next_dist_1ybzpk2._.js:2477
[  588837ms] [LOG] [Fast Refresh] done in 126ms @ http://localhost:3000/_next/static/chunks/node_modules_next_dist_1ybzpk2._.js:2477
[  588939ms] [LOG] [Fast Refresh] rebuilding @ http://localhost:3000/_next/static/chunks/node_modules_next_dist_1ybzpk2._.js:2477
[  588967ms] [LOG] [Fast Refresh] done in 130ms @ http://localhost:3000/_next/static/chunks/node_modules_next_dist_1ybzpk2._.js:2477
[  589452ms] [LOG] [Fast Refresh] rebuilding @ http://localhost:3000/_next/static/chunks/node_modules_next_dist_1ybzpk2._.js:2477
[  589527ms] [LOG] [Fast Refresh] done in 179ms @ http://localhost:3000/_next/static/chunks/node_modules_next_dist_1ybzpk2._.js:2477
[  589806ms] [LOG] [Fast Refresh] rebuilding @ http://localhost:3000/_next/static/chunks/node_modules_next_dist_1ybzpk2._.js:2477
[  589809ms] [LOG] [Fast Refresh] done in 107ms @ http://localhost:3000/_next/static/chunks/node_modules_next_dist_1ybzpk2._.js:2477
[  589915ms] [LOG] [Fast Refresh] rebuilding @ http://localhost:3000/_next/static/chunks/node_modules_next_dist_1ybzpk2._.js:2477
[  589991ms] [LOG] [Fast Refresh] done in 180ms @ http://localhost:3000/_next/static/chunks/node_modules_next_dist_1ybzpk2._.js:2477
[  590146ms] [LOG] [Fast Refresh] rebuilding @ http://localhost:3000/_next/static/chunks/node_modules_next_dist_1ybzpk2._.js:2477
[  590211ms] [LOG] [Fast Refresh] done in 168ms @ http://localhost:3000/_next/static/chunks/node_modules_next_dist_1ybzpk2._.js:2477
[  590643ms] [LOG] [Fast Refresh] rebuilding @ http://localhost:3000/_next/static/chunks/node_modules_next_dist_1ybzpk2._.js:2477
[  590678ms] [LOG] [Fast Refresh] done in 139ms @ http://localhost:3000/_next/static/chunks/node_modules_next_dist_1ybzpk2._.js:2477
[  590798ms] [LOG] [Fast Refresh] rebuilding @ http://localhost:3000/_next/static/chunks/node_modules_next_dist_1ybzpk2._.js:2477
[  590880ms] [LOG] [Fast Refresh] done in 187ms @ http://localhost:3000/_next/static/chunks/node_modules_next_dist_1ybzpk2._.js:2477
[  591013ms] [LOG] [Fast Refresh] rebuilding @ http://localhost:3000/_next/static/chunks/node_modules_next_dist_1ybzpk2._.js:2477
[  591109ms] [LOG] [Fast Refresh] done in 202ms @ http://localhost:3000/_next/static/chunks/node_modules_next_dist_1ybzpk2._.js:2477
[  591215ms] [LOG] [Fast Refresh] rebuilding @ http://localhost:3000/_next/static/chunks/node_modules_next_dist_1ybzpk2._.js:2477
[  591291ms] [LOG] [Fast Refresh] done in 181ms @ http://localhost:3000/_next/static/chunks/node_modules_next_dist_1ybzpk2._.js:2477
[  591524ms] [LOG] [Fast Refresh] rebuilding @ http://localhost:3000/_next/static/chunks/node_modules_next_dist_1ybzpk2._.js:2477
[  591561ms] [LOG] [Fast Refresh] done in 151ms @ http://localhost:3000/_next/static/chunks/node_modules_next_dist_1ybzpk2._.js:2477
[  592193ms] [LOG] [Fast Refresh] rebuilding @ http://localhost:3000/_next/static/chunks/node_modules_next_dist_1ybzpk2._.js:2477
[  593239ms] [LOG] [Fast Refresh] done in 1156ms @ http://localhost:3000/_next/static/chunks/node_modules_next_dist_1ybzpk2._.js:2477
[  593389ms] [LOG] [Fast Refresh] rebuilding @ http://localhost:3000/_next/static/chunks/node_modules_next_dist_1ybzpk2._.js:2477
[  593496ms] [LOG] [Fast Refresh] done in 214ms @ http://localhost:3000/_next/static/chunks/node_modules_next_dist_1ybzpk2._.js:2477
[  593731ms] [LOG] [Fast Refresh] rebuilding @ http://localhost:3000/_next/static/chunks/node_modules_next_dist_1ybzpk2._.js:2477
[  593739ms] [LOG] [Fast Refresh] done in 110ms @ http://localhost:3000/_next/static/chunks/node_modules_next_dist_1ybzpk2._.js:2477
[  593869ms] [LOG] [Fast Refresh] rebuilding @ http://localhost:3000/_next/static/chunks/node_modules_next_dist_1ybzpk2._.js:2477
[  594185ms] [LOG] [Fast Refresh] done in 422ms @ http://localhost:3000/_next/static/chunks/node_modules_next_dist_1ybzpk2._.js:2477
[  594383ms] [LOG] [Fast Refresh] rebuilding @ http://localhost:3000/_next/static/chunks/node_modules_next_dist_1ybzpk2._.js:2477
[  594454ms] [LOG] [Fast Refresh] done in 187ms @ http://localhost:3000/_next/static/chunks/node_modules_next_dist_1ybzpk2._.js:2477
[  594568ms] [LOG] [Fast Refresh] rebuilding @ http://localhost:3000/_next/static/chunks/node_modules_next_dist_1ybzpk2._.js:2477
[  594857ms] [LOG] [Fast Refresh] done in 402ms @ http://localhost:3000/_next/static/chunks/node_modules_next_dist_1ybzpk2._.js:2477
[  595392ms] [LOG] [Fast Refresh] rebuilding @ http://localhost:3000/_next/static/chunks/node_modules_next_dist_1ybzpk2._.js:2477
[  595491ms] [LOG] [Fast Refresh] done in 203ms @ http://localhost:3000/_next/static/chunks/node_modules_next_dist_1ybzpk2._.js:2477
[  595624ms] [LOG] [Fast Refresh] rebuilding @ http://localhost:3000/_next/static/chunks/node_modules_next_dist_1ybzpk2._.js:2477
[  595665ms] [LOG] [Fast Refresh] done in 146ms @ http://localhost:3000/_next/static/chunks/node_modules_next_dist_1ybzpk2._.js:2477
[  595825ms] [LOG] [Fast Refresh] rebuilding @ http://localhost:3000/_next/static/chunks/node_modules_next_dist_1ybzpk2._.js:2477
[  595834ms] [LOG] [Fast Refresh] done in 116ms @ http://localhost:3000/_next/static/chunks/node_modules_next_dist_1ybzpk2._.js:2477
[  596056ms] [LOG] [Fast Refresh] rebuilding @ http://localhost:3000/_next/static/chunks/node_modules_next_dist_1ybzpk2._.js:2477
[  596128ms] [LOG] [Fast Refresh] done in 187ms @ http://localhost:3000/_next/static/chunks/node_modules_next_dist_1ybzpk2._.js:2477
[  596288ms] [LOG] [Fast Refresh] rebuilding @ http://localhost:3000/_next/static/chunks/node_modules_next_dist_1ybzpk2._.js:2477
[  596362ms] [LOG] [Fast Refresh] done in 189ms @ http://localhost:3000/_next/static/chunks/node_modules_next_dist_1ybzpk2._.js:2477
[  596718ms] [LOG] [Fast Refresh] rebuilding @ http://localhost:3000/_next/static/chunks/node_modules_next_dist_1ybzpk2._.js:2477
[  596931ms] [LOG] [Fast Refresh] done in 313ms @ http://localhost:3000/_next/static/chunks/node_modules_next_dist_1ybzpk2._.js:2477
[  597101ms] [LOG] [Fast Refresh] rebuilding @ http://localhost:3000/_next/static/chunks/node_modules_next_dist_1ybzpk2._.js:2477
[  597106ms] [LOG] [Fast Refresh] done in 113ms @ http://localhost:3000/_next/static/chunks/node_modules_next_dist_1ybzpk2._.js:2477
[  597254ms] [LOG] [Fast Refresh] rebuilding @ http://localhost:3000/_next/static/chunks/node_modules_next_dist_1ybzpk2._.js:2477
[  597351ms] [LOG] [Fast Refresh] done in 201ms @ http://localhost:3000/_next/static/chunks/node_modules_next_dist_1ybzpk2._.js:2477
[  598032ms] [LOG] [Fast Refresh] rebuilding @ http://localhost:3000/_next/static/chunks/node_modules_next_dist_1ybzpk2._.js:2477
[  598096ms] [LOG] [Fast Refresh] done in 170ms @ http://localhost:3000/_next/static/chunks/node_modules_next_dist_1ybzpk2._.js:2477
[  598389ms] [LOG] [Fast Refresh] rebuilding @ http://localhost:3000/_next/static/chunks/node_modules_next_dist_1ybzpk2._.js:2477
[  598464ms] [LOG] [Fast Refresh] done in 183ms @ http://localhost:3000/_next/static/chunks/node_modules_next_dist_1ybzpk2._.js:2477
[  598571ms] [LOG] [Fast Refresh] rebuilding @ http://localhost:3000/_next/static/chunks/node_modules_next_dist_1ybzpk2._.js:2477
[  598634ms] [LOG] [Fast Refresh] done in 169ms @ http://localhost:3000/_next/static/chunks/node_modules_next_dist_1ybzpk2._.js:2477
[  598747ms] [LOG] [Fast Refresh] rebuilding @ http://localhost:3000/_next/static/chunks/node_modules_next_dist_1ybzpk2._.js:2477
[  598796ms] [LOG] [Fast Refresh] done in 161ms @ http://localhost:3000/_next/static/chunks/node_modules_next_dist_1ybzpk2._.js:2477
[  598902ms] [LOG] [Fast Refresh] rebuilding @ http://localhost:3000/_next/static/chunks/node_modules_next_dist_1ybzpk2._.js:2477
[  599032ms] [LOG] [Fast Refresh] done in 235ms @ http://localhost:3000/_next/static/chunks/node_modules_next_dist_1ybzpk2._.js:2477
[  599586ms] [LOG] [Fast Refresh] rebuilding @ http://localhost:3000/_next/static/chunks/node_modules_next_dist_1ybzpk2._.js:2477
[  599639ms] [LOG] [Fast Refresh] done in 163ms @ http://localhost:3000/_next/static/chunks/node_modules_next_dist_1ybzpk2._.js:2477
[  599742ms] [LOG] [Fast Refresh] rebuilding @ http://localhost:3000/_next/static/chunks/node_modules_next_dist_1ybzpk2._.js:2477
[  599914ms] [LOG] [Fast Refresh] done in 274ms @ http://localhost:3000/_next/static/chunks/node_modules_next_dist_1ybzpk2._.js:2477
[  600069ms] [LOG] [Fast Refresh] rebuilding @ http://localhost:3000/_next/static/chunks/node_modules_next_dist_1ybzpk2._.js:2477
[  600147ms] [LOG] [Fast Refresh] done in 192ms @ http://localhost:3000/_next/static/chunks/node_modules_next_dist_1ybzpk2._.js:2477
[  600409ms] [LOG] [Fast Refresh] rebuilding @ http://localhost:3000/_next/static/chunks/node_modules_next_dist_1ybzpk2._.js:2477
[  600452ms] [LOG] [Fast Refresh] done in 147ms @ http://localhost:3000/_next/static/chunks/node_modules_next_dist_1ybzpk2._.js:2477
[  601048ms] [LOG] [Fast Refresh] rebuilding @ http://localhost:3000/_next/static/chunks/node_modules_next_dist_1ybzpk2._.js:2477
[  601126ms] [LOG] [Fast Refresh] done in 191ms @ http://localhost:3000/_next/static/chunks/node_modules_next_dist_1ybzpk2._.js:2477
[  601387ms] [LOG] [Fast Refresh] rebuilding @ http://localhost:3000/_next/static/chunks/node_modules_next_dist_1ybzpk2._.js:2477
[  601439ms] [LOG] [Fast Refresh] done in 160ms @ http://localhost:3000/_next/static/chunks/node_modules_next_dist_1ybzpk2._.js:2477
[  601716ms] [LOG] [Fast Refresh] rebuilding @ http://localhost:3000/_next/static/chunks/node_modules_next_dist_1ybzpk2._.js:2477
[  601778ms] [LOG] [Fast Refresh] done in 169ms @ http://localhost:3000/_next/static/chunks/node_modules_next_dist_1ybzpk2._.js:2477
[  602276ms] [LOG] [Fast Refresh] rebuilding @ http://localhost:3000/_next/static/chunks/node_modules_next_dist_1ybzpk2._.js:2477
[  602333ms] [LOG] [Fast Refresh] done in 165ms @ http://localhost:3000/_next/static/chunks/node_modules_next_dist_1ybzpk2._.js:2477
[  602434ms] [LOG] [Fast Refresh] rebuilding @ http://localhost:3000/_next/static/chunks/node_modules_next_dist_1ybzpk2._.js:2477
[  602624ms] [LOG] [Fast Refresh] done in 291ms @ http://localhost:3000/_next/static/chunks/node_modules_next_dist_1ybzpk2._.js:2477
[  602883ms] [LOG] [Fast Refresh] rebuilding @ http://localhost:3000/_next/static/chunks/node_modules_next_dist_1ybzpk2._.js:2477
[  602945ms] [LOG] [Fast Refresh] done in 165ms @ http://localhost:3000/_next/static/chunks/node_modules_next_dist_1ybzpk2._.js:2477
[  603299ms] [LOG] [Fast Refresh] rebuilding @ http://localhost:3000/_next/static/chunks/node_modules_next_dist_1ybzpk2._.js:2477
[  603304ms] [LOG] [Fast Refresh] done in 106ms @ http://localhost:3000/_next/static/chunks/node_modules_next_dist_1ybzpk2._.js:2477
[  603642ms] [LOG] [Fast Refresh] rebuilding @ http://localhost:3000/_next/static/chunks/node_modules_next_dist_1ybzpk2._.js:2477
[  603682ms] [LOG] [Fast Refresh] done in 147ms @ http://localhost:3000/_next/static/chunks/node_modules_next_dist_1ybzpk2._.js:2477
[  603862ms] [LOG] [Fast Refresh] rebuilding @ http://localhost:3000/_next/static/chunks/node_modules_next_dist_1ybzpk2._.js:2477
[  603878ms] [LOG] [Fast Refresh] done in 129ms @ http://localhost:3000/_next/static/chunks/node_modules_next_dist_1ybzpk2._.js:2477
[  603987ms] [LOG] [Fast Refresh] rebuilding @ http://localhost:3000/_next/static/chunks/node_modules_next_dist_1ybzpk2._.js:2477
[  603998ms] [LOG] [Fast Refresh] done in 120ms @ http://localhost:3000/_next/static/chunks/node_modules_next_dist_1ybzpk2._.js:2477
[  604112ms] [LOG] [Fast Refresh] rebuilding @ http://localhost:3000/_next/static/chunks/node_modules_next_dist_1ybzpk2._.js:2477
[  604134ms] [LOG] [Fast Refresh] done in 134ms @ http://localhost:3000/_next/static/chunks/node_modules_next_dist_1ybzpk2._.js:2477
[  604236ms] [LOG] [Fast Refresh] rebuilding @ http://localhost:3000/_next/static/chunks/node_modules_next_dist_1ybzpk2._.js:2477
[  604247ms] [LOG] [Fast Refresh] done in 113ms @ http://localhost:3000/_next/static/chunks/node_modules_next_dist_1ybzpk2._.js:2477
[  604629ms] [LOG] [Fast Refresh] rebuilding @ http://localhost:3000/_next/static/chunks/node_modules_next_dist_1ybzpk2._.js:2477
[  604701ms] [LOG] [Fast Refresh] done in 173ms @ http://localhost:3000/_next/static/chunks/node_modules_next_dist_1ybzpk2._.js:2477
[  605060ms] [LOG] [Fast Refresh] rebuilding @ http://localhost:3000/_next/static/chunks/node_modules_next_dist_1ybzpk2._.js:2477
[  605263ms] [LOG] [Fast Refresh] done in 305ms @ http://localhost:3000/_next/static/chunks/node_modules_next_dist_1ybzpk2._.js:2477
[  605418ms] [LOG] [Fast Refresh] rebuilding @ http://localhost:3000/_next/static/chunks/node_modules_next_dist_1ybzpk2._.js:2477
[  605608ms] [LOG] [Fast Refresh] done in 297ms @ http://localhost:3000/_next/static/chunks/node_modules_next_dist_1ybzpk2._.js:2477
[  605774ms] [LOG] [Fast Refresh] rebuilding @ http://localhost:3000/_next/static/chunks/node_modules_next_dist_1ybzpk2._.js:2477
[  605791ms] [LOG] [Fast Refresh] done in 129ms @ http://localhost:3000/_next/static/chunks/node_modules_next_dist_1ybzpk2._.js:2477
[  605914ms] [LOG] [Fast Refresh] rebuilding @ http://localhost:3000/_next/static/chunks/node_modules_next_dist_1ybzpk2._.js:2477
[  605994ms] [LOG] [Fast Refresh] done in 193ms @ http://localhost:3000/_next/static/chunks/node_modules_next_dist_1ybzpk2._.js:2477
[  606102ms] [LOG] [Fast Refresh] rebuilding @ http://localhost:3000/_next/static/chunks/node_modules_next_dist_1ybzpk2._.js:2477
[  606132ms] [LOG] [Fast Refresh] done in 137ms @ http://localhost:3000/_next/static/chunks/node_modules_next_dist_1ybzpk2._.js:2477
[  606305ms] [LOG] [Fast Refresh] rebuilding @ http://localhost:3000/_next/static/chunks/node_modules_next_dist_1ybzpk2._.js:2477
[  606309ms] [LOG] [Fast Refresh] done in 119ms @ http://localhost:3000/_next/static/chunks/node_modules_next_dist_1ybzpk2._.js:2477
[  606429ms] [LOG] [Fast Refresh] rebuilding @ http://localhost:3000/_next/static/chunks/node_modules_next_dist_1ybzpk2._.js:2477
[  606431ms] [LOG] [Fast Refresh] done in 114ms @ http://localhost:3000/_next/static/chunks/node_modules_next_dist_1ybzpk2._.js:2477
[  606552ms] [LOG] [Fast Refresh] rebuilding @ http://localhost:3000/_next/static/chunks/node_modules_next_dist_1ybzpk2._.js:2477
[  606560ms] [LOG] [Fast Refresh] done in 121ms @ http://localhost:3000/_next/static/chunks/node_modules_next_dist_1ybzpk2._.js:2477
[  606771ms] [LOG] [Fast Refresh] rebuilding @ http://localhost:3000/_next/static/chunks/node_modules_next_dist_1ybzpk2._.js:2477
[  606786ms] [LOG] [Fast Refresh] done in 116ms @ http://localhost:3000/_next/static/chunks/node_modules_next_dist_1ybzpk2._.js:2477
[  606897ms] [LOG] [Fast Refresh] rebuilding @ http://localhost:3000/_next/static/chunks/node_modules_next_dist_1ybzpk2._.js:2477
[  606946ms] [LOG] [Fast Refresh] done in 152ms @ http://localhost:3000/_next/static/chunks/node_modules_next_dist_1ybzpk2._.js:2477
[  607049ms] [LOG] [Fast Refresh] rebuilding @ http://localhost:3000/_next/static/chunks/node_modules_next_dist_1ybzpk2._.js:2477
[  607204ms] [LOG] [Fast Refresh] done in 257ms @ http://localhost:3000/_next/static/chunks/node_modules_next_dist_1ybzpk2._.js:2477
[  607576ms] [LOG] [Fast Refresh] rebuilding @ http://localhost:3000/_next/static/chunks/node_modules_next_dist_1ybzpk2._.js:2477
[  607581ms] [LOG] [Fast Refresh] done in 110ms @ http://localhost:3000/_next/static/chunks/node_modules_next_dist_1ybzpk2._.js:2477
[  607763ms] [LOG] [Fast Refresh] rebuilding @ http://localhost:3000/_next/static/chunks/node_modules_next_dist_1ybzpk2._.js:2477
[  607775ms] [LOG] [Fast Refresh] done in 126ms @ http://localhost:3000/_next/static/chunks/node_modules_next_dist_1ybzpk2._.js:2477
[  607920ms] [LOG] [Fast Refresh] rebuilding @ http://localhost:3000/_next/static/chunks/node_modules_next_dist_1ybzpk2._.js:2477
[  607931ms] [LOG] [Fast Refresh] done in 118ms @ http://localhost:3000/_next/static/chunks/node_modules_next_dist_1ybzpk2._.js:2477
[  608044ms] [LOG] [Fast Refresh] rebuilding @ http://localhost:3000/_next/static/chunks/node_modules_next_dist_1ybzpk2._.js:2477
[  608052ms] [LOG] [Fast Refresh] done in 121ms @ http://localhost:3000/_next/static/chunks/node_modules_next_dist_1ybzpk2._.js:2477
[  608168ms] [LOG] [Fast Refresh] rebuilding @ http://localhost:3000/_next/static/chunks/node_modules_next_dist_1ybzpk2._.js:2477
[  608271ms] [LOG] [Fast Refresh] done in 206ms @ http://localhost:3000/_next/static/chunks/node_modules_next_dist_1ybzpk2._.js:2477
[  608787ms] [LOG] [Fast Refresh] rebuilding @ http://localhost:3000/_next/static/chunks/node_modules_next_dist_1ybzpk2._.js:2477
[  608805ms] [LOG] [Fast Refresh] done in 122ms @ http://localhost:3000/_next/static/chunks/node_modules_next_dist_1ybzpk2._.js:2477
[  608999ms] [LOG] [Fast Refresh] rebuilding @ http://localhost:3000/_next/static/chunks/node_modules_next_dist_1ybzpk2._.js:2477
[  609433ms] [LOG] [Fast Refresh] done in 544ms @ http://localhost:3000/_next/static/chunks/node_modules_next_dist_1ybzpk2._.js:2477
[  609736ms] [LOG] [Fast Refresh] rebuilding @ http://localhost:3000/_next/static/chunks/node_modules_next_dist_1ybzpk2._.js:2477
[  609768ms] [LOG] [Fast Refresh] done in 146ms @ http://localhost:3000/_next/static/chunks/node_modules_next_dist_1ybzpk2._.js:2477
[  609917ms] [LOG] [Fast Refresh] rebuilding @ http://localhost:3000/_next/static/chunks/node_modules_next_dist_1ybzpk2._.js:2477
[  610410ms] [LOG] [Fast Refresh] done in 602ms @ http://localhost:3000/_next/static/chunks/node_modules_next_dist_1ybzpk2._.js:2477
[  610734ms] [LOG] [Fast Refresh] rebuilding @ http://localhost:3000/_next/static/chunks/node_modules_next_dist_1ybzpk2._.js:2477
[  610938ms] [LOG] [Fast Refresh] done in 307ms @ http://localhost:3000/_next/static/chunks/node_modules_next_dist_1ybzpk2._.js:2477
[  611135ms] [LOG] [Fast Refresh] rebuilding @ http://localhost:3000/_next/static/chunks/node_modules_next_dist_1ybzpk2._.js:2477
[  611335ms] [LOG] [Fast Refresh] done in 314ms @ http://localhost:3000/_next/static/chunks/node_modules_next_dist_1ybzpk2._.js:2477
[  611759ms] [LOG] [Fast Refresh] rebuilding @ http://localhost:3000/_next/static/chunks/node_modules_next_dist_1ybzpk2._.js:2477
[  611858ms] [LOG] [Fast Refresh] done in 213ms @ http://localhost:3000/_next/static/chunks/node_modules_next_dist_1ybzpk2._.js:2477
[  612021ms] [LOG] [Fast Refresh] rebuilding @ http://localhost:3000/_next/static/chunks/node_modules_next_dist_1ybzpk2._.js:2477
[  612274ms] [LOG] [Fast Refresh] done in 355ms @ http://localhost:3000/_next/static/chunks/node_modules_next_dist_1ybzpk2._.js:2477
[  612426ms] [LOG] [Fast Refresh] rebuilding @ http://localhost:3000/_next/static/chunks/node_modules_next_dist_1ybzpk2._.js:2477
[  612587ms] [LOG] [Fast Refresh] done in 269ms @ http://localhost:3000/_next/static/chunks/node_modules_next_dist_1ybzpk2._.js:2477
[  612729ms] [LOG] [Fast Refresh] rebuilding @ http://localhost:3000/_next/static/chunks/node_modules_next_dist_1ybzpk2._.js:2477
[  612919ms] [LOG] [Fast Refresh] done in 295ms @ http://localhost:3000/_next/static/chunks/node_modules_next_dist_1ybzpk2._.js:2477
[  613093ms] [LOG] [Fast Refresh] rebuilding @ http://localhost:3000/_next/static/chunks/node_modules_next_dist_1ybzpk2._.js:2477
[  613119ms] [LOG] [Fast Refresh] done in 138ms @ http://localhost:3000/_next/static/chunks/node_modules_next_dist_1ybzpk2._.js:2477
[  613232ms] [LOG] [Fast Refresh] rebuilding @ http://localhost:3000/_next/static/chunks/node_modules_next_dist_1ybzpk2._.js:2477
[  613328ms] [LOG] [Fast Refresh] done in 207ms @ http://localhost:3000/_next/static/chunks/node_modules_next_dist_1ybzpk2._.js:2477
[  613496ms] [LOG] [Fast Refresh] rebuilding @ http://localhost:3000/_next/static/chunks/node_modules_next_dist_1ybzpk2._.js:2477
[  613518ms] [LOG] [Fast Refresh] done in 126ms @ http://localhost:3000/_next/static/chunks/node_modules_next_dist_1ybzpk2._.js:2477
[  613654ms] [LOG] [Fast Refresh] rebuilding @ http://localhost:3000/_next/static/chunks/node_modules_next_dist_1ybzpk2._.js:2477
[  613837ms] [LOG] [Fast Refresh] done in 289ms @ http://localhost:3000/_next/static/chunks/node_modules_next_dist_1ybzpk2._.js:2477
[  614193ms] [LOG] [Fast Refresh] rebuilding @ http://localhost:3000/_next/static/chunks/node_modules_next_dist_1ybzpk2._.js:2477
[  614193ms] [LOG] [Fast Refresh] done in 105ms @ http://localhost:3000/_next/static/chunks/node_modules_next_dist_1ybzpk2._.js:2477
[  614303ms] [LOG] [Fast Refresh] rebuilding @ http://localhost:3000/_next/static/chunks/node_modules_next_dist_1ybzpk2._.js:2477
[  615421ms] [LOG] [Fast Refresh] done in 1227ms @ http://localhost:3000/_next/static/chunks/node_modules_next_dist_1ybzpk2._.js:2477
[  615873ms] [LOG] [Fast Refresh] rebuilding @ http://localhost:3000/_next/static/chunks/node_modules_next_dist_1ybzpk2._.js:2477
[  615943ms] [LOG] [Fast Refresh] done in 172ms @ http://localhost:3000/_next/static/chunks/node_modules_next_dist_1ybzpk2._.js:2477
[  616049ms] [LOG] [Fast Refresh] rebuilding @ http://localhost:3000/_next/static/chunks/node_modules_next_dist_1ybzpk2._.js:2477
[  616058ms] [LOG] [Fast Refresh] done in 113ms @ http://localhost:3000/_next/static/chunks/node_modules_next_dist_1ybzpk2._.js:2477
[  616266ms] [LOG] [Fast Refresh] rebuilding @ http://localhost:3000/_next/static/chunks/node_modules_next_dist_1ybzpk2._.js:2477
[  616338ms] [LOG] [Fast Refresh] done in 171ms @ http://localhost:3000/_next/static/chunks/node_modules_next_dist_1ybzpk2._.js:2477
[  616609ms] [LOG] [Fast Refresh] rebuilding @ http://localhost:3000/_next/static/chunks/node_modules_next_dist_1ybzpk2._.js:2477
[  616627ms] [LOG] [Fast Refresh] done in 120ms @ http://localhost:3000/_next/static/chunks/node_modules_next_dist_1ybzpk2._.js:2477
[  616767ms] [LOG] [Fast Refresh] rebuilding @ http://localhost:3000/_next/static/chunks/node_modules_next_dist_1ybzpk2._.js:2477
[  616943ms] [LOG] [Fast Refresh] done in 287ms @ http://localhost:3000/_next/static/chunks/node_modules_next_dist_1ybzpk2._.js:2477
[  618036ms] [LOG] [Fast Refresh] rebuilding @ http://localhost:3000/_next/static/chunks/node_modules_next_dist_1ybzpk2._.js:2477
[  618061ms] [LOG] [Fast Refresh] done in 136ms @ http://localhost:3000/_next/static/chunks/node_modules_next_dist_1ybzpk2._.js:2477
[  618176ms] [LOG] [Fast Refresh] rebuilding @ http://localhost:3000/_next/static/chunks/node_modules_next_dist_1ybzpk2._.js:2477
[  618217ms] [LOG] [Fast Refresh] done in 152ms @ http://localhost:3000/_next/static/chunks/node_modules_next_dist_1ybzpk2._.js:2477
[  618390ms] [LOG] [Fast Refresh] rebuilding @ http://localhost:3000/_next/static/chunks/node_modules_next_dist_1ybzpk2._.js:2477
[  618409ms] [LOG] [Fast Refresh] done in 128ms @ http://localhost:3000/_next/static/chunks/node_modules_next_dist_1ybzpk2._.js:2477
[  618642ms] [LOG] [Fast Refresh] rebuilding @ http://localhost:3000/_next/static/chunks/node_modules_next_dist_1ybzpk2._.js:2477
[  618702ms] [LOG] [Fast Refresh] done in 163ms @ http://localhost:3000/_next/static/chunks/node_modules_next_dist_1ybzpk2._.js:2477
[  618861ms] [LOG] [Fast Refresh] rebuilding @ http://localhost:3000/_next/static/chunks/node_modules_next_dist_1ybzpk2._.js:2477
[  618882ms] [LOG] [Fast Refresh] done in 133ms @ http://localhost:3000/_next/static/chunks/node_modules_next_dist_1ybzpk2._.js:2477
[  619079ms] [LOG] [Fast Refresh] rebuilding @ http://localhost:3000/_next/static/chunks/node_modules_next_dist_1ybzpk2._.js:2477
[  619083ms] [LOG] [Fast Refresh] done in 107ms @ http://localhost:3000/_next/static/chunks/node_modules_next_dist_1ybzpk2._.js:2477
[  619683ms] [LOG] [Fast Refresh] rebuilding @ http://localhost:3000/_next/static/chunks/node_modules_next_dist_1ybzpk2._.js:2477
[  619743ms] [LOG] [Fast Refresh] done in 168ms @ http://localhost:3000/_next/static/chunks/node_modules_next_dist_1ybzpk2._.js:2477
[  619853ms] [LOG] [Fast Refresh] rebuilding @ http://localhost:3000/_next/static/chunks/node_modules_next_dist_1ybzpk2._.js:2477
[  619906ms] [LOG] [Fast Refresh] done in 162ms @ http://localhost:3000/_next/static/chunks/node_modules_next_dist_1ybzpk2._.js:2477
[  620289ms] [LOG] [Fast Refresh] rebuilding @ http://localhost:3000/_next/static/chunks/node_modules_next_dist_1ybzpk2._.js:2477
[  620349ms] [LOG] [Fast Refresh] done in 168ms @ http://localhost:3000/_next/static/chunks/node_modules_next_dist_1ybzpk2._.js:2477
[  620451ms] [LOG] [Fast Refresh] rebuilding @ http://localhost:3000/_next/static/chunks/node_modules_next_dist_1ybzpk2._.js:2477
[  620514ms] [LOG] [Fast Refresh] done in 163ms @ http://localhost:3000/_next/static/chunks/node_modules_next_dist_1ybzpk2._.js:2477
[  620616ms] [LOG] [Fast Refresh] rebuilding @ http://localhost:3000/_next/static/chunks/node_modules_next_dist_1ybzpk2._.js:2477
[  620685ms] [LOG] [Fast Refresh] done in 171ms @ http://localhost:3000/_next/static/chunks/node_modules_next_dist_1ybzpk2._.js:2477
[  621239ms] [LOG] [Fast Refresh] rebuilding @ http://localhost:3000/_next/static/chunks/node_modules_next_dist_1ybzpk2._.js:2477
[  621256ms] [LOG] [Fast Refresh] done in 121ms @ http://localhost:3000/_next/static/chunks/node_modules_next_dist_1ybzpk2._.js:2477
[  621519ms] [LOG] [Fast Refresh] rebuilding @ http://localhost:3000/_next/static/chunks/node_modules_next_dist_1ybzpk2._.js:2477
[  621520ms] [LOG] [Fast Refresh] done in 103ms @ http://localhost:3000/_next/static/chunks/node_modules_next_dist_1ybzpk2._.js:2477
[  621691ms] [LOG] [Fast Refresh] rebuilding @ http://localhost:3000/_next/static/chunks/node_modules_next_dist_1ybzpk2._.js:2477
[  621693ms] [LOG] [Fast Refresh] done in 103ms @ http://localhost:3000/_next/static/chunks/node_modules_next_dist_1ybzpk2._.js:2477
[  622328ms] [LOG] [Fast Refresh] rebuilding @ http://localhost:3000/_next/static/chunks/node_modules_next_dist_1ybzpk2._.js:2477
[  622418ms] [LOG] [Fast Refresh] done in 198ms @ http://localhost:3000/_next/static/chunks/node_modules_next_dist_1ybzpk2._.js:2477
[  622531ms] [LOG] [Fast Refresh] rebuilding @ http://localhost:3000/_next/static/chunks/node_modules_next_dist_1ybzpk2._.js:2477
[  622548ms] [LOG] [Fast Refresh] done in 129ms @ http://localhost:3000/_next/static/chunks/node_modules_next_dist_1ybzpk2._.js:2477
[  622654ms] [LOG] [Fast Refresh] rebuilding @ http://localhost:3000/_next/static/chunks/node_modules_next_dist_1ybzpk2._.js:2477
[  622658ms] [LOG] [Fast Refresh] done in 110ms @ http://localhost:3000/_next/static/chunks/node_modules_next_dist_1ybzpk2._.js:2477
[  622810ms] [LOG] [Fast Refresh] rebuilding @ http://localhost:3000/_next/static/chunks/node_modules_next_dist_1ybzpk2._.js:2477
[  622855ms] [LOG] [Fast Refresh] done in 158ms @ http://localhost:3000/_next/static/chunks/node_modules_next_dist_1ybzpk2._.js:2477
[  623012ms] [LOG] [Fast Refresh] rebuilding @ http://localhost:3000/_next/static/chunks/node_modules_next_dist_1ybzpk2._.js:2477
[  623057ms] [LOG] [Fast Refresh] done in 152ms @ http://localhost:3000/_next/static/chunks/node_modules_next_dist_1ybzpk2._.js:2477
[  623168ms] [LOG] [Fast Refresh] rebuilding @ http://localhost:3000/_next/static/chunks/node_modules_next_dist_1ybzpk2._.js:2477
[  623201ms] [LOG] [Fast Refresh] done in 134ms @ http://localhost:3000/_next/static/chunks/node_modules_next_dist_1ybzpk2._.js:2477
[  623370ms] [LOG] [Fast Refresh] rebuilding @ http://localhost:3000/_next/static/chunks/node_modules_next_dist_1ybzpk2._.js:2477
[  623372ms] [LOG] [Fast Refresh] done in 106ms @ http://localhost:3000/_next/static/chunks/node_modules_next_dist_1ybzpk2._.js:2477
[  623666ms] [LOG] [Fast Refresh] rebuilding @ http://localhost:3000/_next/static/chunks/node_modules_next_dist_1ybzpk2._.js:2477
[  623675ms] [LOG] [Fast Refresh] done in 114ms @ http://localhost:3000/_next/static/chunks/node_modules_next_dist_1ybzpk2._.js:2477
[  623806ms] [LOG] [Fast Refresh] rebuilding @ http://localhost:3000/_next/static/chunks/node_modules_next_dist_1ybzpk2._.js:2477
[  623869ms] [LOG] [Fast Refresh] done in 175ms @ http://localhost:3000/_next/static/chunks/node_modules_next_dist_1ybzpk2._.js:2477
[  624025ms] [LOG] [Fast Refresh] rebuilding @ http://localhost:3000/_next/static/chunks/node_modules_next_dist_1ybzpk2._.js:2477
[  624146ms] [LOG] [Fast Refresh] done in 238ms @ http://localhost:3000/_next/static/chunks/node_modules_next_dist_1ybzpk2._.js:2477
[  624308ms] [LOG] [Fast Refresh] rebuilding @ http://localhost:3000/_next/static/chunks/node_modules_next_dist_1ybzpk2._.js:2477
[  624447ms] [LOG] [Fast Refresh] done in 250ms @ http://localhost:3000/_next/static/chunks/node_modules_next_dist_1ybzpk2._.js:2477
[  624759ms] [LOG] [Fast Refresh] rebuilding @ http://localhost:3000/_next/static/chunks/node_modules_next_dist_1ybzpk2._.js:2477
[  624888ms] [LOG] [Fast Refresh] done in 236ms @ http://localhost:3000/_next/static/chunks/node_modules_next_dist_1ybzpk2._.js:2477
[  625009ms] [LOG] [Fast Refresh] rebuilding @ http://localhost:3000/_next/static/chunks/node_modules_next_dist_1ybzpk2._.js:2477
[  625106ms] [LOG] [Fast Refresh] done in 206ms @ http://localhost:3000/_next/static/chunks/node_modules_next_dist_1ybzpk2._.js:2477
[  625245ms] [LOG] [Fast Refresh] rebuilding @ http://localhost:3000/_next/static/chunks/node_modules_next_dist_1ybzpk2._.js:2477
[  625462ms] [LOG] [Fast Refresh] done in 323ms @ http://localhost:3000/_next/static/chunks/node_modules_next_dist_1ybzpk2._.js:2477
[  625758ms] [LOG] [Fast Refresh] rebuilding @ http://localhost:3000/_next/static/chunks/node_modules_next_dist_1ybzpk2._.js:2477
[  625919ms] [LOG] [Fast Refresh] done in 262ms @ http://localhost:3000/_next/static/chunks/node_modules_next_dist_1ybzpk2._.js:2477
[  626036ms] [LOG] [Fast Refresh] rebuilding @ http://localhost:3000/_next/static/chunks/node_modules_next_dist_1ybzpk2._.js:2477
[  626042ms] [LOG] [Fast Refresh] done in 122ms @ http://localhost:3000/_next/static/chunks/node_modules_next_dist_1ybzpk2._.js:2477
[  626186ms] [LOG] [Fast Refresh] rebuilding @ http://localhost:3000/_next/static/chunks/node_modules_next_dist_1ybzpk2._.js:2477
[  626388ms] [LOG] [Fast Refresh] done in 304ms @ http://localhost:3000/_next/static/chunks/node_modules_next_dist_1ybzpk2._.js:2477
[  626551ms] [LOG] [Fast Refresh] rebuilding @ http://localhost:3000/_next/static/chunks/node_modules_next_dist_1ybzpk2._.js:2477
[  626555ms] [LOG] [Fast Refresh] done in 117ms @ http://localhost:3000/_next/static/chunks/node_modules_next_dist_1ybzpk2._.js:2477
[  626708ms] [LOG] [Fast Refresh] rebuilding @ http://localhost:3000/_next/static/chunks/node_modules_next_dist_1ybzpk2._.js:2477
[  626774ms] [LOG] [Fast Refresh] done in 175ms @ http://localhost:3000/_next/static/chunks/node_modules_next_dist_1ybzpk2._.js:2477
[  626878ms] [LOG] [Fast Refresh] rebuilding @ http://localhost:3000/_next/static/chunks/node_modules_next_dist_1ybzpk2._.js:2477
[  626954ms] [LOG] [Fast Refresh] done in 178ms @ http://localhost:3000/_next/static/chunks/node_modules_next_dist_1ybzpk2._.js:2477
[  627111ms] [LOG] [Fast Refresh] rebuilding @ http://localhost:3000/_next/static/chunks/node_modules_next_dist_1ybzpk2._.js:2477
[  627114ms] [LOG] [Fast Refresh] done in 108ms @ http://localhost:3000/_next/static/chunks/node_modules_next_dist_1ybzpk2._.js:2477
[  627280ms] [LOG] [Fast Refresh] rebuilding @ http://localhost:3000/_next/static/chunks/node_modules_next_dist_1ybzpk2._.js:2477
[  627305ms] [LOG] [Fast Refresh] done in 130ms @ http://localhost:3000/_next/static/chunks/node_modules_next_dist_1ybzpk2._.js:2477
[  627517ms] [LOG] [Fast Refresh] rebuilding @ http://localhost:3000/_next/static/chunks/node_modules_next_dist_1ybzpk2._.js:2477
[  627538ms] [LOG] [Fast Refresh] done in 122ms @ http://localhost:3000/_next/static/chunks/node_modules_next_dist_1ybzpk2._.js:2477
[  629499ms] [LOG] [Fast Refresh] rebuilding @ http://localhost:3000/_next/static/chunks/node_modules_next_dist_1ybzpk2._.js:2477
[  629535ms] [LOG] [Fast Refresh] done in 142ms @ http://localhost:3000/_next/static/chunks/node_modules_next_dist_1ybzpk2._.js:2477
[  629703ms] [LOG] [Fast Refresh] rebuilding @ http://localhost:3000/_next/static/chunks/node_modules_next_dist_1ybzpk2._.js:2477
[  629732ms] [LOG] [Fast Refresh] done in 129ms @ http://localhost:3000/_next/static/chunks/node_modules_next_dist_1ybzpk2._.js:2477
[  631740ms] [LOG] [Fast Refresh] rebuilding @ http://localhost:3000/_next/static/chunks/node_modules_next_dist_1ybzpk2._.js:2477
[  631757ms] [LOG] [Fast Refresh] done in 122ms @ http://localhost:3000/_next/static/chunks/node_modules_next_dist_1ybzpk2._.js:2477
[  631880ms] [LOG] [Fast Refresh] rebuilding @ http://localhost:3000/_next/static/chunks/node_modules_next_dist_1ybzpk2._.js:2477
[  631937ms] [LOG] [Fast Refresh] done in 159ms @ http://localhost:3000/_next/static/chunks/node_modules_next_dist_1ybzpk2._.js:2477
[  632050ms] [LOG] [Fast Refresh] rebuilding @ http://localhost:3000/_next/static/chunks/node_modules_next_dist_1ybzpk2._.js:2477
[  632160ms] [LOG] [Fast Refresh] done in 219ms @ http://localhost:3000/_next/static/chunks/node_modules_next_dist_1ybzpk2._.js:2477
[  632328ms] [LOG] [Fast Refresh] rebuilding @ http://localhost:3000/_next/static/chunks/node_modules_next_dist_1ybzpk2._.js:2477
[  632343ms] [LOG] [Fast Refresh] done in 128ms @ http://localhost:3000/_next/static/chunks/node_modules_next_dist_1ybzpk2._.js:2477
[  632560ms] [LOG] [Fast Refresh] rebuilding @ http://localhost:3000/_next/static/chunks/node_modules_next_dist_1ybzpk2._.js:2477
[  632653ms] [LOG] [Fast Refresh] done in 197ms @ http://localhost:3000/_next/static/chunks/node_modules_next_dist_1ybzpk2._.js:2477
[  632820ms] [LOG] [Fast Refresh] rebuilding @ http://localhost:3000/_next/static/chunks/node_modules_next_dist_1ybzpk2._.js:2477
[  632932ms] [LOG] [Fast Refresh] done in 225ms @ http://localhost:3000/_next/static/chunks/node_modules_next_dist_1ybzpk2._.js:2477
[  633053ms] [LOG] [Fast Refresh] rebuilding @ http://localhost:3000/_next/static/chunks/node_modules_next_dist_1ybzpk2._.js:2477
[  633101ms] [LOG] [Fast Refresh] done in 159ms @ http://localhost:3000/_next/static/chunks/node_modules_next_dist_1ybzpk2._.js:2477
[  633257ms] [LOG] [Fast Refresh] rebuilding @ http://localhost:3000/_next/static/chunks/node_modules_next_dist_1ybzpk2._.js:2477
[  633683ms] [LOG] [Fast Refresh] done in 541ms @ http://localhost:3000/_next/static/chunks/node_modules_next_dist_1ybzpk2._.js:2477
[  633864ms] [LOG] [Fast Refresh] rebuilding @ http://localhost:3000/_next/static/chunks/node_modules_next_dist_1ybzpk2._.js:2477
[  634552ms] [LOG] [Fast Refresh] done in 789ms @ http://localhost:3000/_next/static/chunks/node_modules_next_dist_1ybzpk2._.js:2477
[  634752ms] [LOG] [Fast Refresh] rebuilding @ http://localhost:3000/_next/static/chunks/node_modules_next_dist_1ybzpk2._.js:2477
[  634754ms] [LOG] [Fast Refresh] done in 115ms @ http://localhost:3000/_next/static/chunks/node_modules_next_dist_1ybzpk2._.js:2477
[  634984ms] [LOG] [Fast Refresh] rebuilding @ http://localhost:3000/_next/static/chunks/node_modules_next_dist_1ybzpk2._.js:2477
[  635002ms] [LOG] [Fast Refresh] done in 130ms @ http://localhost:3000/_next/static/chunks/node_modules_next_dist_1ybzpk2._.js:2477
[  635110ms] [LOG] [Fast Refresh] rebuilding @ http://localhost:3000/_next/static/chunks/node_modules_next_dist_1ybzpk2._.js:2477
[  635841ms] [LOG] [Fast Refresh] done in 838ms @ http://localhost:3000/_next/static/chunks/node_modules_next_dist_1ybzpk2._.js:2477
[  635954ms] [LOG] [Fast Refresh] rebuilding @ http://localhost:3000/_next/static/chunks/node_modules_next_dist_1ybzpk2._.js:2477
[  635974ms] [LOG] [Fast Refresh] done in 131ms @ http://localhost:3000/_next/static/chunks/node_modules_next_dist_1ybzpk2._.js:2477
[  636093ms] [LOG] [Fast Refresh] rebuilding @ http://localhost:3000/_next/static/chunks/node_modules_next_dist_1ybzpk2._.js:2477
[  636231ms] [LOG] [Fast Refresh] done in 240ms @ http://localhost:3000/_next/static/chunks/node_modules_next_dist_1ybzpk2._.js:2477
[  636437ms] [LOG] [Fast Refresh] rebuilding @ http://localhost:3000/_next/static/chunks/node_modules_next_dist_1ybzpk2._.js:2477
[  636605ms] [LOG] [Fast Refresh] done in 279ms @ http://localhost:3000/_next/static/chunks/node_modules_next_dist_1ybzpk2._.js:2477
[  636791ms] [LOG] [Fast Refresh] rebuilding @ http://localhost:3000/_next/static/chunks/node_modules_next_dist_1ybzpk2._.js:2477
[  636960ms] [LOG] [Fast Refresh] done in 278ms @ http://localhost:3000/_next/static/chunks/node_modules_next_dist_1ybzpk2._.js:2477
[  637168ms] [LOG] [Fast Refresh] rebuilding @ http://localhost:3000/_next/static/chunks/node_modules_next_dist_1ybzpk2._.js:2477
[  637252ms] [LOG] [Fast Refresh] done in 189ms @ http://localhost:3000/_next/static/chunks/node_modules_next_dist_1ybzpk2._.js:2477
[  637370ms] [LOG] [Fast Refresh] rebuilding @ http://localhost:3000/_next/static/chunks/node_modules_next_dist_1ybzpk2._.js:2477
[  637411ms] [LOG] [Fast Refresh] done in 157ms @ http://localhost:3000/_next/static/chunks/node_modules_next_dist_1ybzpk2._.js:2477
[  637527ms] [LOG] [Fast Refresh] rebuilding @ http://localhost:3000/_next/static/chunks/node_modules_next_dist_1ybzpk2._.js:2477
[  637685ms] [LOG] [Fast Refresh] done in 273ms @ http://localhost:3000/_next/static/chunks/node_modules_next_dist_1ybzpk2._.js:2477
[  637854ms] [LOG] [Fast Refresh] rebuilding @ http://localhost:3000/_next/static/chunks/node_modules_next_dist_1ybzpk2._.js:2477
[  637909ms] [LOG] [Fast Refresh] done in 169ms @ http://localhost:3000/_next/static/chunks/node_modules_next_dist_1ybzpk2._.js:2477
[  638103ms] [LOG] [Fast Refresh] rebuilding @ http://localhost:3000/_next/static/chunks/node_modules_next_dist_1ybzpk2._.js:2477
[  638192ms] [LOG] [Fast Refresh] done in 202ms @ http://localhost:3000/_next/static/chunks/node_modules_next_dist_1ybzpk2._.js:2477
[  638336ms] [LOG] [Fast Refresh] rebuilding @ http://localhost:3000/_next/static/chunks/node_modules_next_dist_1ybzpk2._.js:2477
[  638478ms] [LOG] [Fast Refresh] done in 254ms @ http://localhost:3000/_next/static/chunks/node_modules_next_dist_1ybzpk2._.js:2477
[  638630ms] [LOG] [Fast Refresh] rebuilding @ http://localhost:3000/_next/static/chunks/node_modules_next_dist_1ybzpk2._.js:2477
[  638684ms] [LOG] [Fast Refresh] done in 154ms @ http://localhost:3000/_next/static/chunks/node_modules_next_dist_1ybzpk2._.js:2477
[  638800ms] [LOG] [Fast Refresh] rebuilding @ http://localhost:3000/_next/static/chunks/node_modules_next_dist_1ybzpk2._.js:2477
[  639262ms] [LOG] [Fast Refresh] done in 571ms @ http://localhost:3000/_next/static/chunks/node_modules_next_dist_1ybzpk2._.js:2477
[  639545ms] [LOG] [Fast Refresh] rebuilding @ http://localhost:3000/_next/static/chunks/node_modules_next_dist_1ybzpk2._.js:2477
[  639616ms] [LOG] [Fast Refresh] done in 189ms @ http://localhost:3000/_next/static/chunks/node_modules_next_dist_1ybzpk2._.js:2477
[  639762ms] [LOG] [Fast Refresh] rebuilding @ http://localhost:3000/_next/static/chunks/node_modules_next_dist_1ybzpk2._.js:2477
[  640272ms] [LOG] [Fast Refresh] done in 623ms @ http://localhost:3000/_next/static/chunks/node_modules_next_dist_1ybzpk2._.js:2477
[  640646ms] [LOG] [Fast Refresh] rebuilding @ http://localhost:3000/_next/static/chunks/node_modules_next_dist_1ybzpk2._.js:2477
[  640773ms] [LOG] [Fast Refresh] done in 228ms @ http://localhost:3000/_next/static/chunks/node_modules_next_dist_1ybzpk2._.js:2477
[  640936ms] [LOG] [Fast Refresh] rebuilding @ http://localhost:3000/_next/static/chunks/node_modules_next_dist_1ybzpk2._.js:2477
[  640989ms] [LOG] [Fast Refresh] done in 161ms @ http://localhost:3000/_next/static/chunks/node_modules_next_dist_1ybzpk2._.js:2477
[  641091ms] [LOG] [Fast Refresh] rebuilding @ http://localhost:3000/_next/static/chunks/node_modules_next_dist_1ybzpk2._.js:2477
[  641269ms] [LOG] [Fast Refresh] done in 279ms @ http://localhost:3000/_next/static/chunks/node_modules_next_dist_1ybzpk2._.js:2477
[  641431ms] [LOG] [Fast Refresh] rebuilding @ http://localhost:3000/_next/static/chunks/node_modules_next_dist_1ybzpk2._.js:2477
[  641452ms] [LOG] [Fast Refresh] done in 129ms @ http://localhost:3000/_next/static/chunks/node_modules_next_dist_1ybzpk2._.js:2477
[  641570ms] [LOG] [Fast Refresh] rebuilding @ http://localhost:3000/_next/static/chunks/node_modules_next_dist_1ybzpk2._.js:2477
[  641675ms] [LOG] [Fast Refresh] done in 206ms @ http://localhost:3000/_next/static/chunks/node_modules_next_dist_1ybzpk2._.js:2477
[  641850ms] [LOG] [Fast Refresh] rebuilding @ http://localhost:3000/_next/static/chunks/node_modules_next_dist_1ybzpk2._.js:2477
[  641857ms] [LOG] [Fast Refresh] done in 116ms @ http://localhost:3000/_next/static/chunks/node_modules_next_dist_1ybzpk2._.js:2477
[  641988ms] [LOG] [Fast Refresh] rebuilding @ http://localhost:3000/_next/static/chunks/node_modules_next_dist_1ybzpk2._.js:2477
[  642026ms] [LOG] [Fast Refresh] done in 146ms @ http://localhost:3000/_next/static/chunks/node_modules_next_dist_1ybzpk2._.js:2477
[  642236ms] [LOG] [Fast Refresh] rebuilding @ http://localhost:3000/_next/static/chunks/node_modules_next_dist_1ybzpk2._.js:2477
[  642242ms] [LOG] [Fast Refresh] done in 119ms @ http://localhost:3000/_next/static/chunks/node_modules_next_dist_1ybzpk2._.js:2477
[  642360ms] [LOG] [Fast Refresh] rebuilding @ http://localhost:3000/_next/static/chunks/node_modules_next_dist_1ybzpk2._.js:2477
[  642441ms] [LOG] [Fast Refresh] done in 185ms @ http://localhost:3000/_next/static/chunks/node_modules_next_dist_1ybzpk2._.js:2477
[  658596ms] [LOG] [Fast Refresh] rebuilding @ http://localhost:3000/_next/static/chunks/node_modules_next_dist_1ybzpk2._.js:2477
[  659004ms] [LOG] [Fast Refresh] done in 519ms @ http://localhost:3000/_next/static/chunks/node_modules_next_dist_1ybzpk2._.js:2477
[  881490ms] [LOG] [Fast Refresh] rebuilding @ http://localhost:3000/_next/static/chunks/node_modules_next_dist_1ybzpk2._.js:2477
[  881522ms] [LOG] [Fast Refresh] done in 142ms @ http://localhost:3000/_next/static/chunks/node_modules_next_dist_1ybzpk2._.js:2477
[  893589ms] [LOG] [Fast Refresh] rebuilding @ http://localhost:3000/_next/static/chunks/node_modules_next_dist_1ybzpk2._.js:2477
[  893820ms] [LOG] [Fast Refresh] done in 347ms @ http://localhost:3000/_next/static/chunks/node_modules_next_dist_1ybzpk2._.js:2477
[  893978ms] [LOG] [Fast Refresh] rebuilding @ http://localhost:3000/_next/static/chunks/node_modules_next_dist_1ybzpk2._.js:2477
[  894766ms] [LOG] [Fast Refresh] done in 904ms @ http://localhost:3000/_next/static/chunks/node_modules_next_dist_1ybzpk2._.js:2477
[ 1064705ms] [LOG] [Fast Refresh] rebuilding @ http://localhost:3000/_next/static/chunks/node_modules_next_dist_1ybzpk2._.js:2477
[ 1064940ms] [LOG] [Fast Refresh] done in 335ms @ http://localhost:3000/_next/static/chunks/node_modules_next_dist_1ybzpk2._.js:2477
[ 1065091ms] [LOG] [Fast Refresh] rebuilding @ http://localhost:3000/_next/static/chunks/node_modules_next_dist_1ybzpk2._.js:2477
[ 1065248ms] [LOG] [Fast Refresh] done in 269ms @ http://localhost:3000/_next/static/chunks/node_modules_next_dist_1ybzpk2._.js:2477
[ 1065809ms] [LOG] [Fast Refresh] rebuilding @ http://localhost:3000/_next/static/chunks/node_modules_next_dist_1ybzpk2._.js:2477
[ 1065936ms] [LOG] [Fast Refresh] done in 260ms @ http://localhost:3000/_next/static/chunks/node_modules_next_dist_1ybzpk2._.js:2477
[ 1085706ms] [LOG] [Fast Refresh] rebuilding @ http://localhost:3000/_next/static/chunks/node_modules_next_dist_1ybzpk2._.js:2477
[ 1085911ms] [LOG] [Fast Refresh] done in 316ms @ http://localhost:3000/_next/static/chunks/node_modules_next_dist_1ybzpk2._.js:2477
[ 1086237ms] [LOG] [Fast Refresh] rebuilding @ http://localhost:3000/_next/static/chunks/node_modules_next_dist_1ybzpk2._.js:2477
[ 1086392ms] [LOG] [Fast Refresh] done in 264ms @ http://localhost:3000/_next/static/chunks/node_modules_next_dist_1ybzpk2._.js:2477
[ 1104353ms] [LOG] [Fast Refresh] rebuilding @ http://localhost:3000/_next/static/chunks/node_modules_next_dist_1ybzpk2._.js:2477
[ 1104372ms] [LOG] [Fast Refresh] done in 123ms @ http://localhost:3000/_next/static/chunks/node_modules_next_dist_1ybzpk2._.js:2477
[ 1362990ms] [LOG] [Fast Refresh] rebuilding @ http://localhost:3000/_next/static/chunks/node_modules_next_dist_1ybzpk2._.js:2477
[ 1364364ms] [LOG] [Fast Refresh] done in 1480ms @ http://localhost:3000/_next/static/chunks/node_modules_next_dist_1ybzpk2._.js:2477
[ 1364717ms] [LOG] [Fast Refresh] rebuilding @ http://localhost:3000/_next/static/chunks/node_modules_next_dist_1ybzpk2._.js:2477
[ 1365078ms] [LOG] [Fast Refresh] done in 467ms @ http://localhost:3000/_next/static/chunks/node_modules_next_dist_1ybzpk2._.js:2477
[ 1365188ms] [LOG] [Fast Refresh] rebuilding @ http://localhost:3000/_next/static/chunks/node_modules_next_dist_1ybzpk2._.js:2477
[ 1365221ms] [LOG] [Fast Refresh] done in 134ms @ http://localhost:3000/_next/static/chunks/node_modules_next_dist_1ybzpk2._.js:2477
[ 1385651ms] [LOG] [Fast Refresh] rebuilding @ http://localhost:3000/_next/static/chunks/node_modules_next_dist_1ybzpk2._.js:2477
[ 1385731ms] [LOG] [Fast Refresh] done in 180ms @ http://localhost:3000/_next/static/chunks/node_modules_next_dist_1ybzpk2._.js:2477
[ 1835981ms] [LOG] [Fast Refresh] rebuilding @ http://localhost:3000/_next/static/chunks/node_modules_next_dist_1ybzpk2._.js:2477
[ 1836223ms] [LOG] [Fast Refresh] done in 346ms @ http://localhost:3000/_next/static/chunks/node_modules_next_dist_1ybzpk2._.js:2477
[ 1836652ms] [LOG] [Fast Refresh] rebuilding @ http://localhost:3000/_next/static/chunks/node_modules_next_dist_1ybzpk2._.js:2477
[ 1837161ms] [LOG] [Fast Refresh] done in 613ms @ http://localhost:3000/_next/static/chunks/node_modules_next_dist_1ybzpk2._.js:2477
[ 1938927ms] [LOG] [Fast Refresh] rebuilding @ http://localhost:3000/_next/static/chunks/node_modules_next_dist_1ybzpk2._.js:2477
[ 1939607ms] [LOG] [Fast Refresh] done in 779ms @ http://localhost:3000/_next/static/chunks/node_modules_next_dist_1ybzpk2._.js:2477
[ 1940233ms] [LOG] [Fast Refresh] rebuilding @ http://localhost:3000/_next/static/chunks/node_modules_next_dist_1ybzpk2._.js:2477
[ 1940966ms] [LOG] [Fast Refresh] done in 836ms @ http://localhost:3000/_next/static/chunks/node_modules_next_dist_1ybzpk2._.js:2477
[ 2066577ms] [LOG] [Fast Refresh] rebuilding @ http://localhost:3000/_next/static/chunks/node_modules_next_dist_1ybzpk2._.js:2477
[ 2066577ms] [LOG] [Fast Refresh] done in 111ms @ http://localhost:3000/_next/static/chunks/node_modules_next_dist_1ybzpk2._.js:2477
[ 2088191ms] [LOG] [Fast Refresh] rebuilding @ http://localhost:3000/_next/static/chunks/node_modules_next_dist_1ybzpk2._.js:2477
[ 2088833ms] [LOG] [Fast Refresh] done in 750ms @ http://localhost:3000/_next/static/chunks/node_modules_next_dist_1ybzpk2._.js:2477
[ 2094043ms] [LOG] [Fast Refresh] rebuilding @ http://localhost:3000/_next/static/chunks/node_modules_next_dist_1ybzpk2._.js:2477
[ 2094064ms] [LOG] [Fast Refresh] done in 123ms @ http://localhost:3000/_next/static/chunks/node_modules_next_dist_1ybzpk2._.js:2477
[ 2094184ms] [LOG] [Fast Refresh] rebuilding @ http://localhost:3000/_next/static/chunks/node_modules_next_dist_1ybzpk2._.js:2477
[ 2094388ms] [LOG] [Fast Refresh] done in 312ms @ http://localhost:3000/_next/static/chunks/node_modules_next_dist_1ybzpk2._.js:2477
[ 2117567ms] [LOG] [Fast Refresh] rebuilding @ http://localhost:3000/_next/static/chunks/node_modules_next_dist_1ybzpk2._.js:2477
[ 2117987ms] [LOG] [Fast Refresh] done in 530ms @ http://localhost:3000/_next/static/chunks/node_modules_next_dist_1ybzpk2._.js:2477
[ 2529670ms] [LOG] [Fast Refresh] rebuilding @ http://localhost:3000/_next/static/chunks/node_modules_next_dist_1ybzpk2._.js:2477
[ 2529795ms] [LOG] [Fast Refresh] done in 240ms @ http://localhost:3000/_next/static/chunks/node_modules_next_dist_1ybzpk2._.js:2477
[ 2541228ms] [LOG] [Fast Refresh] rebuilding @ http://localhost:3000/_next/static/chunks/node_modules_next_dist_1ybzpk2._.js:2477
[ 2541729ms] [LOG] [Fast Refresh] done in 600ms @ http://localhost:3000/_next/static/chunks/node_modules_next_dist_1ybzpk2._.js:2477
[ 2542139ms] [LOG] [Fast Refresh] rebuilding @ http://localhost:3000/_next/static/chunks/node_modules_next_dist_1ybzpk2._.js:2477
[ 2542576ms] [LOG] [Fast Refresh] done in 538ms @ http://localhost:3000/_next/static/chunks/node_modules_next_dist_1ybzpk2._.js:2477
[ 2542691ms] [LOG] [Fast Refresh] rebuilding @ http://localhost:3000/_next/static/chunks/node_modules_next_dist_1ybzpk2._.js:2477
[ 2543125ms] [LOG] [Fast Refresh] done in 541ms @ http://localhost:3000/_next/static/chunks/node_modules_next_dist_1ybzpk2._.js:2477
[ 2554253ms] [LOG] [Fast Refresh] rebuilding @ http://localhost:3000/_next/static/chunks/node_modules_next_dist_1ybzpk2._.js:2477
[ 2554576ms] [LOG] [Fast Refresh] done in 424ms @ http://localhost:3000/_next/static/chunks/node_modules_next_dist_1ybzpk2._.js:2477
[ 2554692ms] [LOG] [Fast Refresh] rebuilding @ http://localhost:3000/_next/static/chunks/node_modules_next_dist_1ybzpk2._.js:2477
[ 2555668ms] [LOG] [Fast Refresh] done in 1088ms @ http://localhost:3000/_next/static/chunks/node_modules_next_dist_1ybzpk2._.js:2477
[ 2566828ms] [LOG] [Fast Refresh] rebuilding @ http://localhost:3000/_next/static/chunks/node_modules_next_dist_1ybzpk2._.js:2477
[ 2577112ms] [LOG] [Fast Refresh] done in 10376ms @ http://localhost:3000/_next/static/chunks/node_modules_next_dist_1ybzpk2._.js:2477
[ 2577272ms] [LOG] [Fast Refresh] rebuilding @ http://localhost:3000/_next/static/chunks/node_modules_next_dist_1ybzpk2._.js:2477
[ 2578133ms] [LOG] [Fast Refresh] done in 968ms @ http://localhost:3000/_next/static/chunks/node_modules_next_dist_1ybzpk2._.js:2477
[ 2578338ms] [LOG] [Fast Refresh] rebuilding @ http://localhost:3000/_next/static/chunks/node_modules_next_dist_1ybzpk2._.js:2477
[ 2578406ms] [LOG] [Fast Refresh] done in 172ms @ http://localhost:3000/_next/static/chunks/node_modules_next_dist_1ybzpk2._.js:2477
[ 2578510ms] [LOG] [Fast Refresh] rebuilding @ http://localhost:3000/_next/static/chunks/node_modules_next_dist_1ybzpk2._.js:2477
[ 2578558ms] [LOG] [Fast Refresh] done in 151ms @ http://localhost:3000/_next/static/chunks/node_modules_next_dist_1ybzpk2._.js:2477
[ 2624276ms] [LOG] [Fast Refresh] rebuilding @ http://localhost:3000/_next/static/chunks/node_modules_next_dist_1ybzpk2._.js:2477
[ 2624626ms] [LOG] [Fast Refresh] done in 465ms @ http://localhost:3000/_next/static/chunks/node_modules_next_dist_1ybzpk2._.js:2477
[ 2665092ms] [LOG] [Fast Refresh] rebuilding @ http://localhost:3000/_next/static/chunks/node_modules_next_dist_1ybzpk2._.js:2477
[ 2665515ms] [LOG] [Fast Refresh] done in 519ms @ http://localhost:3000/_next/static/chunks/node_modules_next_dist_1ybzpk2._.js:2477
[ 2665627ms] [LOG] [Fast Refresh] rebuilding @ http://localhost:3000/_next/static/chunks/node_modules_next_dist_1ybzpk2._.js:2477
[ 2665897ms] [LOG] [Fast Refresh] done in 374ms @ http://localhost:3000/_next/static/chunks/node_modules_next_dist_1ybzpk2._.js:2477
[ 2666008ms] [LOG] [Fast Refresh] rebuilding @ http://localhost:3000/_next/static/chunks/node_modules_next_dist_1ybzpk2._.js:2477
[ 2666031ms] [LOG] [Fast Refresh] done in 125ms @ http://localhost:3000/_next/static/chunks/node_modules_next_dist_1ybzpk2._.js:2477
[ 2666177ms] [LOG] [Fast Refresh] rebuilding @ http://localhost:3000/_next/static/chunks/node_modules_next_dist_1ybzpk2._.js:2477
[ 2666311ms] [LOG] [Fast Refresh] done in 243ms @ http://localhost:3000/_next/static/chunks/node_modules_next_dist_1ybzpk2._.js:2477
[ 2683850ms] [LOG] [Fast Refresh] rebuilding @ http://localhost:3000/_next/static/chunks/node_modules_next_dist_1ybzpk2._.js:2477
[ 2684159ms] [LOG] [Fast Refresh] done in 417ms @ http://localhost:3000/_next/static/chunks/node_modules_next_dist_1ybzpk2._.js:2477
[ 2684274ms] [LOG] [Fast Refresh] rebuilding @ http://localhost:3000/_next/static/chunks/node_modules_next_dist_1ybzpk2._.js:2477
[ 2684783ms] [LOG] [Fast Refresh] done in 621ms @ http://localhost:3000/_next/static/chunks/node_modules_next_dist_1ybzpk2._.js:2477
[ 2778408ms] [LOG] [Fast Refresh] rebuilding @ http://localhost:3000/_next/static/chunks/node_modules_next_dist_1ybzpk2._.js:2477
[ 2778942ms] [LOG] [Fast Refresh] done in 633ms @ http://localhost:3000/_next/static/chunks/node_modules_next_dist_1ybzpk2._.js:2477
[ 2779297ms] [LOG] [Fast Refresh] rebuilding @ http://localhost:3000/_next/static/chunks/node_modules_next_dist_1ybzpk2._.js:2477
[ 2779584ms] [LOG] [Fast Refresh] done in 394ms @ http://localhost:3000/_next/static/chunks/node_modules_next_dist_1ybzpk2._.js:2477
[ 2779707ms] [LOG] [Fast Refresh] rebuilding @ http://localhost:3000/_next/static/chunks/node_modules_next_dist_1ybzpk2._.js:2477
[ 2779842ms] [LOG] [Fast Refresh] done in 243ms @ http://localhost:3000/_next/static/chunks/node_modules_next_dist_1ybzpk2._.js:2477
[ 2834763ms] [LOG] [Fast Refresh] rebuilding @ http://localhost:3000/_next/static/chunks/node_modules_next_dist_1ybzpk2._.js:2477
[ 2834873ms] [LOG] [Fast Refresh] done in 221ms @ http://localhost:3000/_next/static/chunks/node_modules_next_dist_1ybzpk2._.js:2477
[ 2843684ms] [LOG] [Fast Refresh] rebuilding @ http://localhost:3000/_next/static/chunks/node_modules_next_dist_1ybzpk2._.js:2477
[ 2843708ms] [LOG] [Fast Refresh] done in 128ms @ http://localhost:3000/_next/static/chunks/node_modules_next_dist_1ybzpk2._.js:2477
[ 2901625ms] [LOG] [Fast Refresh] rebuilding @ http://localhost:3000/_next/static/chunks/node_modules_next_dist_1ybzpk2._.js:2477
[ 2901797ms] [LOG] [Fast Refresh] done in 274ms @ http://localhost:3000/_next/static/chunks/node_modules_next_dist_1ybzpk2._.js:2477
[ 2922216ms] [LOG] [Fast Refresh] rebuilding @ http://localhost:3000/_next/static/chunks/node_modules_next_dist_1ybzpk2._.js:2477
[ 2923322ms] [ERROR] ./src/modules/cases/engineer-dashboard.tsx:268:10
the name `CertificationCard` is defined multiple times
  266 | }
  267 |
> 268 | function CertificationCard({ level, years }: { level?: CertificationLevel; years?: number }) {
      |          ^^^^^^^^^^^^^^^^^
  269 |   return (
  270 |     <div className="h-full rounded-xl border bg-card p-3 shadow-sm transition-shadow hover:shadow-md">
  271 |       <div className="flex h-full items-start justify-between gap-3">

Ecmascript file had an error

Import traces:
  Client Component Browser:
    ./src/modules/cases/engineer-dashboard.tsx [Client Component Browser]
    ./app/(app)/dashboard/page.tsx [Client Component Browser]
    ./app/(app)/dashboard/page.tsx [Server Component]

  Client Component SSR:
    ./src/modules/cases/engineer-dashboard.tsx [Client Component SSR]
    ./app/(app)/dashboard/page.tsx [Client Component SSR]
    ./app/(app)/dashboard/page.tsx [Server Component] @ http://localhost:3000/_next/static/chunks/node_modules_next_dist_1ybzpk2._.js:3318
[ 2923518ms] [LOG] [Fast Refresh] rebuilding @ http://localhost:3000/_next/static/chunks/node_modules_next_dist_1ybzpk2._.js:2477
[ 2923873ms] [ERROR] ./src/modules/cases/engineer-dashboard.tsx:268:10
the name `CertificationCard` is defined multiple times
  266 | }
  267 |
> 268 | function CertificationCard({ level, years }: { level?: CertificationLevel; years?: number }) {
      |          ^^^^^^^^^^^^^^^^^
  269 |   return (
  270 |     <div className="h-full rounded-xl border bg-card p-3 shadow-sm transition-shadow hover:shadow-md">
  271 |       <div className="flex h-full items-start justify-between gap-3">

Ecmascript file had an error

Import traces:
  Client Component Browser:
    ./src/modules/cases/engineer-dashboard.tsx [Client Component Browser]
    ./app/(app)/dashboard/page.tsx [Client Component Browser]
    ./app/(app)/dashboard/page.tsx [Server Component]

  Client Component SSR:
    ./src/modules/cases/engineer-dashboard.tsx [Client Component SSR]
    ./app/(app)/dashboard/page.tsx [Client Component SSR]
    ./app/(app)/dashboard/page.tsx [Server Component] @ http://localhost:3000/_next/static/chunks/node_modules_next_dist_1ybzpk2._.js:3318
[ 2923876ms] [ERROR] ./src/modules/cases/engineer-dashboard.tsx:268:10
the name `CertificationCard` is defined multiple times
  266 | }
  267 |
> 268 | function CertificationCard({ level, years }: { level?: CertificationLevel; years?: number }) {
      |          ^^^^^^^^^^^^^^^^^
  269 |   return (
  270 |     <div className="h-full rounded-xl border bg-card p-3 shadow-sm transition-shadow hover:shadow-md">
  271 |       <div className="flex h-full items-start justify-between gap-3">

Ecmascript file had an error

Import traces:
  Client Component Browser:
    ./src/modules/cases/engineer-dashboard.tsx [Client Component Browser]
    ./app/(app)/dashboard/page.tsx [Client Component Browser]
    ./app/(app)/dashboard/page.tsx [Server Component]

  Client Component SSR:
    ./src/modules/cases/engineer-dashboard.tsx [Client Component SSR]
    ./app/(app)/dashboard/page.tsx [Client Component SSR]
    ./app/(app)/dashboard/page.tsx [Server Component] @ http://localhost:3000/_next/static/chunks/node_modules_next_dist_1ybzpk2._.js:3318
[ 2923880ms] [ERROR] Failed to load resource: the server responded with a status of 500 (Internal Server Error) @ http://localhost:3000/cases?_rsc=b2Fgc8TDomNN7-Pm:0
[ 2923983ms] [LOG] [Fast Refresh] rebuilding @ http://localhost:3000/_next/static/chunks/node_modules_next_dist_1ybzpk2._.js:2477
[ 2924138ms] [ERROR] ./src/modules/cases/engineer-dashboard.tsx:268:10
the name `CertificationCard` is defined multiple times
  266 | }
  267 |
> 268 | function CertificationCard({ level, years }: { level?: CertificationLevel; years?: number }) {
      |          ^^^^^^^^^^^^^^^^^
  269 |   return (
  270 |     <div className="h-full rounded-xl border bg-card p-3 shadow-sm transition-shadow hover:shadow-md">
  271 |       <div className="flex h-full items-start justify-between gap-3">

Ecmascript file had an error

Import traces:
  Client Component Browser:
    ./src/modules/cases/engineer-dashboard.tsx [Client Component Browser]
    ./app/(app)/dashboard/page.tsx [Client Component Browser]
    ./app/(app)/dashboard/page.tsx [Server Component]

  Client Component SSR:
    ./src/modules/cases/engineer-dashboard.tsx [Client Component SSR]
    ./app/(app)/dashboard/page.tsx [Client Component SSR]
    ./app/(app)/dashboard/page.tsx [Server Component] @ http://localhost:3000/_next/static/chunks/node_modules_next_dist_1ybzpk2._.js:3318
[ 2924139ms] [ERROR] Failed to load resource: the server responded with a status of 500 (Internal Server Error) @ http://localhost:3000/cases?_rsc=b2Fgc8TDomNN7-Pm:0
[ 2924214ms] [ERROR] ./src/modules/cases/engineer-dashboard.tsx:268:10
the name `CertificationCard` is defined multiple times
  266 | }
  267 |
> 268 | function CertificationCard({ level, years }: { level?: CertificationLevel; years?: number }) {
      |          ^^^^^^^^^^^^^^^^^
  269 |   return (
  270 |     <div className="h-full rounded-xl border bg-card p-3 shadow-sm transition-shadow hover:shadow-md">
  271 |       <div className="flex h-full items-start justify-between gap-3">

Ecmascript file had an error

Import traces:
  Client Component Browser:
    ./src/modules/cases/engineer-dashboard.tsx [Client Component Browser]
    ./app/(app)/dashboard/page.tsx [Client Component Browser]
    ./app/(app)/dashboard/page.tsx [Server Component]

  Client Component SSR:
    ./src/modules/cases/engineer-dashboard.tsx [Client Component SSR]
    ./app/(app)/dashboard/page.tsx [Client Component SSR]
    ./app/(app)/dashboard/page.tsx [Server Component] @ http://localhost:3000/_next/static/chunks/node_modules_next_dist_1ybzpk2._.js:3318
[ 2924272ms] [ERROR] Failed to load resource: the server responded with a status of 500 (Internal Server Error) @ http://localhost:3000/cases:0
[ 2925338ms] [INFO] %cDownload the React DevTools for a better development experience: https://react.dev/link/react-devtools font-weight:bold @ http://localhost:3000/_next/static/chunks/node_modules_react-dom_0kla17-._.js:15305
[ 2925426ms] Error: ./src/modules/cases/engineer-dashboard.tsx:268:10
the name `CertificationCard` is defined multiple times
  266 | }
  267 |
> 268 | function CertificationCard({ level, years }: { level?: CertificationLevel; years?: number }) {
      |          ^^^^^^^^^^^^^^^^^
  269 |   return (
  270 |     <div className="h-full rounded-xl border bg-card p-3 shadow-sm transition-shadow hover:shadow-md">
  271 |       <div className="flex h-full items-start justify-between gap-3">

Ecmascript file had an error

Import traces:
  Client Component Browser:
    ./src/modules/cases/engineer-dashboard.tsx [Client Component Browser]
    ./app/(app)/dashboard/page.tsx [Client Component Browser]
    ./app/(app)/dashboard/page.tsx [Server Component]

  Client Component SSR:
    ./src/modules/cases/engineer-dashboard.tsx [Client Component SSR]
    ./app/(app)/dashboard/page.tsx [Client Component SSR]
    ./app/(app)/dashboard/page.tsx [Server Component]


    at <unknown> (Error: ./src/modules/cases/engineer-dashboard.tsx:268:10)
    at Object.getCompilationErrors (file://D:\Projects\NHQ_Support _portal\support_system_frontend\node_modules\next\dist\server\dev\hot-reloader-turbopack.js:1186:59)
    at DevBundlerService.getCompilationError (file://D:\Projects\NHQ_Support _portal\support_system_frontend\node_modules\next\dist\server\lib\dev-bundler-service.js:44:55)
    at DevServer.getCompilationError (file://D:\Projects\NHQ_Support _portal\support_system_frontend\node_modules\next\dist\server\dev\next-dev-server.js:720:42)
    at DevServer.findPageComponents (file://D:\Projects\NHQ_Support _portal\support_system_frontend\node_modules\next\dist\server\dev\next-dev-server.js:690:43)
    at async DevServer.renderErrorToResponseImpl (file://D:\Projects\NHQ_Support _portal\support_system_frontend\node_modules\next\dist\server\base-server.js:1753:26)
[ 2925694ms] [LOG] [HMR] connected @ http://localhost:3000/_next/static/chunks/node_modules_next_dist_1gdrd03._.js:1226
[ 2925914ms] [LOG] [Fast Refresh] rebuilding @ http://localhost:3000/_next/static/chunks/node_modules_next_dist_1gdrd03._.js:1226
[ 2925947ms] [ERROR] ./src/modules/cases/engineer-dashboard.tsx:268:10
the name `CertificationCard` is defined multiple times
  266 | }
  267 |
> 268 | function CertificationCard({ level, years }: { level?: CertificationLevel; years?: number }) {
      |          ^^^^^^^^^^^^^^^^^
  269 |   return (
  270 |     <div className="h-full rounded-xl border bg-card p-3 shadow-sm transition-shadow hover:shadow-md">
  271 |       <div className="flex h-full items-start justify-between gap-3">

Ecmascript file had an error

Import traces:
  Client Component Browser:
    ./src/modules/cases/engineer-dashboard.tsx [Client Component Browser]
    ./app/(app)/dashboard/page.tsx [Client Component Browser]
    ./app/(app)/dashboard/page.tsx [Server Component]

  Client Component SSR:
    ./src/modules/cases/engineer-dashboard.tsx [Client Component SSR]
    ./app/(app)/dashboard/page.tsx [Client Component SSR]
    ./app/(app)/dashboard/page.tsx [Server Component] @ http://localhost:3000/_next/static/chunks/node_modules_next_dist_1gdrd03._.js:1945
[ 2926132ms] [ERROR] ./src/modules/cases/engineer-dashboard.tsx:268:10
the name `CertificationCard` is defined multiple times
  266 | }
  267 |
> 268 | function CertificationCard({ level, years }: { level?: CertificationLevel; years?: number }) {
      |          ^^^^^^^^^^^^^^^^^
  269 |   return (
  270 |     <div className="h-full rounded-xl border bg-card p-3 shadow-sm transition-shadow hover:shadow-md">
  271 |       <div className="flex h-full items-start justify-between gap-3">

Ecmascript file had an error

Import traces:
  Client Component Browser:
    ./src/modules/cases/engineer-dashboard.tsx [Client Component Browser]
    ./app/(app)/dashboard/page.tsx [Client Component Browser]
    ./app/(app)/dashboard/page.tsx [Server Component]

  Client Component SSR:
    ./src/modules/cases/engineer-dashboard.tsx [Client Component SSR]
    ./app/(app)/dashboard/page.tsx [Client Component SSR]
    ./app/(app)/dashboard/page.tsx [Server Component] @ http://localhost:3000/_next/static/chunks/node_modules_next_dist_1gdrd03._.js:1945
[ 2926165ms] [ERROR] ./src/modules/cases/engineer-dashboard.tsx:268:10
the name `CertificationCard` is defined multiple times
  266 | }
  267 |
> 268 | function CertificationCard({ level, years }: { level?: CertificationLevel; years?: number }) {
      |          ^^^^^^^^^^^^^^^^^
  269 |   return (
  270 |     <div className="h-full rounded-xl border bg-card p-3 shadow-sm transition-shadow hover:shadow-md">
  271 |       <div className="flex h-full items-start justify-between gap-3">

Ecmascript file had an error

Import traces:
  Client Component Browser:
    ./src/modules/cases/engineer-dashboard.tsx [Client Component Browser]
    ./app/(app)/dashboard/page.tsx [Client Component Browser]
    ./app/(app)/dashboard/page.tsx [Server Component]

  Client Component SSR:
    ./src/modules/cases/engineer-dashboard.tsx [Client Component SSR]
    ./app/(app)/dashboard/page.tsx [Client Component SSR]
    ./app/(app)/dashboard/page.tsx [Server Component] @ http://localhost:3000/_next/static/chunks/node_modules_next_dist_1gdrd03._.js:1945
[ 2926293ms] [ERROR] ./src/modules/cases/engineer-dashboard.tsx:268:10
the name `CertificationCard` is defined multiple times
  266 | }
  267 |
> 268 | function CertificationCard({ level, years }: { level?: CertificationLevel; years?: number }) {
      |          ^^^^^^^^^^^^^^^^^
  269 |   return (
  270 |     <div className="h-full rounded-xl border bg-card p-3 shadow-sm transition-shadow hover:shadow-md">
  271 |       <div className="flex h-full items-start justify-between gap-3">

Ecmascript file had an error

Import traces:
  Client Component Browser:
    ./src/modules/cases/engineer-dashboard.tsx [Client Component Browser]
    ./app/(app)/dashboard/page.tsx [Client Component Browser]
    ./app/(app)/dashboard/page.tsx [Server Component]

  Client Component SSR:
    ./src/modules/cases/engineer-dashboard.tsx [Client Component SSR]
    ./app/(app)/dashboard/page.tsx [Client Component SSR]
    ./app/(app)/dashboard/page.tsx [Server Component] @ http://localhost:3000/_next/static/chunks/node_modules_next_dist_1gdrd03._.js:1945
[ 2926302ms] [LOG] [Fast Refresh] rebuilding @ http://localhost:3000/_next/static/chunks/node_modules_next_dist_1gdrd03._.js:1226
[ 2926416ms] [ERROR] ./src/modules/cases/engineer-dashboard.tsx:268:10
the name `CertificationCard` is defined multiple times
  266 | }
  267 |
> 268 | function CertificationCard({ level, years }: { level?: CertificationLevel; years?: number }) {
      |          ^^^^^^^^^^^^^^^^^
  269 |   return (
  270 |     <div className="h-full rounded-xl border bg-card p-3 shadow-sm transition-shadow hover:shadow-md">
  271 |       <div className="flex h-full items-start justify-between gap-3">

Ecmascript file had an error

Import traces:
  Client Component Browser:
    ./src/modules/cases/engineer-dashboard.tsx [Client Component Browser]
    ./app/(app)/dashboard/page.tsx [Client Component Browser]
    ./app/(app)/dashboard/page.tsx [Server Component]

  Client Component SSR:
    ./src/modules/cases/engineer-dashboard.tsx [Client Component SSR]
    ./app/(app)/dashboard/page.tsx [Client Component SSR]
    ./app/(app)/dashboard/page.tsx [Server Component] @ http://localhost:3000/_next/static/chunks/node_modules_next_dist_1gdrd03._.js:1945
[ 2926442ms] [LOG] [Fast Refresh] rebuilding @ http://localhost:3000/_next/static/chunks/node_modules_next_dist_1gdrd03._.js:1226
[ 2926523ms] [ERROR] ./src/modules/cases/engineer-dashboard.tsx:268:10
the name `CertificationCard` is defined multiple times
  266 | }
  267 |
> 268 | function CertificationCard({ level, years }: { level?: CertificationLevel; years?: number }) {
      |          ^^^^^^^^^^^^^^^^^
  269 |   return (
  270 |     <div className="h-full rounded-xl border bg-card p-3 shadow-sm transition-shadow hover:shadow-md">
  271 |       <div className="flex h-full items-start justify-between gap-3">

Ecmascript file had an error

Import traces:
  Client Component Browser:
    ./src/modules/cases/engineer-dashboard.tsx [Client Component Browser]
    ./app/(app)/dashboard/page.tsx [Client Component Browser]
    ./app/(app)/dashboard/page.tsx [Server Component]

  Client Component SSR:
    ./src/modules/cases/engineer-dashboard.tsx [Client Component SSR]
    ./app/(app)/dashboard/page.tsx [Client Component SSR]
    ./app/(app)/dashboard/page.tsx [Server Component] @ http://localhost:3000/_next/static/chunks/node_modules_next_dist_1gdrd03._.js:1945
[ 2926618ms] [ERROR] ./src/modules/cases/engineer-dashboard.tsx:268:10
the name `CertificationCard` is defined multiple times
  266 | }
  267 |
> 268 | function CertificationCard({ level, years }: { level?: CertificationLevel; years?: number }) {
      |          ^^^^^^^^^^^^^^^^^
  269 |   return (
  270 |     <div className="h-full rounded-xl border bg-card p-3 shadow-sm transition-shadow hover:shadow-md">
  271 |       <div className="flex h-full items-start justify-between gap-3">

Ecmascript file had an error

Import traces:
  Client Component Browser:
    ./src/modules/cases/engineer-dashboard.tsx [Client Component Browser]
    ./app/(app)/dashboard/page.tsx [Client Component Browser]
    ./app/(app)/dashboard/page.tsx [Server Component]

  Client Component SSR:
    ./src/modules/cases/engineer-dashboard.tsx [Client Component SSR]
    ./app/(app)/dashboard/page.tsx [Client Component SSR]
    ./app/(app)/dashboard/page.tsx [Server Component] @ http://localhost:3000/_next/static/chunks/node_modules_next_dist_1gdrd03._.js:1945
[ 2926713ms] [ERROR] ./src/modules/cases/engineer-dashboard.tsx:268:10
the name `CertificationCard` is defined multiple times
  266 | }
  267 |
> 268 | function CertificationCard({ level, years }: { level?: CertificationLevel; years?: number }) {
      |          ^^^^^^^^^^^^^^^^^
  269 |   return (
  270 |     <div className="h-full rounded-xl border bg-card p-3 shadow-sm transition-shadow hover:shadow-md">
  271 |       <div className="flex h-full items-start justify-between gap-3">

Ecmascript file had an error

Import traces:
  Client Component Browser:
    ./src/modules/cases/engineer-dashboard.tsx [Client Component Browser]
    ./app/(app)/dashboard/page.tsx [Client Component Browser]
    ./app/(app)/dashboard/page.tsx [Server Component]

  Client Component SSR:
    ./src/modules/cases/engineer-dashboard.tsx [Client Component SSR]
    ./app/(app)/dashboard/page.tsx [Client Component SSR]
    ./app/(app)/dashboard/page.tsx [Server Component] @ http://localhost:3000/_next/static/chunks/node_modules_next_dist_1gdrd03._.js:1945
[ 2926805ms] [ERROR] ./src/modules/cases/engineer-dashboard.tsx:268:10
the name `CertificationCard` is defined multiple times
  266 | }
  267 |
> 268 | function CertificationCard({ level, years }: { level?: CertificationLevel; years?: number }) {
      |          ^^^^^^^^^^^^^^^^^
  269 |   return (
  270 |     <div className="h-full rounded-xl border bg-card p-3 shadow-sm transition-shadow hover:shadow-md">
  271 |       <div className="flex h-full items-start justify-between gap-3">

Ecmascript file had an error

Import traces:
  Client Component Browser:
    ./src/modules/cases/engineer-dashboard.tsx [Client Component Browser]
    ./app/(app)/dashboard/page.tsx [Client Component Browser]
    ./app/(app)/dashboard/page.tsx [Server Component]

  Client Component SSR:
    ./src/modules/cases/engineer-dashboard.tsx [Client Component SSR]
    ./app/(app)/dashboard/page.tsx [Client Component SSR]
    ./app/(app)/dashboard/page.tsx [Server Component] @ http://localhost:3000/_next/static/chunks/node_modules_next_dist_1gdrd03._.js:1945
[ 2926899ms] [ERROR] ./src/modules/cases/engineer-dashboard.tsx:268:10
the name `CertificationCard` is defined multiple times
  266 | }
  267 |
> 268 | function CertificationCard({ level, years }: { level?: CertificationLevel; years?: number }) {
      |          ^^^^^^^^^^^^^^^^^
  269 |   return (
  270 |     <div className="h-full rounded-xl border bg-card p-3 shadow-sm transition-shadow hover:shadow-md">
  271 |       <div className="flex h-full items-start justify-between gap-3">

Ecmascript file had an error

Import traces:
  Client Component Browser:
    ./src/modules/cases/engineer-dashboard.tsx [Client Component Browser]
    ./app/(app)/dashboard/page.tsx [Client Component Browser]
    ./app/(app)/dashboard/page.tsx [Server Component]

  Client Component SSR:
    ./src/modules/cases/engineer-dashboard.tsx [Client Component SSR]
    ./app/(app)/dashboard/page.tsx [Client Component SSR]
    ./app/(app)/dashboard/page.tsx [Server Component] @ http://localhost:3000/_next/static/chunks/node_modules_next_dist_1gdrd03._.js:1945
[ 2926945ms] [LOG] [Fast Refresh] rebuilding @ http://localhost:3000/_next/static/chunks/node_modules_next_dist_1gdrd03._.js:1226
[ 2927025ms] [ERROR] ./src/modules/cases/engineer-dashboard.tsx:268:10
the name `CertificationCard` is defined multiple times
  266 | }
  267 |
> 268 | function CertificationCard({ level, years }: { level?: CertificationLevel; years?: number }) {
      |          ^^^^^^^^^^^^^^^^^
  269 |   return (
  270 |     <div className="h-full rounded-xl border bg-card p-3 shadow-sm transition-shadow hover:shadow-md">
  271 |       <div className="flex h-full items-start justify-between gap-3">

Ecmascript file had an error

Import traces:
  Client Component Browser:
    ./src/modules/cases/engineer-dashboard.tsx [Client Component Browser]
    ./app/(app)/dashboard/page.tsx [Client Component Browser]
    ./app/(app)/dashboard/page.tsx [Server Component]

  Client Component SSR:
    ./src/modules/cases/engineer-dashboard.tsx [Client Component SSR]
    ./app/(app)/dashboard/page.tsx [Client Component SSR]
    ./app/(app)/dashboard/page.tsx [Server Component] @ http://localhost:3000/_next/static/chunks/node_modules_next_dist_1gdrd03._.js:1945
[ 2927055ms] [LOG] [Fast Refresh] rebuilding @ http://localhost:3000/_next/static/chunks/node_modules_next_dist_1gdrd03._.js:1226
[ 2927142ms] [ERROR] ./src/modules/cases/engineer-dashboard.tsx:268:10
the name `CertificationCard` is defined multiple times
  266 | }
  267 |
> 268 | function CertificationCard({ level, years }: { level?: CertificationLevel; years?: number }) {
      |          ^^^^^^^^^^^^^^^^^
  269 |   return (
  270 |     <div className="h-full rounded-xl border bg-card p-3 shadow-sm transition-shadow hover:shadow-md">
  271 |       <div className="flex h-full items-start justify-between gap-3">

Ecmascript file had an error

Import traces:
  Client Component Browser:
    ./src/modules/cases/engineer-dashboard.tsx [Client Component Browser]
    ./app/(app)/dashboard/page.tsx [Client Component Browser]
    ./app/(app)/dashboard/page.tsx [Server Component]

  Client Component SSR:
    ./src/modules/cases/engineer-dashboard.tsx [Client Component SSR]
    ./app/(app)/dashboard/page.tsx [Client Component SSR]
    ./app/(app)/dashboard/page.tsx [Server Component] @ http://localhost:3000/_next/static/chunks/node_modules_next_dist_1gdrd03._.js:1945
[ 2927177ms] [LOG] [Fast Refresh] rebuilding @ http://localhost:3000/_next/static/chunks/node_modules_next_dist_1gdrd03._.js:1226
[ 2927233ms] [ERROR] ./src/modules/cases/engineer-dashboard.tsx:268:10
the name `CertificationCard` is defined multiple times
  266 | }
  267 |
> 268 | function CertificationCard({ level, years }: { level?: CertificationLevel; years?: number }) {
      |          ^^^^^^^^^^^^^^^^^
  269 |   return (
  270 |     <div className="h-full rounded-xl border bg-card p-3 shadow-sm transition-shadow hover:shadow-md">
  271 |       <div className="flex h-full items-start justify-between gap-3">

Ecmascript file had an error

Import traces:
  Client Component Browser:
    ./src/modules/cases/engineer-dashboard.tsx [Client Component Browser]
    ./app/(app)/dashboard/page.tsx [Client Component Browser]
    ./app/(app)/dashboard/page.tsx [Server Component]

  Client Component SSR:
    ./src/modules/cases/engineer-dashboard.tsx [Client Component SSR]
    ./app/(app)/dashboard/page.tsx [Client Component SSR]
    ./app/(app)/dashboard/page.tsx [Server Component] @ http://localhost:3000/_next/static/chunks/node_modules_next_dist_1gdrd03._.js:1945
[ 2927273ms] [ERROR] ./src/modules/cases/engineer-dashboard.tsx:268:10
the name `CertificationCard` is defined multiple times
  266 | }
  267 |
> 268 | function CertificationCard({ level, years }: { level?: CertificationLevel; years?: number }) {
      |          ^^^^^^^^^^^^^^^^^
  269 |   return (
  270 |     <div className="h-full rounded-xl border bg-card p-3 shadow-sm transition-shadow hover:shadow-md">
  271 |       <div className="flex h-full items-start justify-between gap-3">

Ecmascript file had an error

Import traces:
  Client Component Browser:
    ./src/modules/cases/engineer-dashboard.tsx [Client Component Browser]
    ./app/(app)/dashboard/page.tsx [Client Component Browser]
    ./app/(app)/dashboard/page.tsx [Server Component]

  Client Component SSR:
    ./src/modules/cases/engineer-dashboard.tsx [Client Component SSR]
    ./app/(app)/dashboard/page.tsx [Client Component SSR]
    ./app/(app)/dashboard/page.tsx [Server Component] @ http://localhost:3000/_next/static/chunks/node_modules_next_dist_1gdrd03._.js:1945
[ 2927321ms] [ERROR] ./src/modules/cases/engineer-dashboard.tsx:268:10
the name `CertificationCard` is defined multiple times
  266 | }
  267 |
> 268 | function CertificationCard({ level, years }: { level?: CertificationLevel; years?: number }) {
      |          ^^^^^^^^^^^^^^^^^
  269 |   return (
  270 |     <div className="h-full rounded-xl border bg-card p-3 shadow-sm transition-shadow hover:shadow-md">
  271 |       <div className="flex h-full items-start justify-between gap-3">

Ecmascript file had an error

Import traces:
  Client Component Browser:
    ./src/modules/cases/engineer-dashboard.tsx [Client Component Browser]
    ./app/(app)/dashboard/page.tsx [Client Component Browser]
    ./app/(app)/dashboard/page.tsx [Server Component]

  Client Component SSR:
    ./src/modules/cases/engineer-dashboard.tsx [Client Component SSR]
    ./app/(app)/dashboard/page.tsx [Client Component SSR]
    ./app/(app)/dashboard/page.tsx [Server Component] @ http://localhost:3000/_next/static/chunks/node_modules_next_dist_1gdrd03._.js:1945
[ 2927368ms] [ERROR] ./src/modules/cases/engineer-dashboard.tsx:268:10
the name `CertificationCard` is defined multiple times
  266 | }
  267 |
> 268 | function CertificationCard({ level, years }: { level?: CertificationLevel; years?: number }) {
      |          ^^^^^^^^^^^^^^^^^
  269 |   return (
  270 |     <div className="h-full rounded-xl border bg-card p-3 shadow-sm transition-shadow hover:shadow-md">
  271 |       <div className="flex h-full items-start justify-between gap-3">

Ecmascript file had an error

Import traces:
  Client Component Browser:
    ./src/modules/cases/engineer-dashboard.tsx [Client Component Browser]
    ./app/(app)/dashboard/page.tsx [Client Component Browser]
    ./app/(app)/dashboard/page.tsx [Server Component]

  Client Component SSR:
    ./src/modules/cases/engineer-dashboard.tsx [Client Component SSR]
    ./app/(app)/dashboard/page.tsx [Client Component SSR]
    ./app/(app)/dashboard/page.tsx [Server Component] @ http://localhost:3000/_next/static/chunks/node_modules_next_dist_1gdrd03._.js:1945
[ 2927413ms] [ERROR] ./src/modules/cases/engineer-dashboard.tsx:268:10
the name `CertificationCard` is defined multiple times
  266 | }
  267 |
> 268 | function CertificationCard({ level, years }: { level?: CertificationLevel; years?: number }) {
      |          ^^^^^^^^^^^^^^^^^
  269 |   return (
  270 |     <div className="h-full rounded-xl border bg-card p-3 shadow-sm transition-shadow hover:shadow-md">
  271 |       <div className="flex h-full items-start justify-between gap-3">

Ecmascript file had an error

Import traces:
  Client Component Browser:
    ./src/modules/cases/engineer-dashboard.tsx [Client Component Browser]
    ./app/(app)/dashboard/page.tsx [Client Component Browser]
    ./app/(app)/dashboard/page.tsx [Server Component]

  Client Component SSR:
    ./src/modules/cases/engineer-dashboard.tsx [Client Component SSR]
    ./app/(app)/dashboard/page.tsx [Client Component SSR]
    ./app/(app)/dashboard/page.tsx [Server Component] @ http://localhost:3000/_next/static/chunks/node_modules_next_dist_1gdrd03._.js:1945
[ 2927505ms] [ERROR] ./src/modules/cases/engineer-dashboard.tsx:268:10
the name `CertificationCard` is defined multiple times
  266 | }
  267 |
> 268 | function CertificationCard({ level, years }: { level?: CertificationLevel; years?: number }) {
      |          ^^^^^^^^^^^^^^^^^
  269 |   return (
  270 |     <div className="h-full rounded-xl border bg-card p-3 shadow-sm transition-shadow hover:shadow-md">
  271 |       <div className="flex h-full items-start justify-between gap-3">

Ecmascript file had an error

Import traces:
  Client Component Browser:
    ./src/modules/cases/engineer-dashboard.tsx [Client Component Browser]
    ./app/(app)/dashboard/page.tsx [Client Component Browser]
    ./app/(app)/dashboard/page.tsx [Server Component]

  Client Component SSR:
    ./src/modules/cases/engineer-dashboard.tsx [Client Component SSR]
    ./app/(app)/dashboard/page.tsx [Client Component SSR]
    ./app/(app)/dashboard/page.tsx [Server Component] @ http://localhost:3000/_next/static/chunks/node_modules_next_dist_1gdrd03._.js:1945
[ 2927519ms] [LOG] [Fast Refresh] rebuilding @ http://localhost:3000/_next/static/chunks/node_modules_next_dist_1gdrd03._.js:1226
[ 2927645ms] [ERROR] ./src/modules/cases/engineer-dashboard.tsx:268:10
the name `CertificationCard` is defined multiple times
  266 | }
  267 |
> 268 | function CertificationCard({ level, years }: { level?: CertificationLevel; years?: number }) {
      |          ^^^^^^^^^^^^^^^^^
  269 |   return (
  270 |     <div className="h-full rounded-xl border bg-card p-3 shadow-sm transition-shadow hover:shadow-md">
  271 |       <div className="flex h-full items-start justify-between gap-3">

Ecmascript file had an error

Import traces:
  Client Component Browser:
    ./src/modules/cases/engineer-dashboard.tsx [Client Component Browser]
    ./app/(app)/dashboard/page.tsx [Client Component Browser]
    ./app/(app)/dashboard/page.tsx [Server Component]

  Client Component SSR:
    ./src/modules/cases/engineer-dashboard.tsx [Client Component SSR]
    ./app/(app)/dashboard/page.tsx [Client Component SSR]
    ./app/(app)/dashboard/page.tsx [Server Component] @ http://localhost:3000/_next/static/chunks/node_modules_next_dist_1gdrd03._.js:1945
[ 2927658ms] [LOG] [Fast Refresh] rebuilding @ http://localhost:3000/_next/static/chunks/node_modules_next_dist_1gdrd03._.js:1226
[ 2927741ms] [ERROR] ./src/modules/cases/engineer-dashboard.tsx:268:10
the name `CertificationCard` is defined multiple times
  266 | }
  267 |
> 268 | function CertificationCard({ level, years }: { level?: CertificationLevel; years?: number }) {
      |          ^^^^^^^^^^^^^^^^^
  269 |   return (
  270 |     <div className="h-full rounded-xl border bg-card p-3 shadow-sm transition-shadow hover:shadow-md">
  271 |       <div className="flex h-full items-start justify-between gap-3">

Ecmascript file had an error

Import traces:
  Client Component Browser:
    ./src/modules/cases/engineer-dashboard.tsx [Client Component Browser]
    ./app/(app)/dashboard/page.tsx [Client Component Browser]
    ./app/(app)/dashboard/page.tsx [Server Component]

  Client Component SSR:
    ./src/modules/cases/engineer-dashboard.tsx [Client Component SSR]
    ./app/(app)/dashboard/page.tsx [Client Component SSR]
    ./app/(app)/dashboard/page.tsx [Server Component] @ http://localhost:3000/_next/static/chunks/node_modules_next_dist_1gdrd03._.js:1945
[ 2927844ms] [LOG] [Fast Refresh] rebuilding @ http://localhost:3000/_next/static/chunks/node_modules_next_dist_1gdrd03._.js:1226
[ 2927845ms] [ERROR] ./src/modules/cases/engineer-dashboard.tsx:268:10
the name `CertificationCard` is defined multiple times
  266 | }
  267 |
> 268 | function CertificationCard({ level, years }: { level?: CertificationLevel; years?: number }) {
      |          ^^^^^^^^^^^^^^^^^
  269 |   return (
  270 |     <div className="h-full rounded-xl border bg-card p-3 shadow-sm transition-shadow hover:shadow-md">
  271 |       <div className="flex h-full items-start justify-between gap-3">

Ecmascript file had an error

Import traces:
  Client Component Browser:
    ./src/modules/cases/engineer-dashboard.tsx [Client Component Browser]
    ./app/(app)/dashboard/page.tsx [Client Component Browser]
    ./app/(app)/dashboard/page.tsx [Server Component]

  Client Component SSR:
    ./src/modules/cases/engineer-dashboard.tsx [Client Component SSR]
    ./app/(app)/dashboard/page.tsx [Client Component SSR]
    ./app/(app)/dashboard/page.tsx [Server Component] @ http://localhost:3000/_next/static/chunks/node_modules_next_dist_1gdrd03._.js:1945
[ 2927946ms] [ERROR] ./src/modules/cases/engineer-dashboard.tsx:268:10
the name `CertificationCard` is defined multiple times
  266 | }
  267 |
> 268 | function CertificationCard({ level, years }: { level?: CertificationLevel; years?: number }) {
      |          ^^^^^^^^^^^^^^^^^
  269 |   return (
  270 |     <div className="h-full rounded-xl border bg-card p-3 shadow-sm transition-shadow hover:shadow-md">
  271 |       <div className="flex h-full items-start justify-between gap-3">

Ecmascript file had an error

Import traces:
  Client Component Browser:
    ./src/modules/cases/engineer-dashboard.tsx [Client Component Browser]
    ./app/(app)/dashboard/page.tsx [Client Component Browser]
    ./app/(app)/dashboard/page.tsx [Server Component]

  Client Component SSR:
    ./src/modules/cases/engineer-dashboard.tsx [Client Component SSR]
    ./app/(app)/dashboard/page.tsx [Client Component SSR]
    ./app/(app)/dashboard/page.tsx [Server Component] @ http://localhost:3000/_next/static/chunks/node_modules_next_dist_1gdrd03._.js:1945
[ 2928035ms] [ERROR] ./src/modules/cases/engineer-dashboard.tsx:268:10
the name `CertificationCard` is defined multiple times
  266 | }
  267 |
> 268 | function CertificationCard({ level, years }: { level?: CertificationLevel; years?: number }) {
      |          ^^^^^^^^^^^^^^^^^
  269 |   return (
  270 |     <div className="h-full rounded-xl border bg-card p-3 shadow-sm transition-shadow hover:shadow-md">
  271 |       <div className="flex h-full items-start justify-between gap-3">

Ecmascript file had an error

Import traces:
  Client Component Browser:
    ./src/modules/cases/engineer-dashboard.tsx [Client Component Browser]
    ./app/(app)/dashboard/page.tsx [Client Component Browser]
    ./app/(app)/dashboard/page.tsx [Server Component]

  Client Component SSR:
    ./src/modules/cases/engineer-dashboard.tsx [Client Component SSR]
    ./app/(app)/dashboard/page.tsx [Client Component SSR]
    ./app/(app)/dashboard/page.tsx [Server Component] @ http://localhost:3000/_next/static/chunks/node_modules_next_dist_1gdrd03._.js:1945
[ 2928050ms] [LOG] [Fast Refresh] rebuilding @ http://localhost:3000/_next/static/chunks/node_modules_next_dist_1gdrd03._.js:1226
[ 2928131ms] [ERROR] ./src/modules/cases/engineer-dashboard.tsx:268:10
the name `CertificationCard` is defined multiple times
  266 | }
  267 |
> 268 | function CertificationCard({ level, years }: { level?: CertificationLevel; years?: number }) {
      |          ^^^^^^^^^^^^^^^^^
  269 |   return (
  270 |     <div className="h-full rounded-xl border bg-card p-3 shadow-sm transition-shadow hover:shadow-md">
  271 |       <div className="flex h-full items-start justify-between gap-3">

Ecmascript file had an error

Import traces:
  Client Component Browser:
    ./src/modules/cases/engineer-dashboard.tsx [Client Component Browser]
    ./app/(app)/dashboard/page.tsx [Client Component Browser]
    ./app/(app)/dashboard/page.tsx [Server Component]

  Client Component SSR:
    ./src/modules/cases/engineer-dashboard.tsx [Client Component SSR]
    ./app/(app)/dashboard/page.tsx [Client Component SSR]
    ./app/(app)/dashboard/page.tsx [Server Component] @ http://localhost:3000/_next/static/chunks/node_modules_next_dist_1gdrd03._.js:1945
[ 2928183ms] [ERROR] ./src/modules/cases/engineer-dashboard.tsx:268:10
the name `CertificationCard` is defined multiple times
  266 | }
  267 |
> 268 | function CertificationCard({ level, years }: { level?: CertificationLevel; years?: number }) {
      |          ^^^^^^^^^^^^^^^^^
  269 |   return (
  270 |     <div className="h-full rounded-xl border bg-card p-3 shadow-sm transition-shadow hover:shadow-md">
  271 |       <div className="flex h-full items-start justify-between gap-3">

Ecmascript file had an error

Import traces:
  Client Component Browser:
    ./src/modules/cases/engineer-dashboard.tsx [Client Component Browser]
    ./app/(app)/dashboard/page.tsx [Client Component Browser]
    ./app/(app)/dashboard/page.tsx [Server Component]

  Client Component SSR:
    ./src/modules/cases/engineer-dashboard.tsx [Client Component SSR]
    ./app/(app)/dashboard/page.tsx [Client Component SSR]
    ./app/(app)/dashboard/page.tsx [Server Component] @ http://localhost:3000/_next/static/chunks/node_modules_next_dist_1gdrd03._.js:1945
[ 2928258ms] [ERROR] ./src/modules/cases/engineer-dashboard.tsx:268:10
the name `CertificationCard` is defined multiple times
  266 | }
  267 |
> 268 | function CertificationCard({ level, years }: { level?: CertificationLevel; years?: number }) {
      |          ^^^^^^^^^^^^^^^^^
  269 |   return (
  270 |     <div className="h-full rounded-xl border bg-card p-3 shadow-sm transition-shadow hover:shadow-md">
  271 |       <div className="flex h-full items-start justify-between gap-3">

Ecmascript file had an error

Import traces:
  Client Component Browser:
    ./src/modules/cases/engineer-dashboard.tsx [Client Component Browser]
    ./app/(app)/dashboard/page.tsx [Client Component Browser]
    ./app/(app)/dashboard/page.tsx [Server Component]

  Client Component SSR:
    ./src/modules/cases/engineer-dashboard.tsx [Client Component SSR]
    ./app/(app)/dashboard/page.tsx [Client Component SSR]
    ./app/(app)/dashboard/page.tsx [Server Component] @ http://localhost:3000/_next/static/chunks/node_modules_next_dist_1gdrd03._.js:1945
[ 2928314ms] [ERROR] ./src/modules/cases/engineer-dashboard.tsx:268:10
the name `CertificationCard` is defined multiple times
  266 | }
  267 |
> 268 | function CertificationCard({ level, years }: { level?: CertificationLevel; years?: number }) {
      |          ^^^^^^^^^^^^^^^^^
  269 |   return (
  270 |     <div className="h-full rounded-xl border bg-card p-3 shadow-sm transition-shadow hover:shadow-md">
  271 |       <div className="flex h-full items-start justify-between gap-3">

Ecmascript file had an error

Import traces:
  Client Component Browser:
    ./src/modules/cases/engineer-dashboard.tsx [Client Component Browser]
    ./app/(app)/dashboard/page.tsx [Client Component Browser]
    ./app/(app)/dashboard/page.tsx [Server Component]

  Client Component SSR:
    ./src/modules/cases/engineer-dashboard.tsx [Client Component SSR]
    ./app/(app)/dashboard/page.tsx [Client Component SSR]
    ./app/(app)/dashboard/page.tsx [Server Component] @ http://localhost:3000/_next/static/chunks/node_modules_next_dist_1gdrd03._.js:1945
[ 2928397ms] [ERROR] ./src/modules/cases/engineer-dashboard.tsx:268:10
the name `CertificationCard` is defined multiple times
  266 | }
  267 |
> 268 | function CertificationCard({ level, years }: { level?: CertificationLevel; years?: number }) {
      |          ^^^^^^^^^^^^^^^^^
  269 |   return (
  270 |     <div className="h-full rounded-xl border bg-card p-3 shadow-sm transition-shadow hover:shadow-md">
  271 |       <div className="flex h-full items-start justify-between gap-3">

Ecmascript file had an error

Import traces:
  Client Component Browser:
    ./src/modules/cases/engineer-dashboard.tsx [Client Component Browser]
    ./app/(app)/dashboard/page.tsx [Client Component Browser]
    ./app/(app)/dashboard/page.tsx [Server Component]

  Client Component SSR:
    ./src/modules/cases/engineer-dashboard.tsx [Client Component SSR]
    ./app/(app)/dashboard/page.tsx [Client Component SSR]
    ./app/(app)/dashboard/page.tsx [Server Component] @ http://localhost:3000/_next/static/chunks/node_modules_next_dist_1gdrd03._.js:1945
[ 2928442ms] [LOG] [Fast Refresh] rebuilding @ http://localhost:3000/_next/static/chunks/node_modules_next_dist_1gdrd03._.js:1226
[ 2928580ms] [LOG] [Fast Refresh] rebuilding @ http://localhost:3000/_next/static/chunks/node_modules_next_dist_1gdrd03._.js:1226
[ 2928584ms] [ERROR] ./src/modules/cases/engineer-dashboard.tsx:268:10
the name `CertificationCard` is defined multiple times
  266 | }
  267 |
> 268 | function CertificationCard({ level, years }: { level?: CertificationLevel; years?: number }) {
      |          ^^^^^^^^^^^^^^^^^
  269 |   return (
  270 |     <div className="h-full rounded-xl border bg-card p-3 shadow-sm transition-shadow hover:shadow-md">
  271 |       <div className="flex h-full items-start justify-between gap-3">

Ecmascript file had an error

Import traces:
  Client Component Browser:
    ./src/modules/cases/engineer-dashboard.tsx [Client Component Browser]
    ./app/(app)/dashboard/page.tsx [Client Component Browser]
    ./app/(app)/dashboard/page.tsx [Server Component]

  Client Component SSR:
    ./src/modules/cases/engineer-dashboard.tsx [Client Component SSR]
    ./app/(app)/dashboard/page.tsx [Client Component SSR]
    ./app/(app)/dashboard/page.tsx [Server Component] @ http://localhost:3000/_next/static/chunks/node_modules_next_dist_1gdrd03._.js:1945
[ 2928683ms] [ERROR] ./src/modules/cases/engineer-dashboard.tsx:268:10
the name `CertificationCard` is defined multiple times
  266 | }
  267 |
> 268 | function CertificationCard({ level, years }: { level?: CertificationLevel; years?: number }) {
      |          ^^^^^^^^^^^^^^^^^
  269 |   return (
  270 |     <div className="h-full rounded-xl border bg-card p-3 shadow-sm transition-shadow hover:shadow-md">
  271 |       <div className="flex h-full items-start justify-between gap-3">

Ecmascript file had an error

Import traces:
  Client Component Browser:
    ./src/modules/cases/engineer-dashboard.tsx [Client Component Browser]
    ./app/(app)/dashboard/page.tsx [Client Component Browser]
    ./app/(app)/dashboard/page.tsx [Server Component]

  Client Component SSR:
    ./src/modules/cases/engineer-dashboard.tsx [Client Component SSR]
    ./app/(app)/dashboard/page.tsx [Client Component SSR]
    ./app/(app)/dashboard/page.tsx [Server Component] @ http://localhost:3000/_next/static/chunks/node_modules_next_dist_1gdrd03._.js:1945
[ 2928791ms] [ERROR] ./src/modules/cases/engineer-dashboard.tsx:268:10
the name `CertificationCard` is defined multiple times
  266 | }
  267 |
> 268 | function CertificationCard({ level, years }: { level?: CertificationLevel; years?: number }) {
      |          ^^^^^^^^^^^^^^^^^
  269 |   return (
  270 |     <div className="h-full rounded-xl border bg-card p-3 shadow-sm transition-shadow hover:shadow-md">
  271 |       <div className="flex h-full items-start justify-between gap-3">

Ecmascript file had an error

Import traces:
  Client Component Browser:
    ./src/modules/cases/engineer-dashboard.tsx [Client Component Browser]
    ./app/(app)/dashboard/page.tsx [Client Component Browser]
    ./app/(app)/dashboard/page.tsx [Server Component]

  Client Component SSR:
    ./src/modules/cases/engineer-dashboard.tsx [Client Component SSR]
    ./app/(app)/dashboard/page.tsx [Client Component SSR]
    ./app/(app)/dashboard/page.tsx [Server Component] @ http://localhost:3000/_next/static/chunks/node_modules_next_dist_1gdrd03._.js:1945
[ 2928884ms] [ERROR] ./src/modules/cases/engineer-dashboard.tsx:268:10
the name `CertificationCard` is defined multiple times
  266 | }
  267 |
> 268 | function CertificationCard({ level, years }: { level?: CertificationLevel; years?: number }) {
      |          ^^^^^^^^^^^^^^^^^
  269 |   return (
  270 |     <div className="h-full rounded-xl border bg-card p-3 shadow-sm transition-shadow hover:shadow-md">
  271 |       <div className="flex h-full items-start justify-between gap-3">

Ecmascript file had an error

Import traces:
  Client Component Browser:
    ./src/modules/cases/engineer-dashboard.tsx [Client Component Browser]
    ./app/(app)/dashboard/page.tsx [Client Component Browser]
    ./app/(app)/dashboard/page.tsx [Server Component]

  Client Component SSR:
    ./src/modules/cases/engineer-dashboard.tsx [Client Component SSR]
    ./app/(app)/dashboard/page.tsx [Client Component SSR]
    ./app/(app)/dashboard/page.tsx [Server Component] @ http://localhost:3000/_next/static/chunks/node_modules_next_dist_1gdrd03._.js:1945
[ 2928974ms] [ERROR] ./src/modules/cases/engineer-dashboard.tsx:268:10
the name `CertificationCard` is defined multiple times
  266 | }
  267 |
> 268 | function CertificationCard({ level, years }: { level?: CertificationLevel; years?: number }) {
      |          ^^^^^^^^^^^^^^^^^
  269 |   return (
  270 |     <div className="h-full rounded-xl border bg-card p-3 shadow-sm transition-shadow hover:shadow-md">
  271 |       <div className="flex h-full items-start justify-between gap-3">

Ecmascript file had an error

Import traces:
  Client Component Browser:
    ./src/modules/cases/engineer-dashboard.tsx [Client Component Browser]
    ./app/(app)/dashboard/page.tsx [Client Component Browser]
    ./app/(app)/dashboard/page.tsx [Server Component]

  Client Component SSR:
    ./src/modules/cases/engineer-dashboard.tsx [Client Component SSR]
    ./app/(app)/dashboard/page.tsx [Client Component SSR]
    ./app/(app)/dashboard/page.tsx [Server Component] @ http://localhost:3000/_next/static/chunks/node_modules_next_dist_1gdrd03._.js:1945
[ 2929069ms] [ERROR] ./src/modules/cases/engineer-dashboard.tsx:268:10
the name `CertificationCard` is defined multiple times
  266 | }
  267 |
> 268 | function CertificationCard({ level, years }: { level?: CertificationLevel; years?: number }) {
      |          ^^^^^^^^^^^^^^^^^
  269 |   return (
  270 |     <div className="h-full rounded-xl border bg-card p-3 shadow-sm transition-shadow hover:shadow-md">
  271 |       <div className="flex h-full items-start justify-between gap-3">

Ecmascript file had an error

Import traces:
  Client Component Browser:
    ./src/modules/cases/engineer-dashboard.tsx [Client Component Browser]
    ./app/(app)/dashboard/page.tsx [Client Component Browser]
    ./app/(app)/dashboard/page.tsx [Server Component]

  Client Component SSR:
    ./src/modules/cases/engineer-dashboard.tsx [Client Component SSR]
    ./app/(app)/dashboard/page.tsx [Client Component SSR]
    ./app/(app)/dashboard/page.tsx [Server Component] @ http://localhost:3000/_next/static/chunks/node_modules_next_dist_1gdrd03._.js:1945
[ 2929164ms] [ERROR] ./src/modules/cases/engineer-dashboard.tsx:268:10
the name `CertificationCard` is defined multiple times
  266 | }
  267 |
> 268 | function CertificationCard({ level, years }: { level?: CertificationLevel; years?: number }) {
      |          ^^^^^^^^^^^^^^^^^
  269 |   return (
  270 |     <div className="h-full rounded-xl border bg-card p-3 shadow-sm transition-shadow hover:shadow-md">
  271 |       <div className="flex h-full items-start justify-between gap-3">

Ecmascript file had an error

Import traces:
  Client Component Browser:
    ./src/modules/cases/engineer-dashboard.tsx [Client Component Browser]
    ./app/(app)/dashboard/page.tsx [Client Component Browser]
    ./app/(app)/dashboard/page.tsx [Server Component]

  Client Component SSR:
    ./src/modules/cases/engineer-dashboard.tsx [Client Component SSR]
    ./app/(app)/dashboard/page.tsx [Client Component SSR]
    ./app/(app)/dashboard/page.tsx [Server Component] @ http://localhost:3000/_next/static/chunks/node_modules_next_dist_1gdrd03._.js:1945
[ 2929257ms] [ERROR] ./src/modules/cases/engineer-dashboard.tsx:268:10
the name `CertificationCard` is defined multiple times
  266 | }
  267 |
> 268 | function CertificationCard({ level, years }: { level?: CertificationLevel; years?: number }) {
      |          ^^^^^^^^^^^^^^^^^
  269 |   return (
  270 |     <div className="h-full rounded-xl border bg-card p-3 shadow-sm transition-shadow hover:shadow-md">
  271 |       <div className="flex h-full items-start justify-between gap-3">

Ecmascript file had an error

Import traces:
  Client Component Browser:
    ./src/modules/cases/engineer-dashboard.tsx [Client Component Browser]
    ./app/(app)/dashboard/page.tsx [Client Component Browser]
    ./app/(app)/dashboard/page.tsx [Server Component]

  Client Component SSR:
    ./src/modules/cases/engineer-dashboard.tsx [Client Component SSR]
    ./app/(app)/dashboard/page.tsx [Client Component SSR]
    ./app/(app)/dashboard/page.tsx [Server Component] @ http://localhost:3000/_next/static/chunks/node_modules_next_dist_1gdrd03._.js:1945
[ 2929351ms] [ERROR] ./src/modules/cases/engineer-dashboard.tsx:268:10
the name `CertificationCard` is defined multiple times
  266 | }
  267 |
> 268 | function CertificationCard({ level, years }: { level?: CertificationLevel; years?: number }) {
      |          ^^^^^^^^^^^^^^^^^
  269 |   return (
  270 |     <div className="h-full rounded-xl border bg-card p-3 shadow-sm transition-shadow hover:shadow-md">
  271 |       <div className="flex h-full items-start justify-between gap-3">

Ecmascript file had an error

Import traces:
  Client Component Browser:
    ./src/modules/cases/engineer-dashboard.tsx [Client Component Browser]
    ./app/(app)/dashboard/page.tsx [Client Component Browser]
    ./app/(app)/dashboard/page.tsx [Server Component]

  Client Component SSR:
    ./src/modules/cases/engineer-dashboard.tsx [Client Component SSR]
    ./app/(app)/dashboard/page.tsx [Client Component SSR]
    ./app/(app)/dashboard/page.tsx [Server Component] @ http://localhost:3000/_next/static/chunks/node_modules_next_dist_1gdrd03._.js:1945
[ 2929478ms] [ERROR] ./src/modules/cases/engineer-dashboard.tsx:268:10
the name `CertificationCard` is defined multiple times
  266 | }
  267 |
> 268 | function CertificationCard({ level, years }: { level?: CertificationLevel; years?: number }) {
      |          ^^^^^^^^^^^^^^^^^
  269 |   return (
  270 |     <div className="h-full rounded-xl border bg-card p-3 shadow-sm transition-shadow hover:shadow-md">
  271 |       <div className="flex h-full items-start justify-between gap-3">

Ecmascript file had an error

Import traces:
  Client Component Browser:
    ./src/modules/cases/engineer-dashboard.tsx [Client Component Browser]
    ./app/(app)/dashboard/page.tsx [Client Component Browser]
    ./app/(app)/dashboard/page.tsx [Server Component]

  Client Component SSR:
    ./src/modules/cases/engineer-dashboard.tsx [Client Component SSR]
    ./app/(app)/dashboard/page.tsx [Client Component SSR]
    ./app/(app)/dashboard/page.tsx [Server Component] @ http://localhost:3000/_next/static/chunks/node_modules_next_dist_1gdrd03._.js:1945
[ 2929577ms] [ERROR] ./src/modules/cases/engineer-dashboard.tsx:268:10
the name `CertificationCard` is defined multiple times
  266 | }
  267 |
> 268 | function CertificationCard({ level, years }: { level?: CertificationLevel; years?: number }) {
      |          ^^^^^^^^^^^^^^^^^
  269 |   return (
  270 |     <div className="h-full rounded-xl border bg-card p-3 shadow-sm transition-shadow hover:shadow-md">
  271 |       <div className="flex h-full items-start justify-between gap-3">

Ecmascript file had an error

Import traces:
  Client Component Browser:
    ./src/modules/cases/engineer-dashboard.tsx [Client Component Browser]
    ./app/(app)/dashboard/page.tsx [Client Component Browser]
    ./app/(app)/dashboard/page.tsx [Server Component]

  Client Component SSR:
    ./src/modules/cases/engineer-dashboard.tsx [Client Component SSR]
    ./app/(app)/dashboard/page.tsx [Client Component SSR]
    ./app/(app)/dashboard/page.tsx [Server Component] @ http://localhost:3000/_next/static/chunks/node_modules_next_dist_1gdrd03._.js:1945
[ 2929671ms] [ERROR] ./src/modules/cases/engineer-dashboard.tsx:268:10
the name `CertificationCard` is defined multiple times
  266 | }
  267 |
> 268 | function CertificationCard({ level, years }: { level?: CertificationLevel; years?: number }) {
      |          ^^^^^^^^^^^^^^^^^
  269 |   return (
  270 |     <div className="h-full rounded-xl border bg-card p-3 shadow-sm transition-shadow hover:shadow-md">
  271 |       <div className="flex h-full items-start justify-between gap-3">

Ecmascript file had an error

Import traces:
  Client Component Browser:
    ./src/modules/cases/engineer-dashboard.tsx [Client Component Browser]
    ./app/(app)/dashboard/page.tsx [Client Component Browser]
    ./app/(app)/dashboard/page.tsx [Server Component]

  Client Component SSR:
    ./src/modules/cases/engineer-dashboard.tsx [Client Component SSR]
    ./app/(app)/dashboard/page.tsx [Client Component SSR]
    ./app/(app)/dashboard/page.tsx [Server Component] @ http://localhost:3000/_next/static/chunks/node_modules_next_dist_1gdrd03._.js:1945
[ 2929779ms] [ERROR] ./src/modules/cases/engineer-dashboard.tsx:268:10
the name `CertificationCard` is defined multiple times
  266 | }
  267 |
> 268 | function CertificationCard({ level, years }: { level?: CertificationLevel; years?: number }) {
      |          ^^^^^^^^^^^^^^^^^
  269 |   return (
  270 |     <div className="h-full rounded-xl border bg-card p-3 shadow-sm transition-shadow hover:shadow-md">
  271 |       <div className="flex h-full items-start justify-between gap-3">

Ecmascript file had an error

Import traces:
  Client Component Browser:
    ./src/modules/cases/engineer-dashboard.tsx [Client Component Browser]
    ./app/(app)/dashboard/page.tsx [Client Component Browser]
    ./app/(app)/dashboard/page.tsx [Server Component]

  Client Component SSR:
    ./src/modules/cases/engineer-dashboard.tsx [Client Component SSR]
    ./app/(app)/dashboard/page.tsx [Client Component SSR]
    ./app/(app)/dashboard/page.tsx [Server Component] @ http://localhost:3000/_next/static/chunks/node_modules_next_dist_1gdrd03._.js:1945
[ 2929818ms] [LOG] [Fast Refresh] rebuilding @ http://localhost:3000/_next/static/chunks/node_modules_next_dist_1gdrd03._.js:1226
[ 2929913ms] [ERROR] ./src/modules/cases/engineer-dashboard.tsx:268:10
the name `CertificationCard` is defined multiple times
  266 | }
  267 |
> 268 | function CertificationCard({ level, years }: { level?: CertificationLevel; years?: number }) {
      |          ^^^^^^^^^^^^^^^^^
  269 |   return (
  270 |     <div className="h-full rounded-xl border bg-card p-3 shadow-sm transition-shadow hover:shadow-md">
  271 |       <div className="flex h-full items-start justify-between gap-3">

Ecmascript file had an error

Import traces:
  Client Component Browser:
    ./src/modules/cases/engineer-dashboard.tsx [Client Component Browser]
    ./app/(app)/dashboard/page.tsx [Client Component Browser]
    ./app/(app)/dashboard/page.tsx [Server Component]

  Client Component SSR:
    ./src/modules/cases/engineer-dashboard.tsx [Client Component SSR]
    ./app/(app)/dashboard/page.tsx [Client Component SSR]
    ./app/(app)/dashboard/page.tsx [Server Component] @ http://localhost:3000/_next/static/chunks/node_modules_next_dist_1gdrd03._.js:1945
[ 2929926ms] [LOG] [Fast Refresh] rebuilding @ http://localhost:3000/_next/static/chunks/node_modules_next_dist_1gdrd03._.js:1226
[ 2930054ms] [ERROR] ./src/modules/cases/engineer-dashboard.tsx:268:10
the name `CertificationCard` is defined multiple times
  266 | }
  267 |
> 268 | function CertificationCard({ level, years }: { level?: CertificationLevel; years?: number }) {
      |          ^^^^^^^^^^^^^^^^^
  269 |   return (
  270 |     <div className="h-full rounded-xl border bg-card p-3 shadow-sm transition-shadow hover:shadow-md">
  271 |       <div className="flex h-full items-start justify-between gap-3">

Ecmascript file had an error

Import traces:
  Client Component Browser:
    ./src/modules/cases/engineer-dashboard.tsx [Client Component Browser]
    ./app/(app)/dashboard/page.tsx [Client Component Browser]
    ./app/(app)/dashboard/page.tsx [Server Component]

  Client Component SSR:
    ./src/modules/cases/engineer-dashboard.tsx [Client Component SSR]
    ./app/(app)/dashboard/page.tsx [Client Component SSR]
    ./app/(app)/dashboard/page.tsx [Server Component] @ http://localhost:3000/_next/static/chunks/node_modules_next_dist_1gdrd03._.js:1945
[ 2930068ms] [LOG] [Fast Refresh] rebuilding @ http://localhost:3000/_next/static/chunks/node_modules_next_dist_1gdrd03._.js:1226
[ 2930203ms] [LOG] [Fast Refresh] rebuilding @ http://localhost:3000/_next/static/chunks/node_modules_next_dist_1gdrd03._.js:1226
[ 2930204ms] [ERROR] ./src/modules/cases/engineer-dashboard.tsx:268:10
the name `CertificationCard` is defined multiple times
  266 | }
  267 |
> 268 | function CertificationCard({ level, years }: { level?: CertificationLevel; years?: number }) {
      |          ^^^^^^^^^^^^^^^^^
  269 |   return (
  270 |     <div className="h-full rounded-xl border bg-card p-3 shadow-sm transition-shadow hover:shadow-md">
  271 |       <div className="flex h-full items-start justify-between gap-3">

Ecmascript file had an error

Import traces:
  Client Component Browser:
    ./src/modules/cases/engineer-dashboard.tsx [Client Component Browser]
    ./app/(app)/dashboard/page.tsx [Client Component Browser]
    ./app/(app)/dashboard/page.tsx [Server Component]

  Client Component SSR:
    ./src/modules/cases/engineer-dashboard.tsx [Client Component SSR]
    ./app/(app)/dashboard/page.tsx [Client Component SSR]
    ./app/(app)/dashboard/page.tsx [Server Component] @ http://localhost:3000/_next/static/chunks/node_modules_next_dist_1gdrd03._.js:1945
[ 2930328ms] [ERROR] ./src/modules/cases/engineer-dashboard.tsx:268:10
the name `CertificationCard` is defined multiple times
  266 | }
  267 |
> 268 | function CertificationCard({ level, years }: { level?: CertificationLevel; years?: number }) {
      |          ^^^^^^^^^^^^^^^^^
  269 |   return (
  270 |     <div className="h-full rounded-xl border bg-card p-3 shadow-sm transition-shadow hover:shadow-md">
  271 |       <div className="flex h-full items-start justify-between gap-3">

Ecmascript file had an error

Import traces:
  Client Component Browser:
    ./src/modules/cases/engineer-dashboard.tsx [Client Component Browser]
    ./app/(app)/dashboard/page.tsx [Client Component Browser]
    ./app/(app)/dashboard/page.tsx [Server Component]

  Client Component SSR:
    ./src/modules/cases/engineer-dashboard.tsx [Client Component SSR]
    ./app/(app)/dashboard/page.tsx [Client Component SSR]
    ./app/(app)/dashboard/page.tsx [Server Component] @ http://localhost:3000/_next/static/chunks/node_modules_next_dist_1gdrd03._.js:1945
[ 2930368ms] [LOG] [Fast Refresh] rebuilding @ http://localhost:3000/_next/static/chunks/node_modules_next_dist_1gdrd03._.js:1226
[ 2930434ms] [ERROR] ./src/modules/cases/engineer-dashboard.tsx:268:10
the name `CertificationCard` is defined multiple times
  266 | }
  267 |
> 268 | function CertificationCard({ level, years }: { level?: CertificationLevel; years?: number }) {
      |          ^^^^^^^^^^^^^^^^^
  269 |   return (
  270 |     <div className="h-full rounded-xl border bg-card p-3 shadow-sm transition-shadow hover:shadow-md">
  271 |       <div className="flex h-full items-start justify-between gap-3">

Ecmascript file had an error

Import traces:
  Client Component Browser:
    ./src/modules/cases/engineer-dashboard.tsx [Client Component Browser]
    ./app/(app)/dashboard/page.tsx [Client Component Browser]
    ./app/(app)/dashboard/page.tsx [Server Component]

  Client Component SSR:
    ./src/modules/cases/engineer-dashboard.tsx [Client Component SSR]
    ./app/(app)/dashboard/page.tsx [Client Component SSR]
    ./app/(app)/dashboard/page.tsx [Server Component] @ http://localhost:3000/_next/static/chunks/node_modules_next_dist_1gdrd03._.js:1945
[ 2930525ms] [ERROR] ./src/modules/cases/engineer-dashboard.tsx:268:10
the name `CertificationCard` is defined multiple times
  266 | }
  267 |
> 268 | function CertificationCard({ level, years }: { level?: CertificationLevel; years?: number }) {
      |          ^^^^^^^^^^^^^^^^^
  269 |   return (
  270 |     <div className="h-full rounded-xl border bg-card p-3 shadow-sm transition-shadow hover:shadow-md">
  271 |       <div className="flex h-full items-start justify-between gap-3">

Ecmascript file had an error

Import traces:
  Client Component Browser:
    ./src/modules/cases/engineer-dashboard.tsx [Client Component Browser]
    ./app/(app)/dashboard/page.tsx [Client Component Browser]
    ./app/(app)/dashboard/page.tsx [Server Component]

  Client Component SSR:
    ./src/modules/cases/engineer-dashboard.tsx [Client Component SSR]
    ./app/(app)/dashboard/page.tsx [Client Component SSR]
    ./app/(app)/dashboard/page.tsx [Server Component] @ http://localhost:3000/_next/static/chunks/node_modules_next_dist_1gdrd03._.js:1945
[ 2930553ms] [LOG] [Fast Refresh] rebuilding @ http://localhost:3000/_next/static/chunks/node_modules_next_dist_1gdrd03._.js:1226
[ 2930669ms] [LOG] [Fast Refresh] rebuilding @ http://localhost:3000/_next/static/chunks/node_modules_next_dist_1gdrd03._.js:1226
[ 2930670ms] [ERROR] ./src/modules/cases/engineer-dashboard.tsx:268:10
the name `CertificationCard` is defined multiple times
  266 | }
  267 |
> 268 | function CertificationCard({ level, years }: { level?: CertificationLevel; years?: number }) {
      |          ^^^^^^^^^^^^^^^^^
  269 |   return (
  270 |     <div className="h-full rounded-xl border bg-card p-3 shadow-sm transition-shadow hover:shadow-md">
  271 |       <div className="flex h-full items-start justify-between gap-3">

Ecmascript file had an error

Import traces:
  Client Component Browser:
    ./src/modules/cases/engineer-dashboard.tsx [Client Component Browser]
    ./app/(app)/dashboard/page.tsx [Client Component Browser]
    ./app/(app)/dashboard/page.tsx [Server Component]

  Client Component SSR:
    ./src/modules/cases/engineer-dashboard.tsx [Client Component SSR]
    ./app/(app)/dashboard/page.tsx [Client Component SSR]
    ./app/(app)/dashboard/page.tsx [Server Component] @ http://localhost:3000/_next/static/chunks/node_modules_next_dist_1gdrd03._.js:1945
[ 2930780ms] [ERROR] ./src/modules/cases/engineer-dashboard.tsx:268:10
the name `CertificationCard` is defined multiple times
  266 | }
  267 |
> 268 | function CertificationCard({ level, years }: { level?: CertificationLevel; years?: number }) {
      |          ^^^^^^^^^^^^^^^^^
  269 |   return (
  270 |     <div className="h-full rounded-xl border bg-card p-3 shadow-sm transition-shadow hover:shadow-md">
  271 |       <div className="flex h-full items-start justify-between gap-3">

Ecmascript file had an error

Import traces:
  Client Component Browser:
    ./src/modules/cases/engineer-dashboard.tsx [Client Component Browser]
    ./app/(app)/dashboard/page.tsx [Client Component Browser]
    ./app/(app)/dashboard/page.tsx [Server Component]

  Client Component SSR:
    ./src/modules/cases/engineer-dashboard.tsx [Client Component SSR]
    ./app/(app)/dashboard/page.tsx [Client Component SSR]
    ./app/(app)/dashboard/page.tsx [Server Component] @ http://localhost:3000/_next/static/chunks/node_modules_next_dist_1gdrd03._.js:1945
[ 2930816ms] [LOG] [Fast Refresh] rebuilding @ http://localhost:3000/_next/static/chunks/node_modules_next_dist_1gdrd03._.js:1226
[ 2930927ms] [LOG] [Fast Refresh] rebuilding @ http://localhost:3000/_next/static/chunks/node_modules_next_dist_1gdrd03._.js:1226
[ 2930928ms] [ERROR] ./src/modules/cases/engineer-dashboard.tsx:268:10
the name `CertificationCard` is defined multiple times
  266 | }
  267 |
> 268 | function CertificationCard({ level, years }: { level?: CertificationLevel; years?: number }) {
      |          ^^^^^^^^^^^^^^^^^
  269 |   return (
  270 |     <div className="h-full rounded-xl border bg-card p-3 shadow-sm transition-shadow hover:shadow-md">
  271 |       <div className="flex h-full items-start justify-between gap-3">

Ecmascript file had an error

Import traces:
  Client Component Browser:
    ./src/modules/cases/engineer-dashboard.tsx [Client Component Browser]
    ./app/(app)/dashboard/page.tsx [Client Component Browser]
    ./app/(app)/dashboard/page.tsx [Server Component]

  Client Component SSR:
    ./src/modules/cases/engineer-dashboard.tsx [Client Component SSR]
    ./app/(app)/dashboard/page.tsx [Client Component SSR]
    ./app/(app)/dashboard/page.tsx [Server Component] @ http://localhost:3000/_next/static/chunks/node_modules_next_dist_1gdrd03._.js:1945
[ 2931028ms] [ERROR] ./src/modules/cases/engineer-dashboard.tsx:268:10
the name `CertificationCard` is defined multiple times
  266 | }
  267 |
> 268 | function CertificationCard({ level, years }: { level?: CertificationLevel; years?: number }) {
      |          ^^^^^^^^^^^^^^^^^
  269 |   return (
  270 |     <div className="h-full rounded-xl border bg-card p-3 shadow-sm transition-shadow hover:shadow-md">
  271 |       <div className="flex h-full items-start justify-between gap-3">

Ecmascript file had an error

Import traces:
  Client Component Browser:
    ./src/modules/cases/engineer-dashboard.tsx [Client Component Browser]
    ./app/(app)/dashboard/page.tsx [Client Component Browser]
    ./app/(app)/dashboard/page.tsx [Server Component]

  Client Component SSR:
    ./src/modules/cases/engineer-dashboard.tsx [Client Component SSR]
    ./app/(app)/dashboard/page.tsx [Client Component SSR]
    ./app/(app)/dashboard/page.tsx [Server Component] @ http://localhost:3000/_next/static/chunks/node_modules_next_dist_1gdrd03._.js:1945
[ 2931136ms] [ERROR] ./src/modules/cases/engineer-dashboard.tsx:268:10
the name `CertificationCard` is defined multiple times
  266 | }
  267 |
> 268 | function CertificationCard({ level, years }: { level?: CertificationLevel; years?: number }) {
      |          ^^^^^^^^^^^^^^^^^
  269 |   return (
  270 |     <div className="h-full rounded-xl border bg-card p-3 shadow-sm transition-shadow hover:shadow-md">
  271 |       <div className="flex h-full items-start justify-between gap-3">

Ecmascript file had an error

Import traces:
  Client Component Browser:
    ./src/modules/cases/engineer-dashboard.tsx [Client Component Browser]
    ./app/(app)/dashboard/page.tsx [Client Component Browser]
    ./app/(app)/dashboard/page.tsx [Server Component]

  Client Component SSR:
    ./src/modules/cases/engineer-dashboard.tsx [Client Component SSR]
    ./app/(app)/dashboard/page.tsx [Client Component SSR]
    ./app/(app)/dashboard/page.tsx [Server Component] @ http://localhost:3000/_next/static/chunks/node_modules_next_dist_1gdrd03._.js:1945
[ 2931175ms] [LOG] [Fast Refresh] rebuilding @ http://localhost:3000/_next/static/chunks/node_modules_next_dist_1gdrd03._.js:1226
[ 2931256ms] [ERROR] ./src/modules/cases/engineer-dashboard.tsx:268:10
the name `CertificationCard` is defined multiple times
  266 | }
  267 |
> 268 | function CertificationCard({ level, years }: { level?: CertificationLevel; years?: number }) {
      |          ^^^^^^^^^^^^^^^^^
  269 |   return (
  270 |     <div className="h-full rounded-xl border bg-card p-3 shadow-sm transition-shadow hover:shadow-md">
  271 |       <div className="flex h-full items-start justify-between gap-3">

Ecmascript file had an error

Import traces:
  Client Component Browser:
    ./src/modules/cases/engineer-dashboard.tsx [Client Component Browser]
    ./app/(app)/dashboard/page.tsx [Client Component Browser]
    ./app/(app)/dashboard/page.tsx [Server Component]

  Client Component SSR:
    ./src/modules/cases/engineer-dashboard.tsx [Client Component SSR]
    ./app/(app)/dashboard/page.tsx [Client Component SSR]
    ./app/(app)/dashboard/page.tsx [Server Component] @ http://localhost:3000/_next/static/chunks/node_modules_next_dist_1gdrd03._.js:1945
[ 2931285ms] [LOG] [Fast Refresh] rebuilding @ http://localhost:3000/_next/static/chunks/node_modules_next_dist_1gdrd03._.js:1226
[ 2931395ms] [ERROR] ./src/modules/cases/engineer-dashboard.tsx:268:10
the name `CertificationCard` is defined multiple times
  266 | }
  267 |
> 268 | function CertificationCard({ level, years }: { level?: CertificationLevel; years?: number }) {
      |          ^^^^^^^^^^^^^^^^^
  269 |   return (
  270 |     <div className="h-full rounded-xl border bg-card p-3 shadow-sm transition-shadow hover:shadow-md">
  271 |       <div className="flex h-full items-start justify-between gap-3">

Ecmascript file had an error

Import traces:
  Client Component Browser:
    ./src/modules/cases/engineer-dashboard.tsx [Client Component Browser]
    ./app/(app)/dashboard/page.tsx [Client Component Browser]
    ./app/(app)/dashboard/page.tsx [Server Component]

  Client Component SSR:
    ./src/modules/cases/engineer-dashboard.tsx [Client Component SSR]
    ./app/(app)/dashboard/page.tsx [Client Component SSR]
    ./app/(app)/dashboard/page.tsx [Server Component] @ http://localhost:3000/_next/static/chunks/node_modules_next_dist_1gdrd03._.js:1945
[ 2931409ms] [LOG] [Fast Refresh] rebuilding @ http://localhost:3000/_next/static/chunks/node_modules_next_dist_1gdrd03._.js:1226
[ 2931534ms] [ERROR] ./src/modules/cases/engineer-dashboard.tsx:268:10
the name `CertificationCard` is defined multiple times
  266 | }
  267 |
> 268 | function CertificationCard({ level, years }: { level?: CertificationLevel; years?: number }) {
      |          ^^^^^^^^^^^^^^^^^
  269 |   return (
  270 |     <div className="h-full rounded-xl border bg-card p-3 shadow-sm transition-shadow hover:shadow-md">
  271 |       <div className="flex h-full items-start justify-between gap-3">

Ecmascript file had an error

Import traces:
  Client Component Browser:
    ./src/modules/cases/engineer-dashboard.tsx [Client Component Browser]
    ./app/(app)/dashboard/page.tsx [Client Component Browser]
    ./app/(app)/dashboard/page.tsx [Server Component]

  Client Component SSR:
    ./src/modules/cases/engineer-dashboard.tsx [Client Component SSR]
    ./app/(app)/dashboard/page.tsx [Client Component SSR]
    ./app/(app)/dashboard/page.tsx [Server Component] @ http://localhost:3000/_next/static/chunks/node_modules_next_dist_1gdrd03._.js:1945
[ 2931548ms] [LOG] [Fast Refresh] rebuilding @ http://localhost:3000/_next/static/chunks/node_modules_next_dist_1gdrd03._.js:1226
[ 2931628ms] [ERROR] ./src/modules/cases/engineer-dashboard.tsx:268:10
the name `CertificationCard` is defined multiple times
  266 | }
  267 |
> 268 | function CertificationCard({ level, years }: { level?: CertificationLevel; years?: number }) {
      |          ^^^^^^^^^^^^^^^^^
  269 |   return (
  270 |     <div className="h-full rounded-xl border bg-card p-3 shadow-sm transition-shadow hover:shadow-md">
  271 |       <div className="flex h-full items-start justify-between gap-3">

Ecmascript file had an error

Import traces:
  Client Component Browser:
    ./src/modules/cases/engineer-dashboard.tsx [Client Component Browser]
    ./app/(app)/dashboard/page.tsx [Client Component Browser]
    ./app/(app)/dashboard/page.tsx [Server Component]

  Client Component SSR:
    ./src/modules/cases/engineer-dashboard.tsx [Client Component SSR]
    ./app/(app)/dashboard/page.tsx [Client Component SSR]
    ./app/(app)/dashboard/page.tsx [Server Component] @ http://localhost:3000/_next/static/chunks/node_modules_next_dist_1gdrd03._.js:1945
[ 2931690ms] [ERROR] ./src/modules/cases/engineer-dashboard.tsx:268:10
the name `CertificationCard` is defined multiple times
  266 | }
  267 |
> 268 | function CertificationCard({ level, years }: { level?: CertificationLevel; years?: number }) {
      |          ^^^^^^^^^^^^^^^^^
  269 |   return (
  270 |     <div className="h-full rounded-xl border bg-card p-3 shadow-sm transition-shadow hover:shadow-md">
  271 |       <div className="flex h-full items-start justify-between gap-3">

Ecmascript file had an error

Import traces:
  Client Component Browser:
    ./src/modules/cases/engineer-dashboard.tsx [Client Component Browser]
    ./app/(app)/dashboard/page.tsx [Client Component Browser]
    ./app/(app)/dashboard/page.tsx [Server Component]

  Client Component SSR:
    ./src/modules/cases/engineer-dashboard.tsx [Client Component SSR]
    ./app/(app)/dashboard/page.tsx [Client Component SSR]
    ./app/(app)/dashboard/page.tsx [Server Component] @ http://localhost:3000/_next/static/chunks/node_modules_next_dist_1gdrd03._.js:1945
[ 2931783ms] [ERROR] ./src/modules/cases/engineer-dashboard.tsx:268:10
the name `CertificationCard` is defined multiple times
  266 | }
  267 |
> 268 | function CertificationCard({ level, years }: { level?: CertificationLevel; years?: number }) {
      |          ^^^^^^^^^^^^^^^^^
  269 |   return (
  270 |     <div className="h-full rounded-xl border bg-card p-3 shadow-sm transition-shadow hover:shadow-md">
  271 |       <div className="flex h-full items-start justify-between gap-3">

Ecmascript file had an error

Import traces:
  Client Component Browser:
    ./src/modules/cases/engineer-dashboard.tsx [Client Component Browser]
    ./app/(app)/dashboard/page.tsx [Client Component Browser]
    ./app/(app)/dashboard/page.tsx [Server Component]

  Client Component SSR:
    ./src/modules/cases/engineer-dashboard.tsx [Client Component SSR]
    ./app/(app)/dashboard/page.tsx [Client Component SSR]
    ./app/(app)/dashboard/page.tsx [Server Component] @ http://localhost:3000/_next/static/chunks/node_modules_next_dist_1gdrd03._.js:1945
[ 2931796ms] [LOG] [Fast Refresh] rebuilding @ http://localhost:3000/_next/static/chunks/node_modules_next_dist_1gdrd03._.js:1226
[ 2931908ms] [ERROR] ./src/modules/cases/engineer-dashboard.tsx:268:10
the name `CertificationCard` is defined multiple times
  266 | }
  267 |
> 268 | function CertificationCard({ level, years }: { level?: CertificationLevel; years?: number }) {
      |          ^^^^^^^^^^^^^^^^^
  269 |   return (
  270 |     <div className="h-full rounded-xl border bg-card p-3 shadow-sm transition-shadow hover:shadow-md">
  271 |       <div className="flex h-full items-start justify-between gap-3">

Ecmascript file had an error

Import traces:
  Client Component Browser:
    ./src/modules/cases/engineer-dashboard.tsx [Client Component Browser]
    ./app/(app)/dashboard/page.tsx [Client Component Browser]
    ./app/(app)/dashboard/page.tsx [Server Component]

  Client Component SSR:
    ./src/modules/cases/engineer-dashboard.tsx [Client Component SSR]
    ./app/(app)/dashboard/page.tsx [Client Component SSR]
    ./app/(app)/dashboard/page.tsx [Server Component] @ http://localhost:3000/_next/static/chunks/node_modules_next_dist_1gdrd03._.js:1945
[ 2931972ms] [ERROR] ./src/modules/cases/engineer-dashboard.tsx:268:10
the name `CertificationCard` is defined multiple times
  266 | }
  267 |
> 268 | function CertificationCard({ level, years }: { level?: CertificationLevel; years?: number }) {
      |          ^^^^^^^^^^^^^^^^^
  269 |   return (
  270 |     <div className="h-full rounded-xl border bg-card p-3 shadow-sm transition-shadow hover:shadow-md">
  271 |       <div className="flex h-full items-start justify-between gap-3">

Ecmascript file had an error

Import traces:
  Client Component Browser:
    ./src/modules/cases/engineer-dashboard.tsx [Client Component Browser]
    ./app/(app)/dashboard/page.tsx [Client Component Browser]
    ./app/(app)/dashboard/page.tsx [Server Component]

  Client Component SSR:
    ./src/modules/cases/engineer-dashboard.tsx [Client Component SSR]
    ./app/(app)/dashboard/page.tsx [Client Component SSR]
    ./app/(app)/dashboard/page.tsx [Server Component] @ http://localhost:3000/_next/static/chunks/node_modules_next_dist_1gdrd03._.js:1945
[ 2932035ms] [ERROR] ./src/modules/cases/engineer-dashboard.tsx:268:10
the name `CertificationCard` is defined multiple times
  266 | }
  267 |
> 268 | function CertificationCard({ level, years }: { level?: CertificationLevel; years?: number }) {
      |          ^^^^^^^^^^^^^^^^^
  269 |   return (
  270 |     <div className="h-full rounded-xl border bg-card p-3 shadow-sm transition-shadow hover:shadow-md">
  271 |       <div className="flex h-full items-start justify-between gap-3">

Ecmascript file had an error

Import traces:
  Client Component Browser:
    ./src/modules/cases/engineer-dashboard.tsx [Client Component Browser]
    ./app/(app)/dashboard/page.tsx [Client Component Browser]
    ./app/(app)/dashboard/page.tsx [Server Component]

  Client Component SSR:
    ./src/modules/cases/engineer-dashboard.tsx [Client Component SSR]
    ./app/(app)/dashboard/page.tsx [Client Component SSR]
    ./app/(app)/dashboard/page.tsx [Server Component] @ http://localhost:3000/_next/static/chunks/node_modules_next_dist_1gdrd03._.js:1945
[ 2932141ms] [LOG] [Fast Refresh] rebuilding @ http://localhost:3000/_next/static/chunks/node_modules_next_dist_1gdrd03._.js:1226
[ 2933130ms] [ERROR] ./src/modules/cases/engineer-dashboard.tsx:268:10
the name `CertificationCard` is defined multiple times
  266 | }
  267 |
> 268 | function CertificationCard({ level, years }: { level?: CertificationLevel; years?: number }) {
      |          ^^^^^^^^^^^^^^^^^
  269 |   return (
  270 |     <div className="h-full rounded-xl border bg-card p-3 shadow-sm transition-shadow hover:shadow-md">
  271 |       <div className="flex h-full items-start justify-between gap-3">

Ecmascript file had an error

Import traces:
  Client Component Browser:
    ./src/modules/cases/engineer-dashboard.tsx [Client Component Browser]
    ./app/(app)/dashboard/page.tsx [Client Component Browser]
    ./app/(app)/dashboard/page.tsx [Server Component]

  Client Component SSR:
    ./src/modules/cases/engineer-dashboard.tsx [Client Component SSR]
    ./app/(app)/dashboard/page.tsx [Client Component SSR]
    ./app/(app)/dashboard/page.tsx [Server Component] @ http://localhost:3000/_next/static/chunks/node_modules_next_dist_1gdrd03._.js:1945
[ 2933134ms] [ERROR] ./src/modules/cases/engineer-dashboard.tsx:268:10
the name `CertificationCard` is defined multiple times
  266 | }
  267 |
> 268 | function CertificationCard({ level, years }: { level?: CertificationLevel; years?: number }) {
      |          ^^^^^^^^^^^^^^^^^
  269 |   return (
  270 |     <div className="h-full rounded-xl border bg-card p-3 shadow-sm transition-shadow hover:shadow-md">
  271 |       <div className="flex h-full items-start justify-between gap-3">

Ecmascript file had an error

Import traces:
  Client Component Browser:
    ./src/modules/cases/engineer-dashboard.tsx [Client Component Browser]
    ./app/(app)/dashboard/page.tsx [Client Component Browser]
    ./app/(app)/dashboard/page.tsx [Server Component]

  Client Component SSR:
    ./src/modules/cases/engineer-dashboard.tsx [Client Component SSR]
    ./app/(app)/dashboard/page.tsx [Client Component SSR]
    ./app/(app)/dashboard/page.tsx [Server Component] @ http://localhost:3000/_next/static/chunks/node_modules_next_dist_1gdrd03._.js:1945
[ 2933138ms] [ERROR] ./src/modules/cases/engineer-dashboard.tsx:268:10
the name `CertificationCard` is defined multiple times
  266 | }
  267 |
> 268 | function CertificationCard({ level, years }: { level?: CertificationLevel; years?: number }) {
      |          ^^^^^^^^^^^^^^^^^
  269 |   return (
  270 |     <div className="h-full rounded-xl border bg-card p-3 shadow-sm transition-shadow hover:shadow-md">
  271 |       <div className="flex h-full items-start justify-between gap-3">

Ecmascript file had an error

Import traces:
  Client Component Browser:
    ./src/modules/cases/engineer-dashboard.tsx [Client Component Browser]
    ./app/(app)/dashboard/page.tsx [Client Component Browser]
    ./app/(app)/dashboard/page.tsx [Server Component]

  Client Component SSR:
    ./src/modules/cases/engineer-dashboard.tsx [Client Component SSR]
    ./app/(app)/dashboard/page.tsx [Client Component SSR]
    ./app/(app)/dashboard/page.tsx [Server Component] @ http://localhost:3000/_next/static/chunks/node_modules_next_dist_1gdrd03._.js:1945
[ 2933308ms] [ERROR] ./src/modules/cases/engineer-dashboard.tsx:268:10
the name `CertificationCard` is defined multiple times
  266 | }
  267 |
> 268 | function CertificationCard({ level, years }: { level?: CertificationLevel; years?: number }) {
      |          ^^^^^^^^^^^^^^^^^
  269 |   return (
  270 |     <div className="h-full rounded-xl border bg-card p-3 shadow-sm transition-shadow hover:shadow-md">
  271 |       <div className="flex h-full items-start justify-between gap-3">

Ecmascript file had an error

Import traces:
  Client Component Browser:
    ./src/modules/cases/engineer-dashboard.tsx [Client Component Browser]
    ./app/(app)/dashboard/page.tsx [Client Component Browser]
    ./app/(app)/dashboard/page.tsx [Server Component]

  Client Component SSR:
    ./src/modules/cases/engineer-dashboard.tsx [Client Component SSR]
    ./app/(app)/dashboard/page.tsx [Client Component SSR]
    ./app/(app)/dashboard/page.tsx [Server Component] @ http://localhost:3000/_next/static/chunks/node_modules_next_dist_1gdrd03._.js:1945
[ 2933332ms] [LOG] [Fast Refresh] rebuilding @ http://localhost:3000/_next/static/chunks/node_modules_next_dist_1gdrd03._.js:1226
[ 2933466ms] [ERROR] ./src/modules/cases/engineer-dashboard.tsx:268:10
the name `CertificationCard` is defined multiple times
  266 | }
  267 |
> 268 | function CertificationCard({ level, years }: { level?: CertificationLevel; years?: number }) {
      |          ^^^^^^^^^^^^^^^^^
  269 |   return (
  270 |     <div className="h-full rounded-xl border bg-card p-3 shadow-sm transition-shadow hover:shadow-md">
  271 |       <div className="flex h-full items-start justify-between gap-3">

Ecmascript file had an error

Import traces:
  Client Component Browser:
    ./src/modules/cases/engineer-dashboard.tsx [Client Component Browser]
    ./app/(app)/dashboard/page.tsx [Client Component Browser]
    ./app/(app)/dashboard/page.tsx [Server Component]

  Client Component SSR:
    ./src/modules/cases/engineer-dashboard.tsx [Client Component SSR]
    ./app/(app)/dashboard/page.tsx [Client Component SSR]
    ./app/(app)/dashboard/page.tsx [Server Component] @ http://localhost:3000/_next/static/chunks/node_modules_next_dist_1gdrd03._.js:1945
[ 2933469ms] [LOG] [Fast Refresh] rebuilding @ http://localhost:3000/_next/static/chunks/node_modules_next_dist_1gdrd03._.js:1226
[ 2933617ms] [ERROR] ./src/modules/cases/engineer-dashboard.tsx:268:10
the name `CertificationCard` is defined multiple times
  266 | }
  267 |
> 268 | function CertificationCard({ level, years }: { level?: CertificationLevel; years?: number }) {
      |          ^^^^^^^^^^^^^^^^^
  269 |   return (
  270 |     <div className="h-full rounded-xl border bg-card p-3 shadow-sm transition-shadow hover:shadow-md">
  271 |       <div className="flex h-full items-start justify-between gap-3">

Ecmascript file had an error

Import traces:
  Client Component Browser:
    ./src/modules/cases/engineer-dashboard.tsx [Client Component Browser]
    ./app/(app)/dashboard/page.tsx [Client Component Browser]
    ./app/(app)/dashboard/page.tsx [Server Component]

  Client Component SSR:
    ./src/modules/cases/engineer-dashboard.tsx [Client Component SSR]
    ./app/(app)/dashboard/page.tsx [Client Component SSR]
    ./app/(app)/dashboard/page.tsx [Server Component] @ http://localhost:3000/_next/static/chunks/node_modules_next_dist_1gdrd03._.js:1945
[ 2933645ms] [LOG] [Fast Refresh] rebuilding @ http://localhost:3000/_next/static/chunks/node_modules_next_dist_1gdrd03._.js:1226
[ 2933740ms] [ERROR] ./src/modules/cases/engineer-dashboard.tsx:268:10
the name `CertificationCard` is defined multiple times
  266 | }
  267 |
> 268 | function CertificationCard({ level, years }: { level?: CertificationLevel; years?: number }) {
      |          ^^^^^^^^^^^^^^^^^
  269 |   return (
  270 |     <div className="h-full rounded-xl border bg-card p-3 shadow-sm transition-shadow hover:shadow-md">
  271 |       <div className="flex h-full items-start justify-between gap-3">

Ecmascript file had an error

Import traces:
  Client Component Browser:
    ./src/modules/cases/engineer-dashboard.tsx [Client Component Browser]
    ./app/(app)/dashboard/page.tsx [Client Component Browser]
    ./app/(app)/dashboard/page.tsx [Server Component]

  Client Component SSR:
    ./src/modules/cases/engineer-dashboard.tsx [Client Component SSR]
    ./app/(app)/dashboard/page.tsx [Client Component SSR]
    ./app/(app)/dashboard/page.tsx [Server Component] @ http://localhost:3000/_next/static/chunks/node_modules_next_dist_1gdrd03._.js:1945
[ 2933787ms] [ERROR] ./src/modules/cases/engineer-dashboard.tsx:268:10
the name `CertificationCard` is defined multiple times
  266 | }
  267 |
> 268 | function CertificationCard({ level, years }: { level?: CertificationLevel; years?: number }) {
      |          ^^^^^^^^^^^^^^^^^
  269 |   return (
  270 |     <div className="h-full rounded-xl border bg-card p-3 shadow-sm transition-shadow hover:shadow-md">
  271 |       <div className="flex h-full items-start justify-between gap-3">

Ecmascript file had an error

Import traces:
  Client Component Browser:
    ./src/modules/cases/engineer-dashboard.tsx [Client Component Browser]
    ./app/(app)/dashboard/page.tsx [Client Component Browser]
    ./app/(app)/dashboard/page.tsx [Server Component]

  Client Component SSR:
    ./src/modules/cases/engineer-dashboard.tsx [Client Component SSR]
    ./app/(app)/dashboard/page.tsx [Client Component SSR]
    ./app/(app)/dashboard/page.tsx [Server Component] @ http://localhost:3000/_next/static/chunks/node_modules_next_dist_1gdrd03._.js:1945
[ 2933881ms] [ERROR] ./src/modules/cases/engineer-dashboard.tsx:268:10
the name `CertificationCard` is defined multiple times
  266 | }
  267 |
> 268 | function CertificationCard({ level, years }: { level?: CertificationLevel; years?: number }) {
      |          ^^^^^^^^^^^^^^^^^
  269 |   return (
  270 |     <div className="h-full rounded-xl border bg-card p-3 shadow-sm transition-shadow hover:shadow-md">
  271 |       <div className="flex h-full items-start justify-between gap-3">

Ecmascript file had an error

Import traces:
  Client Component Browser:
    ./src/modules/cases/engineer-dashboard.tsx [Client Component Browser]
    ./app/(app)/dashboard/page.tsx [Client Component Browser]
    ./app/(app)/dashboard/page.tsx [Server Component]

  Client Component SSR:
    ./src/modules/cases/engineer-dashboard.tsx [Client Component SSR]
    ./app/(app)/dashboard/page.tsx [Client Component SSR]
    ./app/(app)/dashboard/page.tsx [Server Component] @ http://localhost:3000/_next/static/chunks/node_modules_next_dist_1gdrd03._.js:1945
[ 2933909ms] [LOG] [Fast Refresh] rebuilding @ http://localhost:3000/_next/static/chunks/node_modules_next_dist_1gdrd03._.js:1226
[ 2934022ms] [ERROR] ./src/modules/cases/engineer-dashboard.tsx:268:10
the name `CertificationCard` is defined multiple times
  266 | }
  267 |
> 268 | function CertificationCard({ level, years }: { level?: CertificationLevel; years?: number }) {
      |          ^^^^^^^^^^^^^^^^^
  269 |   return (
  270 |     <div className="h-full rounded-xl border bg-card p-3 shadow-sm transition-shadow hover:shadow-md">
  271 |       <div className="flex h-full items-start justify-between gap-3">

Ecmascript file had an error

Import traces:
  Client Component Browser:
    ./src/modules/cases/engineer-dashboard.tsx [Client Component Browser]
    ./app/(app)/dashboard/page.tsx [Client Component Browser]
    ./app/(app)/dashboard/page.tsx [Server Component]

  Client Component SSR:
    ./src/modules/cases/engineer-dashboard.tsx [Client Component SSR]
    ./app/(app)/dashboard/page.tsx [Client Component SSR]
    ./app/(app)/dashboard/page.tsx [Server Component] @ http://localhost:3000/_next/static/chunks/node_modules_next_dist_1gdrd03._.js:1945
[ 2934066ms] [ERROR] ./src/modules/cases/engineer-dashboard.tsx:268:10
the name `CertificationCard` is defined multiple times
  266 | }
  267 |
> 268 | function CertificationCard({ level, years }: { level?: CertificationLevel; years?: number }) {
      |          ^^^^^^^^^^^^^^^^^
  269 |   return (
  270 |     <div className="h-full rounded-xl border bg-card p-3 shadow-sm transition-shadow hover:shadow-md">
  271 |       <div className="flex h-full items-start justify-between gap-3">

Ecmascript file had an error

Import traces:
  Client Component Browser:
    ./src/modules/cases/engineer-dashboard.tsx [Client Component Browser]
    ./app/(app)/dashboard/page.tsx [Client Component Browser]
    ./app/(app)/dashboard/page.tsx [Server Component]

  Client Component SSR:
    ./src/modules/cases/engineer-dashboard.tsx [Client Component SSR]
    ./app/(app)/dashboard/page.tsx [Client Component SSR]
    ./app/(app)/dashboard/page.tsx [Server Component] @ http://localhost:3000/_next/static/chunks/node_modules_next_dist_1gdrd03._.js:1945
[ 2934148ms] [ERROR] ./src/modules/cases/engineer-dashboard.tsx:268:10
the name `CertificationCard` is defined multiple times
  266 | }
  267 |
> 268 | function CertificationCard({ level, years }: { level?: CertificationLevel; years?: number }) {
      |          ^^^^^^^^^^^^^^^^^
  269 |   return (
  270 |     <div className="h-full rounded-xl border bg-card p-3 shadow-sm transition-shadow hover:shadow-md">
  271 |       <div className="flex h-full items-start justify-between gap-3">

Ecmascript file had an error

Import traces:
  Client Component Browser:
    ./src/modules/cases/engineer-dashboard.tsx [Client Component Browser]
    ./app/(app)/dashboard/page.tsx [Client Component Browser]
    ./app/(app)/dashboard/page.tsx [Server Component]

  Client Component SSR:
    ./src/modules/cases/engineer-dashboard.tsx [Client Component SSR]
    ./app/(app)/dashboard/page.tsx [Client Component SSR]
    ./app/(app)/dashboard/page.tsx [Server Component] @ http://localhost:3000/_next/static/chunks/node_modules_next_dist_1gdrd03._.js:1945
[ 2934192ms] [ERROR] ./src/modules/cases/engineer-dashboard.tsx:268:10
the name `CertificationCard` is defined multiple times
  266 | }
  267 |
> 268 | function CertificationCard({ level, years }: { level?: CertificationLevel; years?: number }) {
      |          ^^^^^^^^^^^^^^^^^
  269 |   return (
  270 |     <div className="h-full rounded-xl border bg-card p-3 shadow-sm transition-shadow hover:shadow-md">
  271 |       <div className="flex h-full items-start justify-between gap-3">

Ecmascript file had an error

Import traces:
  Client Component Browser:
    ./src/modules/cases/engineer-dashboard.tsx [Client Component Browser]
    ./app/(app)/dashboard/page.tsx [Client Component Browser]
    ./app/(app)/dashboard/page.tsx [Server Component]

  Client Component SSR:
    ./src/modules/cases/engineer-dashboard.tsx [Client Component SSR]
    ./app/(app)/dashboard/page.tsx [Client Component SSR]
    ./app/(app)/dashboard/page.tsx [Server Component] @ http://localhost:3000/_next/static/chunks/node_modules_next_dist_1gdrd03._.js:1945
[ 2934300ms] [ERROR] ./src/modules/cases/engineer-dashboard.tsx:268:10
the name `CertificationCard` is defined multiple times
  266 | }
  267 |
> 268 | function CertificationCard({ level, years }: { level?: CertificationLevel; years?: number }) {
      |          ^^^^^^^^^^^^^^^^^
  269 |   return (
  270 |     <div className="h-full rounded-xl border bg-card p-3 shadow-sm transition-shadow hover:shadow-md">
  271 |       <div className="flex h-full items-start justify-between gap-3">

Ecmascript file had an error

Import traces:
  Client Component Browser:
    ./src/modules/cases/engineer-dashboard.tsx [Client Component Browser]
    ./app/(app)/dashboard/page.tsx [Client Component Browser]
    ./app/(app)/dashboard/page.tsx [Server Component]

  Client Component SSR:
    ./src/modules/cases/engineer-dashboard.tsx [Client Component SSR]
    ./app/(app)/dashboard/page.tsx [Client Component SSR]
    ./app/(app)/dashboard/page.tsx [Server Component] @ http://localhost:3000/_next/static/chunks/node_modules_next_dist_1gdrd03._.js:1945
[ 2934314ms] [LOG] [Fast Refresh] rebuilding @ http://localhost:3000/_next/static/chunks/node_modules_next_dist_1gdrd03._.js:1226
[ 2934442ms] [ERROR] ./src/modules/cases/engineer-dashboard.tsx:268:10
the name `CertificationCard` is defined multiple times
  266 | }
  267 |
> 268 | function CertificationCard({ level, years }: { level?: CertificationLevel; years?: number }) {
      |          ^^^^^^^^^^^^^^^^^
  269 |   return (
  270 |     <div className="h-full rounded-xl border bg-card p-3 shadow-sm transition-shadow hover:shadow-md">
  271 |       <div className="flex h-full items-start justify-between gap-3">

Ecmascript file had an error

Import traces:
  Client Component Browser:
    ./src/modules/cases/engineer-dashboard.tsx [Client Component Browser]
    ./app/(app)/dashboard/page.tsx [Client Component Browser]
    ./app/(app)/dashboard/page.tsx [Server Component]

  Client Component SSR:
    ./src/modules/cases/engineer-dashboard.tsx [Client Component SSR]
    ./app/(app)/dashboard/page.tsx [Client Component SSR]
    ./app/(app)/dashboard/page.tsx [Server Component] @ http://localhost:3000/_next/static/chunks/node_modules_next_dist_1gdrd03._.js:1945
[ 2934455ms] [LOG] [Fast Refresh] rebuilding @ http://localhost:3000/_next/static/chunks/node_modules_next_dist_1gdrd03._.js:1226
[ 2934566ms] [ERROR] ./src/modules/cases/engineer-dashboard.tsx:268:10
the name `CertificationCard` is defined multiple times
  266 | }
  267 |
> 268 | function CertificationCard({ level, years }: { level?: CertificationLevel; years?: number }) {
      |          ^^^^^^^^^^^^^^^^^
  269 |   return (
  270 |     <div className="h-full rounded-xl border bg-card p-3 shadow-sm transition-shadow hover:shadow-md">
  271 |       <div className="flex h-full items-start justify-between gap-3">

Ecmascript file had an error

Import traces:
  Client Component Browser:
    ./src/modules/cases/engineer-dashboard.tsx [Client Component Browser]
    ./app/(app)/dashboard/page.tsx [Client Component Browser]
    ./app/(app)/dashboard/page.tsx [Server Component]

  Client Component SSR:
    ./src/modules/cases/engineer-dashboard.tsx [Client Component SSR]
    ./app/(app)/dashboard/page.tsx [Client Component SSR]
    ./app/(app)/dashboard/page.tsx [Server Component] @ http://localhost:3000/_next/static/chunks/node_modules_next_dist_1gdrd03._.js:1945
[ 2934596ms] [LOG] [Fast Refresh] rebuilding @ http://localhost:3000/_next/static/chunks/node_modules_next_dist_1gdrd03._.js:1226
[ 2934708ms] [ERROR] ./src/modules/cases/engineer-dashboard.tsx:268:10
the name `CertificationCard` is defined multiple times
  266 | }
  267 |
> 268 | function CertificationCard({ level, years }: { level?: CertificationLevel; years?: number }) {
      |          ^^^^^^^^^^^^^^^^^
  269 |   return (
  270 |     <div className="h-full rounded-xl border bg-card p-3 shadow-sm transition-shadow hover:shadow-md">
  271 |       <div className="flex h-full items-start justify-between gap-3">

Ecmascript file had an error

Import traces:
  Client Component Browser:
    ./src/modules/cases/engineer-dashboard.tsx [Client Component Browser]
    ./app/(app)/dashboard/page.tsx [Client Component Browser]
    ./app/(app)/dashboard/page.tsx [Server Component]

  Client Component SSR:
    ./src/modules/cases/engineer-dashboard.tsx [Client Component SSR]
    ./app/(app)/dashboard/page.tsx [Client Component SSR]
    ./app/(app)/dashboard/page.tsx [Server Component] @ http://localhost:3000/_next/static/chunks/node_modules_next_dist_1gdrd03._.js:1945
[ 2934735ms] [LOG] [Fast Refresh] rebuilding @ http://localhost:3000/_next/static/chunks/node_modules_next_dist_1gdrd03._.js:1226
[ 2934851ms] [ERROR] ./src/modules/cases/engineer-dashboard.tsx:268:10
the name `CertificationCard` is defined multiple times
  266 | }
  267 |
> 268 | function CertificationCard({ level, years }: { level?: CertificationLevel; years?: number }) {
      |          ^^^^^^^^^^^^^^^^^
  269 |   return (
  270 |     <div className="h-full rounded-xl border bg-card p-3 shadow-sm transition-shadow hover:shadow-md">
  271 |       <div className="flex h-full items-start justify-between gap-3">

Ecmascript file had an error

Import traces:
  Client Component Browser:
    ./src/modules/cases/engineer-dashboard.tsx [Client Component Browser]
    ./app/(app)/dashboard/page.tsx [Client Component Browser]
    ./app/(app)/dashboard/page.tsx [Server Component]

  Client Component SSR:
    ./src/modules/cases/engineer-dashboard.tsx [Client Component SSR]
    ./app/(app)/dashboard/page.tsx [Client Component SSR]
    ./app/(app)/dashboard/page.tsx [Server Component] @ http://localhost:3000/_next/static/chunks/node_modules_next_dist_1gdrd03._.js:1945
[ 2934863ms] [LOG] [Fast Refresh] rebuilding @ http://localhost:3000/_next/static/chunks/node_modules_next_dist_1gdrd03._.js:1226
[ 2934995ms] [ERROR] ./src/modules/cases/engineer-dashboard.tsx:268:10
the name `CertificationCard` is defined multiple times
  266 | }
  267 |
> 268 | function CertificationCard({ level, years }: { level?: CertificationLevel; years?: number }) {
      |          ^^^^^^^^^^^^^^^^^
  269 |   return (
  270 |     <div className="h-full rounded-xl border bg-card p-3 shadow-sm transition-shadow hover:shadow-md">
  271 |       <div className="flex h-full items-start justify-between gap-3">

Ecmascript file had an error

Import traces:
  Client Component Browser:
    ./src/modules/cases/engineer-dashboard.tsx [Client Component Browser]
    ./app/(app)/dashboard/page.tsx [Client Component Browser]
    ./app/(app)/dashboard/page.tsx [Server Component]

  Client Component SSR:
    ./src/modules/cases/engineer-dashboard.tsx [Client Component SSR]
    ./app/(app)/dashboard/page.tsx [Client Component SSR]
    ./app/(app)/dashboard/page.tsx [Server Component] @ http://localhost:3000/_next/static/chunks/node_modules_next_dist_1gdrd03._.js:1945
[ 2935005ms] [LOG] [Fast Refresh] rebuilding @ http://localhost:3000/_next/static/chunks/node_modules_next_dist_1gdrd03._.js:1226
[ 2935119ms] [ERROR] ./src/modules/cases/engineer-dashboard.tsx:268:10
the name `CertificationCard` is defined multiple times
  266 | }
  267 |
> 268 | function CertificationCard({ level, years }: { level?: CertificationLevel; years?: number }) {
      |          ^^^^^^^^^^^^^^^^^
  269 |   return (
  270 |     <div className="h-full rounded-xl border bg-card p-3 shadow-sm transition-shadow hover:shadow-md">
  271 |       <div className="flex h-full items-start justify-between gap-3">

Ecmascript file had an error

Import traces:
  Client Component Browser:
    ./src/modules/cases/engineer-dashboard.tsx [Client Component Browser]
    ./app/(app)/dashboard/page.tsx [Client Component Browser]
    ./app/(app)/dashboard/page.tsx [Server Component]

  Client Component SSR:
    ./src/modules/cases/engineer-dashboard.tsx [Client Component SSR]
    ./app/(app)/dashboard/page.tsx [Client Component SSR]
    ./app/(app)/dashboard/page.tsx [Server Component] @ http://localhost:3000/_next/static/chunks/node_modules_next_dist_1gdrd03._.js:1945
[ 2935147ms] [LOG] [Fast Refresh] rebuilding @ http://localhost:3000/_next/static/chunks/node_modules_next_dist_1gdrd03._.js:1226
[ 2935259ms] [ERROR] ./src/modules/cases/engineer-dashboard.tsx:268:10
the name `CertificationCard` is defined multiple times
  266 | }
  267 |
> 268 | function CertificationCard({ level, years }: { level?: CertificationLevel; years?: number }) {
      |          ^^^^^^^^^^^^^^^^^
  269 |   return (
  270 |     <div className="h-full rounded-xl border bg-card p-3 shadow-sm transition-shadow hover:shadow-md">
  271 |       <div className="flex h-full items-start justify-between gap-3">

Ecmascript file had an error

Import traces:
  Client Component Browser:
    ./src/modules/cases/engineer-dashboard.tsx [Client Component Browser]
    ./app/(app)/dashboard/page.tsx [Client Component Browser]
    ./app/(app)/dashboard/page.tsx [Server Component]

  Client Component SSR:
    ./src/modules/cases/engineer-dashboard.tsx [Client Component SSR]
    ./app/(app)/dashboard/page.tsx [Client Component SSR]
    ./app/(app)/dashboard/page.tsx [Server Component] @ http://localhost:3000/_next/static/chunks/node_modules_next_dist_1gdrd03._.js:1945
[ 2935273ms] [LOG] [Fast Refresh] rebuilding @ http://localhost:3000/_next/static/chunks/node_modules_next_dist_1gdrd03._.js:1226
[ 2935399ms] [ERROR] ./src/modules/cases/engineer-dashboard.tsx:268:10
the name `CertificationCard` is defined multiple times
  266 | }
  267 |
> 268 | function CertificationCard({ level, years }: { level?: CertificationLevel; years?: number }) {
      |          ^^^^^^^^^^^^^^^^^
  269 |   return (
  270 |     <div className="h-full rounded-xl border bg-card p-3 shadow-sm transition-shadow hover:shadow-md">
  271 |       <div className="flex h-full items-start justify-between gap-3">

Ecmascript file had an error

Import traces:
  Client Component Browser:
    ./src/modules/cases/engineer-dashboard.tsx [Client Component Browser]
    ./app/(app)/dashboard/page.tsx [Client Component Browser]
    ./app/(app)/dashboard/page.tsx [Server Component]

  Client Component SSR:
    ./src/modules/cases/engineer-dashboard.tsx [Client Component SSR]
    ./app/(app)/dashboard/page.tsx [Client Component SSR]
    ./app/(app)/dashboard/page.tsx [Server Component] @ http://localhost:3000/_next/static/chunks/node_modules_next_dist_1gdrd03._.js:1945
[ 2935412ms] [LOG] [Fast Refresh] rebuilding @ http://localhost:3000/_next/static/chunks/node_modules_next_dist_1gdrd03._.js:1226
[ 2935524ms] [ERROR] ./src/modules/cases/engineer-dashboard.tsx:268:10
the name `CertificationCard` is defined multiple times
  266 | }
  267 |
> 268 | function CertificationCard({ level, years }: { level?: CertificationLevel; years?: number }) {
      |          ^^^^^^^^^^^^^^^^^
  269 |   return (
  270 |     <div className="h-full rounded-xl border bg-card p-3 shadow-sm transition-shadow hover:shadow-md">
  271 |       <div className="flex h-full items-start justify-between gap-3">

Ecmascript file had an error

Import traces:
  Client Component Browser:
    ./src/modules/cases/engineer-dashboard.tsx [Client Component Browser]
    ./app/(app)/dashboard/page.tsx [Client Component Browser]
    ./app/(app)/dashboard/page.tsx [Server Component]

  Client Component SSR:
    ./src/modules/cases/engineer-dashboard.tsx [Client Component SSR]
    ./app/(app)/dashboard/page.tsx [Client Component SSR]
    ./app/(app)/dashboard/page.tsx [Server Component] @ http://localhost:3000/_next/static/chunks/node_modules_next_dist_1gdrd03._.js:1945
[ 2935554ms] [LOG] [Fast Refresh] rebuilding @ http://localhost:3000/_next/static/chunks/node_modules_next_dist_1gdrd03._.js:1226
[ 2935650ms] [ERROR] ./src/modules/cases/engineer-dashboard.tsx:268:10
the name `CertificationCard` is defined multiple times
  266 | }
  267 |
> 268 | function CertificationCard({ level, years }: { level?: CertificationLevel; years?: number }) {
      |          ^^^^^^^^^^^^^^^^^
  269 |   return (
  270 |     <div className="h-full rounded-xl border bg-card p-3 shadow-sm transition-shadow hover:shadow-md">
  271 |       <div className="flex h-full items-start justify-between gap-3">

Ecmascript file had an error

Import traces:
  Client Component Browser:
    ./src/modules/cases/engineer-dashboard.tsx [Client Component Browser]
    ./app/(app)/dashboard/page.tsx [Client Component Browser]
    ./app/(app)/dashboard/page.tsx [Server Component]

  Client Component SSR:
    ./src/modules/cases/engineer-dashboard.tsx [Client Component SSR]
    ./app/(app)/dashboard/page.tsx [Client Component SSR]
    ./app/(app)/dashboard/page.tsx [Server Component] @ http://localhost:3000/_next/static/chunks/node_modules_next_dist_1gdrd03._.js:1945
[ 2935679ms] [LOG] [Fast Refresh] rebuilding @ http://localhost:3000/_next/static/chunks/node_modules_next_dist_1gdrd03._.js:1226
[ 2935744ms] [ERROR] ./src/modules/cases/engineer-dashboard.tsx:268:10
the name `CertificationCard` is defined multiple times
  266 | }
  267 |
> 268 | function CertificationCard({ level, years }: { level?: CertificationLevel; years?: number }) {
      |          ^^^^^^^^^^^^^^^^^
  269 |   return (
  270 |     <div className="h-full rounded-xl border bg-card p-3 shadow-sm transition-shadow hover:shadow-md">
  271 |       <div className="flex h-full items-start justify-between gap-3">

Ecmascript file had an error

Import traces:
  Client Component Browser:
    ./src/modules/cases/engineer-dashboard.tsx [Client Component Browser]
    ./app/(app)/dashboard/page.tsx [Client Component Browser]
    ./app/(app)/dashboard/page.tsx [Server Component]

  Client Component SSR:
    ./src/modules/cases/engineer-dashboard.tsx [Client Component SSR]
    ./app/(app)/dashboard/page.tsx [Client Component SSR]
    ./app/(app)/dashboard/page.tsx [Server Component] @ http://localhost:3000/_next/static/chunks/node_modules_next_dist_1gdrd03._.js:1945
[ 2935786ms] [ERROR] ./src/modules/cases/engineer-dashboard.tsx:268:10
the name `CertificationCard` is defined multiple times
  266 | }
  267 |
> 268 | function CertificationCard({ level, years }: { level?: CertificationLevel; years?: number }) {
      |          ^^^^^^^^^^^^^^^^^
  269 |   return (
  270 |     <div className="h-full rounded-xl border bg-card p-3 shadow-sm transition-shadow hover:shadow-md">
  271 |       <div className="flex h-full items-start justify-between gap-3">

Ecmascript file had an error

Import traces:
  Client Component Browser:
    ./src/modules/cases/engineer-dashboard.tsx [Client Component Browser]
    ./app/(app)/dashboard/page.tsx [Client Component Browser]
    ./app/(app)/dashboard/page.tsx [Server Component]

  Client Component SSR:
    ./src/modules/cases/engineer-dashboard.tsx [Client Component SSR]
    ./app/(app)/dashboard/page.tsx [Client Component SSR]
    ./app/(app)/dashboard/page.tsx [Server Component] @ http://localhost:3000/_next/static/chunks/node_modules_next_dist_1gdrd03._.js:1945
[ 2935854ms] [ERROR] ./src/modules/cases/engineer-dashboard.tsx:268:10
the name `CertificationCard` is defined multiple times
  266 | }
  267 |
> 268 | function CertificationCard({ level, years }: { level?: CertificationLevel; years?: number }) {
      |          ^^^^^^^^^^^^^^^^^
  269 |   return (
  270 |     <div className="h-full rounded-xl border bg-card p-3 shadow-sm transition-shadow hover:shadow-md">
  271 |       <div className="flex h-full items-start justify-between gap-3">

Ecmascript file had an error

Import traces:
  Client Component Browser:
    ./src/modules/cases/engineer-dashboard.tsx [Client Component Browser]
    ./app/(app)/dashboard/page.tsx [Client Component Browser]
    ./app/(app)/dashboard/page.tsx [Server Component]

  Client Component SSR:
    ./src/modules/cases/engineer-dashboard.tsx [Client Component SSR]
    ./app/(app)/dashboard/page.tsx [Client Component SSR]
    ./app/(app)/dashboard/page.tsx [Server Component] @ http://localhost:3000/_next/static/chunks/node_modules_next_dist_1gdrd03._.js:1945
[ 2935947ms] [ERROR] ./src/modules/cases/engineer-dashboard.tsx:268:10
the name `CertificationCard` is defined multiple times
  266 | }
  267 |
> 268 | function CertificationCard({ level, years }: { level?: CertificationLevel; years?: number }) {
      |          ^^^^^^^^^^^^^^^^^
  269 |   return (
  270 |     <div className="h-full rounded-xl border bg-card p-3 shadow-sm transition-shadow hover:shadow-md">
  271 |       <div className="flex h-full items-start justify-between gap-3">

Ecmascript file had an error

Import traces:
  Client Component Browser:
    ./src/modules/cases/engineer-dashboard.tsx [Client Component Browser]
    ./app/(app)/dashboard/page.tsx [Client Component Browser]
    ./app/(app)/dashboard/page.tsx [Server Component]

  Client Component SSR:
    ./src/modules/cases/engineer-dashboard.tsx [Client Component SSR]
    ./app/(app)/dashboard/page.tsx [Client Component SSR]
    ./app/(app)/dashboard/page.tsx [Server Component] @ http://localhost:3000/_next/static/chunks/node_modules_next_dist_1gdrd03._.js:1945
[ 2936057ms] [ERROR] ./src/modules/cases/engineer-dashboard.tsx:268:10
the name `CertificationCard` is defined multiple times
  266 | }
  267 |
> 268 | function CertificationCard({ level, years }: { level?: CertificationLevel; years?: number }) {
      |          ^^^^^^^^^^^^^^^^^
  269 |   return (
  270 |     <div className="h-full rounded-xl border bg-card p-3 shadow-sm transition-shadow hover:shadow-md">
  271 |       <div className="flex h-full items-start justify-between gap-3">

Ecmascript file had an error

Import traces:
  Client Component Browser:
    ./src/modules/cases/engineer-dashboard.tsx [Client Component Browser]
    ./app/(app)/dashboard/page.tsx [Client Component Browser]
    ./app/(app)/dashboard/page.tsx [Server Component]

  Client Component SSR:
    ./src/modules/cases/engineer-dashboard.tsx [Client Component SSR]
    ./app/(app)/dashboard/page.tsx [Client Component SSR]
    ./app/(app)/dashboard/page.tsx [Server Component] @ http://localhost:3000/_next/static/chunks/node_modules_next_dist_1gdrd03._.js:1945
[ 2936101ms] [LOG] [Fast Refresh] rebuilding @ http://localhost:3000/_next/static/chunks/node_modules_next_dist_1gdrd03._.js:1226
[ 2936152ms] [ERROR] ./src/modules/cases/engineer-dashboard.tsx:268:10
the name `CertificationCard` is defined multiple times
  266 | }
  267 |
> 268 | function CertificationCard({ level, years }: { level?: CertificationLevel; years?: number }) {
      |          ^^^^^^^^^^^^^^^^^
  269 |   return (
  270 |     <div className="h-full rounded-xl border bg-card p-3 shadow-sm transition-shadow hover:shadow-md">
  271 |       <div className="flex h-full items-start justify-between gap-3">

Ecmascript file had an error

Import traces:
  Client Component Browser:
    ./src/modules/cases/engineer-dashboard.tsx [Client Component Browser]
    ./app/(app)/dashboard/page.tsx [Client Component Browser]
    ./app/(app)/dashboard/page.tsx [Server Component]

  Client Component SSR:
    ./src/modules/cases/engineer-dashboard.tsx [Client Component SSR]
    ./app/(app)/dashboard/page.tsx [Client Component SSR]
    ./app/(app)/dashboard/page.tsx [Server Component] @ http://localhost:3000/_next/static/chunks/node_modules_next_dist_1gdrd03._.js:1945
[ 2936199ms] [ERROR] ./src/modules/cases/engineer-dashboard.tsx:268:10
the name `CertificationCard` is defined multiple times
  266 | }
  267 |
> 268 | function CertificationCard({ level, years }: { level?: CertificationLevel; years?: number }) {
      |          ^^^^^^^^^^^^^^^^^
  269 |   return (
  270 |     <div className="h-full rounded-xl border bg-card p-3 shadow-sm transition-shadow hover:shadow-md">
  271 |       <div className="flex h-full items-start justify-between gap-3">

Ecmascript file had an error

Import traces:
  Client Component Browser:
    ./src/modules/cases/engineer-dashboard.tsx [Client Component Browser]
    ./app/(app)/dashboard/page.tsx [Client Component Browser]
    ./app/(app)/dashboard/page.tsx [Server Component]

  Client Component SSR:
    ./src/modules/cases/engineer-dashboard.tsx [Client Component SSR]
    ./app/(app)/dashboard/page.tsx [Client Component SSR]
    ./app/(app)/dashboard/page.tsx [Server Component] @ http://localhost:3000/_next/static/chunks/node_modules_next_dist_1gdrd03._.js:1945
[ 2936242ms] [ERROR] ./src/modules/cases/engineer-dashboard.tsx:268:10
the name `CertificationCard` is defined multiple times
  266 | }
  267 |
> 268 | function CertificationCard({ level, years }: { level?: CertificationLevel; years?: number }) {
      |          ^^^^^^^^^^^^^^^^^
  269 |   return (
  270 |     <div className="h-full rounded-xl border bg-card p-3 shadow-sm transition-shadow hover:shadow-md">
  271 |       <div className="flex h-full items-start justify-between gap-3">

Ecmascript file had an error

Import traces:
  Client Component Browser:
    ./src/modules/cases/engineer-dashboard.tsx [Client Component Browser]
    ./app/(app)/dashboard/page.tsx [Client Component Browser]
    ./app/(app)/dashboard/page.tsx [Server Component]

  Client Component SSR:
    ./src/modules/cases/engineer-dashboard.tsx [Client Component SSR]
    ./app/(app)/dashboard/page.tsx [Client Component SSR]
    ./app/(app)/dashboard/page.tsx [Server Component] @ http://localhost:3000/_next/static/chunks/node_modules_next_dist_1gdrd03._.js:1945
[ 2936339ms] [ERROR] ./src/modules/cases/engineer-dashboard.tsx:268:10
the name `CertificationCard` is defined multiple times
  266 | }
  267 |
> 268 | function CertificationCard({ level, years }: { level?: CertificationLevel; years?: number }) {
      |          ^^^^^^^^^^^^^^^^^
  269 |   return (
  270 |     <div className="h-full rounded-xl border bg-card p-3 shadow-sm transition-shadow hover:shadow-md">
  271 |       <div className="flex h-full items-start justify-between gap-3">

Ecmascript file had an error

Import traces:
  Client Component Browser:
    ./src/modules/cases/engineer-dashboard.tsx [Client Component Browser]
    ./app/(app)/dashboard/page.tsx [Client Component Browser]
    ./app/(app)/dashboard/page.tsx [Server Component]

  Client Component SSR:
    ./src/modules/cases/engineer-dashboard.tsx [Client Component SSR]
    ./app/(app)/dashboard/page.tsx [Client Component SSR]
    ./app/(app)/dashboard/page.tsx [Server Component] @ http://localhost:3000/_next/static/chunks/node_modules_next_dist_1gdrd03._.js:1945
[ 2936352ms] [LOG] [Fast Refresh] rebuilding @ http://localhost:3000/_next/static/chunks/node_modules_next_dist_1gdrd03._.js:1226
[ 2936494ms] [LOG] [Fast Refresh] rebuilding @ http://localhost:3000/_next/static/chunks/node_modules_next_dist_1gdrd03._.js:1226
[ 2936520ms] [ERROR] ./src/modules/cases/engineer-dashboard.tsx:268:10
the name `CertificationCard` is defined multiple times
  266 | }
  267 |
> 268 | function CertificationCard({ level, years }: { level?: CertificationLevel; years?: number }) {
      |          ^^^^^^^^^^^^^^^^^
  269 |   return (
  270 |     <div className="h-full rounded-xl border bg-card p-3 shadow-sm transition-shadow hover:shadow-md">
  271 |       <div className="flex h-full items-start justify-between gap-3">

Ecmascript file had an error

Import traces:
  Client Component Browser:
    ./src/modules/cases/engineer-dashboard.tsx [Client Component Browser]
    ./app/(app)/dashboard/page.tsx [Client Component Browser]
    ./app/(app)/dashboard/page.tsx [Server Component]

  Client Component SSR:
    ./src/modules/cases/engineer-dashboard.tsx [Client Component SSR]
    ./app/(app)/dashboard/page.tsx [Client Component SSR]
    ./app/(app)/dashboard/page.tsx [Server Component] @ http://localhost:3000/_next/static/chunks/node_modules_next_dist_1gdrd03._.js:1945
[ 2936649ms] [LOG] [Fast Refresh] rebuilding @ http://localhost:3000/_next/static/chunks/node_modules_next_dist_1gdrd03._.js:1226
[ 2936719ms] [ERROR] ./src/modules/cases/engineer-dashboard.tsx:268:10
the name `CertificationCard` is defined multiple times
  266 | }
  267 |
> 268 | function CertificationCard({ level, years }: { level?: CertificationLevel; years?: number }) {
      |          ^^^^^^^^^^^^^^^^^
  269 |   return (
  270 |     <div className="h-full rounded-xl border bg-card p-3 shadow-sm transition-shadow hover:shadow-md">
  271 |       <div className="flex h-full items-start justify-between gap-3">

Ecmascript file had an error

Import traces:
  Client Component Browser:
    ./src/modules/cases/engineer-dashboard.tsx [Client Component Browser]
    ./app/(app)/dashboard/page.tsx [Client Component Browser]
    ./app/(app)/dashboard/page.tsx [Server Component]

  Client Component SSR:
    ./src/modules/cases/engineer-dashboard.tsx [Client Component SSR]
    ./app/(app)/dashboard/page.tsx [Client Component SSR]
    ./app/(app)/dashboard/page.tsx [Server Component] @ http://localhost:3000/_next/static/chunks/node_modules_next_dist_1gdrd03._.js:1945
[ 2936775ms] [ERROR] ./src/modules/cases/engineer-dashboard.tsx:268:10
the name `CertificationCard` is defined multiple times
  266 | }
  267 |
> 268 | function CertificationCard({ level, years }: { level?: CertificationLevel; years?: number }) {
      |          ^^^^^^^^^^^^^^^^^
  269 |   return (
  270 |     <div className="h-full rounded-xl border bg-card p-3 shadow-sm transition-shadow hover:shadow-md">
  271 |       <div className="flex h-full items-start justify-between gap-3">

Ecmascript file had an error

Import traces:
  Client Component Browser:
    ./src/modules/cases/engineer-dashboard.tsx [Client Component Browser]
    ./app/(app)/dashboard/page.tsx [Client Component Browser]
    ./app/(app)/dashboard/page.tsx [Server Component]

  Client Component SSR:
    ./src/modules/cases/engineer-dashboard.tsx [Client Component SSR]
    ./app/(app)/dashboard/page.tsx [Client Component SSR]
    ./app/(app)/dashboard/page.tsx [Server Component] @ http://localhost:3000/_next/static/chunks/node_modules_next_dist_1gdrd03._.js:1945
[ 2936863ms] [ERROR] ./src/modules/cases/engineer-dashboard.tsx:268:10
the name `CertificationCard` is defined multiple times
  266 | }
  267 |
> 268 | function CertificationCard({ level, years }: { level?: CertificationLevel; years?: number }) {
      |          ^^^^^^^^^^^^^^^^^
  269 |   return (
  270 |     <div className="h-full rounded-xl border bg-card p-3 shadow-sm transition-shadow hover:shadow-md">
  271 |       <div className="flex h-full items-start justify-between gap-3">

Ecmascript file had an error

Import traces:
  Client Component Browser:
    ./src/modules/cases/engineer-dashboard.tsx [Client Component Browser]
    ./app/(app)/dashboard/page.tsx [Client Component Browser]
    ./app/(app)/dashboard/page.tsx [Server Component]

  Client Component SSR:
    ./src/modules/cases/engineer-dashboard.tsx [Client Component SSR]
    ./app/(app)/dashboard/page.tsx [Client Component SSR]
    ./app/(app)/dashboard/page.tsx [Server Component] @ http://localhost:3000/_next/static/chunks/node_modules_next_dist_1gdrd03._.js:1945
[ 2936933ms] [ERROR] ./src/modules/cases/engineer-dashboard.tsx:268:10
the name `CertificationCard` is defined multiple times
  266 | }
  267 |
> 268 | function CertificationCard({ level, years }: { level?: CertificationLevel; years?: number }) {
      |          ^^^^^^^^^^^^^^^^^
  269 |   return (
  270 |     <div className="h-full rounded-xl border bg-card p-3 shadow-sm transition-shadow hover:shadow-md">
  271 |       <div className="flex h-full items-start justify-between gap-3">

Ecmascript file had an error

Import traces:
  Client Component Browser:
    ./src/modules/cases/engineer-dashboard.tsx [Client Component Browser]
    ./app/(app)/dashboard/page.tsx [Client Component Browser]
    ./app/(app)/dashboard/page.tsx [Server Component]

  Client Component SSR:
    ./src/modules/cases/engineer-dashboard.tsx [Client Component SSR]
    ./app/(app)/dashboard/page.tsx [Client Component SSR]
    ./app/(app)/dashboard/page.tsx [Server Component] @ http://localhost:3000/_next/static/chunks/node_modules_next_dist_1gdrd03._.js:1945
[ 2937004ms] [ERROR] ./src/modules/cases/engineer-dashboard.tsx:268:10
the name `CertificationCard` is defined multiple times
  266 | }
  267 |
> 268 | function CertificationCard({ level, years }: { level?: CertificationLevel; years?: number }) {
      |          ^^^^^^^^^^^^^^^^^
  269 |   return (
  270 |     <div className="h-full rounded-xl border bg-card p-3 shadow-sm transition-shadow hover:shadow-md">
  271 |       <div className="flex h-full items-start justify-between gap-3">

Ecmascript file had an error

Import traces:
  Client Component Browser:
    ./src/modules/cases/engineer-dashboard.tsx [Client Component Browser]
    ./app/(app)/dashboard/page.tsx [Client Component Browser]
    ./app/(app)/dashboard/page.tsx [Server Component]

  Client Component SSR:
    ./src/modules/cases/engineer-dashboard.tsx [Client Component SSR]
    ./app/(app)/dashboard/page.tsx [Client Component SSR]
    ./app/(app)/dashboard/page.tsx [Server Component] @ http://localhost:3000/_next/static/chunks/node_modules_next_dist_1gdrd03._.js:1945
[ 2937116ms] [LOG] [Fast Refresh] rebuilding @ http://localhost:3000/_next/static/chunks/node_modules_next_dist_1gdrd03._.js:1226
[ 2937185ms] [ERROR] ./src/modules/cases/engineer-dashboard.tsx:268:10
the name `CertificationCard` is defined multiple times
  266 | }
  267 |
> 268 | function CertificationCard({ level, years }: { level?: CertificationLevel; years?: number }) {
      |          ^^^^^^^^^^^^^^^^^
  269 |   return (
  270 |     <div className="h-full rounded-xl border bg-card p-3 shadow-sm transition-shadow hover:shadow-md">
  271 |       <div className="flex h-full items-start justify-between gap-3">

Ecmascript file had an error

Import traces:
  Client Component Browser:
    ./src/modules/cases/engineer-dashboard.tsx [Client Component Browser]
    ./app/(app)/dashboard/page.tsx [Client Component Browser]
    ./app/(app)/dashboard/page.tsx [Server Component]

  Client Component SSR:
    ./src/modules/cases/engineer-dashboard.tsx [Client Component SSR]
    ./app/(app)/dashboard/page.tsx [Client Component SSR]
    ./app/(app)/dashboard/page.tsx [Server Component] @ http://localhost:3000/_next/static/chunks/node_modules_next_dist_1gdrd03._.js:1945
[ 2937276ms] [ERROR] ./src/modules/cases/engineer-dashboard.tsx:268:10
the name `CertificationCard` is defined multiple times
  266 | }
  267 |
> 268 | function CertificationCard({ level, years }: { level?: CertificationLevel; years?: number }) {
      |          ^^^^^^^^^^^^^^^^^
  269 |   return (
  270 |     <div className="h-full rounded-xl border bg-card p-3 shadow-sm transition-shadow hover:shadow-md">
  271 |       <div className="flex h-full items-start justify-between gap-3">

Ecmascript file had an error

Import traces:
  Client Component Browser:
    ./src/modules/cases/engineer-dashboard.tsx [Client Component Browser]
    ./app/(app)/dashboard/page.tsx [Client Component Browser]
    ./app/(app)/dashboard/page.tsx [Server Component]

  Client Component SSR:
    ./src/modules/cases/engineer-dashboard.tsx [Client Component SSR]
    ./app/(app)/dashboard/page.tsx [Client Component SSR]
    ./app/(app)/dashboard/page.tsx [Server Component] @ http://localhost:3000/_next/static/chunks/node_modules_next_dist_1gdrd03._.js:1945
[ 2937373ms] [ERROR] ./src/modules/cases/engineer-dashboard.tsx:268:10
the name `CertificationCard` is defined multiple times
  266 | }
  267 |
> 268 | function CertificationCard({ level, years }: { level?: CertificationLevel; years?: number }) {
      |          ^^^^^^^^^^^^^^^^^
  269 |   return (
  270 |     <div className="h-full rounded-xl border bg-card p-3 shadow-sm transition-shadow hover:shadow-md">
  271 |       <div className="flex h-full items-start justify-between gap-3">

Ecmascript file had an error

Import traces:
  Client Component Browser:
    ./src/modules/cases/engineer-dashboard.tsx [Client Component Browser]
    ./app/(app)/dashboard/page.tsx [Client Component Browser]
    ./app/(app)/dashboard/page.tsx [Server Component]

  Client Component SSR:
    ./src/modules/cases/engineer-dashboard.tsx [Client Component SSR]
    ./app/(app)/dashboard/page.tsx [Client Component SSR]
    ./app/(app)/dashboard/page.tsx [Server Component] @ http://localhost:3000/_next/static/chunks/node_modules_next_dist_1gdrd03._.js:1945
[ 2937443ms] [ERROR] ./src/modules/cases/engineer-dashboard.tsx:268:10
the name `CertificationCard` is defined multiple times
  266 | }
  267 |
> 268 | function CertificationCard({ level, years }: { level?: CertificationLevel; years?: number }) {
      |          ^^^^^^^^^^^^^^^^^
  269 |   return (
  270 |     <div className="h-full rounded-xl border bg-card p-3 shadow-sm transition-shadow hover:shadow-md">
  271 |       <div className="flex h-full items-start justify-between gap-3">

Ecmascript file had an error

Import traces:
  Client Component Browser:
    ./src/modules/cases/engineer-dashboard.tsx [Client Component Browser]
    ./app/(app)/dashboard/page.tsx [Client Component Browser]
    ./app/(app)/dashboard/page.tsx [Server Component]

  Client Component SSR:
    ./src/modules/cases/engineer-dashboard.tsx [Client Component SSR]
    ./app/(app)/dashboard/page.tsx [Client Component SSR]
    ./app/(app)/dashboard/page.tsx [Server Component] @ http://localhost:3000/_next/static/chunks/node_modules_next_dist_1gdrd03._.js:1945
[ 2937541ms] [ERROR] ./src/modules/cases/engineer-dashboard.tsx:268:10
the name `CertificationCard` is defined multiple times
  266 | }
  267 |
> 268 | function CertificationCard({ level, years }: { level?: CertificationLevel; years?: number }) {
      |          ^^^^^^^^^^^^^^^^^
  269 |   return (
  270 |     <div className="h-full rounded-xl border bg-card p-3 shadow-sm transition-shadow hover:shadow-md">
  271 |       <div className="flex h-full items-start justify-between gap-3">

Ecmascript file had an error

Import traces:
  Client Component Browser:
    ./src/modules/cases/engineer-dashboard.tsx [Client Component Browser]
    ./app/(app)/dashboard/page.tsx [Client Component Browser]
    ./app/(app)/dashboard/page.tsx [Server Component]

  Client Component SSR:
    ./src/modules/cases/engineer-dashboard.tsx [Client Component SSR]
    ./app/(app)/dashboard/page.tsx [Client Component SSR]
    ./app/(app)/dashboard/page.tsx [Server Component] @ http://localhost:3000/_next/static/chunks/node_modules_next_dist_1gdrd03._.js:1945
[ 2937603ms] [ERROR] ./src/modules/cases/engineer-dashboard.tsx:268:10
the name `CertificationCard` is defined multiple times
  266 | }
  267 |
> 268 | function CertificationCard({ level, years }: { level?: CertificationLevel; years?: number }) {
      |          ^^^^^^^^^^^^^^^^^
  269 |   return (
  270 |     <div className="h-full rounded-xl border bg-card p-3 shadow-sm transition-shadow hover:shadow-md">
  271 |       <div className="flex h-full items-start justify-between gap-3">

Ecmascript file had an error

Import traces:
  Client Component Browser:
    ./src/modules/cases/engineer-dashboard.tsx [Client Component Browser]
    ./app/(app)/dashboard/page.tsx [Client Component Browser]
    ./app/(app)/dashboard/page.tsx [Server Component]

  Client Component SSR:
    ./src/modules/cases/engineer-dashboard.tsx [Client Component SSR]
    ./app/(app)/dashboard/page.tsx [Client Component SSR]
    ./app/(app)/dashboard/page.tsx [Server Component] @ http://localhost:3000/_next/static/chunks/node_modules_next_dist_1gdrd03._.js:1945
[ 2937667ms] [ERROR] ./src/modules/cases/engineer-dashboard.tsx:268:10
the name `CertificationCard` is defined multiple times
  266 | }
  267 |
> 268 | function CertificationCard({ level, years }: { level?: CertificationLevel; years?: number }) {
      |          ^^^^^^^^^^^^^^^^^
  269 |   return (
  270 |     <div className="h-full rounded-xl border bg-card p-3 shadow-sm transition-shadow hover:shadow-md">
  271 |       <div className="flex h-full items-start justify-between gap-3">

Ecmascript file had an error

Import traces:
  Client Component Browser:
    ./src/modules/cases/engineer-dashboard.tsx [Client Component Browser]
    ./app/(app)/dashboard/page.tsx [Client Component Browser]
    ./app/(app)/dashboard/page.tsx [Server Component]

  Client Component SSR:
    ./src/modules/cases/engineer-dashboard.tsx [Client Component SSR]
    ./app/(app)/dashboard/page.tsx [Client Component SSR]
    ./app/(app)/dashboard/page.tsx [Server Component] @ http://localhost:3000/_next/static/chunks/node_modules_next_dist_1gdrd03._.js:1945
[ 2937712ms] [ERROR] ./src/modules/cases/engineer-dashboard.tsx:268:10
the name `CertificationCard` is defined multiple times
  266 | }
  267 |
> 268 | function CertificationCard({ level, years }: { level?: CertificationLevel; years?: number }) {
      |          ^^^^^^^^^^^^^^^^^
  269 |   return (
  270 |     <div className="h-full rounded-xl border bg-card p-3 shadow-sm transition-shadow hover:shadow-md">
  271 |       <div className="flex h-full items-start justify-between gap-3">

Ecmascript file had an error

Import traces:
  Client Component Browser:
    ./src/modules/cases/engineer-dashboard.tsx [Client Component Browser]
    ./app/(app)/dashboard/page.tsx [Client Component Browser]
    ./app/(app)/dashboard/page.tsx [Server Component]

  Client Component SSR:
    ./src/modules/cases/engineer-dashboard.tsx [Client Component SSR]
    ./app/(app)/dashboard/page.tsx [Client Component SSR]
    ./app/(app)/dashboard/page.tsx [Server Component] @ http://localhost:3000/_next/static/chunks/node_modules_next_dist_1gdrd03._.js:1945
[ 2937812ms] [ERROR] ./src/modules/cases/engineer-dashboard.tsx:268:10
the name `CertificationCard` is defined multiple times
  266 | }
  267 |
> 268 | function CertificationCard({ level, years }: { level?: CertificationLevel; years?: number }) {
      |          ^^^^^^^^^^^^^^^^^
  269 |   return (
  270 |     <div className="h-full rounded-xl border bg-card p-3 shadow-sm transition-shadow hover:shadow-md">
  271 |       <div className="flex h-full items-start justify-between gap-3">

Ecmascript file had an error

Import traces:
  Client Component Browser:
    ./src/modules/cases/engineer-dashboard.tsx [Client Component Browser]
    ./app/(app)/dashboard/page.tsx [Client Component Browser]
    ./app/(app)/dashboard/page.tsx [Server Component]

  Client Component SSR:
    ./src/modules/cases/engineer-dashboard.tsx [Client Component SSR]
    ./app/(app)/dashboard/page.tsx [Client Component SSR]
    ./app/(app)/dashboard/page.tsx [Server Component] @ http://localhost:3000/_next/static/chunks/node_modules_next_dist_1gdrd03._.js:1945
[ 2937917ms] [ERROR] ./src/modules/cases/engineer-dashboard.tsx:268:10
the name `CertificationCard` is defined multiple times
  266 | }
  267 |
> 268 | function CertificationCard({ level, years }: { level?: CertificationLevel; years?: number }) {
      |          ^^^^^^^^^^^^^^^^^
  269 |   return (
  270 |     <div className="h-full rounded-xl border bg-card p-3 shadow-sm transition-shadow hover:shadow-md">
  271 |       <div className="flex h-full items-start justify-between gap-3">

Ecmascript file had an error

Import traces:
  Client Component Browser:
    ./src/modules/cases/engineer-dashboard.tsx [Client Component Browser]
    ./app/(app)/dashboard/page.tsx [Client Component Browser]
    ./app/(app)/dashboard/page.tsx [Server Component]

  Client Component SSR:
    ./src/modules/cases/engineer-dashboard.tsx [Client Component SSR]
    ./app/(app)/dashboard/page.tsx [Client Component SSR]
    ./app/(app)/dashboard/page.tsx [Server Component] @ http://localhost:3000/_next/static/chunks/node_modules_next_dist_1gdrd03._.js:1945
[ 2937978ms] [ERROR] ./src/modules/cases/engineer-dashboard.tsx:268:10
the name `CertificationCard` is defined multiple times
  266 | }
  267 |
> 268 | function CertificationCard({ level, years }: { level?: CertificationLevel; years?: number }) {
      |          ^^^^^^^^^^^^^^^^^
  269 |   return (
  270 |     <div className="h-full rounded-xl border bg-card p-3 shadow-sm transition-shadow hover:shadow-md">
  271 |       <div className="flex h-full items-start justify-between gap-3">

Ecmascript file had an error

Import traces:
  Client Component Browser:
    ./src/modules/cases/engineer-dashboard.tsx [Client Component Browser]
    ./app/(app)/dashboard/page.tsx [Client Component Browser]
    ./app/(app)/dashboard/page.tsx [Server Component]

  Client Component SSR:
    ./src/modules/cases/engineer-dashboard.tsx [Client Component SSR]
    ./app/(app)/dashboard/page.tsx [Client Component SSR]
    ./app/(app)/dashboard/page.tsx [Server Component] @ http://localhost:3000/_next/static/chunks/node_modules_next_dist_1gdrd03._.js:1945
[ 2938070ms] [ERROR] ./src/modules/cases/engineer-dashboard.tsx:268:10
the name `CertificationCard` is defined multiple times
  266 | }
  267 |
> 268 | function CertificationCard({ level, years }: { level?: CertificationLevel; years?: number }) {
      |          ^^^^^^^^^^^^^^^^^
  269 |   return (
  270 |     <div className="h-full rounded-xl border bg-card p-3 shadow-sm transition-shadow hover:shadow-md">
  271 |       <div className="flex h-full items-start justify-between gap-3">

Ecmascript file had an error

Import traces:
  Client Component Browser:
    ./src/modules/cases/engineer-dashboard.tsx [Client Component Browser]
    ./app/(app)/dashboard/page.tsx [Client Component Browser]
    ./app/(app)/dashboard/page.tsx [Server Component]

  Client Component SSR:
    ./src/modules/cases/engineer-dashboard.tsx [Client Component SSR]
    ./app/(app)/dashboard/page.tsx [Client Component SSR]
    ./app/(app)/dashboard/page.tsx [Server Component] @ http://localhost:3000/_next/static/chunks/node_modules_next_dist_1gdrd03._.js:1945
[ 2938100ms] [LOG] [Fast Refresh] rebuilding @ http://localhost:3000/_next/static/chunks/node_modules_next_dist_1gdrd03._.js:1226
[ 2938225ms] [ERROR] ./src/modules/cases/engineer-dashboard.tsx:268:10
the name `CertificationCard` is defined multiple times
  266 | }
  267 |
> 268 | function CertificationCard({ level, years }: { level?: CertificationLevel; years?: number }) {
      |          ^^^^^^^^^^^^^^^^^
  269 |   return (
  270 |     <div className="h-full rounded-xl border bg-card p-3 shadow-sm transition-shadow hover:shadow-md">
  271 |       <div className="flex h-full items-start justify-between gap-3">

Ecmascript file had an error

Import traces:
  Client Component Browser:
    ./src/modules/cases/engineer-dashboard.tsx [Client Component Browser]
    ./app/(app)/dashboard/page.tsx [Client Component Browser]
    ./app/(app)/dashboard/page.tsx [Server Component]

  Client Component SSR:
    ./src/modules/cases/engineer-dashboard.tsx [Client Component SSR]
    ./app/(app)/dashboard/page.tsx [Client Component SSR]
    ./app/(app)/dashboard/page.tsx [Server Component] @ http://localhost:3000/_next/static/chunks/node_modules_next_dist_1gdrd03._.js:1945
[ 2938239ms] [LOG] [Fast Refresh] rebuilding @ http://localhost:3000/_next/static/chunks/node_modules_next_dist_1gdrd03._.js:1226
[ 2938349ms] [ERROR] ./src/modules/cases/engineer-dashboard.tsx:268:10
the name `CertificationCard` is defined multiple times
  266 | }
  267 |
> 268 | function CertificationCard({ level, years }: { level?: CertificationLevel; years?: number }) {
      |          ^^^^^^^^^^^^^^^^^
  269 |   return (
  270 |     <div className="h-full rounded-xl border bg-card p-3 shadow-sm transition-shadow hover:shadow-md">
  271 |       <div className="flex h-full items-start justify-between gap-3">

Ecmascript file had an error

Import traces:
  Client Component Browser:
    ./src/modules/cases/engineer-dashboard.tsx [Client Component Browser]
    ./app/(app)/dashboard/page.tsx [Client Component Browser]
    ./app/(app)/dashboard/page.tsx [Server Component]

  Client Component SSR:
    ./src/modules/cases/engineer-dashboard.tsx [Client Component SSR]
    ./app/(app)/dashboard/page.tsx [Client Component SSR]
    ./app/(app)/dashboard/page.tsx [Server Component] @ http://localhost:3000/_next/static/chunks/node_modules_next_dist_1gdrd03._.js:1945
[ 2938411ms] [ERROR] ./src/modules/cases/engineer-dashboard.tsx:268:10
the name `CertificationCard` is defined multiple times
  266 | }
  267 |
> 268 | function CertificationCard({ level, years }: { level?: CertificationLevel; years?: number }) {
      |          ^^^^^^^^^^^^^^^^^
  269 |   return (
  270 |     <div className="h-full rounded-xl border bg-card p-3 shadow-sm transition-shadow hover:shadow-md">
  271 |       <div className="flex h-full items-start justify-between gap-3">

Ecmascript file had an error

Import traces:
  Client Component Browser:
    ./src/modules/cases/engineer-dashboard.tsx [Client Component Browser]
    ./app/(app)/dashboard/page.tsx [Client Component Browser]
    ./app/(app)/dashboard/page.tsx [Server Component]

  Client Component SSR:
    ./src/modules/cases/engineer-dashboard.tsx [Client Component SSR]
    ./app/(app)/dashboard/page.tsx [Client Component SSR]
    ./app/(app)/dashboard/page.tsx [Server Component] @ http://localhost:3000/_next/static/chunks/node_modules_next_dist_1gdrd03._.js:1945
[ 2938459ms] [ERROR] ./src/modules/cases/engineer-dashboard.tsx:268:10
the name `CertificationCard` is defined multiple times
  266 | }
  267 |
> 268 | function CertificationCard({ level, years }: { level?: CertificationLevel; years?: number }) {
      |          ^^^^^^^^^^^^^^^^^
  269 |   return (
  270 |     <div className="h-full rounded-xl border bg-card p-3 shadow-sm transition-shadow hover:shadow-md">
  271 |       <div className="flex h-full items-start justify-between gap-3">

Ecmascript file had an error

Import traces:
  Client Component Browser:
    ./src/modules/cases/engineer-dashboard.tsx [Client Component Browser]
    ./app/(app)/dashboard/page.tsx [Client Component Browser]
    ./app/(app)/dashboard/page.tsx [Server Component]

  Client Component SSR:
    ./src/modules/cases/engineer-dashboard.tsx [Client Component SSR]
    ./app/(app)/dashboard/page.tsx [Client Component SSR]
    ./app/(app)/dashboard/page.tsx [Server Component] @ http://localhost:3000/_next/static/chunks/node_modules_next_dist_1gdrd03._.js:1945
[ 2938554ms] [ERROR] ./src/modules/cases/engineer-dashboard.tsx:268:10
the name `CertificationCard` is defined multiple times
  266 | }
  267 |
> 268 | function CertificationCard({ level, years }: { level?: CertificationLevel; years?: number }) {
      |          ^^^^^^^^^^^^^^^^^
  269 |   return (
  270 |     <div className="h-full rounded-xl border bg-card p-3 shadow-sm transition-shadow hover:shadow-md">
  271 |       <div className="flex h-full items-start justify-between gap-3">

Ecmascript file had an error

Import traces:
  Client Component Browser:
    ./src/modules/cases/engineer-dashboard.tsx [Client Component Browser]
    ./app/(app)/dashboard/page.tsx [Client Component Browser]
    ./app/(app)/dashboard/page.tsx [Server Component]

  Client Component SSR:
    ./src/modules/cases/engineer-dashboard.tsx [Client Component SSR]
    ./app/(app)/dashboard/page.tsx [Client Component SSR]
    ./app/(app)/dashboard/page.tsx [Server Component] @ http://localhost:3000/_next/static/chunks/node_modules_next_dist_1gdrd03._.js:1945
[ 2938567ms] [LOG] [Fast Refresh] rebuilding @ http://localhost:3000/_next/static/chunks/node_modules_next_dist_1gdrd03._.js:1226
[ 2938710ms] [ERROR] ./src/modules/cases/engineer-dashboard.tsx:268:10
the name `CertificationCard` is defined multiple times
  266 | }
  267 |
> 268 | function CertificationCard({ level, years }: { level?: CertificationLevel; years?: number }) {
      |          ^^^^^^^^^^^^^^^^^
  269 |   return (
  270 |     <div className="h-full rounded-xl border bg-card p-3 shadow-sm transition-shadow hover:shadow-md">
  271 |       <div className="flex h-full items-start justify-between gap-3">

Ecmascript file had an error

Import traces:
  Client Component Browser:
    ./src/modules/cases/engineer-dashboard.tsx [Client Component Browser]
    ./app/(app)/dashboard/page.tsx [Client Component Browser]
    ./app/(app)/dashboard/page.tsx [Server Component]

  Client Component SSR:
    ./src/modules/cases/engineer-dashboard.tsx [Client Component SSR]
    ./app/(app)/dashboard/page.tsx [Client Component SSR]
    ./app/(app)/dashboard/page.tsx [Server Component] @ http://localhost:3000/_next/static/chunks/node_modules_next_dist_1gdrd03._.js:1945
[ 2938711ms] [LOG] [Fast Refresh] rebuilding @ http://localhost:3000/_next/static/chunks/node_modules_next_dist_1gdrd03._.js:1226
[ 2938820ms] [ERROR] ./src/modules/cases/engineer-dashboard.tsx:268:10
the name `CertificationCard` is defined multiple times
  266 | }
  267 |
> 268 | function CertificationCard({ level, years }: { level?: CertificationLevel; years?: number }) {
      |          ^^^^^^^^^^^^^^^^^
  269 |   return (
  270 |     <div className="h-full rounded-xl border bg-card p-3 shadow-sm transition-shadow hover:shadow-md">
  271 |       <div className="flex h-full items-start justify-between gap-3">

Ecmascript file had an error

Import traces:
  Client Component Browser:
    ./src/modules/cases/engineer-dashboard.tsx [Client Component Browser]
    ./app/(app)/dashboard/page.tsx [Client Component Browser]
    ./app/(app)/dashboard/page.tsx [Server Component]

  Client Component SSR:
    ./src/modules/cases/engineer-dashboard.tsx [Client Component SSR]
    ./app/(app)/dashboard/page.tsx [Client Component SSR]
    ./app/(app)/dashboard/page.tsx [Server Component] @ http://localhost:3000/_next/static/chunks/node_modules_next_dist_1gdrd03._.js:1945
[ 2938863ms] [LOG] [Fast Refresh] rebuilding @ http://localhost:3000/_next/static/chunks/node_modules_next_dist_1gdrd03._.js:1226
[ 2938974ms] [ERROR] ./src/modules/cases/engineer-dashboard.tsx:268:10
the name `CertificationCard` is defined multiple times
  266 | }
  267 |
> 268 | function CertificationCard({ level, years }: { level?: CertificationLevel; years?: number }) {
      |          ^^^^^^^^^^^^^^^^^
  269 |   return (
  270 |     <div className="h-full rounded-xl border bg-card p-3 shadow-sm transition-shadow hover:shadow-md">
  271 |       <div className="flex h-full items-start justify-between gap-3">

Ecmascript file had an error

Import traces:
  Client Component Browser:
    ./src/modules/cases/engineer-dashboard.tsx [Client Component Browser]
    ./app/(app)/dashboard/page.tsx [Client Component Browser]
    ./app/(app)/dashboard/page.tsx [Server Component]

  Client Component SSR:
    ./src/modules/cases/engineer-dashboard.tsx [Client Component SSR]
    ./app/(app)/dashboard/page.tsx [Client Component SSR]
    ./app/(app)/dashboard/page.tsx [Server Component] @ http://localhost:3000/_next/static/chunks/node_modules_next_dist_1gdrd03._.js:1945
[ 2939022ms] [ERROR] ./src/modules/cases/engineer-dashboard.tsx:268:10
the name `CertificationCard` is defined multiple times
  266 | }
  267 |
> 268 | function CertificationCard({ level, years }: { level?: CertificationLevel; years?: number }) {
      |          ^^^^^^^^^^^^^^^^^
  269 |   return (
  270 |     <div className="h-full rounded-xl border bg-card p-3 shadow-sm transition-shadow hover:shadow-md">
  271 |       <div className="flex h-full items-start justify-between gap-3">

Ecmascript file had an error

Import traces:
  Client Component Browser:
    ./src/modules/cases/engineer-dashboard.tsx [Client Component Browser]
    ./app/(app)/dashboard/page.tsx [Client Component Browser]
    ./app/(app)/dashboard/page.tsx [Server Component]

  Client Component SSR:
    ./src/modules/cases/engineer-dashboard.tsx [Client Component SSR]
    ./app/(app)/dashboard/page.tsx [Client Component SSR]
    ./app/(app)/dashboard/page.tsx [Server Component] @ http://localhost:3000/_next/static/chunks/node_modules_next_dist_1gdrd03._.js:1945
[ 2939133ms] [ERROR] ./src/modules/cases/engineer-dashboard.tsx:268:10
the name `CertificationCard` is defined multiple times
  266 | }
  267 |
> 268 | function CertificationCard({ level, years }: { level?: CertificationLevel; years?: number }) {
      |          ^^^^^^^^^^^^^^^^^
  269 |   return (
  270 |     <div className="h-full rounded-xl border bg-card p-3 shadow-sm transition-shadow hover:shadow-md">
  271 |       <div className="flex h-full items-start justify-between gap-3">

Ecmascript file had an error

Import traces:
  Client Component Browser:
    ./src/modules/cases/engineer-dashboard.tsx [Client Component Browser]
    ./app/(app)/dashboard/page.tsx [Client Component Browser]
    ./app/(app)/dashboard/page.tsx [Server Component]

  Client Component SSR:
    ./src/modules/cases/engineer-dashboard.tsx [Client Component SSR]
    ./app/(app)/dashboard/page.tsx [Client Component SSR]
    ./app/(app)/dashboard/page.tsx [Server Component] @ http://localhost:3000/_next/static/chunks/node_modules_next_dist_1gdrd03._.js:1945
[ 2939144ms] [LOG] [Fast Refresh] rebuilding @ http://localhost:3000/_next/static/chunks/node_modules_next_dist_1gdrd03._.js:1226
[ 2939285ms] [ERROR] ./src/modules/cases/engineer-dashboard.tsx:268:10
the name `CertificationCard` is defined multiple times
  266 | }
  267 |
> 268 | function CertificationCard({ level, years }: { level?: CertificationLevel; years?: number }) {
      |          ^^^^^^^^^^^^^^^^^
  269 |   return (
  270 |     <div className="h-full rounded-xl border bg-card p-3 shadow-sm transition-shadow hover:shadow-md">
  271 |       <div className="flex h-full items-start justify-between gap-3">

Ecmascript file had an error

Import traces:
  Client Component Browser:
    ./src/modules/cases/engineer-dashboard.tsx [Client Component Browser]
    ./app/(app)/dashboard/page.tsx [Client Component Browser]
    ./app/(app)/dashboard/page.tsx [Server Component]

  Client Component SSR:
    ./src/modules/cases/engineer-dashboard.tsx [Client Component SSR]
    ./app/(app)/dashboard/page.tsx [Client Component SSR]
    ./app/(app)/dashboard/page.tsx [Server Component] @ http://localhost:3000/_next/static/chunks/node_modules_next_dist_1gdrd03._.js:1945
[ 2939298ms] [LOG] [Fast Refresh] rebuilding @ http://localhost:3000/_next/static/chunks/node_modules_next_dist_1gdrd03._.js:1226
[ 2939423ms] [ERROR] ./src/modules/cases/engineer-dashboard.tsx:268:10
the name `CertificationCard` is defined multiple times
  266 | }
  267 |
> 268 | function CertificationCard({ level, years }: { level?: CertificationLevel; years?: number }) {
      |          ^^^^^^^^^^^^^^^^^
  269 |   return (
  270 |     <div className="h-full rounded-xl border bg-card p-3 shadow-sm transition-shadow hover:shadow-md">
  271 |       <div className="flex h-full items-start justify-between gap-3">

Ecmascript file had an error

Import traces:
  Client Component Browser:
    ./src/modules/cases/engineer-dashboard.tsx [Client Component Browser]
    ./app/(app)/dashboard/page.tsx [Client Component Browser]
    ./app/(app)/dashboard/page.tsx [Server Component]

  Client Component SSR:
    ./src/modules/cases/engineer-dashboard.tsx [Client Component SSR]
    ./app/(app)/dashboard/page.tsx [Client Component SSR]
    ./app/(app)/dashboard/page.tsx [Server Component] @ http://localhost:3000/_next/static/chunks/node_modules_next_dist_1gdrd03._.js:1945
[ 2939437ms] [LOG] [Fast Refresh] rebuilding @ http://localhost:3000/_next/static/chunks/node_modules_next_dist_1gdrd03._.js:1226
[ 2939562ms] [ERROR] ./src/modules/cases/engineer-dashboard.tsx:268:10
the name `CertificationCard` is defined multiple times
  266 | }
  267 |
> 268 | function CertificationCard({ level, years }: { level?: CertificationLevel; years?: number }) {
      |          ^^^^^^^^^^^^^^^^^
  269 |   return (
  270 |     <div className="h-full rounded-xl border bg-card p-3 shadow-sm transition-shadow hover:shadow-md">
  271 |       <div className="flex h-full items-start justify-between gap-3">

Ecmascript file had an error

Import traces:
  Client Component Browser:
    ./src/modules/cases/engineer-dashboard.tsx [Client Component Browser]
    ./app/(app)/dashboard/page.tsx [Client Component Browser]
    ./app/(app)/dashboard/page.tsx [Server Component]

  Client Component SSR:
    ./src/modules/cases/engineer-dashboard.tsx [Client Component SSR]
    ./app/(app)/dashboard/page.tsx [Client Component SSR]
    ./app/(app)/dashboard/page.tsx [Server Component] @ http://localhost:3000/_next/static/chunks/node_modules_next_dist_1gdrd03._.js:1945
[ 2939576ms] [LOG] [Fast Refresh] rebuilding @ http://localhost:3000/_next/static/chunks/node_modules_next_dist_1gdrd03._.js:1226
[ 2939656ms] [ERROR] ./src/modules/cases/engineer-dashboard.tsx:268:10
the name `CertificationCard` is defined multiple times
  266 | }
  267 |
> 268 | function CertificationCard({ level, years }: { level?: CertificationLevel; years?: number }) {
      |          ^^^^^^^^^^^^^^^^^
  269 |   return (
  270 |     <div className="h-full rounded-xl border bg-card p-3 shadow-sm transition-shadow hover:shadow-md">
  271 |       <div className="flex h-full items-start justify-between gap-3">

Ecmascript file had an error

Import traces:
  Client Component Browser:
    ./src/modules/cases/engineer-dashboard.tsx [Client Component Browser]
    ./app/(app)/dashboard/page.tsx [Client Component Browser]
    ./app/(app)/dashboard/page.tsx [Server Component]

  Client Component SSR:
    ./src/modules/cases/engineer-dashboard.tsx [Client Component SSR]
    ./app/(app)/dashboard/page.tsx [Client Component SSR]
    ./app/(app)/dashboard/page.tsx [Server Component] @ http://localhost:3000/_next/static/chunks/node_modules_next_dist_1gdrd03._.js:1945
[ 2939703ms] [ERROR] ./src/modules/cases/engineer-dashboard.tsx:268:10
the name `CertificationCard` is defined multiple times
  266 | }
  267 |
> 268 | function CertificationCard({ level, years }: { level?: CertificationLevel; years?: number }) {
      |          ^^^^^^^^^^^^^^^^^
  269 |   return (
  270 |     <div className="h-full rounded-xl border bg-card p-3 shadow-sm transition-shadow hover:shadow-md">
  271 |       <div className="flex h-full items-start justify-between gap-3">

Ecmascript file had an error

Import traces:
  Client Component Browser:
    ./src/modules/cases/engineer-dashboard.tsx [Client Component Browser]
    ./app/(app)/dashboard/page.tsx [Client Component Browser]
    ./app/(app)/dashboard/page.tsx [Server Component]

  Client Component SSR:
    ./src/modules/cases/engineer-dashboard.tsx [Client Component SSR]
    ./app/(app)/dashboard/page.tsx [Client Component SSR]
    ./app/(app)/dashboard/page.tsx [Server Component] @ http://localhost:3000/_next/static/chunks/node_modules_next_dist_1gdrd03._.js:1945
[ 2939781ms] [ERROR] ./src/modules/cases/engineer-dashboard.tsx:268:10
the name `CertificationCard` is defined multiple times
  266 | }
  267 |
> 268 | function CertificationCard({ level, years }: { level?: CertificationLevel; years?: number }) {
      |          ^^^^^^^^^^^^^^^^^
  269 |   return (
  270 |     <div className="h-full rounded-xl border bg-card p-3 shadow-sm transition-shadow hover:shadow-md">
  271 |       <div className="flex h-full items-start justify-between gap-3">

Ecmascript file had an error

Import traces:
  Client Component Browser:
    ./src/modules/cases/engineer-dashboard.tsx [Client Component Browser]
    ./app/(app)/dashboard/page.tsx [Client Component Browser]
    ./app/(app)/dashboard/page.tsx [Server Component]

  Client Component SSR:
    ./src/modules/cases/engineer-dashboard.tsx [Client Component SSR]
    ./app/(app)/dashboard/page.tsx [Client Component SSR]
    ./app/(app)/dashboard/page.tsx [Server Component] @ http://localhost:3000/_next/static/chunks/node_modules_next_dist_1gdrd03._.js:1945
[ 2939811ms] [LOG] [Fast Refresh] rebuilding @ http://localhost:3000/_next/static/chunks/node_modules_next_dist_1gdrd03._.js:1226
[ 2939894ms] [ERROR] ./src/modules/cases/engineer-dashboard.tsx:268:10
the name `CertificationCard` is defined multiple times
  266 | }
  267 |
> 268 | function CertificationCard({ level, years }: { level?: CertificationLevel; years?: number }) {
      |          ^^^^^^^^^^^^^^^^^
  269 |   return (
  270 |     <div className="h-full rounded-xl border bg-card p-3 shadow-sm transition-shadow hover:shadow-md">
  271 |       <div className="flex h-full items-start justify-between gap-3">

Ecmascript file had an error

Import traces:
  Client Component Browser:
    ./src/modules/cases/engineer-dashboard.tsx [Client Component Browser]
    ./app/(app)/dashboard/page.tsx [Client Component Browser]
    ./app/(app)/dashboard/page.tsx [Server Component]

  Client Component SSR:
    ./src/modules/cases/engineer-dashboard.tsx [Client Component SSR]
    ./app/(app)/dashboard/page.tsx [Client Component SSR]
    ./app/(app)/dashboard/page.tsx [Server Component] @ http://localhost:3000/_next/static/chunks/node_modules_next_dist_1gdrd03._.js:1945
[ 2939933ms] [LOG] [Fast Refresh] rebuilding @ http://localhost:3000/_next/static/chunks/node_modules_next_dist_1gdrd03._.js:1226
[ 2939984ms] [ERROR] ./src/modules/cases/engineer-dashboard.tsx:268:10
the name `CertificationCard` is defined multiple times
  266 | }
  267 |
> 268 | function CertificationCard({ level, years }: { level?: CertificationLevel; years?: number }) {
      |          ^^^^^^^^^^^^^^^^^
  269 |   return (
  270 |     <div className="h-full rounded-xl border bg-card p-3 shadow-sm transition-shadow hover:shadow-md">
  271 |       <div className="flex h-full items-start justify-between gap-3">

Ecmascript file had an error

Import traces:
  Client Component Browser:
    ./src/modules/cases/engineer-dashboard.tsx [Client Component Browser]
    ./app/(app)/dashboard/page.tsx [Client Component Browser]
    ./app/(app)/dashboard/page.tsx [Server Component]

  Client Component SSR:
    ./src/modules/cases/engineer-dashboard.tsx [Client Component SSR]
    ./app/(app)/dashboard/page.tsx [Client Component SSR]
    ./app/(app)/dashboard/page.tsx [Server Component] @ http://localhost:3000/_next/static/chunks/node_modules_next_dist_1gdrd03._.js:1945
[ 2940025ms] [ERROR] ./src/modules/cases/engineer-dashboard.tsx:268:10
the name `CertificationCard` is defined multiple times
  266 | }
  267 |
> 268 | function CertificationCard({ level, years }: { level?: CertificationLevel; years?: number }) {
      |          ^^^^^^^^^^^^^^^^^
  269 |   return (
  270 |     <div className="h-full rounded-xl border bg-card p-3 shadow-sm transition-shadow hover:shadow-md">
  271 |       <div className="flex h-full items-start justify-between gap-3">

Ecmascript file had an error

Import traces:
  Client Component Browser:
    ./src/modules/cases/engineer-dashboard.tsx [Client Component Browser]
    ./app/(app)/dashboard/page.tsx [Client Component Browser]
    ./app/(app)/dashboard/page.tsx [Server Component]

  Client Component SSR:
    ./src/modules/cases/engineer-dashboard.tsx [Client Component SSR]
    ./app/(app)/dashboard/page.tsx [Client Component SSR]
    ./app/(app)/dashboard/page.tsx [Server Component] @ http://localhost:3000/_next/static/chunks/node_modules_next_dist_1gdrd03._.js:1945
[ 2940092ms] [ERROR] ./src/modules/cases/engineer-dashboard.tsx:268:10
the name `CertificationCard` is defined multiple times
  266 | }
  267 |
> 268 | function CertificationCard({ level, years }: { level?: CertificationLevel; years?: number }) {
      |          ^^^^^^^^^^^^^^^^^
  269 |   return (
  270 |     <div className="h-full rounded-xl border bg-card p-3 shadow-sm transition-shadow hover:shadow-md">
  271 |       <div className="flex h-full items-start justify-between gap-3">

Ecmascript file had an error

Import traces:
  Client Component Browser:
    ./src/modules/cases/engineer-dashboard.tsx [Client Component Browser]
    ./app/(app)/dashboard/page.tsx [Client Component Browser]
    ./app/(app)/dashboard/page.tsx [Server Component]

  Client Component SSR:
    ./src/modules/cases/engineer-dashboard.tsx [Client Component SSR]
    ./app/(app)/dashboard/page.tsx [Client Component SSR]
    ./app/(app)/dashboard/page.tsx [Server Component] @ http://localhost:3000/_next/static/chunks/node_modules_next_dist_1gdrd03._.js:1945
[ 2940186ms] [ERROR] ./src/modules/cases/engineer-dashboard.tsx:268:10
the name `CertificationCard` is defined multiple times
  266 | }
  267 |
> 268 | function CertificationCard({ level, years }: { level?: CertificationLevel; years?: number }) {
      |          ^^^^^^^^^^^^^^^^^
  269 |   return (
  270 |     <div className="h-full rounded-xl border bg-card p-3 shadow-sm transition-shadow hover:shadow-md">
  271 |       <div className="flex h-full items-start justify-between gap-3">

Ecmascript file had an error

Import traces:
  Client Component Browser:
    ./src/modules/cases/engineer-dashboard.tsx [Client Component Browser]
    ./app/(app)/dashboard/page.tsx [Client Component Browser]
    ./app/(app)/dashboard/page.tsx [Server Component]

  Client Component SSR:
    ./src/modules/cases/engineer-dashboard.tsx [Client Component SSR]
    ./app/(app)/dashboard/page.tsx [Client Component SSR]
    ./app/(app)/dashboard/page.tsx [Server Component] @ http://localhost:3000/_next/static/chunks/node_modules_next_dist_1gdrd03._.js:1945
[ 2940280ms] [ERROR] ./src/modules/cases/engineer-dashboard.tsx:268:10
the name `CertificationCard` is defined multiple times
  266 | }
  267 |
> 268 | function CertificationCard({ level, years }: { level?: CertificationLevel; years?: number }) {
      |          ^^^^^^^^^^^^^^^^^
  269 |   return (
  270 |     <div className="h-full rounded-xl border bg-card p-3 shadow-sm transition-shadow hover:shadow-md">
  271 |       <div className="flex h-full items-start justify-between gap-3">

Ecmascript file had an error

Import traces:
  Client Component Browser:
    ./src/modules/cases/engineer-dashboard.tsx [Client Component Browser]
    ./app/(app)/dashboard/page.tsx [Client Component Browser]
    ./app/(app)/dashboard/page.tsx [Server Component]

  Client Component SSR:
    ./src/modules/cases/engineer-dashboard.tsx [Client Component SSR]
    ./app/(app)/dashboard/page.tsx [Client Component SSR]
    ./app/(app)/dashboard/page.tsx [Server Component] @ http://localhost:3000/_next/static/chunks/node_modules_next_dist_1gdrd03._.js:1945
[ 2940373ms] [ERROR] ./src/modules/cases/engineer-dashboard.tsx:268:10
the name `CertificationCard` is defined multiple times
  266 | }
  267 |
> 268 | function CertificationCard({ level, years }: { level?: CertificationLevel; years?: number }) {
      |          ^^^^^^^^^^^^^^^^^
  269 |   return (
  270 |     <div className="h-full rounded-xl border bg-card p-3 shadow-sm transition-shadow hover:shadow-md">
  271 |       <div className="flex h-full items-start justify-between gap-3">

Ecmascript file had an error

Import traces:
  Client Component Browser:
    ./src/modules/cases/engineer-dashboard.tsx [Client Component Browser]
    ./app/(app)/dashboard/page.tsx [Client Component Browser]
    ./app/(app)/dashboard/page.tsx [Server Component]

  Client Component SSR:
    ./src/modules/cases/engineer-dashboard.tsx [Client Component SSR]
    ./app/(app)/dashboard/page.tsx [Client Component SSR]
    ./app/(app)/dashboard/page.tsx [Server Component] @ http://localhost:3000/_next/static/chunks/node_modules_next_dist_1gdrd03._.js:1945
[ 2940466ms] [ERROR] ./src/modules/cases/engineer-dashboard.tsx:268:10
the name `CertificationCard` is defined multiple times
  266 | }
  267 |
> 268 | function CertificationCard({ level, years }: { level?: CertificationLevel; years?: number }) {
      |          ^^^^^^^^^^^^^^^^^
  269 |   return (
  270 |     <div className="h-full rounded-xl border bg-card p-3 shadow-sm transition-shadow hover:shadow-md">
  271 |       <div className="flex h-full items-start justify-between gap-3">

Ecmascript file had an error

Import traces:
  Client Component Browser:
    ./src/modules/cases/engineer-dashboard.tsx [Client Component Browser]
    ./app/(app)/dashboard/page.tsx [Client Component Browser]
    ./app/(app)/dashboard/page.tsx [Server Component]

  Client Component SSR:
    ./src/modules/cases/engineer-dashboard.tsx [Client Component SSR]
    ./app/(app)/dashboard/page.tsx [Client Component SSR]
    ./app/(app)/dashboard/page.tsx [Server Component] @ http://localhost:3000/_next/static/chunks/node_modules_next_dist_1gdrd03._.js:1945
[ 2940561ms] [ERROR] ./src/modules/cases/engineer-dashboard.tsx:268:10
the name `CertificationCard` is defined multiple times
  266 | }
  267 |
> 268 | function CertificationCard({ level, years }: { level?: CertificationLevel; years?: number }) {
      |          ^^^^^^^^^^^^^^^^^
  269 |   return (
  270 |     <div className="h-full rounded-xl border bg-card p-3 shadow-sm transition-shadow hover:shadow-md">
  271 |       <div className="flex h-full items-start justify-between gap-3">

Ecmascript file had an error

Import traces:
  Client Component Browser:
    ./src/modules/cases/engineer-dashboard.tsx [Client Component Browser]
    ./app/(app)/dashboard/page.tsx [Client Component Browser]
    ./app/(app)/dashboard/page.tsx [Server Component]

  Client Component SSR:
    ./src/modules/cases/engineer-dashboard.tsx [Client Component SSR]
    ./app/(app)/dashboard/page.tsx [Client Component SSR]
    ./app/(app)/dashboard/page.tsx [Server Component] @ http://localhost:3000/_next/static/chunks/node_modules_next_dist_1gdrd03._.js:1945
[ 2940654ms] [ERROR] ./src/modules/cases/engineer-dashboard.tsx:268:10
the name `CertificationCard` is defined multiple times
  266 | }
  267 |
> 268 | function CertificationCard({ level, years }: { level?: CertificationLevel; years?: number }) {
      |          ^^^^^^^^^^^^^^^^^
  269 |   return (
  270 |     <div className="h-full rounded-xl border bg-card p-3 shadow-sm transition-shadow hover:shadow-md">
  271 |       <div className="flex h-full items-start justify-between gap-3">

Ecmascript file had an error

Import traces:
  Client Component Browser:
    ./src/modules/cases/engineer-dashboard.tsx [Client Component Browser]
    ./app/(app)/dashboard/page.tsx [Client Component Browser]
    ./app/(app)/dashboard/page.tsx [Server Component]

  Client Component SSR:
    ./src/modules/cases/engineer-dashboard.tsx [Client Component SSR]
    ./app/(app)/dashboard/page.tsx [Client Component SSR]
    ./app/(app)/dashboard/page.tsx [Server Component] @ http://localhost:3000/_next/static/chunks/node_modules_next_dist_1gdrd03._.js:1945
[ 2940745ms] [ERROR] ./src/modules/cases/engineer-dashboard.tsx:268:10
the name `CertificationCard` is defined multiple times
  266 | }
  267 |
> 268 | function CertificationCard({ level, years }: { level?: CertificationLevel; years?: number }) {
      |          ^^^^^^^^^^^^^^^^^
  269 |   return (
  270 |     <div className="h-full rounded-xl border bg-card p-3 shadow-sm transition-shadow hover:shadow-md">
  271 |       <div className="flex h-full items-start justify-between gap-3">

Ecmascript file had an error

Import traces:
  Client Component Browser:
    ./src/modules/cases/engineer-dashboard.tsx [Client Component Browser]
    ./app/(app)/dashboard/page.tsx [Client Component Browser]
    ./app/(app)/dashboard/page.tsx [Server Component]

  Client Component SSR:
    ./src/modules/cases/engineer-dashboard.tsx [Client Component SSR]
    ./app/(app)/dashboard/page.tsx [Client Component SSR]
    ./app/(app)/dashboard/page.tsx [Server Component] @ http://localhost:3000/_next/static/chunks/node_modules_next_dist_1gdrd03._.js:1945
[ 2940824ms] [ERROR] ./src/modules/cases/engineer-dashboard.tsx:268:10
the name `CertificationCard` is defined multiple times
  266 | }
  267 |
> 268 | function CertificationCard({ level, years }: { level?: CertificationLevel; years?: number }) {
      |          ^^^^^^^^^^^^^^^^^
  269 |   return (
  270 |     <div className="h-full rounded-xl border bg-card p-3 shadow-sm transition-shadow hover:shadow-md">
  271 |       <div className="flex h-full items-start justify-between gap-3">

Ecmascript file had an error

Import traces:
  Client Component Browser:
    ./src/modules/cases/engineer-dashboard.tsx [Client Component Browser]
    ./app/(app)/dashboard/page.tsx [Client Component Browser]
    ./app/(app)/dashboard/page.tsx [Server Component]

  Client Component SSR:
    ./src/modules/cases/engineer-dashboard.tsx [Client Component SSR]
    ./app/(app)/dashboard/page.tsx [Client Component SSR]
    ./app/(app)/dashboard/page.tsx [Server Component] @ http://localhost:3000/_next/static/chunks/node_modules_next_dist_1gdrd03._.js:1945
[ 2940902ms] [ERROR] ./src/modules/cases/engineer-dashboard.tsx:268:10
the name `CertificationCard` is defined multiple times
  266 | }
  267 |
> 268 | function CertificationCard({ level, years }: { level?: CertificationLevel; years?: number }) {
      |          ^^^^^^^^^^^^^^^^^
  269 |   return (
  270 |     <div className="h-full rounded-xl border bg-card p-3 shadow-sm transition-shadow hover:shadow-md">
  271 |       <div className="flex h-full items-start justify-between gap-3">

Ecmascript file had an error

Import traces:
  Client Component Browser:
    ./src/modules/cases/engineer-dashboard.tsx [Client Component Browser]
    ./app/(app)/dashboard/page.tsx [Client Component Browser]
    ./app/(app)/dashboard/page.tsx [Server Component]

  Client Component SSR:
    ./src/modules/cases/engineer-dashboard.tsx [Client Component SSR]
    ./app/(app)/dashboard/page.tsx [Client Component SSR]
    ./app/(app)/dashboard/page.tsx [Server Component] @ http://localhost:3000/_next/static/chunks/node_modules_next_dist_1gdrd03._.js:1945
[ 2940996ms] [ERROR] ./src/modules/cases/engineer-dashboard.tsx:268:10
the name `CertificationCard` is defined multiple times
  266 | }
  267 |
> 268 | function CertificationCard({ level, years }: { level?: CertificationLevel; years?: number }) {
      |          ^^^^^^^^^^^^^^^^^
  269 |   return (
  270 |     <div className="h-full rounded-xl border bg-card p-3 shadow-sm transition-shadow hover:shadow-md">
  271 |       <div className="flex h-full items-start justify-between gap-3">

Ecmascript file had an error

Import traces:
  Client Component Browser:
    ./src/modules/cases/engineer-dashboard.tsx [Client Component Browser]
    ./app/(app)/dashboard/page.tsx [Client Component Browser]
    ./app/(app)/dashboard/page.tsx [Server Component]

  Client Component SSR:
    ./src/modules/cases/engineer-dashboard.tsx [Client Component SSR]
    ./app/(app)/dashboard/page.tsx [Client Component SSR]
    ./app/(app)/dashboard/page.tsx [Server Component] @ http://localhost:3000/_next/static/chunks/node_modules_next_dist_1gdrd03._.js:1945
[ 2941074ms] [ERROR] ./src/modules/cases/engineer-dashboard.tsx:268:10
the name `CertificationCard` is defined multiple times
  266 | }
  267 |
> 268 | function CertificationCard({ level, years }: { level?: CertificationLevel; years?: number }) {
      |          ^^^^^^^^^^^^^^^^^
  269 |   return (
  270 |     <div className="h-full rounded-xl border bg-card p-3 shadow-sm transition-shadow hover:shadow-md">
  271 |       <div className="flex h-full items-start justify-between gap-3">

Ecmascript file had an error

Import traces:
  Client Component Browser:
    ./src/modules/cases/engineer-dashboard.tsx [Client Component Browser]
    ./app/(app)/dashboard/page.tsx [Client Component Browser]
    ./app/(app)/dashboard/page.tsx [Server Component]

  Client Component SSR:
    ./src/modules/cases/engineer-dashboard.tsx [Client Component SSR]
    ./app/(app)/dashboard/page.tsx [Client Component SSR]
    ./app/(app)/dashboard/page.tsx [Server Component] @ http://localhost:3000/_next/static/chunks/node_modules_next_dist_1gdrd03._.js:1945
[ 2941196ms] [LOG] [Fast Refresh] rebuilding @ http://localhost:3000/_next/static/chunks/node_modules_next_dist_1gdrd03._.js:1226
[ 2942936ms] [LOG] [Fast Refresh] done in 1839ms @ http://localhost:3000/_next/static/chunks/node_modules_next_dist_1gdrd03._.js:1226
[ 2943113ms] [LOG] [Fast Refresh] rebuilding @ http://localhost:3000/_next/static/chunks/node_modules_next_dist_1gdrd03._.js:1226
[ 2943799ms] [LOG] [Fast Refresh] done in 788ms @ http://localhost:3000/_next/static/chunks/node_modules_next_dist_1gdrd03._.js:1226
[ 2944511ms] [INFO] %cDownload the React DevTools for a better development experience: https://react.dev/link/react-devtools font-weight:bold @ http://localhost:3000/_next/static/chunks/node_modules_next_dist_1ybzpk2._.js:2477
[ 2944873ms] [LOG] [HMR] connected @ http://localhost:3000/_next/static/chunks/node_modules_next_dist_1ybzpk2._.js:2477
[ 2946325ms] [LOG] [Fast Refresh] rebuilding @ http://localhost:3000/_next/static/chunks/node_modules_next_dist_1ybzpk2._.js:2477
[ 2946390ms] [LOG] [Fast Refresh] done in 178ms @ http://localhost:3000/_next/static/chunks/node_modules_next_dist_1ybzpk2._.js:2477
[ 2976066ms] [LOG] [Fast Refresh] rebuilding @ http://localhost:3000/_next/static/chunks/node_modules_next_dist_1ybzpk2._.js:2477
[ 2977863ms] [LOG] [Fast Refresh] done in 1901ms @ http://localhost:3000/_next/static/chunks/node_modules_next_dist_1ybzpk2._.js:2477
[ 2977994ms] [LOG] [Fast Refresh] rebuilding @ http://localhost:3000/_next/static/chunks/node_modules_next_dist_1ybzpk2._.js:2477
[ 2978940ms] [LOG] [Fast Refresh] done in 1046ms @ http://localhost:3000/_next/static/chunks/node_modules_next_dist_1ybzpk2._.js:2477
[ 2979518ms] [LOG] [Fast Refresh] rebuilding @ http://localhost:3000/_next/static/chunks/node_modules_next_dist_1ybzpk2._.js:2477
[ 2979611ms] [LOG] [Fast Refresh] done in 195ms @ http://localhost:3000/_next/static/chunks/node_modules_next_dist_1ybzpk2._.js:2477
[ 2979720ms] [LOG] [Fast Refresh] rebuilding @ http://localhost:3000/_next/static/chunks/node_modules_next_dist_1ybzpk2._.js:2477
[ 2980370ms] [LOG] [Fast Refresh] done in 758ms @ http://localhost:3000/_next/static/chunks/node_modules_next_dist_1ybzpk2._.js:2477
[ 2986914ms] [LOG] [Fast Refresh] rebuilding @ http://localhost:3000/_next/static/chunks/node_modules_next_dist_1ybzpk2._.js:2477
[ 2987556ms] [LOG] [Fast Refresh] done in 740ms @ http://localhost:3000/_next/static/chunks/node_modules_next_dist_1ybzpk2._.js:2477
[ 2987801ms] [LOG] [Fast Refresh] rebuilding @ http://localhost:3000/_next/static/chunks/node_modules_next_dist_1ybzpk2._.js:2477
[ 2988300ms] [LOG] [Fast Refresh] done in 613ms @ http://localhost:3000/_next/static/chunks/node_modules_next_dist_1ybzpk2._.js:2477
[ 2988416ms] [LOG] [Fast Refresh] rebuilding @ http://localhost:3000/_next/static/chunks/node_modules_next_dist_1ybzpk2._.js:2477
[ 2988433ms] [LOG] [Fast Refresh] done in 119ms @ http://localhost:3000/_next/static/chunks/node_modules_next_dist_1ybzpk2._.js:2477
[ 2988546ms] [LOG] [Fast Refresh] rebuilding @ http://localhost:3000/_next/static/chunks/node_modules_next_dist_1ybzpk2._.js:2477
[ 2988655ms] [LOG] [Fast Refresh] done in 215ms @ http://localhost:3000/_next/static/chunks/node_modules_next_dist_1ybzpk2._.js:2477
[ 3003358ms] [LOG] [Fast Refresh] rebuilding @ http://localhost:3000/_next/static/chunks/node_modules_next_dist_1ybzpk2._.js:2477
[ 3003603ms] [LOG] [Fast Refresh] done in 352ms @ http://localhost:3000/_next/static/chunks/node_modules_next_dist_1ybzpk2._.js:2477
[ 3003714ms] [LOG] [Fast Refresh] rebuilding @ http://localhost:3000/_next/static/chunks/node_modules_next_dist_1ybzpk2._.js:2477
[ 3003916ms] [LOG] [Fast Refresh] done in 306ms @ http://localhost:3000/_next/static/chunks/node_modules_next_dist_1ybzpk2._.js:2477
[ 3025634ms] [LOG] [Fast Refresh] rebuilding @ http://localhost:3000/_next/static/chunks/node_modules_next_dist_1ybzpk2._.js:2477
[ 3029476ms] [LOG] [Fast Refresh] done in 3954ms @ http://localhost:3000/_next/static/chunks/node_modules_next_dist_1ybzpk2._.js:2477
[ 3029593ms] [LOG] [Fast Refresh] rebuilding @ http://localhost:3000/_next/static/chunks/node_modules_next_dist_1ybzpk2._.js:2477
[ 3029982ms] [LOG] [Fast Refresh] done in 492ms @ http://localhost:3000/_next/static/chunks/node_modules_next_dist_1ybzpk2._.js:2477
[ 3030144ms] [LOG] [Fast Refresh] rebuilding @ http://localhost:3000/_next/static/chunks/node_modules_next_dist_1ybzpk2._.js:2477
[ 3030168ms] [LOG] [Fast Refresh] done in 136ms @ http://localhost:3000/_next/static/chunks/node_modules_next_dist_1ybzpk2._.js:2477
[ 3030277ms] [LOG] [Fast Refresh] rebuilding @ http://localhost:3000/_next/static/chunks/node_modules_next_dist_1ybzpk2._.js:2477
[ 3030402ms] [LOG] [Fast Refresh] done in 232ms @ http://localhost:3000/_next/static/chunks/node_modules_next_dist_1ybzpk2._.js:2477
[ 3056772ms] [LOG] [Fast Refresh] rebuilding @ http://localhost:3000/_next/static/chunks/node_modules_next_dist_1ybzpk2._.js:2477
[ 3056821ms] [LOG] [Fast Refresh] done in 162ms @ http://localhost:3000/_next/static/chunks/node_modules_next_dist_1ybzpk2._.js:2477
[ 3057005ms] [LOG] [Fast Refresh] rebuilding @ http://localhost:3000/_next/static/chunks/node_modules_next_dist_1ybzpk2._.js:2477
[ 3057006ms] [LOG] [Fast Refresh] done in 106ms @ http://localhost:3000/_next/static/chunks/node_modules_next_dist_1ybzpk2._.js:2477
[ 3057253ms] [LOG] [Fast Refresh] rebuilding @ http://localhost:3000/_next/static/chunks/node_modules_next_dist_1ybzpk2._.js:2477
[ 3057258ms] [LOG] [Fast Refresh] done in 114ms @ http://localhost:3000/_next/static/chunks/node_modules_next_dist_1ybzpk2._.js:2477
[ 3057422ms] [LOG] [Fast Refresh] rebuilding @ http://localhost:3000/_next/static/chunks/node_modules_next_dist_1ybzpk2._.js:2477
[ 3057424ms] [LOG] [Fast Refresh] done in 111ms @ http://localhost:3000/_next/static/chunks/node_modules_next_dist_1ybzpk2._.js:2477
[ 3076931ms] [LOG] [Fast Refresh] rebuilding @ http://localhost:3000/_next/static/chunks/node_modules_next_dist_1ybzpk2._.js:2477
[ 3077900ms] [LOG] [Fast Refresh] done in 644ms @ http://localhost:3000/_next/static/chunks/node_modules_next_dist_1ybzpk2._.js:2477
[ 3088859ms] [LOG] [Fast Refresh] rebuilding @ http://localhost:3000/_next/static/chunks/node_modules_next_dist_1ybzpk2._.js:2477
[ 3089195ms] [LOG] [Fast Refresh] done in 224ms @ http://localhost:3000/_next/static/chunks/node_modules_next_dist_1ybzpk2._.js:2477
[ 3100394ms] [LOG] [Fast Refresh] rebuilding @ http://localhost:3000/_next/static/chunks/node_modules_next_dist_1ybzpk2._.js:2477
[ 3101682ms] [LOG] [Fast Refresh] done in 1137ms @ http://localhost:3000/_next/static/chunks/node_modules_next_dist_1ybzpk2._.js:2477
[ 3101784ms] [LOG] [Fast Refresh] rebuilding @ http://localhost:3000/_next/static/chunks/node_modules_next_dist_1ybzpk2._.js:2477
[ 3102076ms] [LOG] [Fast Refresh] done in 392ms @ http://localhost:3000/_next/static/chunks/node_modules_next_dist_1ybzpk2._.js:2477
[ 3102198ms] [LOG] [Fast Refresh] rebuilding @ http://localhost:3000/_next/static/chunks/node_modules_next_dist_1ybzpk2._.js:2477
[ 3102210ms] [LOG] [Fast Refresh] done in 117ms @ http://localhost:3000/_next/static/chunks/node_modules_next_dist_1ybzpk2._.js:2477
[ 3102443ms] [LOG] [Fast Refresh] rebuilding @ http://localhost:3000/_next/static/chunks/node_modules_next_dist_1ybzpk2._.js:2477
[ 3102495ms] [LOG] [Fast Refresh] done in 163ms @ http://localhost:3000/_next/static/chunks/node_modules_next_dist_1ybzpk2._.js:2477
[ 3116829ms] [LOG] [Fast Refresh] rebuilding @ http://localhost:3000/_next/static/chunks/node_modules_next_dist_1ybzpk2._.js:2477
[ 3116908ms] [LOG] [Fast Refresh] done in 184ms @ http://localhost:3000/_next/static/chunks/node_modules_next_dist_1ybzpk2._.js:2477
[ 3150336ms] [LOG] [Fast Refresh] rebuilding @ http://localhost:3000/_next/static/chunks/node_modules_next_dist_1ybzpk2._.js:2477
[ 3150740ms] [LOG] [Fast Refresh] done in 516ms @ http://localhost:3000/_next/static/chunks/node_modules_next_dist_1ybzpk2._.js:2477
[ 3151115ms] [LOG] [Fast Refresh] rebuilding @ http://localhost:3000/_next/static/chunks/node_modules_next_dist_1ybzpk2._.js:2477
[ 3151117ms] [LOG] [Fast Refresh] done in 111ms @ http://localhost:3000/_next/static/chunks/node_modules_next_dist_1ybzpk2._.js:2477
[ 3162718ms] [LOG] [Fast Refresh] rebuilding @ http://localhost:3000/_next/static/chunks/node_modules_next_dist_1ybzpk2._.js:2477
[ 3163617ms] [LOG] [Fast Refresh] done in 998ms @ http://localhost:3000/_next/static/chunks/node_modules_next_dist_1ybzpk2._.js:2477
[ 3163835ms] [LOG] [Fast Refresh] rebuilding @ http://localhost:3000/_next/static/chunks/node_modules_next_dist_1ybzpk2._.js:2477
[ 3163838ms] [LOG] [Fast Refresh] done in 106ms @ http://localhost:3000/_next/static/chunks/node_modules_next_dist_1ybzpk2._.js:2477
[ 3164022ms] [LOG] [Fast Refresh] rebuilding @ http://localhost:3000/_next/static/chunks/node_modules_next_dist_1ybzpk2._.js:2477
[ 3165095ms] [LOG] [Fast Refresh] done in 1182ms @ http://localhost:3000/_next/static/chunks/node_modules_next_dist_1ybzpk2._.js:2477
[ 3188924ms] [LOG] [Fast Refresh] rebuilding @ http://localhost:3000/_next/static/chunks/node_modules_next_dist_1ybzpk2._.js:2477
[ 3189074ms] [LOG] [Fast Refresh] done in 266ms @ http://localhost:3000/_next/static/chunks/node_modules_next_dist_1ybzpk2._.js:2477
[ 3217745ms] [LOG] [Fast Refresh] rebuilding @ http://localhost:3000/_next/static/chunks/node_modules_next_dist_1ybzpk2._.js:2477
[ 3218256ms] [LOG] [Fast Refresh] done in 641ms @ http://localhost:3000/_next/static/chunks/node_modules_next_dist_1ybzpk2._.js:2477
[ 3218434ms] [LOG] [Fast Refresh] rebuilding @ http://localhost:3000/_next/static/chunks/node_modules_next_dist_1ybzpk2._.js:2477
[ 3219120ms] [LOG] [Fast Refresh] done in 787ms @ http://localhost:3000/_next/static/chunks/node_modules_next_dist_1ybzpk2._.js:2477
